Date,Open,High,Low,Close,Volume
2001-01-02,1.2652,1.5935,1.2111,1.3385,245812
2001-01-03,1.3385,1.3959,1.3385,1.3959,8625
2001-01-04,1.3385,1.3959,1.3385,1.3959,8625
2001-01-05,1.3385,1.3959,1.3385,1.3959,8625
2001-01-08,1.3385,1.3959,1.3385,1.3959,8625
2001-01-09,1.3385,1.3959,1.3385,1.3959,8625
2001-01-10,1.3385,1.3959,1.3385,1.3959,8625
2001-01-11,1.3959,1.3959,1.3959,1.3959,8625
2001-01-12,1.3959,1.3959,1.3959,1.3959,8625
2001-01-15,1.3959,1.3959,1.3959,1.3959,8625
2001-01-16,1.3959,1.2748,1.2111,1.2748,12937
2001-01-17,1.3959,1.2748,1.2111,1.2748,12937
2001-01-18,1.2748,1.2111,1.2111,1.2111,4312
2001-01-19,1.2111,1.3067,1.3067,1.3067,4312
2001-01-22,1.2111,1.3067,1.3067,1.3067,4312
2001-01-23,1.2111,1.3067,1.3067,1.3067,4312
2001-01-24,1.2111,1.3067,1.3067,1.3067,4312
2001-01-25,1.3067,1.3067,1.3067,1.3067,4312
2001-01-26,1.3067,1.3067,1.3067,1.3067,4312
2001-01-29,1.3067,1.3067,1.3067,1.3067,4312
2001-01-30,1.3067,1.3067,1.3067,1.3067,4312
2001-01-31,1.3067,1.2111,1.2111,1.2111,4312
2001-02-01,1.3067,1.2111,1.2111,1.2111,4312
2001-02-02,1.3067,1.2111,1.2111,1.2111,4312
2001-02-05,1.3067,1.2111,1.2111,1.2111,4312
2001-02-06,1.3067,1.2111,1.2111,1.2111,4312
2001-02-07,1.3067,1.2111,1.2111,1.2111,4312
2001-02-08,1.2111,1.2429,1.2429,1.2429,4312
2001-02-09,1.2111,1.2429,1.2429,1.2429,4312
2001-02-12,1.2429,1.2111,1.1473,1.2111,21562
2001-02-13,1.2111,1.1633,1.1633,1.1633,4312
2001-02-14,1.2111,1.1633,1.1633,1.1633,4312
2001-02-15,1.1473,1.1473,1.1473,1.1473,17250
2001-02-16,1.1473,1.1473,1.1473,1.1473,17250
2001-02-19,1.1473,1.1473,1.1473,1.1473,17250
2001-02-20,1.1473,1.1473,1.1473,1.1473,17250
2001-02-21,1.1473,1.1473,1.0868,1.1473,21562
2001-02-22,1.1473,1.1473,1.0868,1.1473,21562
2001-02-23,1.1473,1.1473,1.0868,1.1473,21562
2001-02-26,1.1473,1.1473,1.0868,1.1473,21562
2001-02-27,1.1473,1.1473,1.0868,1.1473,21562
2001-02-28,1.1473,1.1027,1.0995,1.0995,17250
2001-03-01,1.1473,1.1027,1.0995,1.0995,17250
2001-03-02,1.0995,1.2047,1.1154,1.2047,21562
2001-03-05,1.0995,1.2047,1.1154,1.2047,21562
2001-03-06,1.0995,1.2047,1.1154,1.2047,21562
2001-03-07,1.0995,1.2047,1.1154,1.2047,21562
2001-03-08,1.0995,1.2047,1.1154,1.2047,21562
2001-03-09,1.0995,1.2047,1.1154,1.2047,21562
2001-03-12,1.0995,1.2047,1.1154,1.2047,21562
2001-03-13,1.0995,1.2047,1.1154,1.2047,21562
2001-03-14,1.0995,1.2047,1.1154,1.2047,21562
2001-03-15,1.0995,1.2047,1.1154,1.2047,21562
2001-03-16,1.2047,1.1154,1.1154,1.1154,4312
2001-03-19,1.2047,1.1154,1.1154,1.1154,4312
2001-03-20,1.2047,1.1154,1.1154,1.1154,4312
2001-03-21,1.2047,1.1154,1.1154,1.1154,4312
2001-03-22,1.2047,1.1154,1.1154,1.1154,4312
2001-03-23,1.2047,1.1154,1.1154,1.1154,4312
2001-03-26,1.1154,1.1473,1.0836,1.1473,17250
2001-03-27,1.1473,1.1633,1.1473,1.1633,12937
2001-03-28,1.1473,1.1633,1.1473,1.1633,12937
2001-03-29,1.1473,1.1633,1.1473,1.1633,12937
2001-03-30,1.1633,1.1792,1.1473,1.1792,8625
2001-04-02,1.1792,1.1856,1.1473,1.1856,17250
2001-04-03,1.1856,1.1569,1.1473,1.1537,43125
2001-04-04,1.1856,1.1569,1.1473,1.1537,43125
2001-04-05,1.1856,1.1569,1.1473,1.1537,43125
2001-04-06,1.1537,1.1473,1.1154,1.1314,38812
2001-04-09,1.1537,1.1473,1.1154,1.1314,38812
2001-04-10,1.1314,1.1473,1.1314,1.1314,25875
2001-04-11,1.1314,1.1728,1.1409,1.1696,90562
2001-04-12,1.1696,1.1951,1.1792,1.1919,206999
2001-04-13,1.1919,1.2047,1.2047,1.2047,8625
2001-04-16,1.2047,1.3385,1.2047,1.3385,73312
2001-04-17,1.3385,1.4979,1.2748,1.2748,25875
2001-04-18,1.2748,1.2748,1.2429,1.2748,8625
2001-04-19,1.2748,1.3067,1.3067,1.3067,4312
2001-04-20,1.3067,1.4341,1.3226,1.4023,60375
2001-04-23,1.4023,1.4628,1.4628,1.4628,4312
2001-04-24,1.4628,1.5744,1.4023,1.4182,43125
2001-04-25,1.4182,1.38,1.2907,1.3672,103500
2001-04-26,1.4182,1.38,1.2907,1.3672,103500
2001-04-27,1.3672,1.3959,1.3067,1.3959,17250
2001-04-30,1.3672,1.3959,1.3067,1.3959,17250
2001-05-01,1.3672,1.3959,1.3067,1.3959,17250
2001-05-02,1.3672,1.3959,1.3067,1.3959,17250
2001-05-03,1.3959,1.4628,1.4628,1.4628,8625
2001-05-04,1.4628,1.3704,1.3322,1.3704,73312
2001-05-07,1.3704,1.3704,1.3130000000000002,1.3704,103500
2001-05-08,1.3704,1.5234,1.3226,1.3226,73312
2001-05-09,1.3226,1.364,1.3067,1.364,8625
2001-05-10,1.3226,1.364,1.3067,1.364,8625
2001-05-11,1.364,1.3385,1.3067,1.3385,8625
2001-05-14,1.3385,1.3099,1.2748,1.2748,17250
2001-05-15,1.3385,1.3099,1.2748,1.2748,17250
2001-05-16,1.2748,1.2748,1.2429,1.2748,8625
2001-05-17,1.2748,1.2748,1.2429,1.2748,8625
2001-05-18,1.2748,1.2748,1.2111,1.2748,8625
2001-05-21,1.2748,1.2748,1.2111,1.2748,8625
2001-05-22,1.2748,1.227,1.2111,1.2111,69000
2001-05-23,1.2748,1.227,1.2111,1.2111,69000
2001-05-24,1.2748,1.227,1.2111,1.2111,69000
2001-05-25,1.2111,1.2366,1.2366,1.2366,17250
2001-05-28,1.2366,1.2111,1.2111,1.2111,4312
2001-05-29,1.2111,1.3067,1.3067,1.3067,8625
2001-05-30,1.3067,1.2302,1.2111,1.2111,21562
2001-05-31,1.2111,1.2047,1.2047,1.2047,4312
2001-06-01,1.2047,1.2429,1.2429,1.2429,4312
2001-06-04,1.2429,1.2557,1.2429,1.2557,12937
2001-06-05,1.2429,1.2557,1.2429,1.2557,12937
2001-06-06,1.2557,1.2111,1.1792,1.1792,34500
2001-06-07,1.2557,1.2111,1.1792,1.1792,34500
2001-06-08,1.1792,1.1792,1.1792,1.1792,4312
2001-06-11,1.1792,1.2429,1.2047,1.2429,25875
2001-06-12,1.1792,1.2429,1.2047,1.2429,25875
2001-06-13,1.1792,1.2429,1.2047,1.2429,25875
2001-06-14,1.1792,1.2429,1.2047,1.2429,25875
2001-06-15,1.2429,1.1792,1.1537,1.1537,30187
2001-06-18,1.1537,1.2111,1.1792,1.2111,25875
2001-06-19,1.1537,1.2111,1.1792,1.2111,25875
2001-06-20,1.1537,1.2111,1.1792,1.2111,25875
2001-06-21,1.1537,1.2111,1.1792,1.2111,25875
2001-06-22,1.1537,1.2111,1.1792,1.2111,25875
2001-06-25,1.1537,1.2111,1.1792,1.2111,25875
2001-06-26,1.1537,1.2111,1.1792,1.2111,25875
2001-06-27,1.1537,1.2111,1.1792,1.2111,25875
2001-06-28,1.1537,1.2111,1.1792,1.2111,25875
2001-06-29,1.1537,1.2111,1.1792,1.2111,25875
2001-07-02,1.1537,1.2111,1.1792,1.2111,25875
2001-07-03,1.1537,1.2111,1.1792,1.2111,25875
2001-07-04,1.2111,1.1473,1.1473,1.1473,4312
2001-07-05,1.2111,1.1473,1.1473,1.1473,4312
2001-07-06,1.2111,1.1473,1.1473,1.1473,4312
2001-07-09,1.2111,1.1473,1.1473,1.1473,4312
2001-07-10,1.2111,1.1473,1.1473,1.1473,4312
2001-07-11,1.2111,1.1473,1.1473,1.1473,4312
2001-07-12,1.2111,1.1473,1.1473,1.1473,4312
2001-07-13,1.2111,1.1473,1.1473,1.1473,4312
2001-07-16,1.1473,1.0995,1.0995,1.0995,17250
2001-07-17,1.1473,1.0995,1.0995,1.0995,17250
2001-07-18,1.1473,1.0995,1.0995,1.0995,17250
2001-07-19,1.0995,1.1154,1.0517,1.1154,38812
2001-07-20,1.1154,1.1154,1.0390000000000001,1.1154,107812
2001-07-23,1.1154,1.1154,1.0390000000000001,1.1154,107812
2001-07-24,1.1154,1.1027,1.0931,1.0931,17250
2001-07-25,1.1154,1.1027,1.0931,1.0931,17250
2001-07-26,1.0931,1.1186,1.1186,1.1186,4312
2001-07-27,1.0931,1.1186,1.1186,1.1186,4312
2001-07-30,1.1186,1.1123,1.1123,1.1123,8625
2001-07-31,1.1123,1.1186,1.1186,1.1186,25875
2001-08-01,1.1123,1.1186,1.1186,1.1186,25875
2001-08-02,1.1123,1.1186,1.1186,1.1186,25875
2001-08-03,1.1123,1.1186,1.1186,1.1186,25875
2001-08-06,1.1123,1.1186,1.1186,1.1186,25875
2001-08-07,1.1123,1.1186,1.1186,1.1186,25875
2001-08-08,1.1123,1.1186,1.1186,1.1186,25875
2001-08-09,1.1123,1.1186,1.1186,1.1186,25875
2001-08-10,1.1123,1.1186,1.1186,1.1186,25875
2001-08-13,1.1186,1.1473,1.0995,1.1473,12937
2001-08-14,1.1186,1.1473,1.0995,1.1473,12937
2001-08-15,1.1186,1.1473,1.0995,1.1473,12937
2001-08-16,1.1186,1.1473,1.0995,1.1473,12937
2001-08-17,1.1186,1.1473,1.0995,1.1473,12937
2001-08-20,1.1186,1.1473,1.0995,1.1473,12937
2001-08-21,1.1186,1.1473,1.0995,1.1473,12937
2001-08-22,1.1186,1.1473,1.0995,1.1473,12937
2001-08-23,1.1186,1.1473,1.0995,1.1473,12937
2001-08-24,1.1186,1.1473,1.0995,1.1473,12937
2001-08-27,1.1186,1.1473,1.0995,1.1473,12937
2001-08-28,1.1186,1.1473,1.0995,1.1473,12937
2001-08-29,1.1186,1.1473,1.0995,1.1473,12937
2001-08-30,1.1186,1.1473,1.0995,1.1473,12937
2001-08-31,1.1186,1.1473,1.0995,1.1473,12937
2001-09-03,1.1186,1.1473,1.0995,1.1473,12937
2001-09-04,1.1186,1.1473,1.0995,1.1473,12937
2001-09-05,1.1186,1.1473,1.0995,1.1473,12937
2001-09-06,1.1186,1.1473,1.0995,1.1473,12937
2001-09-07,1.1186,1.1473,1.0995,1.1473,12937
2001-09-10,1.1186,1.1473,1.0995,1.1473,12937
2001-09-11,1.1186,1.1473,1.0995,1.1473,12937
2001-09-12,1.1186,1.1473,1.0995,1.1473,12937
2001-09-13,1.1186,1.1473,1.0995,1.1473,12937
2001-09-14,1.1186,1.1473,1.0995,1.1473,12937
2001-09-17,1.1186,1.1473,1.0995,1.1473,12937
2001-09-18,1.1186,1.1473,1.0995,1.1473,12937
2001-09-19,1.1186,1.1473,1.0995,1.1473,12937
2001-09-20,1.1186,1.1473,1.0995,1.1473,12937
2001-09-21,1.1186,1.1473,1.0995,1.1473,12937
2001-09-24,1.1186,1.1473,1.0995,1.1473,12937
2001-09-25,1.1186,1.1473,1.0995,1.1473,12937
2001-09-26,1.1186,1.1473,1.0995,1.1473,12937
2001-09-27,1.1186,1.1473,1.0995,1.1473,12937
2001-09-28,1.1186,1.1473,1.0995,1.1473,12937
2001-10-01,1.1186,1.1473,1.0995,1.1473,12937
2001-10-02,1.1186,1.1473,1.0995,1.1473,12937
2001-10-03,1.1186,1.1473,1.0995,1.1473,12937
2001-10-04,1.1186,1.1473,1.0995,1.1473,12937
2001-10-05,1.1186,1.1473,1.0995,1.1473,12937
2001-10-08,1.1186,1.1473,1.0995,1.1473,12937
2001-10-09,1.1473,1.0899,1.0899,1.0899,4312
2001-10-10,1.1473,1.0899,1.0899,1.0899,4312
2001-10-11,1.1473,1.0899,1.0899,1.0899,4312
2001-10-12,1.1473,1.0899,1.0899,1.0899,4312
2001-10-15,1.1473,1.0899,1.0899,1.0899,4312
2001-10-16,1.0899,1.1314,1.0995,1.0995,12937
2001-10-17,1.0995,1.1441,1.0899,1.1441,25875
2001-10-18,1.1441,1.0963,1.0931,1.0931,17250
2001-10-19,1.0931,1.0836,1.0836,1.0836,4312
2001-10-22,1.0836,1.1186,1.0836,1.1186,25875
2001-10-23,1.1186,1.2111,1.1409,1.1951,47437
2001-10-24,1.1951,1.1792,1.1473,1.1792,21562
2001-10-25,1.1792,1.1537,1.1282,1.1282,103500
2001-10-26,1.1282,1.0836,1.0836,1.0836,8625
2001-10-29,1.0836,1.1473,1.1473,1.1473,4312
2001-10-30,1.1473,1.1314,1.1314,1.1314,4312
2001-10-31,1.1473,1.1314,1.1314,1.1314,4312
2001-11-01,1.1473,1.1314,1.1314,1.1314,4312
2001-11-02,1.1473,1.1314,1.1314,1.1314,4312
2001-11-05,1.1473,1.1314,1.1314,1.1314,4312
2001-11-06,1.1473,1.1314,1.1314,1.1314,4312
2001-11-07,1.1473,1.1314,1.1314,1.1314,4312
2001-11-08,1.1473,1.1314,1.1314,1.1314,4312
2001-11-09,1.1473,1.1314,1.1314,1.1314,4312
2001-11-12,1.1473,1.1314,1.1314,1.1314,4312
2001-11-13,1.1473,1.1314,1.1314,1.1314,4312
2001-11-14,1.1473,1.1314,1.1314,1.1314,4312
2001-11-15,1.1473,1.1314,1.1314,1.1314,4312
2001-11-16,1.1473,1.1314,1.1314,1.1314,4312
2001-11-19,1.1314,1.1059,1.1059,1.1059,4312
2001-11-20,1.1314,1.1059,1.1059,1.1059,4312
2001-11-21,1.1314,1.1059,1.1059,1.1059,4312
2001-11-22,1.1314,1.1059,1.1059,1.1059,4312
2001-11-23,1.1314,1.1059,1.1059,1.1059,4312
2001-11-26,1.1059,1.0517,1.0517,1.0517,4312
2001-11-27,1.1059,1.0517,1.0517,1.0517,4312
2001-11-28,1.0517,1.1027,1.1027,1.1027,4312
2001-11-29,1.0517,1.1027,1.1027,1.1027,4312
2001-11-30,1.0517,1.1027,1.1027,1.1027,4312
2001-12-03,1.1027,1.1409,1.1123,1.1409,60375
2001-12-04,1.1409,1.1824,1.1473,1.1792,198374
2001-12-05,1.1792,1.2111,1.1473,1.2111,25875
2001-12-06,1.2111,1.2429,1.2429,1.2429,4312
2001-12-07,1.2111,1.2429,1.2429,1.2429,4312
2001-12-10,1.2111,1.2429,1.2429,1.2429,4312
2001-12-11,1.2111,1.2429,1.2429,1.2429,4312
2001-12-12,1.2111,1.2429,1.2111,1.2429,77625
2001-12-13,1.2111,1.2429,1.2111,1.2429,77625
2001-12-14,1.2111,1.2429,1.2111,1.2429,77625
2001-12-17,1.2111,1.2429,1.2111,1.2429,77625
2001-12-18,1.2111,1.2429,1.2111,1.2429,77625
2001-12-19,1.2111,1.2429,1.2111,1.2429,77625
2001-12-20,1.2111,1.2429,1.2111,1.2429,77625
2001-12-21,1.2111,1.2429,1.2111,1.2429,77625
2001-12-24,1.2111,1.2429,1.2111,1.2429,77625
2001-12-25,1.2111,1.2429,1.2111,1.2429,77625
2001-12-26,1.2111,1.2429,1.2111,1.2429,77625
2001-12-27,1.2111,1.2429,1.2111,1.2429,77625
2001-12-28,1.2111,1.2429,1.2111,1.2429,77625
2001-12-31,1.2111,1.2429,1.2111,1.2429,77625
2002-01-01,1.2429,1.1719,1.1719,1.1719,4312
2002-01-02,1.2429,1.1719,1.1719,1.1719,4312
2002-01-03,1.2429,1.1719,1.1719,1.1719,4312
2002-01-04,1.2429,1.1719,1.1719,1.1719,4312
2002-01-07,1.2429,1.1719,1.1719,1.1719,4312
2002-01-08,1.2429,1.1719,1.1719,1.1719,4312
2002-01-09,1.1719,1.2429,1.2429,1.2429,4312
2002-01-10,1.1719,1.2429,1.2429,1.2429,4312
2002-01-11,1.1719,1.2429,1.2429,1.2429,4312
2002-01-14,1.2429,1.2607,1.2074,1.2074,8625
2002-01-15,1.2429,1.2607,1.2074,1.2074,8625
2002-01-16,1.2429,1.2607,1.2074,1.2074,8625
2002-01-17,1.2429,1.2784,1.2429,1.2713,60375
2002-01-18,1.2962,1.3743,1.2962,1.2962,12937
2002-01-21,1.3139,1.3424,1.3139,1.3139,8625
2002-01-22,1.3139,1.3424,1.3139,1.3139,8625
2002-01-23,1.3139,1.3317,1.3139,1.3317,12937
2002-01-24,1.3388,1.3495,1.3388,1.3495,64687
2002-01-25,1.3495,1.3495,1.3495,1.3495,17250
2002-01-28,1.4205,1.4205,1.4205,1.4205,4312
2002-01-29,1.4169,1.4169,1.385,1.4169,73312
2002-01-30,1.456,1.456,1.456,1.456,12937
2002-01-31,1.456,1.5625,1.5093,1.5625,8625
2002-02-01,1.5625,1.6265,1.6265,1.6265,4312
2002-02-04,1.6265,1.6691,1.6336,1.6691,64687
2002-02-05,1.6265,1.6691,1.6336,1.6691,64687
2002-02-06,1.6265,1.6691,1.6336,1.6691,64687
2002-02-07,1.6691,1.5448,1.5448,1.5448,8625
2002-02-08,1.5448,1.5554,1.5519,1.5554,8625
2002-02-11,1.5448,1.5554,1.5519,1.5554,8625
2002-02-12,1.5448,1.5554,1.5519,1.5554,8625
2002-02-13,1.5448,1.5554,1.5519,1.5554,8625
2002-02-14,1.5448,1.5554,1.5519,1.5554,8625
2002-02-15,1.5448,1.5554,1.5519,1.5554,8625
2002-02-18,1.5448,1.5554,1.5519,1.5554,8625
2002-02-19,1.5448,1.5554,1.5519,1.5554,8625
2002-02-20,1.5448,1.5554,1.5519,1.5554,8625
2002-02-21,1.5448,1.5554,1.5519,1.5554,8625
2002-02-22,1.5448,1.5554,1.5519,1.5554,8625
2002-02-25,1.5448,1.5554,1.5519,1.5554,8625
2002-02-26,1.5448,1.5554,1.5519,1.5554,8625
2002-02-27,1.5554,1.598,1.456,1.598,43125
2002-02-28,1.598,1.7152,1.6691,1.7152,86250
2002-03-01,1.7152,1.8182,1.6868,1.6868,47437
2002-03-04,1.6868,1.7756,1.6868,1.7756,17250
2002-03-05,1.7756,1.804,1.7863,1.7863,34500
2002-03-06,1.7756,1.804,1.7863,1.7863,34500
2002-03-07,1.7863,1.8466,1.8466,1.8466,4312
2002-03-08,1.8466,1.7579,1.7401,1.7579,8625
2002-03-11,1.7579,1.7223,1.7223,1.7223,4312
2002-03-12,1.7223,1.8466,1.7579,1.8466,25875
2002-03-13,1.7223,1.8466,1.7579,1.8466,25875
2002-03-14,1.8466,1.7756,1.7401,1.7756,8625
2002-03-15,1.8466,1.7756,1.7401,1.7756,8625
2002-03-18,1.7756,1.7117,1.7117,1.7117,4312
2002-03-19,1.7117,1.7223,1.7046,1.7223,17250
2002-03-20,1.7223,1.8466,1.8466,1.8289,8625
2002-03-21,1.7223,1.8466,1.8466,1.8289,8625
2002-03-22,1.8289,1.8111,1.8111,1.8111,8625
2002-03-25,1.8289,1.8111,1.8111,1.8111,8625
2002-03-26,1.8289,1.8111,1.8111,1.8111,8625
2002-03-27,1.8111,1.8821,1.8395,1.8821,94875
2002-03-28,1.8111,1.8821,1.8395,1.8821,94875
2002-03-29,1.8821,1.9709,1.9709,1.9709,4312
2002-04-01,1.9709,1.9709,1.9709,1.9177,4312
2002-04-02,1.9177,1.7934,1.7934,1.7934,8625
2002-04-03,1.7934,1.8111,1.8111,1.8111,12937
2002-04-04,1.8111,1.8289,1.8111,1.8111,21562
2002-04-05,1.8111,1.8963,1.8111,1.8963,8625
2002-04-08,1.8963,1.9177,1.9177,1.9177,4312
2002-04-09,1.9177,1.8821,1.8821,1.8821,4312
2002-04-10,1.9177,1.8821,1.8821,1.8821,4312
2002-04-11,1.8821,1.9674,1.9532,1.9532,4312
2002-04-12,1.8821,1.9674,1.9532,1.9532,4312
2002-04-15,1.8821,1.9674,1.9532,1.9532,4312
2002-04-16,1.9532,2.0242,1.9532,1.9887,8625
2002-04-17,1.9887,1.9532,1.9461,1.9532,12937
2002-04-18,1.9532,1.9532,1.9532,1.9532,4312
2002-04-19,1.9532,1.9532,1.9532,1.9532,4312
2002-04-22,1.9532,1.9532,1.9532,1.9532,4312
2002-04-23,1.9532,1.9177,1.9177,1.9177,4312
2002-04-24,1.9532,1.9177,1.9177,1.9177,4312
2002-04-25,1.9177,1.9177,1.9177,1.9177,8625
2002-04-26,1.9177,1.9177,1.9177,1.9177,8625
2002-04-29,1.9177,1.9177,1.9177,1.9177,8625
2002-04-30,1.9177,1.9177,1.9177,1.9177,8625
2002-05-01,1.9177,1.9177,1.9177,1.9177,8625
2002-05-02,1.9177,1.9177,1.9177,1.9177,8625
2002-05-03,1.9177,1.9177,1.9177,1.9177,8625
2002-05-06,1.9177,2.0064,1.9283,1.9532,34500
2002-05-07,1.9177,2.0064,1.9283,1.9532,34500
2002-05-08,1.9177,2.0064,1.9283,1.9532,34500
2002-05-09,1.9532,1.9177,1.9177,1.9177,34500
2002-05-10,1.9177,1.8821,1.8821,1.8821,34500
2002-05-13,1.9177,1.8821,1.8821,1.8821,34500
2002-05-14,1.9177,1.8821,1.8821,1.8821,34500
2002-05-15,1.9177,1.8821,1.8821,1.8821,34500
2002-05-16,1.8821,1.8466,1.8466,1.8466,34500
2002-05-17,1.8466,1.7934,1.7934,1.7934,8625
2002-05-20,1.7934,1.662,1.662,1.662,25875
2002-05-21,1.662,1.7046,1.7046,1.7046,4312
2002-05-22,1.7046,1.6513,1.6336,1.6336,17250
2002-05-23,1.7046,1.6513,1.6336,1.6336,17250
2002-05-24,1.6336,1.7046,1.7046,1.7046,4312
2002-05-27,1.7046,1.662,1.662,1.662,17250
2002-05-28,1.662,1.6229,1.6229,1.6229,4312
2002-05-29,1.662,1.6229,1.6229,1.6229,4312
2002-05-30,1.6229,1.6051,1.6051,1.6051,12937
2002-05-31,1.6051,1.6975,1.6975,1.6975,4312
2002-06-03,1.6975,1.6584,1.6584,1.6584,4312
2002-06-04,1.6584,1.6194,1.6194,1.6194,4312
2002-06-05,1.6584,1.6194,1.6194,1.6194,4312
2002-06-06,1.6584,1.6194,1.6194,1.6194,4312
2002-06-07,1.6584,1.6194,1.6194,1.6194,4312
2002-06-10,1.6194,1.7152,1.6691,1.7152,8625
2002-06-11,1.6194,1.7152,1.6691,1.7152,8625
2002-06-12,1.6194,1.7152,1.6691,1.7152,8625
2002-06-13,1.7152,1.7046,1.7046,1.7046,8625
2002-06-14,1.7046,1.662,1.662,1.662,4312
2002-06-17,1.7046,1.662,1.662,1.662,4312
2002-06-18,1.7046,1.662,1.662,1.662,4312
2002-06-19,1.7046,1.662,1.662,1.662,4312
2002-06-20,1.662,1.7863,1.7401,1.7863,12937
2002-06-21,1.662,1.7863,1.7401,1.7863,12937
2002-06-24,1.662,1.7863,1.7401,1.7863,12937
2002-06-25,1.7863,1.7756,1.7756,1.7756,12937
2002-06-26,1.7863,1.7756,1.7756,1.7756,12937
2002-06-27,1.7863,1.7756,1.7756,1.7756,12937
2002-06-28,1.7756,1.7756,1.7756,1.7756,4312
2002-07-01,1.7756,1.8395,1.6868,1.8395,25875
2002-07-02,1.8395,1.9745,1.9106,1.9709,116437
2002-07-03,1.9709,1.9638,1.9177,1.9177,47437
2002-07-04,1.9177,1.8253,1.8253,1.8253,4312
2002-07-05,1.8253,1.9106,1.9069999999999998,1.9106,8625
2002-07-08,1.8253,1.9106,1.9069999999999998,1.9106,8625
2002-07-09,1.8253,1.9106,1.9069999999999998,1.9106,8625
2002-07-10,1.8253,1.9106,1.9069999999999998,1.9106,8625
2002-07-11,1.9106,1.8466,1.8466,1.8466,4312
2002-07-12,1.9106,1.8466,1.8466,1.8466,4312
2002-07-15,1.8466,1.9177,1.9106,1.9177,12937
2002-07-16,1.9177,1.9319,1.8821,1.9319,56062
2002-07-17,1.9319,1.9709,1.9141,1.9709,17250
2002-07-18,1.9709,2.0242,1.9851,2.0242,56062
2002-07-19,2.0242,2.0775,2.0775,2.0775,4312
2002-07-22,2.0242,2.0775,2.0775,2.0775,4312
2002-07-23,2.0775,2.0384,2.0384,2.0384,8625
2002-07-24,2.0384,2.0668,2.0668,2.0668,8625
2002-07-25,2.0668,2.1307,2.0952,2.1307,38812
2002-07-26,2.0668,2.1307,2.0952,2.1307,38812
2002-07-29,2.0668,2.1307,2.0952,2.1307,38812
2002-07-30,2.0668,2.1307,2.0952,2.1307,38812
2002-07-31,2.0668,2.1307,2.0952,2.1307,38812
2002-08-01,2.1307,2.0597,2.0597,2.0597,4312
2002-08-02,2.1307,2.0597,2.0597,2.0597,4312
2002-08-05,2.1307,2.0597,2.0597,2.0597,4312
2002-08-06,2.1307,2.0597,2.0597,2.0597,4312
2002-08-07,2.0597,2.0952,2.0775,2.0775,12937
2002-08-08,2.0597,2.0952,2.0775,2.0775,12937
2002-08-09,2.0597,2.0952,2.0775,2.0775,12937
2002-08-12,2.0597,2.0952,2.0775,2.0775,12937
2002-08-13,2.0775,2.0668,2.0419,2.0419,12937
2002-08-14,2.0775,2.0668,2.0419,2.0419,12937
2002-08-15,2.0775,2.0668,2.0419,2.0419,12937
2002-08-16,2.0775,2.0668,2.0419,2.0419,12937
2002-08-19,2.0775,2.0668,2.0419,2.0419,12937
2002-08-20,2.0775,2.0668,2.0419,2.0419,12937
2002-08-21,2.0775,2.0668,2.0419,2.0419,12937
2002-08-22,2.0775,2.0668,2.0419,2.0419,12937
2002-08-23,2.0775,2.0668,2.0419,2.0419,12937
2002-08-26,2.0419,2.0597,2.0242,2.0242,12937
2002-08-27,2.0242,2.0242,2.0242,2.0242,4312
2002-08-28,2.0242,2.0242,2.0242,2.0242,4312
2002-08-29,2.0242,1.9887,1.9887,1.9887,8625
2002-08-30,2.0242,1.9887,1.9887,1.9887,8625
2002-09-02,2.0242,1.9887,1.9887,1.9887,8625
2002-09-03,2.0242,1.9887,1.9887,1.9887,8625
2002-09-04,1.9887,1.9177,1.9177,1.9177,4312
2002-09-05,1.9177,1.9177,1.9177,1.9177,4312
2002-09-06,1.9177,1.9177,1.9177,1.9177,4312
2002-09-09,1.9177,1.9177,1.9177,1.9177,4312
2002-09-10,1.9177,1.9177,1.9177,1.9177,4312
2002-09-11,1.9177,1.9177,1.9177,1.9177,4312
2002-09-12,1.9177,1.9248,1.9248,1.9248,4312
2002-09-13,1.9177,1.9248,1.9248,1.9248,4312
2002-09-16,1.9177,1.9248,1.9248,1.9248,4312
2002-09-17,1.9248,1.9887,1.9816,1.9887,12937
2002-09-18,1.9248,1.9887,1.9816,1.9887,12937
2002-09-19,1.9248,1.9887,1.9816,1.9887,12937
2002-09-20,1.9248,1.9887,1.9816,1.9887,12937
2002-09-23,1.9248,1.9887,1.9816,1.9887,12937
2002-09-24,1.9887,2.1307,2.0419,2.1307,17250
2002-09-25,2.1307,2.2728,2.1307,2.2728,12937
2002-09-26,2.2728,2.3793,2.3438,2.3438,12937
2002-09-27,2.3438,2.4859,2.2728,2.3438,17250
2002-09-30,2.3438,2.4859,2.2728,2.3438,17250
2002-10-01,2.3438,2.4859,2.2586,2.326,103500
2002-10-02,2.3438,2.4859,2.2586,2.326,103500
2002-10-03,2.326,2.3438,2.2728,2.3438,43125
2002-10-04,2.3438,2.5178,2.3793,2.3793,17250
2002-10-07,2.3793,2.5569,2.3793,2.5569,47437
2002-10-08,2.5569,2.6279,2.4326,2.4326,8625
2002-10-09,2.4326,2.4859,2.3616,2.4326,17250
2002-10-10,2.4326,2.4859,2.3616,2.4326,17250
2002-10-11,2.4326,2.4859,2.3616,2.4326,17250
2002-10-14,2.4326,2.4859,2.3616,2.4326,17250
2002-10-15,2.4326,2.4859,2.3616,2.4326,17250
2002-10-16,2.4326,2.4859,2.3616,2.4326,17250
2002-10-17,2.4326,2.5569,2.3118,2.5569,8625
2002-10-18,2.4326,2.5569,2.3118,2.5569,8625
2002-10-21,2.5569,2.4326,2.4326,2.4326,4312
2002-10-22,2.4326,2.5533,2.4859,2.5533,12937
2002-10-23,2.5533,2.5214,2.4859,2.4859,47437
2002-10-24,2.4859,2.6713,2.5648,2.6713,17250
2002-10-25,2.6713,2.5411,2.5411,2.5411,4312
2002-10-28,2.5411,2.549,2.545,2.545,25875
2002-10-29,2.5411,2.549,2.545,2.545,25875
2002-10-30,2.545,2.5253,2.5253,2.5253,4312
2002-10-31,2.545,2.5253,2.5253,2.5253,4312
2002-11-01,2.545,2.5253,2.5253,2.5253,4312
2002-11-04,2.545,2.5253,2.5253,2.5253,4312
2002-11-05,2.5253,2.4859,2.4859,2.4859,4312
2002-11-06,2.5253,2.4859,2.4859,2.4859,4312
2002-11-07,2.5253,2.4859,2.4859,2.4859,4312
2002-11-08,2.4859,2.4069,2.3675,2.3714,12937
2002-11-11,2.4859,2.4069,2.3675,2.3714,12937
2002-11-12,2.4859,2.4069,2.3675,2.3714,12937
2002-11-13,2.3714,2.4069,2.4069,2.4069,4312
2002-11-14,2.3714,2.4069,2.4069,2.4069,4312
2002-11-15,2.3714,2.4069,2.4069,2.4069,4312
2002-11-18,2.4069,2.5253,2.5253,2.5253,34500
2002-11-19,2.5253,2.6831,2.6042,2.6042,8625
2002-11-20,2.6042,2.474,2.474,2.474,4312
2002-11-21,2.6042,2.474,2.474,2.474,4312
2002-11-22,2.6042,2.474,2.474,2.474,4312
2002-11-25,2.474,2.3517,2.3517,2.3517,17250
2002-11-26,2.474,2.3517,2.3517,2.3517,17250
2002-11-27,2.3517,2.2373,2.2373,2.2373,4312
2002-11-28,2.2373,2.1702,2.1702,2.1702,4312
2002-11-29,2.2373,2.1702,2.1702,2.1702,4312
2002-12-02,2.2373,2.1702,2.1702,2.1702,4312
2002-12-03,2.2373,2.1702,2.1702,2.1702,4312
2002-12-04,2.1702,2.3201,2.2096,2.3201,8625
2002-12-05,2.1702,2.3201,2.2096,2.3201,8625
2002-12-06,2.1702,2.3201,2.2096,2.3201,8625
2002-12-09,2.3201,2.2886,2.2886,2.2886,8625
2002-12-10,2.3201,2.2886,2.2886,2.2886,8625
2002-12-11,2.3201,2.2886,2.2886,2.2886,8625
2002-12-12,2.2886,2.4582,2.2925,2.2925,81937
2002-12-13,2.2925,2.3280000000000003,2.2886,2.3280000000000003,56062
2002-12-16,2.2925,2.3280000000000003,2.2886,2.3280000000000003,56062
2002-12-17,2.3280000000000003,2.2491,2.2491,2.2491,4312
2002-12-18,2.2491,2.2688,2.2688,2.2688,4312
2002-12-19,2.2688,2.2688,2.2491,2.2491,8625
2002-12-20,2.2688,2.2688,2.2491,2.2491,8625
2002-12-23,2.2491,2.2096,2.1702,2.2096,8625
2002-12-24,2.2491,2.2096,2.1702,2.2096,8625
2002-12-25,2.2491,2.2096,2.1702,2.2096,8625
2002-12-26,2.2491,2.2096,2.1702,2.2096,8625
2002-12-27,2.2491,2.2096,2.1702,2.2096,8625
2002-12-30,2.2491,2.2096,2.1702,2.2096,8625
2002-12-31,2.2491,2.2096,2.1702,2.2096,8625
2003-01-01,2.2491,2.2096,2.1702,2.2096,8625
2003-01-02,2.2491,2.2096,2.1702,2.2096,8625
2003-01-03,2.2491,2.2096,2.1702,2.2096,8625
2003-01-06,2.2491,2.2096,2.1702,2.2096,8625
2003-01-07,2.2491,2.2096,2.1702,2.2096,8625
2003-01-08,2.2491,2.2096,2.1702,2.2096,8625
2003-01-09,2.2491,2.2096,2.1702,2.2096,8625
2003-01-10,2.2491,2.2096,2.1702,2.2096,8625
2003-01-13,2.2096,2.2057,2.2057,2.2057,8625
2003-01-14,2.2096,2.2057,2.2057,2.2057,8625
2003-01-15,2.2096,2.2057,2.2057,2.2057,8625
2003-01-16,2.2057,2.0992,2.0992,2.0992,4312
2003-01-17,2.0992,2.0124,2.0124,2.0124,4312
2003-01-20,2.0124,2.0124,1.9729,1.9729,30187
2003-01-21,2.0124,2.0124,1.9729,1.9729,30187
2003-01-22,2.0124,2.0124,1.9729,1.9729,30187
2003-01-23,2.0124,2.0124,1.9729,1.9729,30187
2003-01-24,1.9729,1.8743,1.8743,1.8743,4312
2003-01-27,1.8743,2.0124,2.0124,2.0124,4312
2003-01-28,1.8743,2.0124,2.0124,2.0124,4312
2003-01-29,1.8743,2.0124,2.0124,2.0124,4312
2003-01-30,1.8743,2.0124,2.0124,2.0124,4312
2003-01-31,1.8743,2.0124,2.0124,2.0124,4312
2003-02-03,2.0124,2.0124,2.0124,2.0124,4312
2003-02-04,2.0124,2.0124,2.0124,2.0124,4312
2003-02-05,2.0124,2.0124,2.0124,2.0124,4312
2003-02-06,2.0124,2.0124,2.0124,2.0124,4312
2003-02-07,2.0124,2.0124,2.0124,2.0124,4312
2003-02-10,2.0124,2.0124,2.0124,2.0124,4312
2003-02-11,2.0124,2.0124,2.0124,2.0124,4312
2003-02-12,2.0124,2.0124,2.0124,2.0124,4312
2003-02-13,2.0124,2.0124,2.0124,2.0124,4312
2003-02-14,2.0124,2.0124,2.0124,2.0124,4312
2003-02-17,2.0124,2.0124,2.0124,2.0124,4312
2003-02-18,2.0124,2.0124,2.0124,2.0124,4312
2003-02-19,2.0124,2.0124,2.0124,2.0124,4312
2003-02-20,2.0124,2.0124,2.0124,2.0124,4312
2003-02-21,2.0124,2.0124,2.0124,2.0124,4312
2003-02-24,2.0124,1.9729,1.9729,1.9729,4312
2003-02-25,1.9729,1.8743,1.8743,1.8743,4312
2003-02-26,1.9729,1.8743,1.8743,1.8743,4312
2003-02-27,1.8743,1.8743,1.8743,1.8743,4312
2003-02-28,1.8743,1.8743,1.8743,1.8743,4312
2003-03-03,1.8743,1.8545,1.8151,1.8151,8625
2003-03-04,1.8743,1.8545,1.8151,1.8151,8625
2003-03-05,1.8743,1.8545,1.8151,1.8151,8625
2003-03-06,1.8743,1.8545,1.8151,1.8151,8625
2003-03-07,1.8743,1.8545,1.8151,1.8151,8625
2003-03-10,1.8743,1.8545,1.8151,1.8151,8625
2003-03-11,1.8743,1.8545,1.8151,1.8151,8625
2003-03-12,1.8743,1.8545,1.8151,1.8151,8625
2003-03-13,1.8743,1.8545,1.8151,1.8151,8625
2003-03-14,1.8743,1.8545,1.8151,1.8151,8625
2003-03-17,1.8743,1.8545,1.8151,1.8151,8625
2003-03-18,1.8743,1.8545,1.8151,1.8151,8625
2003-03-19,1.8743,1.8545,1.8151,1.8151,8625
2003-03-20,1.8743,1.8545,1.8151,1.8151,8625
2003-03-21,1.8743,1.8545,1.8151,1.8151,8625
2003-03-24,1.8743,1.8545,1.8151,1.8151,8625
2003-03-25,1.8743,1.8545,1.8151,1.8151,8625
2003-03-26,1.8151,1.8032,1.8032,1.8032,8625
2003-03-27,1.8151,1.8032,1.8032,1.8032,8625
2003-03-28,1.8151,1.8032,1.8032,1.8032,8625
2003-03-31,1.8151,1.8032,1.8032,1.8032,8625
2003-04-01,1.8032,1.9334,1.9334,1.9334,8625
2003-04-02,1.9334,2.0755,1.965,1.965,8625
2003-04-03,1.965,1.965,1.965,1.965,8625
2003-04-04,1.965,1.965,1.965,1.965,8625
2003-04-07,1.965,1.9334,1.9334,1.9334,4312
2003-04-08,1.9334,2.0518,1.9729,2.0124,30187
2003-04-09,2.0124,2.0202,2.0202,2.0202,30187
2003-04-10,2.0202,2.0913,2.0913,2.0913,4312
2003-04-11,2.0202,2.0913,2.0913,2.0913,4312
2003-04-14,2.0913,2.1702,2.1505,2.1702,8625
2003-04-15,2.1702,2.1307,2.0913,2.0913,21562
2003-04-16,2.0913,2.0715,2.0518,2.0518,12937
2003-04-17,2.0518,2.0913,2.0597,2.0597,12937
2003-04-18,2.0597,2.2136,2.1228,2.1702,56062
2003-04-21,2.1702,2.332,2.1307,2.1307,86250
2003-04-22,2.1307,2.1702,2.0518,2.0518,30187
2003-04-23,2.1307,2.1702,2.0518,2.0518,30187
2003-04-24,2.0518,2.036,2.0124,2.036,4312
2003-04-25,2.0518,2.036,2.0124,2.036,4312
2003-04-28,2.036,2.186,2.186,2.186,4312
2003-04-29,2.186,2.3477,2.2412,2.2412,8625
2003-04-30,2.2412,2.1307,2.1307,2.1307,12937
2003-05-01,2.2412,2.1307,2.1307,2.1307,12937
2003-05-02,2.1307,2.1307,2.0518,2.0518,30187
2003-05-05,2.0518,2.2057,2.1465,2.2057,43125
2003-05-06,2.2057,2.2886,2.2491,2.2886,8625
2003-05-07,2.2886,2.3280000000000003,2.2886,2.3083,34500
2003-05-08,2.3083,2.3635,2.3280000000000003,2.3280000000000003,38812
2003-05-09,2.3280000000000003,2.3675,2.3280000000000003,2.3280000000000003,12937
2003-05-12,2.3280000000000003,2.5016,2.478,2.4859,69000
2003-05-13,2.4859,2.5016,2.478,2.478,12937
2003-05-14,2.478,2.4069,2.4069,2.4069,8625
2003-05-15,2.478,2.4069,2.4069,2.4069,8625
2003-05-16,2.4069,2.5016,2.4859,2.4937,30187
2003-05-19,2.4937,2.5608,2.5608,2.5608,8625
2003-05-20,2.5608,2.4464,2.4464,2.4464,34500
2003-05-21,2.4464,2.4069,2.4069,2.4069,8625
2003-05-22,2.4069,2.4109,2.3675,2.3675,25875
2003-05-23,2.3675,2.4505,2.4090000000000003,2.4505,25875
2003-05-26,2.4505,2.6167,2.5752,2.5752,8625
2003-05-27,2.5752,2.5668,2.5668,2.5668,4312
2003-05-28,2.5668,2.6582,2.5752,2.6582,43125
2003-05-29,2.6582,2.7413,2.6665,2.7413,56062
2003-05-30,2.7413,2.7413,2.6748,2.7413,90562
2003-06-02,2.7413,2.7413,2.6748,2.7413,90562
2003-06-03,2.7413,2.8244,2.7413,2.8244,43125
2003-06-04,2.8244,2.7413,2.7413,2.7413,4312
2003-06-05,2.7413,2.7787,2.7662,2.7787,4312
2003-06-06,2.7787,2.8244,2.7994,2.7994,17250
2003-06-09,2.7994,3.003,2.8244,2.9905,17250
2003-06-10,2.9905,2.8867,2.8825,2.8867,47437
2003-06-11,2.8867,2.8244,2.7828,2.7828,137999
2003-06-12,2.7828,2.8244,2.7745,2.8244,491623
2003-06-13,2.7828,2.8244,2.7745,2.8244,491623
2003-06-16,2.8244,2.8991,2.7828,2.8244,38812
2003-06-17,2.8244,2.949,2.8991,2.949,12937
2003-06-18,2.949,3.0528,2.9863,2.9905,56062
2003-06-19,2.9905,3.2148,3.1566,3.2148,17250
2003-06-20,3.2148,3.4474,3.4474,3.4474,4312
2003-06-23,3.4474,3.4058,3.4058,3.4058,4312
2003-06-24,3.4058,3.4058,3.2397,3.2397,25875
2003-06-25,3.2397,3.3643,3.2397,3.3643,25875
2003-06-26,3.3643,3.4058,3.3435,3.3435,34500
2003-06-27,3.3435,3.4058,3.3228,3.4058,159562
2003-06-30,3.4058,3.4058,3.4058,3.4058,17250
2003-07-01,3.4058,3.3228,3.2397,3.3228,34500
2003-07-02,3.3228,3.3228,3.3228,3.3228,8625
2003-07-03,3.3228,3.3228,3.3228,3.3228,30187
2003-07-04,3.3228,3.3228,3.3228,3.3228,30187
2003-07-07,3.3228,3.3228,3.3228,3.3228,30187
2003-07-08,3.3228,3.3228,3.3228,3.3228,21562
2003-07-09,3.3228,3.4889,3.4058,3.4806,34500
2003-07-10,3.3228,3.4889,3.4058,3.4806,34500
2003-07-11,3.3228,3.4889,3.4058,3.4806,34500
2003-07-14,3.3228,3.4889,3.4058,3.4806,34500
2003-07-15,3.4806,3.4806,3.3103,3.3103,47437
2003-07-16,3.3103,3.3643,3.2023,3.2023,25875
2003-07-17,3.2023,3.3228,3.3228,3.3228,4312
2003-07-18,3.3228,3.572,3.572,3.572,4312
2003-07-21,3.572,3.4889,3.4058,3.4889,12937
2003-07-22,3.4889,3.41,3.41,3.41,17250
2003-07-23,3.4889,3.41,3.41,3.41,17250
2003-07-24,3.41,3.4889,3.4058,3.4889,8625
2003-07-25,3.41,3.4889,3.4058,3.4889,8625
2003-07-28,3.41,3.4889,3.4058,3.4889,8625
2003-07-29,3.4889,3.7506,3.7506,3.7506,8625
2003-07-30,3.7506,3.6966,3.6966,3.6966,8625
2003-07-31,3.6966,3.6551,3.6467,3.6551,30187
2003-08-01,3.6551,3.6135,3.6135,3.6135,8625
2003-08-04,3.6551,3.6135,3.6135,3.6135,8625
2003-08-05,3.6551,3.6135,3.6135,3.6135,8625
2003-08-06,3.6551,3.6135,3.6135,3.6135,8625
2003-08-07,3.6551,3.6135,3.6135,3.6135,8625
2003-08-08,3.6135,3.6135,3.6135,3.6135,12937
2003-08-11,3.6135,3.5512,3.5512,3.5512,12937
2003-08-12,3.5512,3.7381,3.4058,3.7381,38812
2003-08-13,3.7381,3.7381,3.7381,3.7381,12937
2003-08-14,3.7381,3.7381,3.7381,3.7381,12937
2003-08-15,3.7381,4.0081,4.0081,4.0081,47437
2003-08-18,4.0081,4.303,4.1535,4.303,60375
2003-08-19,4.303,4.6187,4.3155,4.5896,56062
2003-08-20,4.5896,4.6934,4.4857,4.4857,34500
2003-08-21,4.4857,4.4857,4.4857,4.4857,21562
2003-08-22,4.4857,4.4027,4.3611,4.3611,21562
2003-08-25,4.4857,4.4027,4.3611,4.3611,21562
2003-08-26,4.4857,4.4027,4.3611,4.3611,21562
2003-08-27,4.3611,4.1535,4.1535,4.1535,4312
2003-08-28,4.1535,4.3113,4.2365,4.2365,12937
2003-08-29,4.2365,4.2365,4.2365,4.2365,17250
2003-09-01,4.2365,4.2365,4.0289,4.0289,12937
2003-09-02,4.0289,4.3279,4.1867,4.3279,69000
2003-09-03,4.3279,4.4857,4.3196,4.4857,90562
2003-09-04,4.4857,4.2656,4.2656,4.2656,4312
2003-09-05,4.4857,4.2656,4.2656,4.2656,4312
2003-09-08,4.2656,4.3196,4.3196,4.3196,4312
2003-09-09,4.3196,4.2573,4.2448,4.2573,8625
2003-09-10,4.2573,4.0787,4.0704,4.0704,47437
2003-09-11,4.2573,4.0787,4.0704,4.0704,47437
2003-09-12,4.0704,4.2365,4.2365,4.2365,12937
2003-09-15,4.0704,4.2365,4.2365,4.2365,12937
2003-09-16,4.2365,4.1535,4.1535,4.1535,12937
2003-09-17,4.1535,4.1535,4.0787,4.0787,12937
2003-09-18,4.0787,4.3196,4.0289,4.3196,12937
2003-09-19,4.3196,4.1535,4.1078,4.1078,21562
2003-09-22,4.1078,4.0289,4.0289,4.0289,8625
2003-09-23,4.1078,4.0289,4.0289,4.0289,8625
2003-09-24,4.0289,4.3196,3.9043,3.9043,17250
2003-09-25,3.9043,4.0289,4.0289,4.0289,4312
2003-09-26,3.9043,4.0289,4.0289,4.0289,4312
2003-09-29,4.0289,3.8295,3.8295,3.8295,51750
2003-09-30,3.8295,3.9873,3.8212,3.9043,56062
2003-10-01,3.9043,4.195,4.195,4.195,56062
2003-10-02,4.195,4.5065,4.5065,4.5065,8625
2003-10-03,4.5065,4.8429,4.8429,4.8429,12937
2003-10-06,4.8429,5.2043,4.9426,5.2043,129374
2003-10-07,5.2043,5.5656,5.1918,5.4826,47437
2003-10-08,5.4826,5.4826,5.3247,5.3247,25875
2003-10-09,5.3247,5.1794,5.0589,5.1794,30187
2003-10-10,5.1794,5.3164,5.2334,5.2334,21562
2003-10-13,5.2334,5.0672,5.0672,5.0672,4312
2003-10-14,5.0672,4.9011,4.8180000000000005,4.8180000000000005,51750
2003-10-15,4.8180000000000005,4.9842,4.9842,4.9842,30187
2003-10-16,4.9842,4.9842,4.9842,4.9842,4312
2003-10-17,4.9842,5.0672,4.8180000000000005,4.8180000000000005,43125
2003-10-20,4.8180000000000005,4.8180000000000005,4.7017,4.7017,8625
2003-10-21,4.7017,5.0257,4.9011,4.9011,73312
2003-10-22,4.9007,4.9007,4.6789,4.6789,2875
2003-10-23,4.6789,4.4857,4.4857,4.4857,2875
2003-10-24,4.4857,4.735,4.2615,4.735,20125
2003-10-27,4.735,5.0901,4.9219,4.9842,11500
2003-10-28,4.9842,5.358,4.8533,5.358,48875
2003-10-29,5.358,5.7567,5.4203,5.7318,25875
2003-10-30,5.7318,5.8564,5.4826,5.4826,11500
2003-10-31,5.7318,5.8564,5.4826,5.4826,11500
2003-11-03,5.4826,5.2084,5.2084,5.2084,2875
2003-11-04,5.2084,5.4826,5.1586,5.4826,14375
2003-11-05,5.4826,5.358,5.358,5.358,14375
2003-11-06,5.4826,5.358,5.358,5.358,14375
2003-11-07,5.358,5.358,5.358,5.358,5750
2003-11-10,5.358,5.358,5.358,5.358,5750
2003-11-11,5.358,5.358,5.358,5.358,5750
2003-11-12,5.358,5.4203,5.414,5.4203,8625
2003-11-13,5.358,5.4203,5.414,5.4203,8625
2003-11-14,5.4203,5.1586,5.1586,5.1586,5750
2003-11-17,5.1586,4.9904,4.9842,4.9842,14375
2003-11-18,5.1586,4.9904,4.9842,4.9842,14375
2003-11-19,4.9842,4.9842,4.9842,4.9842,2875
2003-11-20,4.9842,4.9842,4.9842,4.9842,2875
2003-11-21,4.9842,4.9842,4.9842,4.9842,2875
2003-11-24,4.9842,5.0465,4.9966,4.9966,8625
2003-11-25,4.9966,5.0153,5.0153,5.0153,28750
2003-11-26,4.9966,5.0153,5.0153,5.0153,28750
2003-11-27,4.9966,5.0153,5.0153,5.0153,28750
2003-11-28,4.9966,5.0153,5.0153,5.0153,28750
2003-12-01,5.0153,5.3891,5.2832,5.3891,11500
2003-12-02,5.3891,5.7318,5.5947,5.5947,2875
2003-12-03,5.5947,5.4826,5.4826,5.4826,2875
2003-12-04,5.4826,5.4452,5.4452,5.4452,2875
2003-12-05,5.4452,5.2334,5.1835,5.1835,25875
2003-12-08,5.1835,5.2334,5.2334,5.2334,5750
2003-12-09,5.2334,5.1212,5.1212,5.1212,5750
2003-12-10,5.1212,5.2334,5.1773,5.2334,8625
2003-12-11,5.2334,5.1399,5.1399,5.1399,5750
2003-12-12,5.1399,5.3642,5.2957,5.3642,17250
2003-12-15,5.3642,5.4826,5.358,5.4826,25875
2003-12-16,5.3642,5.4826,5.358,5.4826,25875
2003-12-17,5.4826,5.6072,5.4701,5.6072,40250
2003-12-18,5.6072,5.7318,5.4826,5.7318,28750
2003-12-19,5.7318,5.7941,5.7318,5.7941,5750
2003-12-22,5.7941,6.224,5.981,6.0433,109250
2003-12-23,6.0433,6.3423,6.0121,6.3423,34500
2003-12-24,6.3423,6.5417,6.2302,6.2302,23000
2003-12-25,6.3423,6.5417,6.2302,6.2302,23000
2003-12-26,6.3423,6.5417,6.2302,6.2302,23000
2003-12-29,6.2302,6.1991,6.0121,6.0121,8625
2003-12-30,6.0121,6.1679,5.9997,5.9997,14375
2003-12-31,5.9997,6.0433,5.9935,5.9935,11500
2004-01-01,5.9935,5.9872,5.981,5.981,20125
2004-01-02,5.981,5.981,5.8875,5.981,5750
2004-01-05,5.981,6.2302,6.0931,6.2302,34500
2004-01-06,6.2302,6.1367,6.0121,6.1367,8625
2004-01-07,6.1367,6.0121,6.0121,6.0121,2875
2004-01-08,6.0121,6.0433,6.0433,6.0433,2875
2004-01-09,6.0433,6.1679,6.1679,6.1679,5750
2004-01-12,6.1679,6.2925,6.1679,6.1679,43125
2004-01-13,6.1679,6.3548,5.9935,6.1679,17250
2004-01-14,6.1679,6.1866,5.8938,5.9,86250
2004-01-15,5.9,6.0931,5.9498,5.9498,8625
2004-01-16,5.9498,6.0744,5.8875,6.0744,5750
2004-01-19,6.0744,6.0994,5.8564,5.8564,8625
2004-01-20,5.8564,5.8564,5.8439,5.8439,5750
2004-01-21,5.8439,6.0744,5.8813,5.981,23000
2004-01-22,5.981,6.2302,6.1056,6.1679,71875
2004-01-23,6.1679,6.0433,6.0121,6.0433,20125
2004-01-26,6.0433,5.981,5.8813,5.8813,5750
2004-01-27,5.8813,5.9935,5.8315,5.8315,5750
2004-01-28,5.8315,6.1056,5.981,6.1056,28750
2004-01-29,6.1056,6.2053,6.2053,6.2053,2875
2004-01-30,6.2053,6.0744,6.0433,6.0744,20125
2004-02-02,6.2053,6.0744,6.0433,6.0744,20125
2004-02-03,6.2053,6.0744,6.0433,6.0744,20125
2004-02-04,6.2053,6.0744,6.0433,6.0744,20125
2004-02-05,6.2053,6.0744,6.0433,6.0744,20125
2004-02-06,6.0744,6.0184,5.9872,5.9872,20125
2004-02-09,5.9872,6.4358,6.2302,6.4358,86250
2004-02-10,6.4358,6.8096,6.4794,6.4794,48875
2004-02-11,6.4794,6.5978,6.4919,6.5168,20125
2004-02-12,6.5168,6.604,6.4794,6.604,23000
2004-02-13,6.604,6.6663,6.604,6.6663,34500
2004-02-16,6.6663,6.7535,6.604,6.604,103500
2004-02-17,6.604,6.604,6.5417,6.5417,20125
2004-02-18,6.5417,6.604,6.604,6.604,5750
2004-02-19,6.604,6.604,6.4794,6.4794,23000
2004-02-20,6.4794,6.4794,6.2925,6.4794,43125
2004-02-23,6.4794,6.386,6.3735,6.3735,5750
2004-02-24,6.3735,6.7224,6.4669,6.7224,31625
2004-02-25,6.7224,6.604,6.604,6.604,31625
2004-02-26,6.604,6.7286,6.5106,6.5168,20125
2004-02-27,6.5168,6.6975,6.604,6.6975,8625
2004-03-01,6.5168,6.6975,6.604,6.6975,8625
2004-03-02,6.5168,6.6975,6.604,6.6975,8625
2004-03-03,6.3237,6.3735,6.2302,6.2302,31625
2004-03-04,6.2302,6.523,6.386,6.523,25875
2004-03-05,6.523,6.6663,6.4794,6.6663,34500
2004-03-08,6.6663,6.7286,6.4794,6.4794,66125
2004-03-09,6.4794,6.3673,6.3548,6.3548,25875
2004-03-10,6.3548,6.4171,6.4171,6.4171,34500
2004-03-11,6.4171,6.4296,6.3673,6.4296,8625
2004-03-12,6.4296,6.7598,6.4794,6.6975,163874
2004-03-15,6.6975,6.7909,6.7286,6.7286,63250
2004-03-16,6.7286,6.7286,6.604,6.7286,48875
2004-03-17,6.7286,6.7909,6.6663,6.7286,46000
2004-03-18,6.7286,7.227,6.604,7.0027,60375
2004-03-19,7.0027,7.5261,7.1647,7.4762,175374
2004-03-22,7.4762,7.47,7.2893,7.47,37375
2004-03-23,7.4762,7.47,7.2893,7.47,37375
2004-03-24,7.47,7.3516,7.3516,7.3516,5750
2004-03-25,7.3516,7.4762,7.3516,7.3516,23000
2004-03-26,7.3516,7.3516,7.2893,7.3267,11500
2004-03-29,7.3267,7.4513,7.0401,7.0401,25875
2004-03-30,7.0401,7.2893,7.2893,7.2893,2875
2004-03-31,7.2893,7.2893,7.171,7.171,17250
2004-04-01,7.171,7.4762,7.227,7.252000000000001,34500
2004-04-02,7.252000000000001,7.7878,7.4451,7.7878,103500
2004-04-05,7.7878,8.3672,7.7255,8.3672,160999
2004-04-06,8.3672,8.7846,8.4731,8.7223,146624
2004-04-07,8.7223,8.9092,8.7223,8.902999999999999,109250
2004-04-08,8.902999999999999,9.5322,8.9092,9.2207,57500
2004-04-09,9.2207,9.3453,9.1023,9.3453,313374
2004-04-12,9.3453,10.0431,9.3453,9.3453,135124
2004-04-13,9.3453,9.5945,9.363999999999999,9.363999999999999,51750
2004-04-14,9.363999999999999,9.4076,9.1023,9.4076,8625
2004-04-15,9.4076,9.8188,9.0463,9.0961,494498
2004-04-16,9.0961,9.4699,9.3453,9.4076,43125
2004-04-19,9.0961,9.4699,9.3453,9.4076,43125
2004-04-20,9.4076,9.5696,9.4076,9.5696,5750
2004-04-21,9.5696,9.1584,9.0961,9.0961,37375
2004-04-22,9.0961,8.9715,8.9092,8.9715,5750
2004-04-23,8.9715,8.66,8.5229,8.5229,14375
2004-04-26,8.5229,8.579,8.5728,8.5728,8625
2004-04-27,8.5728,9.0961,8.7223,9.0961,20125
2004-04-28,9.0961,8.7223,8.6413,8.6413,8625
2004-04-29,8.6413,8.7223,8.6413,8.6413,8625
2004-04-30,8.6413,9.1086,8.7347,9.1086,14375
2004-05-03,8.6413,9.1086,8.7347,9.1086,14375
2004-05-04,8.6413,9.1086,8.7347,9.1086,14375
2004-05-05,9.1086,8.9715,8.6911,8.9715,11500
2004-05-06,8.9715,8.7347,8.7223,8.7223,23000
2004-05-07,8.7223,8.7223,8.7223,8.7223,28750
2004-05-10,8.7223,8.7223,8.7223,8.7223,20125
2004-05-11,8.7223,8.6351,8.6288,8.6351,5750
2004-05-12,8.6351,8.5665,8.2239,8.5665,28750
2004-05-13,8.5665,8.9653,8.7223,8.9653,51750
2004-05-14,8.9653,9.6319,9.0338,9.6319,57500
2004-05-17,9.6319,9.8437,9.3453,9.3453,80500
2004-05-18,9.3453,8.9715,8.9092,8.9403,14375
2004-05-19,8.9403,9.0961,9.0961,9.0961,5750
2004-05-20,9.0961,9.7752,9.0961,9.0961,8625
2004-05-21,9.0961,9.744,9.5322,9.5322,20125
2004-05-24,9.5322,9.4699,9.1272,9.1272,23000
2004-05-25,9.1272,9.1335,9.1335,9.1335,2875
2004-05-26,9.1335,9.8126,9.3453,9.7814,580748
2004-05-27,9.7814,9.7814,9.4699,9.4699,34500
2004-05-28,9.4699,9.2207,9.0961,9.2207,34500
2004-05-31,9.2207,9.1086,9.0961,9.1086,5750
2004-06-01,9.1086,9.3453,9.2145,9.3453,40250
2004-06-02,9.3453,9.4076,9.283,9.4076,20125
2004-06-03,9.4076,9.4014,9.0338,9.283,14375
2004-06-04,9.283,9.4014,9.0338,9.283,14375
2004-06-07,9.283,9.3453,9.1709,9.1709,5750
2004-06-08,9.283,9.3453,9.1709,9.1709,5750
2004-06-09,9.1709,9.3453,9.0961,9.0961,11500
2004-06-10,9.1709,9.3453,9.0961,9.0961,11500
2004-06-11,9.1709,9.3453,9.0961,9.0961,11500
2004-06-14,9.1709,9.3453,9.0961,9.0961,11500
2004-06-15,9.0961,9.7752,9.0649,9.7752,25875
2004-06-16,9.7752,9.5073,9.5073,9.5073,25875
2004-06-17,9.5073,9.2207,9.0961,9.2207,5750
2004-06-18,9.2207,9.2207,9.0961,9.2207,5750
2004-06-21,9.2207,9.3142,8.8469,9.3142,11500
2004-06-22,9.2207,9.3142,8.8469,9.3142,11500
2004-06-23,9.3142,9.0649,9.0649,9.0649,11500
2004-06-24,9.3142,9.0649,9.0649,9.0649,11500
2004-06-25,9.3142,9.0649,9.0649,9.0649,11500
2004-06-28,9.0649,8.9715,8.6288,8.9715,5750
2004-06-29,8.9715,9.6444,9.2207,9.2207,393873
2004-06-30,9.2207,9.9123,9.2207,9.4076,416873
2004-07-01,9.4076,9.6568,9.3453,9.3453,9775
2004-07-02,9.3453,9.3453,9.2207,9.2207,2300
2004-07-05,9.3453,9.3453,9.2207,9.2207,2300
2004-07-06,9.2207,9.3453,9.2207,9.2207,5750
2004-07-07,9.2207,9.6568,8.9777,9.6568,28750
2004-07-08,9.6568,10.3421,9.3453,9.4699,333499
2004-07-09,9.4699,9.3578,9.3453,9.3578,2300
2004-07-12,9.3578,9.5945,9.3453,9.3453,4600
2004-07-13,9.3453,9.2269,9.2207,9.2207,4025
2004-07-14,9.2207,9.3453,9.2207,9.3453,9200
2004-07-15,9.3453,9.283,9.2207,9.2207,8625
2004-07-16,9.2207,9.2207,9.1086,9.1086,4025
2004-07-19,9.1086,8.9715,8.9715,8.9715,2875
2004-07-20,9.1086,8.9715,8.9715,8.9715,2875
2004-07-21,8.9715,9.3453,9.3453,9.3453,5750
2004-07-22,9.3453,9.0026,9.0026,9.0026,1725
2004-07-23,9.0026,9.0026,9.0026,9.0026,1725
2004-07-26,9.0026,8.9715,8.9715,8.9715,1150
2004-07-27,8.9715,8.9715,8.9715,8.9715,1150
2004-07-28,8.9715,8.9715,8.9715,8.9715,1150
2004-07-29,8.9715,8.7223,8.7223,8.7223,1150
2004-07-30,8.7223,8.8469,8.8469,8.8469,2875
2004-08-02,8.8469,8.5354,8.5354,8.5354,86250
2004-08-03,8.5354,9.0961,8.7223,8.7223,5175
2004-08-04,8.7223,8.8469,8.5354,8.5354,9200
2004-08-05,8.5354,8.7161,8.5977,8.7161,1150
2004-08-06,8.7161,8.8469,8.6101,8.7223,10350
2004-08-09,8.7223,8.7223,8.7223,8.7223,17250
2004-08-10,8.7223,9.0961,8.7223,8.7223,8625
2004-08-11,8.7223,8.5977,8.4918,8.5354,6900
2004-08-12,8.5354,8.5977,8.4918,8.5354,6900
2004-08-13,8.5354,8.7223,8.3609,8.3859,16675
2004-08-16,8.3859,8.6226,8.5977,8.5977,2875
2004-08-17,8.5977,8.5977,8.5977,8.5977,8050
2004-08-18,8.5977,8.5977,8.5416,8.5977,3450
2004-08-19,8.5977,8.7223,8.4731,8.4731,34500
2004-08-20,8.4731,8.7223,8.4731,8.4731,34500
2004-08-23,8.4731,8.7223,8.4731,8.4731,34500
2004-08-24,8.4731,8.7223,8.4731,8.4731,34500
2004-08-25,8.4731,8.1304,8.1304,8.1304,1725
2004-08-26,8.1304,8.1304,8.1304,8.1304,1725
2004-08-27,8.1304,8.4731,8.3485,8.3485,78775
2004-08-30,8.3485,8.4731,7.9809,8.0993,13800
2004-08-31,8.0993,8.1117,7.9747,8.1117,3450
2004-09-01,8.1117,8.0681,8.0681,8.0681,575
2004-09-02,8.0681,7.9747,7.9747,7.9747,575
2004-09-03,7.9747,8.0993,7.9747,7.9747,2875
2004-09-06,7.9747,8.0993,7.9747,7.9747,2875
2004-09-07,7.9747,7.9747,7.8501,7.9747,20700
2004-09-08,7.9747,7.8563,7.8563,7.8563,1150
2004-09-09,7.8563,7.8563,7.8563,7.8563,1150
2004-09-10,7.8563,7.9747,7.8501,7.8501,5175
2004-09-13,7.8563,7.9747,7.8501,7.8501,5175
2004-09-14,7.8563,7.9747,7.8501,7.8501,5175
2004-09-15,7.8501,8.0993,8.037,8.037,5750
2004-09-16,8.037,8.5977,7.8501,8.0993,39100
2004-09-17,8.012,8.012,8.012,8.012,3450
2004-09-20,8.0058,7.9871,7.8812,7.9435,19550
2004-09-21,8.0058,7.9871,7.8812,7.9435,19550
2004-09-22,7.9435,7.7566,7.551,7.551,221374
2004-09-23,7.551,7.6008,7.4762,7.5074,18400
2004-09-24,7.5074,7.8314,7.6008,7.6008,23575
2004-09-27,7.6008,8.0245,7.4887,7.6008,49450
2004-09-28,7.6008,7.6071,7.4762,7.4762,16675
2004-09-29,7.4762,7.5635,7.4264,7.4513,162724
2004-09-30,7.4513,8.0058,7.4762,8.0058,705522
2004-10-01,8.0058,8.6039,8.6039,8.6039,309924
2004-10-04,8.6039,9.2456,9.0961,9.0961,878021
2004-10-05,9.0961,9.4076,9.0961,9.2207,683672
2004-10-06,9.2207,9.4014,9.2456,9.2581,405373
2004-10-07,9.2581,9.3391,9.1958,9.283,347299
2004-10-08,9.283,9.3889,9.2207,9.2207,249549
2004-10-11,9.2207,9.4325,9.2207,9.4325,419748
2004-10-12,9.4325,9.906,9.3827,9.8188,701497
2004-10-13,9.8188,10.1552,9.8562,10.1552,385823
2004-10-14,10.1552,10.2487,10.0555,10.2487,303024
2004-10-15,10.2487,10.2051,9.9683,10.0306,108100
2004-10-18,10.0306,10.4044,10.1864,10.3048,271974
2004-10-19,10.3048,10.7159,10.1802,10.7159,404223
2004-10-20,10.7159,10.9029,10.4917,10.4917,206999
2004-10-21,10.4917,10.6536,10.3484,10.3484,181124
2004-10-22,10.349,10.7004,10.2892,10.4667,95066
2004-10-25,10.4667,10.635,10.3733,10.448,61716
2004-10-26,10.448,10.5602,10.1677,10.1677,55583
2004-10-27,10.1677,9.906,9.8126,9.8313,23767
2004-10-28,9.8313,9.906,9.607000000000001,9.607000000000001,65166
2004-10-29,9.607000000000001,9.5789,9.2986,9.4761,9583
2004-11-01,9.4761,9.906,9.0276,9.2892,78583
2004-11-02,9.2892,9.906,9.3453,9.8499,60950
2004-11-03,9.8499,9.8593,9.7191,9.7378,8433
2004-11-04,9.7378,10.0462,9.7658,9.906,5750
2004-11-05,9.906,10.2798,9.8126,10.2798,36033
2004-11-08,10.2798,10.2798,10.0462,10.0929,16867
2004-11-09,10.2798,10.2798,10.0462,10.0929,16867
2004-11-10,10.0929,10.2705,9.9154,10.2331,44083
2004-11-11,10.0929,10.2705,9.9154,10.2331,44083
2004-11-12,10.2331,10.3266,9.9434,9.9434,3450
2004-11-15,10.2331,10.3266,9.9434,9.9434,3450
2004-11-16,10.2331,10.3266,9.9434,9.9434,3450
2004-11-17,10.2331,10.3266,9.9434,9.9434,3450
2004-11-18,9.9434,10.1864,10.0555,10.1864,27600
2004-11-19,10.1864,10.3733,10.2331,10.2425,70916
2004-11-22,10.2425,10.1864,10.0929,10.1023,2300
2004-11-23,10.1023,10.0929,9.9995,9.9995,767
2004-11-24,9.9995,10.0929,10.0555,10.0555,1917
2004-11-25,10.0555,10.3733,10.1864,10.1957,8433
2004-11-26,10.1957,10.1864,9.9995,10.1864,6517
2004-11-29,10.1864,10.0929,9.906,10.0742,4217
2004-11-30,10.0742,10.0462,9.906,9.906,3833
2004-12-01,9.906,9.8967,9.7191,9.7191,17250
2004-12-02,9.7191,9.906,9.8126,9.8219,9200
2004-12-03,9.8219,9.906,9.7752,9.906,16483
2004-12-06,9.906,9.9247,9.8406,9.8406,26833
2004-12-07,9.8406,9.9621,9.906,9.906,27217
2004-12-08,9.906,10.0369,9.9527,10.0182,31817
2004-12-09,10.0182,10.2798,9.9247,10.1864,69000
2004-12-10,10.1864,10.2798,10.2051,10.2798,121900
2004-12-13,10.2798,10.2798,10.2425,10.2798,98133
2004-12-14,10.2798,10.2798,10.0929,10.0929,58650
2004-12-15,10.0929,10.2798,10.2425,10.2425,4983
2004-12-16,10.2425,11.0088,10.0836,10.2798,450415
2004-12-17,10.2798,11.0461,10.392000000000001,10.7845,216966
2004-12-20,10.7845,11.5695,11.0275,11.0368,176716
2004-12-21,11.0368,11.475999999999999,10.8499,10.8499,363782
2004-12-22,10.8499,11.6629,11.1209,11.4013,1311378
2004-12-23,11.4013,11.3919,11.1303,11.205,836047
2004-12-24,11.205,11.3452,11.0275,11.0275,134933
2004-12-27,11.0275,11.1863,10.8873,10.8873,75516
2004-12-28,10.8873,11.0275,10.7004,11.0275,88166
2004-12-29,11.0275,11.2144,10.9901,11.1396,66700
2004-12-30,11.1396,11.5695,11.0742,11.2144,223482
2004-12-31,11.2144,11.2985,10.9434,10.9434,118450
2005-01-03,10.9434,10.9527,10.9434,10.9434,38333
2005-01-04,10.9434,11.177,10.934000000000001,11.0275,69000
2005-01-05,11.0275,11.0275,10.5602,10.5602,138766
2005-01-06,10.5602,10.8406,10.6536,10.8312,97750
2005-01-07,10.8312,11.1022,10.7751,10.7751,35650
2005-01-10,10.7751,11.1116,10.8406,10.8406,86633
2005-01-11,10.8406,10.8873,10.7004,10.7097,54433
2005-01-12,10.7097,10.8312,10.6536,10.6536,60566
2005-01-13,10.6536,10.7471,10.1864,10.2798,131099
2005-01-14,10.2798,10.5976,10.4761,10.5976,62866
2005-01-17,10.5976,10.8406,10.4667,10.6536,41783
2005-01-18,10.6536,10.8406,10.6069,10.8219,153333
2005-01-19,10.8219,11.205,10.663,10.934000000000001,265266
2005-01-20,10.8219,11.205,10.663,10.934000000000001,265266
2005-01-21,10.8219,11.205,10.663,10.934000000000001,265266
2005-01-24,10.934000000000001,11.2144,10.8406,10.9807,126883
2005-01-25,10.9807,11.0275,10.8219,10.9807,128033
2005-01-26,10.9807,10.9714,10.6536,10.934000000000001,45233
2005-01-27,10.934000000000001,10.934000000000001,10.7845,10.8406,129949
2005-01-28,10.8406,11.1209,10.5695,10.8406,175183
2005-01-31,10.8406,10.9434,10.7751,10.7751,49066
2005-02-01,10.7751,10.8873,10.6536,10.7004,37567
2005-02-02,10.7004,11.0742,10.7658,10.7658,166749
2005-02-03,10.7658,10.9807,10.7938,10.9807,301682
2005-02-04,10.9807,11.0648,10.8406,10.9807,82800
2005-02-07,10.9807,11.0648,10.8966,10.8966,23000
2005-02-08,10.8966,11.1209,10.8873,10.9901,206999
2005-02-09,10.9901,11.4013,11.0275,11.177,915396
2005-02-10,11.177,11.5601,11.2331,11.4013,961396
2005-02-11,11.4013,11.5601,11.3545,11.4947,506381
2005-02-14,11.4947,12.0181,11.4013,12.0087,1490011
2005-02-15,12.0087,12.1489,11.7564,11.7564,279832
2005-02-16,11.7564,11.9433,11.4947,11.7657,347682
2005-02-17,11.7657,11.8685,11.4947,11.5882,330432
2005-02-18,11.5882,11.7938,11.448,11.448,508298
2005-02-21,11.448,11.5414,11.2891,11.448,198183
2005-02-22,11.448,11.4387,11.1209,11.3639,156016
2005-02-23,11.3639,11.4013,11.1396,11.1396,132249
2005-02-24,11.1396,11.3452,10.962,11.177,177866
2005-02-25,11.177,11.1583,10.7658,10.934000000000001,49066
2005-02-28,10.934000000000001,10.9527,10.7471,10.8219,36800
2005-03-01,10.8219,11.0275,10.8406,10.934000000000001,47533
2005-03-02,10.934000000000001,11.3826,10.7471,10.8873,131866
2005-03-03,10.8873,11.0181,10.6723,10.7471,181316
2005-03-04,10.7471,10.8406,10.5789,10.6536,70533
2005-03-07,10.6536,11.448,10.5135,11.0275,391382
2005-03-08,11.0275,11.4013,10.8032,10.8032,142983
2005-03-09,10.8032,10.7471,10.6069,10.6536,141066
2005-03-10,10.6536,10.7938,10.5602,10.6536,98133
2005-03-11,10.6536,10.8406,10.6069,10.8406,38333
2005-03-14,10.8406,10.934000000000001,10.7004,10.8873,161383
2005-03-15,10.8873,11.1676,10.7938,10.8873,212749
2005-03-16,10.8873,10.8406,10.7004,10.8219,95066
2005-03-17,10.8219,10.7004,10.2892,10.2892,37950
2005-03-18,10.2892,11.0275,10.4574,10.5602,46000
2005-03-21,10.5602,10.5602,10.0929,10.0929,37567
2005-03-22,10.0929,9.7191,9.5883,9.7191,31433
2005-03-23,10.0929,9.7191,9.5883,9.7191,31433
2005-03-24,9.7191,9.5322,9.2332,9.4948,34883
2005-03-25,9.4948,9.1584,9.0276,9.0649,24533
2005-03-28,9.0649,9.1584,8.7098,8.9715,38333
2005-03-29,8.9715,9.6257,8.9715,9.6257,35267
2005-03-30,9.6257,10.3453,9.8593,10.3453,142599
2005-03-31,10.3453,10.4667,10.0929,10.0929,321615
2005-04-01,10.0929,10.1677,9.6537,10.1677,11500
2005-04-04,10.1677,10.9247,10.0929,10.9247,137233
2005-04-05,10.9247,10.7004,10.4667,10.4667,19933
2005-04-06,10.4667,10.2798,10.1116,10.2798,16483
2005-04-07,10.2798,10.7097,10.1864,10.6536,23383
2005-04-08,10.6536,10.7471,10.2798,10.3453,10350
2005-04-11,10.3453,10.448,9.9995,9.9995,31817
2005-04-12,9.9995,9.5135,9.5042,9.5135,9583
2005-04-13,9.5135,10.2238,9.0649,10.2238,68233
2005-04-14,10.2238,10.3733,9.906,9.9527,54433
2005-04-15,9.9527,10.0929,9.4574,10.0929,16100
2005-04-18,10.0929,9.9995,9.9527,9.9527,10350
2005-04-19,9.9527,9.9995,9.9995,9.9995,1917
2005-04-20,9.9995,10.1864,9.7658,10.1677,9967
2005-04-21,10.1677,10.1864,10.0929,10.0929,2683
2005-04-22,10.1677,10.1864,10.0929,10.0929,2683
2005-04-25,10.0929,10.4667,10.0929,10.0929,79733
2005-04-26,10.0929,10.0929,9.9527,10.0929,2300
2005-04-27,10.0929,10.0836,9.9247,10.0742,8433
2005-04-28,10.0742,10.0742,9.607000000000001,9.906,23383
2005-04-29,9.906,9.9434,9.6257,9.9434,1917
2005-05-02,9.9434,10.0929,9.5509,9.8126,65166
2005-05-03,9.8126,9.7845,9.4948,9.7845,59800
2005-05-04,9.8126,9.7845,9.4948,9.7845,59800
2005-05-05,9.7845,9.7191,9.7098,9.7191,3833
2005-05-06,9.7191,9.7565,9.3827,9.7565,31050
2005-05-09,9.7565,9.906,9.8126,9.906,30667
2005-05-10,9.906,9.906,9.7658,9.906,50216
2005-05-11,9.906,10.0929,9.906,9.906,13417
2005-05-12,9.906,10.0182,9.7658,9.7658,18783
2005-05-13,9.7658,9.6257,9.5883,9.607000000000001,8817
2005-05-16,9.607000000000001,9.5883,9.3453,9.3453,41017
2005-05-17,9.3453,9.7191,9.3453,9.7191,32967
2005-05-18,9.3453,9.7191,9.3453,9.7191,32967
2005-05-19,9.7191,9.6257,9.6257,9.6257,32967
2005-05-20,9.6257,9.5322,9.1584,9.5322,3450
2005-05-23,9.5322,9.0556,9.0556,9.0556,383
2005-05-24,9.0556,9.2519,9.1397,9.2519,4600
2005-05-25,9.2519,9.3266,8.8313,9.3266,1533
2005-05-26,9.3266,9.3453,8.878,9.3453,23000
2005-05-27,9.3453,9.2519,8.878,9.2519,9583
2005-05-30,9.2519,9.2332,9.1584,9.2332,18400
2005-05-31,9.2332,9.3453,8.8967,9.2332,21467
2005-06-01,9.2332,9.3453,8.9808,9.2332,24533
2005-06-02,9.2332,9.4855,9.3453,9.4855,6900
2005-06-03,9.4855,9.6163,9.3453,9.4948,11500
2005-06-06,9.4948,9.4668,9.4294,9.4668,7667
2005-06-07,9.4668,9.6257,9.5322,9.6257,1917
2005-06-08,9.6257,9.6911,9.2332,9.6911,1533
2005-06-09,9.6911,10.1583,9.4388,9.7285,150266
2005-06-10,9.7285,9.6257,9.6257,9.6257,767
2005-06-13,9.7285,9.6257,9.6257,9.6257,767
2005-06-14,9.6257,9.5322,9.4201,9.4201,15717
2005-06-15,9.4201,9.7004,9.3827,9.7004,23000
2005-06-16,9.7004,9.5883,9.3453,9.5883,11117
2005-06-17,9.5883,9.5322,9.5322,9.5322,19550
2005-06-20,9.5322,10.0088,9.392000000000001,10.0088,117683
2005-06-21,10.0088,10.2798,9.906,10.2705,141066
2005-06-22,10.2705,10.635,10.1957,10.4667,58266
2005-06-23,10.4667,10.6536,9.9995,10.5602,35267
2005-06-24,10.5602,10.4854,10.4667,10.4667,10350
2005-06-27,10.4667,10.3546,10.1116,10.3546,11500
2005-06-28,10.3546,10.5602,9.906,10.5602,19933
2005-06-29,10.5602,10.8032,10.4013,10.4107,21850
2005-06-30,10.4107,10.5602,10.0182,10.4387,18783
2005-07-01,10.4107,10.5602,10.0182,10.4387,18783
2005-07-04,10.4387,10.4667,10.0929,10.0929,7667
2005-07-05,10.0929,10.4667,10.1397,10.4667,23000
2005-07-06,10.4667,10.2798,10.2798,10.2798,11500
2005-07-07,10.2798,10.2798,10.2798,10.2798,9583
2005-07-08,10.2798,10.42,10.42,10.42,3833
2005-07-11,10.2798,10.42,10.42,10.42,3833
2005-07-12,10.2798,10.42,10.42,10.42,3833
2005-07-13,10.42,10.42,10.1864,10.42,5750
2005-07-14,10.42,10.4667,10.1864,10.4667,9583
2005-07-15,10.4667,10.4667,10.4667,10.4667,3833
2005-07-18,10.4667,10.5602,10.4667,10.5602,3833
2005-07-19,10.5602,10.4387,10.0929,10.4387,3833
2005-07-20,10.4387,10.4574,10.4387,10.4387,3833
2005-07-21,10.4387,10.4667,10.4387,10.4667,7667
2005-07-22,10.4667,10.4667,10.2798,10.4667,3833
2005-07-25,10.4667,10.2798,10.1023,10.2798,5750
2005-07-26,10.2798,10.3733,10.3733,10.3733,1917
2005-07-27,10.3733,10.2798,10.0929,10.2798,19167
2005-07-28,10.2798,10.0555,9.8126,10.0555,46000
2005-07-29,10.0555,10.4667,10.0742,10.4667,24917
2005-08-01,10.4667,9.9434,9.9434,9.9434,1917
2005-08-02,9.9434,10.1864,10.177,10.1864,3833
2005-08-03,9.9434,10.1864,10.177,10.1864,3833
2005-08-04,10.1864,10.1864,10.0182,10.1864,3833
2005-08-05,10.1864,10.0462,10.0369,10.0369,11500
2005-08-08,10.1864,10.0462,10.0369,10.0369,11500
2005-08-09,10.0369,10.121,9.906,10.0649,34500
2005-08-10,10.0649,9.7285,9.5789,9.5976,9583
2005-08-11,9.5976,9.906,9.906,9.906,9583
2005-08-12,9.906,10.0182,10.0182,10.0182,3833
2005-08-15,9.906,10.0182,10.0182,10.0182,3833
2005-08-16,10.0182,9.8967,9.6257,9.8967,9583
2005-08-17,10.0182,9.8967,9.6257,9.8967,9583
2005-08-18,10.0182,9.8967,9.6257,9.8967,9583
2005-08-19,9.8967,10.0742,9.9527,10.0742,3833
2005-08-22,10.0742,10.0929,10.0929,10.0929,21083
2005-08-23,10.0929,10.0462,9.8686,9.8686,19167
2005-08-24,9.8686,9.9901,9.635,9.9901,9583
2005-08-25,9.9901,10.0836,9.906,9.906,13417
2005-08-26,9.906,9.8032,9.6724,9.7191,19167
2005-08-29,9.7191,9.8686,9.5696,9.8686,19167
2005-08-30,9.8686,9.9995,9.7939,9.9901,42166
2005-08-31,9.9901,10.0929,9.9434,9.9621,24917
2005-09-01,9.9621,10.0742,9.7285,9.7285,13417
2005-09-02,9.7285,9.906,9.5976,9.8032,19167
2005-09-05,9.8032,9.906,9.906,9.906,3833
2005-09-06,9.906,9.906,9.8686,9.906,9583
2005-09-07,9.906,10.2051,9.906,10.0929,28750
2005-09-08,10.0929,10.4013,10.1864,10.3359,30667
2005-09-09,10.3359,10.2798,10.1023,10.2611,11500
2005-09-12,10.2611,10.2985,10.1864,10.1864,264499
2005-09-13,10.1864,10.2798,10.121,10.121,86250
2005-09-14,10.121,10.6256,10.1397,10.6256,3978984
2005-09-15,10.6256,11.1022,10.5135,10.934000000000001,1726910
2005-09-16,10.934000000000001,11.4013,11.0275,11.2144,893163
2005-09-19,11.2144,11.3826,10.9901,11.1676,381415
2005-09-20,11.1676,11.3172,11.0648,11.205,124583
2005-09-21,11.205,11.4013,11.1209,11.1583,849080
2005-09-22,11.1583,11.2517,11.1209,11.1303,287499
2005-09-23,11.1303,11.2144,11.1209,11.1303,344999
2005-09-26,11.1303,11.6816,11.2891,11.6816,1103996
2005-09-27,11.6816,12.261,11.7751,12.2423,797330
2005-09-28,12.2423,12.8498,12.1956,12.6162,898913
2005-09-29,12.6162,12.8404,12.2423,12.261,465748
2005-09-30,12.261,12.8685,12.5227,12.8685,551998
2005-10-03,12.8685,13.504000000000001,13.504000000000001,13.504000000000001,180166
2005-10-04,13.504000000000001,14.1768,14.1768,14.1768,283666
2005-10-05,14.1768,14.8777,14.4385,14.8777,3081988
2005-10-06,14.8777,15.3076,14.4852,14.7189,998579
2005-10-07,14.7189,15.3356,14.6254,15.1394,1171079
2005-10-10,15.1394,15.887,14.859000000000002,15.7468,1130829
2005-10-11,15.7468,16.4477,15.9805,16.3543,1157662
2005-10-12,16.3543,16.4477,16.1674,16.3543,550081
2005-10-13,16.3543,16.4945,16.2048,16.3823,1291828
2005-10-14,16.3823,16.8309,16.2795,16.7281,1092496
2005-10-17,16.7281,17.3449,16.4477,16.4945,1287995
2005-10-18,16.4935,17.3122,17.3122,17.3122,408887
2005-10-19,17.3122,17.942999999999998,17.3823,17.8449,578831
2005-10-20,17.8449,18.2934,16.9617,16.9617,393554
2005-10-21,16.9617,16.8075,16.1206,16.1206,201888
2005-10-24,16.1206,16.4851,15.4198,16.4851,297721
2005-10-25,16.4851,16.6814,15.6721,15.7422,183999
2005-10-26,15.7422,16.1907,15.8964,16.0085,296443
2005-10-27,16.0085,16.8075,15.7281,16.8075,474054
2005-10-28,16.0085,16.8075,15.7281,16.8075,474054
2005-10-31,16.8075,17.6346,16.6814,17.6346,374387
2005-11-01,16.8075,17.6346,16.6814,17.6346,374387
2005-11-02,17.6346,18.5037,18.5037,18.5037,69000
2005-11-03,17.6346,18.5037,18.5037,18.5037,69000
2005-11-04,17.6346,18.5037,18.5037,18.5037,69000
2005-11-07,18.5037,19.4289,19.4289,19.4289,477887
2005-11-08,19.4289,20.3961,19.0644,20.3961,1488605
2005-11-09,19.4289,20.3961,19.0644,20.3961,1488605
2005-11-10,20.3961,21.096999999999998,20.3681,20.6064,992829
2005-11-11,20.6064,20.7466,19.9195,20.1578,707886
2005-11-14,20.1578,20.2559,19.4429,19.8214,465109
2005-11-15,19.8214,20.2559,19.2186,19.8634,861219
2005-11-16,19.8634,19.9055,19.2467,19.3448,388443
2005-11-17,19.3448,19.2467,18.8541,19.2326,811386
2005-11-18,19.2326,20.1298,19.1485,19.555,799886
2005-11-21,19.555,20.0457,19.4709,19.6952,574998
2005-11-22,19.6952,19.6812,19.0644,19.3167,373110
2005-11-23,19.3167,19.555,18.9523,19.1345,309221
2005-11-24,19.1345,19.2607,18.9242,19.0224,291332
2005-11-25,19.0224,19.2046,19.0364,19.0644,468943
2005-11-28,19.0644,19.5971,18.9242,19.0083,650386
2005-11-29,19.0083,19.9475,19.0644,19.9475,2610490
2005-11-30,19.9475,20.7466,19.7653,20.4382,1567827
2005-12-01,20.4382,21.4475,20.6484,21.096999999999998,2430324
2005-12-02,21.096999999999998,21.5176,21.1671,21.3634,1233051
2005-12-05,21.3634,22.4007,21.4755,21.9802,1190884
2005-12-06,21.9802,22.3586,21.5877,21.868000000000002,1330161
2005-12-07,21.868000000000002,22.2185,21.3073,21.5877,1875770
2005-12-08,21.5877,22.5689,21.5176,22.0082,6065587
2005-12-09,22.0082,23.1016,21.7278,22.7091,4985869
2005-12-12,22.7091,23.3399,22.3867,22.9894,2219491
2005-12-13,22.9894,23.5502,22.8493,23.2698,2446935
2005-12-14,23.2698,23.41,22.1063,22.7091,2196491
2005-12-15,22.7091,22.9474,22.1764,22.7091,1884715
2005-12-16,22.7091,22.9614,21.6718,21.6718,771775
2005-12-19,21.6718,22.4287,21.055,21.5736,1138495
2005-12-20,21.5736,22.0783,21.3073,21.896,781997
2005-12-21,21.896,22.3586,21.7278,22.0643,787108
2005-12-22,22.0643,22.3727,21.868000000000002,21.868000000000002,420387
2005-12-23,21.868000000000002,22.1484,21.5877,21.7699,252999
2005-12-26,21.7699,21.7699,21.3073,21.3213,167388
2005-12-27,21.3213,21.868000000000002,21.0269,21.854,162277
2005-12-28,21.854,22.2885,21.868000000000002,22.0082,904663
2005-12-29,22.0082,22.2745,21.7418,21.7699,359054
2005-12-30,21.7699,22.8493,21.9521,22.8493,2508268
2006-01-02,22.8493,23.9847,23.0175,23.9847,3953429
2006-01-03,23.9847,24.5314,23.6062,23.7745,1740326
2006-01-04,23.7745,24.3912,23.5502,23.8305,1134662
2006-01-05,23.8305,25.022,23.8866,25.022,4675370
2006-01-06,25.022,26.0454,24.951999999999998,25.2463,2517212
2006-01-09,25.2463,25.5828,25.0921,25.1202,912330
2006-01-10,25.2463,25.5828,25.0921,25.1202,912330
2006-01-11,25.2463,25.5828,25.0921,25.1202,912330
2006-01-12,25.2463,25.5828,25.0921,25.1202,912330
2006-01-13,25.2463,25.5828,25.0921,25.1202,912330
2006-01-16,25.1202,25.5127,24.951999999999998,25.0921,1677716
2006-01-17,25.0921,25.793000000000003,25.2323,25.6669,2538934
2006-01-18,25.6669,26.8864,25.7229,25.779,1758215
2006-01-19,25.779,25.8631,25.4706,25.5127,1294384
2006-01-20,25.5127,25.779,24.8118,25.1482,866330
2006-01-23,25.1482,25.5127,25.022,25.1482,477887
2006-01-24,25.1482,25.3024,24.6716,24.6716,551998
2006-01-25,24.6716,25.3585,24.6856,25.3585,362887
2006-01-26,25.3445,25.8631,24.8118,25.5267,650386
2006-01-27,25.5267,26.8007,26.1241,26.6522,875894
2006-01-30,26.6522,27.2958,26.0746,26.2396,358172
2006-01-31,26.2396,26.3221,25.761,25.794,235525
2006-02-01,25.794,26.0746,25.1834,25.2494,497099
2006-02-02,25.2494,25.398000000000003,24.9359,24.9359,283282
2006-02-03,24.9359,25.826999999999998,24.8369,25.596,924735
2006-02-06,25.596,25.8105,25.3155,25.3155,423294
2006-02-07,25.3155,25.5795,25.0844,25.2494,854186
2006-02-08,25.3155,25.5795,25.0844,25.2494,854186
2006-02-09,25.3155,25.5795,25.0844,25.2494,854186
2006-02-10,25.2494,25.5795,24.8369,25.0844,195367
2006-02-13,25.0844,25.0019,24.4738,24.6883,117220
2006-02-14,24.6883,24.7214,23.4671,23.4671,502526
2006-02-15,23.4671,23.9127,23.1041,23.9127,93342
2006-02-16,23.9127,24.0612,23.4341,24.0612,316928
2006-02-17,24.0612,25.2494,24.0447,25.2494,957296
2006-02-20,25.2494,26.5037,25.1174,25.2494,2207643
2006-02-21,25.2494,25.5465,24.6223,24.7049,454770
2006-02-22,24.7049,24.4243,23.4836,23.4836,1014821
2006-02-23,23.4836,23.8797,23.1041,23.7312,316928
2006-02-24,23.7312,23.6982,22.5595,22.5595,513380
2006-02-27,22.5595,23.0876,21.5198,22.576,881320
2006-02-28,22.576,23.2361,22.444000000000003,23.1041,153037
2006-03-01,23.1041,23.5992,22.476999999999997,23.2691,291965
2006-03-02,23.1866,23.9292,23.1041,23.5992,578502
2006-03-03,23.5992,24.0942,23.4671,24.0777,453685
2006-03-06,24.0777,24.1933,23.1041,23.1206,567649
2006-03-07,23.1206,23.4011,22.774,23.2691,438489
2006-03-08,23.2691,23.5496,22.1139,22.1139,1025675
2006-03-09,22.1139,21.9489,21.0082,21.7838,691381
2006-03-10,21.7838,21.7838,20.6946,20.6946,369026
2006-03-13,20.6946,21.1237,19.6715,19.6715,568734
2006-03-14,19.6715,20.4306,18.8793,20.4306,678356
2006-03-15,20.1335,21.0412,20.1005,20.7111,986601
2006-03-16,20.7111,21.7343,20.4636,21.7343,1003967
2006-03-17,21.7343,22.774,21.8664,22.2789,927991
2006-03-20,22.2789,22.774,21.9489,21.9489,679442
2006-03-21,21.9489,22.2789,21.5198,21.5198,298477
2006-03-22,21.5198,22.0974,21.7838,21.9489,525319
2006-03-23,21.5198,22.0974,21.7838,21.9489,525319
2006-03-24,21.9489,22.9225,21.8498,22.774,970321
2006-03-27,22.774,23.8962,22.543000000000003,23.2691,890003
2006-03-28,23.2691,23.8797,23.1701,23.8797,650137
2006-03-29,23.8797,24.0612,22.807,23.2691,283282
2006-03-30,23.2691,23.5992,23.0381,23.4341,424380
2006-03-31,23.4341,23.5992,22.9555,23.4341,135671
2006-04-03,23.4341,23.6487,23.2691,23.2691,231184
2006-04-04,23.2691,24.0942,23.2691,23.8797,976833
2006-04-05,23.8797,23.8302,23.4341,23.8302,180171
2006-04-06,23.8302,24.2593,23.3021,23.4341,530746
2006-04-07,23.4341,23.9292,23.3021,23.7477,155208
2006-04-10,23.7477,23.8302,23.2691,23.2691,168232
2006-04-11,23.7477,23.8302,23.2691,23.2691,168232
2006-04-12,23.7477,23.8302,23.2691,23.2691,168232
2006-04-13,23.2691,23.5992,22.1139,22.444000000000003,859613
2006-04-14,22.444000000000003,22.774,22.476999999999997,22.5925,467794
2006-04-17,22.5925,22.1139,21.4703,21.5528,830308
2006-04-18,21.5528,21.6848,20.5296,20.5461,664246
2006-04-19,20.5461,21.2062,20.4636,20.6946,333209
2006-04-20,20.6946,20.9587,20.7772,20.9092,210562
2006-04-21,20.9092,21.0577,20.3811,20.7607,243123
2006-04-24,20.7607,20.6286,19.8035,19.8365,290879
2006-04-25,19.852999999999998,20.8432,19.886,20.7937,300647
2006-04-26,20.7937,21.7838,20.8762,21.4208,2387814
2006-04-27,21.4208,21.7013,20.8267,21.0412,960552
2006-04-28,21.0412,21.3218,20.051,21.0742,399416
2006-05-01,21.0412,21.3218,20.051,21.0742,399416
2006-05-02,21.0742,22.1139,20.6781,21.7838,1117931
2006-05-03,21.7838,22.84,21.5363,22.774,3715222
2006-05-04,22.774,23.0876,21.8333,22.2459,1445713
2006-05-05,22.2459,22.7575,21.7838,22.5265,1060406
2006-05-08,22.5265,22.774,22.1304,22.3944,408099
2006-05-09,22.3944,23.3846,22.3284,22.708000000000002,1700775
2006-05-10,22.708000000000002,22.939,21.8664,22.2294,569819
2006-05-11,22.2294,22.576,21.4208,22.3614,759759
2006-05-12,22.3614,22.576,21.8498,21.8498,146525
2006-05-15,21.8498,22.0479,20.7607,20.7607,744564
2006-05-16,20.7607,21.2557,20.051,20.4141,549197
2006-05-17,20.4141,21.3548,20.3811,21.1072,1393615
2006-05-18,21.1072,21.1072,20.1335,20.1335,542685
2006-05-19,20.1335,20.6286,19.2259,20.6286,560051
2006-05-22,20.6286,20.7772,20.2491,20.4636,265916
2006-05-23,20.4636,20.4636,20.2491,20.2491,62951
2006-05-24,20.2491,20.6286,20.3646,20.3976,181257
2006-05-25,20.3976,21.0742,20.1996,20.4636,830308
2006-05-26,20.4636,20.4141,19.721,20.4141,247464
2006-05-29,20.4141,20.6946,19.4074,19.4074,440660
2006-05-30,19.4074,19.6055,18.4502,18.4833,523148
2006-05-31,18.4833,19.1434,17.8561,18.3842,333209
2006-06-01,18.3842,19.2094,18.5163,18.9618,443916
2006-06-02,18.9618,19.1434,18.5163,19.0774,653393
2006-06-05,19.0774,19.2919,18.8133,18.9453,157379
2006-06-06,18.9453,19.7375,18.6483,19.3909,1003967
2006-06-07,19.3909,19.6715,18.6483,18.6483,506868
2006-06-08,18.6483,18.4833,17.7241,17.8066,111793
2006-06-09,17.8066,18.0542,17.13,17.4931,111793
2006-06-12,17.4931,18.3182,17.4931,17.7901,70549
2006-06-13,17.7901,17.5096,16.9155,16.9815,218159
2006-06-14,16.9815,17.4931,16.1398,16.1398,260489
2006-06-15,16.1398,16.932000000000002,16.1563,16.932000000000002,744564
2006-06-16,16.932000000000002,17.7736,17.097,17.7736,568734
2006-06-19,17.7736,18.4833,17.6581,18.1202,708747
2006-06-20,18.1202,18.4833,17.7571,17.7901,373367
2006-06-21,17.7901,18.1202,17.262,17.7901,169318
2006-06-22,17.7901,18.1202,17.5096,17.7901,185598
2006-06-23,17.7901,18.2357,17.163,17.3776,335379
2006-06-26,17.3776,17.5591,16.5194,16.7504,108537
2006-06-27,16.5194,17.295,15.6943,16.0078,155208
2006-06-28,16.0078,16.8,15.5292,16.8,659905
2006-06-29,16.8,17.6251,16.998,17.6251,591527
2006-06-30,17.6251,18.1532,17.295,17.8066,188854
2006-07-03,17.8066,17.3941,16.932000000000002,16.932000000000002,89000
2006-07-04,16.932000000000002,17.5756,16.2224,17.4271,323874
2006-07-05,17.4271,18.2852,17.097,18.2852,2159235
2006-07-06,18.2852,19.0444,18.3347,18.4833,1035660
2006-07-07,18.4833,19.1104,18.3182,18.4833,668371
2006-07-10,18.4833,18.6153,17.5591,17.5591,189940
2006-07-11,17.5591,17.8231,17.0475,17.6911,231401
2006-07-12,17.6911,18.4833,17.5591,18.4833,682698
2006-07-13,18.4833,19.4074,18.6318,18.9453,966196
2006-07-14,18.9453,19.1434,18.2522,18.7473,303469
2006-07-17,18.7473,19.6715,18.1532,19.5889,1200636
2006-07-18,19.5889,20.3811,19.6385,19.7705,987470
2006-07-19,19.7705,20.3481,19.4734,19.6055,661859
2006-07-20,19.6055,20.1335,18.8793,19.4404,883708
2006-07-21,19.4404,19.7705,18.9783,19.3909,348404
2006-07-24,19.3909,19.6055,19.0774,19.3909,405060
2006-07-25,19.3909,19.622,19.0113,19.0774,231618
2006-07-26,19.0774,19.4734,18.8133,19.2919,453251
2006-07-27,19.2919,19.3909,18.9783,19.1104,390733
2006-07-28,19.1104,19.4734,18.6813,19.1269,257233
2006-07-31,19.1269,19.1434,18.7968,18.8298,156076
2006-08-01,18.8298,19.1434,18.8133,18.9783,109839
2006-08-02,18.9783,19.0609,18.7308,18.8958,99203
2006-08-03,18.7308,19.4074,18.6483,19.3084,728500
2006-08-04,19.3084,19.5559,18.9783,19.0609,164108
2006-08-07,19.0609,19.4074,18.8628,18.8628,166930
2006-08-08,18.8628,19.2094,18.7308,18.8133,90954
2006-08-09,18.8133,19.4074,18.8463,18.9123,489285
2006-08-10,18.9123,19.1269,18.1532,18.4502,204484
2006-08-11,18.4502,18.9453,18.1532,18.1532,208825
2006-08-14,18.4502,18.9453,18.1532,18.1532,208825
2006-08-15,18.1532,18.5493,18.1532,18.2522,73371
2006-08-16,18.2522,18.8133,18.2192,18.7143,211430
2006-08-17,18.7143,18.8133,18.3182,18.3677,148479
2006-08-18,18.3677,18.7803,18.3842,18.7473,158247
2006-08-21,18.7473,18.9123,18.3677,18.5823,319750
2006-08-22,18.5823,18.5493,17.6581,17.9057,333209
2006-08-23,17.9057,18.1367,17.8231,18.0707,87481
2006-08-24,18.0707,18.3182,17.4106,17.7901,100288
2006-08-25,17.7901,17.4931,16.9155,16.9155,207523
2006-08-28,16.9155,17.0805,16.1398,17.0805,151084
2006-08-29,17.0805,17.3115,16.833,17.031,83139
2006-08-30,17.031,17.6416,17.163,17.4931,175396
2006-08-31,17.4931,17.7406,17.2455,17.4436,197320
2006-09-01,17.4436,17.4931,17.0475,17.4931,69030
2006-09-04,17.4931,18.2192,17.3446,17.9882,958816
2006-09-05,17.9882,18.2192,17.4601,17.6911,323440
2006-09-06,17.6911,17.8231,17.3611,17.4601,224672
2006-09-07,17.4601,17.7406,17.163,17.3281,166713
2006-09-08,17.3281,17.3281,16.833,17.3115,68378
2006-09-11,17.3115,17.295,17.097,17.163,54920
2006-09-12,17.163,17.7736,17.3941,17.7406,128725
2006-09-13,17.7406,17.7901,17.4106,17.4271,69247
2006-09-14,17.4271,17.7241,17.3611,17.4601,281111
2006-09-15,17.4601,17.4766,17.163,17.163,131547
2006-09-18,17.163,17.3281,16.998,17.031,135671
2006-09-19,17.0145,17.1465,16.7174,16.8165,141966
2006-09-20,16.7174,17.0475,16.7339,16.8165,387260
2006-09-21,16.8165,16.899,16.6679,16.8,328216
2006-09-22,16.8,16.998,16.6844,16.7504,262442
2006-09-25,16.7504,16.833,16.3379,16.5029,207089
2006-09-26,16.5029,16.7174,16.1728,16.3874,246379
2006-09-27,16.3874,17.195999999999998,16.5359,17.195999999999998,1166990
2006-09-28,17.195999999999998,17.9552,17.5261,17.7241,987904
2006-09-29,17.7241,18.5988,17.7241,18.3182,1775014
2006-10-02,18.3182,18.1532,17.4106,17.4106,371848
2006-10-03,17.4106,17.9552,16.6679,17.7901,3847420
2006-10-04,17.7901,18.2522,17.4931,17.6581,1365613
2006-10-05,17.6581,17.9552,17.0145,17.1465,1351503
2006-10-06,17.1465,17.4931,16.9485,17.031,354482
2006-10-09,17.031,17.4106,16.9155,17.295,419170
2006-10-10,17.295,17.4601,16.998,17.163,222501
2006-10-11,17.163,17.295,16.6019,16.8,524451
2006-10-12,16.8,16.8,15.9748,16.1728,870033
2006-10-13,16.1728,16.2884,16.0243,16.1728,242689
2006-10-16,16.1728,16.3379,16.1068,16.3214,326479
2006-10-17,16.3214,16.5029,16.3379,16.3379,91388
2006-10-18,16.3379,16.5359,16.3379,16.5029,186901
2006-10-19,16.5029,16.6514,16.4534,16.6019,189506
2006-10-20,16.5029,16.6514,16.4534,16.6019,189506
2006-10-23,16.5029,16.6514,16.4534,16.6019,189506
2006-10-24,16.5029,16.6514,16.4534,16.6019,189506
2006-10-25,16.5029,16.6514,16.4534,16.6019,189506
2006-10-26,16.5029,16.6514,16.4534,16.6019,189506
2006-10-27,16.5029,16.6514,16.4534,16.6019,189506
2006-10-30,16.6029,17.2455,15.7751,15.7751,210562
2006-10-31,15.7751,16.1563,15.3576,15.5028,212338
2006-11-01,15.5028,15.3758,14.7404,15.1761,205826
2006-11-02,15.1761,15.4302,14.8856,15.2305,111300
2006-11-03,15.2124,15.9385,15.4302,15.9385,196156
2006-11-06,15.9385,16.0474,15.1579,15.3395,89000
2006-11-07,15.3395,14.9764,14.577,14.577,221810
2006-11-08,14.577,14.7949,13.8509,14.1595,334491
2006-11-09,14.577,14.7949,13.8509,14.1595,334491
2006-11-10,14.1595,13.9417,13.4515,13.4515,285748
2006-11-13,13.4515,13.7601,12.7799,12.7799,415993
2006-11-14,12.798,13.3244,12.2353,12.2897,844813
2006-11-15,12.2897,12.4531,11.6907,11.6907,624384
2006-11-16,11.6907,11.6544,11.1098,11.1642,723843
2006-11-17,11.1642,11.5817,10.9645,11.4002,1625884
2006-11-20,11.4002,11.3457,11.0371,11.1461,232269
2006-11-21,11.1461,11.3639,10.6015,10.8919,428820
2006-11-22,10.8919,11.4365,10.5289,11.4365,375933
2006-11-23,11.4365,11.9993,11.5454,11.9993,756404
2006-11-24,11.9993,12.5983,11.854000000000001,12.4531,706675
2006-11-27,12.4531,12.4712,11.963,12.1626,246083
2006-11-28,12.1626,11.9993,11.6725,11.9811,313179
2006-11-29,11.9811,12.2534,11.618,11.7088,585705
2006-11-30,11.7088,11.7996,11.1461,11.1642,200103
2006-12-01,11.1642,11.7088,11.2187,11.7088,514465
2006-12-04,11.7088,12.2897,11.854000000000001,12.2897,725817
2006-12-05,12.2897,12.8525,12.325999999999999,12.562000000000001,928090
2006-12-06,12.562000000000001,12.5257,11.9811,11.9811,503020
2006-12-07,11.9811,12.3623,11.727,11.8359,536765
2006-12-08,11.8359,11.8903,11.5817,11.8359,147018
2006-12-11,11.8359,11.8722,11.5817,11.727,104196
2006-12-12,11.727,11.9085,11.5273,11.9085,187473
2006-12-13,11.9085,11.8359,11.5273,11.6362,416782
2006-12-14,11.6362,11.6362,11.5273,11.5273,47164
2006-12-15,11.5273,11.618,11.1279,11.4365,34140
2006-12-18,11.4365,11.4002,10.8738,10.8919,207404
2006-12-19,10.8919,10.8012,10.3473,10.7104,191025
2006-12-20,11.1824,11.1824,10.2566,11.1461,313179
2006-12-21,11.1461,11.1461,10.6196,10.6196,386392
2006-12-22,10.4199,10.8375,10.3473,10.8375,82488
2006-12-25,10.4199,10.8375,10.3473,10.8375,82488
2006-12-26,10.7104,11.2368,10.7104,10.9827,183921
2006-12-27,10.9827,11.3094,10.9101,10.9101,130836
2006-12-28,10.9101,11.3457,10.8919,11.3457,264830
2006-12-29,11.3639,11.5454,11.0735,11.5454,166160
2007-01-01,11.3639,11.5454,11.0735,11.5454,166160
2007-01-02,11.3639,11.5454,11.0735,11.5454,166160
2007-01-03,11.4365,11.4365,11.1098,11.4184,26444
2007-01-04,11.4728,11.4728,10.8556,11.0735,157477
2007-01-05,10.8919,11.0553,10.6378,10.9464,133205
2007-01-08,10.9827,11.255,10.9464,10.9464,259699
2007-01-09,11.2187,11.2187,10.9645,11.019,186092
2007-01-10,11.1461,11.5636,11.1098,11.5636,632475
2007-01-11,11.7088,11.9267,11.5636,11.618,526503
2007-01-12,11.7633,11.7633,11.4365,11.5454,255555
2007-01-15,11.4365,11.9085,11.4365,11.7633,327584
2007-01-16,11.6907,11.7633,11.4728,11.5636,160437
2007-01-17,11.4728,11.7088,11.4728,11.5817,152544
2007-01-18,11.5636,11.618,11.255,11.2913,226349
2007-01-19,11.2187,11.491,11.2187,11.255,174646
2007-01-22,10.8919,11.2005,10.8919,11.0735,367842
2007-01-23,11.255,11.2913,11.1098,11.1824,176225
2007-01-24,11.1279,11.2368,11.0008,11.0735,84067
2007-01-25,11.1098,11.255,11.0371,11.1461,169515
2007-01-26,11.1461,11.3276,11.0008,11.0735,261476
2007-01-29,11.1461,11.3276,11.0008,11.0735,261476
2007-01-30,11.1461,11.3276,11.0008,11.0735,261476
2007-01-31,11.019,11.2187,11.019,11.1461,224376
2007-02-01,11.1642,11.2005,10.8556,10.9464,400995
2007-02-02,11.1461,11.3094,11.1279,11.2368,530450
2007-02-05,11.1461,11.3094,11.1279,11.2368,530450
2007-02-06,11.4365,11.7814,11.4365,11.7814,1827171
2007-02-07,12.1263,12.3623,11.8359,12.3623,2902871
2007-02-08,12.4349,12.7435,11.963,12.3805,2362357
2007-02-09,12.3623,12.562000000000001,12.0537,12.0719,839090
2007-02-12,12.3079,12.3805,11.727,11.7633,659905
2007-02-13,11.7996,11.7996,11.2913,11.2913,579193
2007-02-14,11.4365,11.4728,10.8919,11.0008,322651
2007-02-15,10.8919,10.9101,10.4744,10.5652,671351
2007-02-16,10.5289,10.8375,10.5289,10.8193,617477
2007-02-19,10.7104,11.2913,10.4744,11.255,743774
2007-02-20,11.3639,11.4002,10.7467,10.7467,533015
2007-02-21,10.8193,10.9827,10.547,10.8193,358172
2007-02-22,10.8738,10.8919,10.2929,10.2929,470459
2007-02-23,9.9843,10.3473,9.9843,10.2021,547421
2007-02-26,10.0932,10.311,10.0024,10.0024,178395
2007-02-27,10.075,10.1839,9.5123,9.6393,776336
2007-02-28,9.5304,9.5849,9.3489,9.4397,366855
2007-03-01,9.5304,9.8935,9.5304,9.6393,337649
2007-03-02,9.8027,9.948,9.6938,9.8027,583140
2007-03-05,9.6757,9.839,9.6212,9.6212,101630
2007-03-06,9.7483,9.9298,9.7301,9.8027,153136
2007-03-07,9.9843,10.2929,9.8572,10.2929,503612
2007-03-08,10.5289,10.8012,10.5289,10.8012,1591942
2007-03-09,11.019,11.1098,10.5652,10.6378,994594
2007-03-12,10.547,10.9282,10.4199,10.8919,577614
2007-03-13,10.8738,11.1642,10.6559,10.7104,1083791
2007-03-14,10.6378,10.8375,10.547,10.6015,270553
2007-03-15,10.7104,10.7467,10.5289,10.7104,169120
2007-03-16,10.7648,10.783,10.4199,10.5289,123930
2007-03-19,10.7104,10.7285,10.1295,10.1295,188460
2007-03-20,10.075,10.4199,10.0569,10.3292,380472
2007-03-21,10.3473,10.8375,10.1658,10.8375,843036
2007-03-22,11.0735,11.3639,10.9645,11.3639,2706913
2007-03-23,11.0735,11.3639,10.9645,11.3639,2706913
2007-03-26,11.4365,11.9267,11.3457,11.9267,4121051
2007-03-27,12.1626,12.2534,11.727,11.727,1362041
2007-03-28,11.727,11.8722,11.4547,11.4547,568537
2007-03-29,11.4365,12.0174,11.3276,12.0174,2764141
2007-03-30,12.0356,12.1263,11.6362,11.9811,1888149
2007-04-02,12.1263,12.2353,11.9085,12.1263,569523
2007-04-03,12.0719,12.4168,12.0719,12.3805,2990688
2007-04-04,12.4894,12.6165,12.1626,12.3442,5507562
2007-04-05,12.3805,12.4712,12.2353,12.3079,1530964
2007-04-06,12.2534,12.7799,12.2534,12.6165,3245848
2007-04-09,12.6346,12.8343,12.3079,12.5802,3996135
2007-04-10,12.6891,12.7435,12.3442,12.5257,1493864
2007-04-11,12.3623,12.7072,12.3442,12.5439,1461895
2007-04-12,12.562000000000001,12.6709,12.2534,12.2534,966769
2007-04-13,12.3805,12.3805,12.1808,12.325999999999999,808305
2007-04-16,12.3079,12.5257,12.2716,12.2716,1072148
2007-04-17,12.2897,12.8706,12.0174,12.7617,3937130
2007-04-18,12.5257,13.2337,12.5257,12.8888,4452977
2007-04-19,12.9432,13.5241,12.6528,13.5241,5828240
2007-04-20,13.505999999999998,14.1958,13.505999999999998,14.1958,3638160
2007-04-23,14.6133,14.812999999999999,14.1776,14.4681,2713622
2007-04-24,14.6133,14.7041,13.8872,13.9598,3252163
2007-04-25,13.8327,14.105,13.2881,13.5241,3881283
2007-04-26,13.1611,13.869000000000002,13.1611,13.6694,3971073
2007-04-27,13.6875,13.978,13.3608,13.4152,1623714
2007-04-30,13.27,14.105,13.2518,14.105,3257294
2007-05-01,13.27,14.105,13.2518,14.105,3257294
2007-05-02,14.2503,14.7404,14.2503,14.5044,3969297
2007-05-03,14.5044,14.6678,14.1776,14.5044,2266845
2007-05-04,14.7041,15.2124,14.6133,15.2124,3468448
2007-05-07,15.9567,15.9567,14.4681,14.4681,6582078
2007-05-08,14.5952,15.1761,14.4318,15.1761,3364844
2007-05-09,15.3758,15.9204,15.3576,15.9204,5773774
2007-05-10,16.1927,16.7009,15.757,16.7009,5446189
2007-05-11,16.8825,17.4089,16.5376,16.7917,2945102
2007-05-14,15.9748,17.3908,15.9567,17.2092,2810714
2007-05-15,17.2637,17.4634,16.355999999999998,16.7009,2503258
2007-05-16,16.7009,16.828,15.8659,15.8659,1296129
2007-05-17,15.7388,16.6465,15.5028,16.6465,3471408
2007-05-18,16.7009,17.4634,16.7009,17.4452,5382448
2007-05-21,17.3908,17.4271,16.8825,17.1548,1185421
2007-05-22,17.064,17.3726,16.9732,17.3181,1289617
2007-05-23,17.3908,18.0806,17.1729,17.6812,2533846
2007-05-24,17.6812,18.0806,17.2818,17.5723,1105499
2007-05-25,17.6449,17.7538,17.2274,17.2455,766074
2007-05-28,17.3545,18.0987,17.3545,17.8264,2570551
2007-05-29,17.9717,18.008,17.4997,17.6268,1101749
2007-05-30,17.7901,17.7901,17.2455,17.6631,695031
2007-05-31,17.4271,17.7538,17.3363,17.7538,722067
2007-06-01,17.6086,17.6994,16.8825,17.0095,551368
2007-06-04,17.3363,17.3363,16.1745,16.8825,522359
2007-06-05,16.9188,17.6994,16.7009,17.3,1823816
2007-06-06,17.4271,17.5178,16.9369,17.1548,1026168
2007-06-07,17.1003,17.1729,16.7372,16.9732,430004
2007-06-08,17.064,17.1366,16.592,16.7009,483483
2007-06-11,16.9551,17.2455,16.8099,16.9188,1192920
2007-06-12,16.7917,17.5178,16.7917,17.3,1798162
2007-06-13,17.4452,17.7901,17.2455,17.4271,1140033
2007-06-14,17.4815,17.8809,17.1003,17.3,1051230
2007-06-15,17.4997,17.4997,16.8825,17.064,306272
2007-06-18,17.2274,17.6086,17.0822,17.4815,1631804
2007-06-19,17.4271,17.5178,16.8825,17.0277,697005
2007-06-20,16.9551,17.1185,16.828,17.0277,254569
2007-06-21,16.9188,17.5178,16.9188,17.1185,1139244
2007-06-22,17.2455,17.7538,16.8825,17.7357,953942
2007-06-25,17.4452,18.607,17.4452,18.607,2604888
2007-06-26,18.7704,19.2605,18.371,18.371,2875836
2007-06-27,18.5163,18.8793,18.2621,18.8249,1333624
2007-06-28,18.8793,19.7507,18.607,19.7507,3000160
2007-06-29,19.4239,20.622,19.4239,19.787,2410311
2007-07-02,19.787,20.2408,19.4602,19.9867,1006434
2007-07-03,20.15,20.2953,19.4421,19.6055,758772
2007-07-04,19.9141,19.9685,19.4602,19.7325,671943
2007-07-05,19.7325,20.15,19.5328,19.5328,404547
2007-07-06,19.7688,19.9685,19.551,19.6055,624581
2007-07-09,19.6962,20.5857,19.6962,20.5857,3125866
2007-07-10,20.6946,21.6023,20.6765,21.6023,3031142
2007-07-11,22.51,22.6733,22.0017,22.6733,6856578
2007-07-12,23.3269,23.7988,22.1469,23.7988,9711101
2007-07-13,23.5992,24.4524,22.9093,23.7807,1299484
2007-07-16,23.4721,23.8351,22.6007,23.4358,1912225
2007-07-17,23.4176,24.5976,23.0546,23.7807,2833802
2007-07-18,23.5992,23.9622,22.6007,22.6007,641355
2007-07-19,21.6386,22.4737,21.4752,21.4752,382840
2007-07-20,20.4042,20.8762,20.4042,20.4042,444015
2007-07-23,19.5147,21.4208,19.3876,21.4208,3549160
2007-07-24,21.802,21.9654,20.6946,20.6946,851522
2007-07-25,20.0774,20.9488,19.9867,20.0411,581166
2007-07-26,19.9322,20.6583,19.787,19.9322,261476
2007-07-27,19.8233,19.8233,18.9519,18.9519,497297
2007-07-30,19.2061,19.2242,18.7341,19.0609,507164
2007-07-31,19.1335,19.6962,18.9701,19.4784,495323
2007-08-01,19.6055,20.4223,19.6055,20.3316,529858
2007-08-02,20.6765,21.0577,20.3679,20.7491,462762
2007-08-03,20.8036,21.1485,20.5131,20.8762,287130
2007-08-06,20.9125,20.9669,19.8778,20.0956,178593
2007-08-07,20.6946,20.6946,19.3695,20.1864,152939
2007-08-08,20.2408,20.5131,19.9685,20.5131,163792
2007-08-09,19.5147,19.5147,19.4965,19.4965,91763
2007-08-10,19.4421,19.9322,18.7159,19.6055,255555
2007-08-13,19.0427,19.0427,18.6252,18.6252,75976
2007-08-14,19.0427,19.0427,18.6252,18.6252,75976
2007-08-15,18.1895,18.5163,17.7175,18.5163,116431
2007-08-16,18.1532,18.1714,17.8083,18.1532,75976
2007-08-17,17.7901,18.5163,17.6449,18.5163,138138
2007-08-20,18.6978,18.7886,17.8809,17.8809,47362
2007-08-21,17.6086,17.6449,16.9914,16.9914,73016
2007-08-22,16.8099,16.8099,16.1563,16.7917,219047
2007-08-23,17.0277,17.6268,16.3379,16.8643,460789
2007-08-24,16.0293,17.6086,16.0293,17.4271,626555
2007-08-27,17.7175,17.7357,17.1548,17.5904,99657
2007-08-28,17.1003,17.4089,16.8825,17.3363,202274
2007-08-29,17.3908,18.1895,17.3908,18.1895,576233
2007-08-30,18.3347,18.8793,18.3347,18.8793,287130
2007-08-31,18.607,18.8793,18.008,18.8793,315744
2007-09-03,18.1532,18.6796,18.0261,18.4436,104590
2007-09-04,17.8264,19.2061,17.8264,18.9882,258515
2007-09-05,19.1879,19.5147,18.9701,19.2424,296997
2007-09-06,19.0972,19.4239,18.8793,18.8793,538738
2007-09-07,18.9701,19.0246,17.9354,17.9898,99657
2007-09-10,18.1169,18.8793,18.1169,18.8793,381853
2007-09-11,19.0609,19.0609,18.5163,18.6433,268382
2007-09-12,18.8793,18.9701,18.6978,18.8793,52295
2007-09-13,18.5707,19.079,18.5707,19.0427,58215
2007-09-14,18.7704,19.2424,18.5344,18.6978,97683
2007-09-17,18.5526,18.8793,18.5526,18.843,24668
2007-09-18,18.7159,19.2787,18.7159,19.2787,95710
2007-09-19,19.2424,19.5691,18.9156,19.5691,122351
2007-09-20,19.1335,19.4239,19.0972,19.4239,119391
2007-09-21,18.7886,19.2061,18.7886,19.2061,43415
2007-09-24,18.9519,19.3876,18.9519,19.1516,42428
2007-09-25,19.2424,19.3332,18.9156,18.9701,36508
2007-09-26,19.787,19.787,18.607,19.2424,208194
2007-09-27,19.2424,19.2424,18.7704,19.2424,168726
2007-09-28,19.2061,19.2424,18.9338,19.2424,170699
2007-10-01,19.6055,19.6055,19.2424,19.4239,114457
2007-10-02,19.5147,19.5873,19.0609,19.2787,77949
2007-10-03,19.5328,19.551,19.1516,19.551,147018
2007-10-04,19.6418,19.8778,19.3513,19.8778,153925
2007-10-05,19.6418,20.15,19.2424,20.15,126298
2007-10-08,20.3316,20.3316,19.787,20.3316,145045
2007-10-09,20.5131,21.0577,20.0774,20.386,344358
2007-10-10,20.5131,21.0577,20.0774,20.386,344358
2007-10-11,20.6946,21.4208,20.4587,20.8762,335478
2007-10-12,20.6946,21.4208,20.4587,20.8762,335478
2007-10-15,20.6946,21.4208,20.4587,20.8762,335478
2007-10-16,20.6946,21.4208,20.4587,20.8762,335478
2007-10-17,20.4587,21.7112,20.4587,21.7112,114114
2007-10-18,21.6277,22.0244,21.586,21.8782,304590
2007-10-19,21.0849,21.6486,21.0849,21.6486,100386
2007-10-22,21.5025,21.5025,20.8762,21.2937,55770
2007-10-23,20.8971,21.2311,20.5004,20.5004,86658
2007-10-24,20.4587,20.5839,20.0411,20.0829,223080
2007-10-25,20.0411,20.0411,19.3522,20.0411,96096
2007-10-26,19.3105,20.0411,19.2061,20.0411,144144
2007-10-29,19.4983,20.0411,19.4983,20.0411,25740
2007-10-30,19.6236,19.9367,19.4148,19.9367,45474
2007-10-31,19.4775,19.7906,19.4566,19.7906,12012
2007-11-01,19.3731,19.6236,18.8721,19.4148,24882
2007-11-02,19.2061,19.394000000000002,18.9973,19.2687,29172
2007-11-05,18.3293,18.5798,18.3084,18.3084,85800
2007-11-06,17.6404,19.1226,17.6404,19.1226,46332
2007-11-07,18.6842,19.4148,18.6842,19.4148,10296
2007-11-08,19.4148,19.7071,18.9973,19.7071,32604
2007-11-09,19.4148,19.7071,18.9973,19.7071,32604
2007-11-12,19.6236,20.563000000000002,19.2687,19.6862,90948
2007-11-13,19.727999999999998,19.8115,19.4983,19.6027,47190
2007-11-14,19.4357,19.7071,18.8929,19.5401,62634
2007-11-15,18.8929,18.8929,18.7886,18.7886,34320
2007-11-16,18.371,18.9973,18.371,18.9556,16302
2007-11-19,18.3919,19.1226,18.0161,19.1226,41184
2007-11-20,18.6842,20.0411,18.6842,20.0411,43758
2007-11-21,19.7489,19.9159,19.5192,19.5192,12012
2007-11-22,19.561,19.8324,19.4357,19.8324,14586
2007-11-23,19.6236,19.8115,19.4566,19.8115,12870
2007-11-26,19.6236,19.6654,19.6236,19.6236,12012
2007-11-27,19.4148,19.4148,19.2061,19.2061,11154
2007-11-28,19.0182,19.4148,18.9973,19.4148,33462
2007-11-29,19.5819,19.9576,19.4983,19.4983,60060
2007-11-30,19.6236,20.4587,19.6236,20.4587,273702
2007-12-03,20.8762,21.4816,20.6674,20.7509,163020
2007-12-04,20.6674,21.7739,20.6674,21.2937,187902
2007-12-05,21.7112,22.3584,21.1893,22.3584,732732
2007-12-06,22.7133,22.7968,21.92,22.3793,132132
2007-12-07,21.92,22.5045,21.92,22.421,76362
2007-12-10,22.5463,22.7759,21.7321,22.1079,309738
2007-12-11,22.2123,22.5463,21.2937,22.5463,165594
2007-12-12,22.421,22.5463,22.0452,22.3375,82368
2007-12-13,22.3375,23.3813,22.1496,22.5463,248820
2007-12-14,22.087,23.1726,22.087,22.5254,211068
2007-12-17,22.5463,22.5463,22.1287,22.5463,18018
2007-12-18,21.9617,22.5045,21.9617,22.5045,27456
2007-12-19,22.4836,22.6507,22.0035,22.3793,114114
2007-12-20,22.4836,22.6507,22.0035,22.3793,114114
2007-12-21,22.4836,22.6507,22.0035,22.3793,114114
2007-12-24,22.1496,22.3375,22.1496,22.3375,12012
2007-12-25,22.1496,22.3375,22.1496,22.3375,12012
2007-12-26,22.1287,22.3375,22.0452,22.3375,46332
2007-12-27,21.92,22.5463,21.92,22.5463,35178
2007-12-28,21.92,22.5463,21.92,22.5463,35178
2007-12-31,21.419,21.419,21.419,21.419,18018
2008-01-01,20.3543,20.4795,20.3543,20.3751,116688
2008-01-02,19.6862,20.3543,19.6236,20.3125,133848
2008-01-03,20.8762,21.3146,20.5213,21.3146,125268
2008-01-04,20.6883,21.8782,20.6883,21.8782,21450
2008-01-07,21.2937,21.2937,20.8762,20.8762,224796
2008-01-08,21.0641,21.0641,20.8762,21.0432,25740
2008-01-09,20.6674,20.8344,20.5213,20.8344,16302
2008-01-10,20.7927,20.7927,20.1246,20.396,16302
2008-01-11,20.8762,20.8762,19.4148,19.9994,48048
2008-01-14,19.9367,20.0411,19.6236,20.0411,10296
2008-01-15,19.6236,19.6236,19.4148,19.4148,18018
2008-01-16,19.2896,19.3105,19.0391,19.2896,30030
2008-01-17,19.2478,19.5401,19.1017,19.5401,6006
2008-01-18,19.4775,19.5401,19.4775,19.5401,6006
2008-01-21,19.6236,19.8324,19.5401,19.5401,13728
2008-01-22,18.9556,19.5819,18.9556,19.5819,35178
2008-01-23,19.3731,19.4983,19.0391,19.3731,8580
2008-01-24,19.0599,19.2061,18.9973,19.2061,48906
2008-01-25,19.2061,19.5819,19.1017,19.5819,231660
2008-01-28,19.5819,20.0411,19.1226,20.0411,113256
2008-01-29,19.6236,19.6236,19.3313,19.6027,146718
2008-01-30,19.4357,19.5819,19.2061,19.5819,57486
2008-01-31,19.5401,19.5401,19.2478,19.5192,124410
2008-02-01,19.3105,19.394000000000002,19.2061,19.3105,18018
2008-02-04,19.2061,19.394000000000002,19.2061,19.394000000000002,7722
2008-02-05,19.2061,19.394000000000002,19.2061,19.394000000000002,7722
2008-02-06,19.0182,19.4775,19.0182,19.394000000000002,30030
2008-02-07,19.2896,19.2896,18.5798,18.9556,155298
2008-02-08,18.8303,18.9973,18.6424,18.6424,9438
2008-02-11,18.6842,18.7886,18.1623,18.371,89232
2008-02-12,18.538,18.9556,18.4754,18.9556,61776
2008-02-13,18.9556,19.2061,18.7886,19.2061,211926
2008-02-14,19.1435,19.9785,19.1017,19.7906,443586
2008-02-15,19.7906,19.8741,19.4775,19.4983,61776
2008-02-18,19.7906,19.8741,19.4775,19.4983,61776
2008-02-19,19.6236,19.9994,19.6236,19.9785,80652
2008-02-20,19.7071,19.7697,19.6027,19.6654,42900
2008-02-21,19.6654,20.0411,19.6236,20.0411,165594
2008-02-22,20.1873,20.6674,19.6236,20.6257,511368
2008-02-25,20.8553,21.2728,20.6257,21.1267,471042
2008-02-26,20.6674,22.1287,20.6674,21.5025,1640496
2008-02-27,21.3146,21.3146,20.4378,20.4378,502788
2008-02-28,19.6236,20.0411,19.4357,19.8324,241956
2008-02-29,19.4357,19.7906,19.1017,19.394000000000002,121836
2008-03-03,19.2061,19.4148,18.4337,18.7677,194766
2008-03-04,18.4337,19.1226,18.4337,18.6842,66924
2008-03-05,18.7468,19.561,18.4128,19.2061,164736
2008-03-06,19.4148,19.4148,19.1017,19.3313,61776
2008-03-07,19.227,19.3313,18.8929,19.3313,46332
2008-03-10,19.0808,19.2061,19.0599,19.2061,6006
2008-03-11,18.9973,19.2896,18.9973,19.2061,39468
2008-03-12,19.2061,19.9994,19.1226,19.5401,477048
2008-03-13,19.227,19.8324,18.9973,19.394000000000002,839982
2008-03-14,19.4148,19.4148,18.8512,19.2896,218790
2008-03-17,18.9973,19.1435,18.3293,18.9138,190476
2008-03-18,18.9138,18.9138,17.9744,18.204,91806
2008-03-19,18.5589,18.7259,18.4128,18.6633,86658
2008-03-20,18.6633,18.7886,18.371,18.7886,39468
2008-03-21,18.6633,18.7886,18.371,18.7886,39468
2008-03-24,18.6633,18.9973,18.6215,18.9973,37752
2008-03-25,19.0808,19.2061,18.8303,18.8303,37752
2008-03-26,18.8303,18.9764,18.5798,18.9764,22308
2008-03-27,18.7886,18.9973,18.5589,18.9973,41184
2008-03-28,18.7886,18.9973,18.6424,18.9973,18018
2008-03-31,18.5798,18.7677,18.4337,18.7468,30888
2008-04-01,18.7886,18.7886,17.8283,18.3293,359502
2008-04-02,18.2667,18.2667,17.4316,17.8283,347490
2008-04-03,17.7448,18.1205,17.5569,18.1205,126126
2008-04-04,18.1414,18.3919,17.535999999999998,17.6195,175890
2008-04-07,17.8074,17.8074,17.535999999999998,17.6404,68640
2008-04-08,17.4525,17.7448,17.4525,17.535999999999998,46332
2008-04-09,17.7239,17.7239,17.3272,17.369,36894
2008-04-10,17.4525,17.4942,16.9515,17.4942,102102
2008-04-11,17.535999999999998,17.535999999999998,17.2228,17.2855,12870
2008-04-14,17.1185,17.2855,16.9515,17.2855,11154
2008-04-15,16.7009,16.9723,16.4296,16.4296,466752
2008-04-16,16.5131,16.6801,16.0747,16.4087,101244
2008-04-17,16.5757,16.7009,16.4504,16.4504,70356
2008-04-18,16.5131,16.6801,16.4922,16.6383,20592
2008-04-21,16.6383,16.6383,16.5548,16.6383,25740
2008-04-22,16.7844,16.7844,16.4504,16.6383,17160
2008-04-23,16.5131,16.6592,16.2834,16.6592,30030
2008-04-24,16.4087,16.6592,16.4087,16.6592,30888
2008-04-25,16.3043,16.8471,16.3043,16.8471,37752
2008-04-28,16.2834,16.9097,16.0538,16.9097,78078
2008-04-29,16.2458,16.7009,16.1289,16.7009,31746
2008-04-30,16.1582,16.7009,16.1582,16.7009,37752
2008-05-01,16.1582,16.7009,16.1582,16.7009,37752
2008-05-02,16.1999,16.6759,16.1999,16.6759,29172
2008-05-05,16.225,16.6968,16.0329,16.6174,72072
2008-05-06,16.2834,16.6174,16.225,16.6174,18876
2008-05-07,16.2834,16.3878,16.1582,16.2834,12012
2008-05-08,16.2834,16.2834,16.0955,16.2834,13728
2008-05-09,15.9536,16.2375,15.8659,15.8868,22308
2008-05-12,15.2688,16.2792,15.2688,16.2792,35178
2008-05-13,15.9912,16.3836,15.9118,16.3836,61776
2008-05-14,15.8868,16.2375,15.8241,15.8659,101244
2008-05-15,15.6864,16.0287,15.6864,15.8659,14586
2008-05-16,15.677999999999999,15.8659,15.6571,15.8659,48048
2008-05-19,15.6613,15.7573,15.2605,15.7573,53196
2008-05-20,15.0809,15.4484,15.0809,15.4484,20592
2008-05-21,15.248,15.6196,14.9515,15.6196,18018
2008-05-22,15.2647,15.4484,14.8388,15.4484,105534
2008-05-23,14.7845,14.7845,14.675999999999998,14.675999999999998,8580
2008-05-26,13.987,14.9891,13.9453,14.9891,53196
2008-05-27,15.4442,15.4442,14.2417,15.0308,109824
2008-05-28,14.8221,14.8221,14.2793,14.2793,40326
2008-05-29,13.9202,14.2793,13.5695,14.2793,42042
2008-05-30,13.5904,14.6551,13.5904,14.6551,43758
2008-06-02,14.6551,14.6551,14.2167,14.5089,9438
2008-06-03,14.4046,14.6091,14.1958,14.6091,40326
2008-06-04,15.0141,15.3356,14.7845,15.3356,346632
2008-06-05,15.0308,15.2187,14.6133,15.2187,201630
2008-06-06,14.6217,14.7595,14.4922,14.7595,38610
2008-06-09,14.4881,14.4881,14.2167,14.2167,5148
2008-06-10,13.5737,14.1916,13.5069,13.9829,59202
2008-06-11,13.7825,13.8117,13.7783,13.8117,8580
2008-06-12,14.4046,14.4046,13.2647,13.2647,26598
2008-06-13,13.2689,13.7699,13.152000000000001,13.5069,27456
2008-06-16,13.3608,13.3608,12.9641,12.9641,14586
2008-06-17,12.5257,12.9391,12.4631,12.5341,23166
2008-06-18,12.6635,12.8723,12.5341,12.5341,8580
2008-06-19,12.1124,12.5215,11.9078,12.5215,48048
2008-06-20,12.0247,12.7094,11.8994,12.7094,26598
2008-06-23,12.1082,12.1082,12.0748,12.0748,15444
2008-06-24,12.5675,13.2772,11.9579,13.2772,111540
2008-06-25,13.152000000000001,14.1958,13.152000000000001,14.1958,371514
2008-06-26,14.0705,15.0308,14.0538,15.0308,1415700
2008-06-27,14.8805,15.4484,14.8805,15.4484,45474
2008-06-30,15.2939,15.2939,15.2939,15.2939,13728
2008-07-01,15.1436,15.1436,15.1436,15.1436,858
2008-07-02,15.1436,15.1436,15.1436,15.1436,858
2008-07-03,15.1436,15.1436,15.1436,15.1436,858
2008-07-04,15.1436,15.1436,15.1436,15.1436,858
2008-07-07,15.1436,15.1436,15.1436,15.1436,858
2008-07-08,15.1436,15.1436,15.1436,15.1436,858
2008-07-09,15.1436,15.1436,15.1436,15.1436,858
2008-07-10,15.1436,15.1436,15.1436,15.1436,858
2008-07-11,14.9933,14.9933,14.9933,14.9933,8580
2008-07-14,14.2459,14.2459,14.2459,14.2459,1716
2008-07-15,13.5361,13.5361,13.5361,13.5361,18018
2008-07-16,12.8597,12.8597,12.8597,12.8597,858
2008-07-17,12.8597,12.8597,12.8597,12.8597,858
2008-07-18,12.2167,12.2167,12.2167,12.2167,6864
2008-07-21,11.6072,11.6907,11.6072,11.6072,94380
2008-07-22,12.0623,12.0998,11.5028,12.0831,74646
2008-07-23,12.3963,12.3963,11.841,12.2126,68640
2008-07-24,11.9829,12.5257,11.7575,12.5257,66066
2008-07-25,12.3169,12.7345,11.9829,12.3169,74646
2008-07-28,11.7032,11.7032,11.7032,11.7032,2574
2008-07-29,11.7324,11.7324,11.1187,11.2731,23166
2008-07-30,11.6072,11.6072,11.1771,11.3775,6006
2008-07-31,10.864,11.3984,10.818,11.3984,29172
2008-08-01,10.8598,10.8598,10.8306,10.8556,17160
2008-08-04,10.3128,10.5216,10.3128,10.5216,5148
2008-08-05,9.9955,10.1834,9.9955,10.0623,29172
2008-08-06,9.7325,9.7325,9.5613,9.5613,3432
2008-08-07,9.0853,9.603,9.0853,9.0853,64350
2008-08-08,8.6344,9.1855,8.6344,9.1855,44616
2008-08-11,9.3943,9.6448,9.1855,9.436,76362
2008-08-12,9.3108,9.3734,9.1855,9.1855,15444
2008-08-13,8.767999999999999,9.3734,8.767999999999999,9.3734,7722
2008-08-14,8.767999999999999,9.3734,8.767999999999999,9.3734,7722
2008-08-15,8.767999999999999,9.3734,8.767999999999999,9.3734,7722
2008-08-18,9.2314,9.7199,9.1855,9.6448,41184
2008-08-19,10.0164,10.0164,9.4527,9.6865,16302
2008-08-20,9.2899,9.3108,9.2064,9.2064,12012
2008-08-21,9.4152,9.4152,8.767999999999999,9.1855,6006
2008-08-22,8.9768,9.1855,8.7262,9.1855,10296
2008-08-25,8.9768,9.1855,8.7262,9.1855,10296
2008-08-26,8.8933,8.8933,8.8849,8.8849,2574
2008-08-27,8.8933,8.8933,8.8849,8.8849,2574
2008-08-28,8.8849,8.8849,8.8849,8.8849,8580
2008-08-29,8.8849,8.8849,8.8849,8.8849,8580
2008-09-01,8.8849,8.8849,8.8849,8.8849,8580
2008-09-02,8.8849,8.8849,8.8849,8.8849,8580
2008-09-03,8.8849,8.8849,8.8849,8.8849,8580
2008-09-04,8.8849,8.8849,8.8849,8.8849,8580
2008-09-05,8.8849,8.8849,8.8849,8.8849,8580
2008-09-08,8.8849,8.8849,8.8849,8.8849,8580
2008-09-09,8.8849,8.8849,8.8849,8.8849,8580
2008-09-10,8.8849,8.8849,8.8849,8.8849,8580
2008-09-11,8.8849,8.8849,8.8849,8.8849,8580
2008-09-12,8.8849,8.8849,8.8849,8.8849,8580
2008-09-15,8.8849,8.8849,8.8849,8.8849,8580
2008-09-16,8.8849,8.8849,8.8849,8.8849,8580
2008-09-17,8.8849,8.8849,8.8849,8.8849,8580
2008-09-18,8.8849,8.8849,8.8849,8.8849,8580
2008-09-19,8.8849,8.8849,8.8849,8.8849,8580
2008-09-22,8.8849,8.8849,8.8849,8.8849,8580
2008-09-23,8.8849,8.8849,8.8849,8.8849,8580
2008-09-24,8.8849,8.8849,8.8849,8.8849,8580
2008-09-25,8.8849,8.8849,8.8849,8.8849,8580
2008-09-26,8.8849,8.8849,8.8849,8.8849,8580
2008-09-29,8.8849,8.8849,8.8849,8.8849,8580
2008-09-30,8.8849,8.8849,8.8849,8.8849,8580
2008-10-01,8.8849,8.8849,8.8849,8.8849,8580
2008-10-02,8.8849,8.8849,8.8849,8.8849,8580
2008-10-03,8.8849,8.8849,8.8849,8.8849,8580
2008-10-06,8.8849,8.8849,8.8849,8.8849,8580
2008-10-07,8.8849,8.8849,8.8849,8.8849,8580
2008-10-08,8.8849,8.8849,8.8849,8.8849,8580
2008-10-09,8.8849,8.8849,8.8849,8.8849,8580
2008-10-10,8.8849,8.8849,8.8849,8.8849,8580
2008-10-13,8.8849,8.8849,8.8849,8.8849,8580
2008-10-14,8.8849,8.8849,8.8849,8.8849,8580
2008-10-15,8.8849,8.8849,8.8849,8.8849,8580
2008-10-16,8.8849,8.8849,8.8849,8.8849,1716
2008-10-17,8.8849,8.8849,8.8849,8.8849,1716
2008-10-20,8.8849,8.8849,8.8849,8.8849,1716
2008-10-21,8.8849,8.8849,8.8849,8.8849,1716
2008-10-22,8.8849,8.8849,8.8849,8.8849,1716
2008-10-23,8.8849,8.8849,8.8849,8.8849,1716
2008-10-24,8.8849,8.8849,8.8849,8.8849,1716
2008-10-27,8.8849,8.8849,8.8849,8.8849,1716
2008-10-28,8.8849,8.8849,8.8849,8.8849,1716
2008-10-29,8.8849,8.8849,8.8849,8.8849,1716
2008-10-30,8.8849,8.8849,8.8849,8.8849,1716
2008-10-31,8.8849,8.8849,8.8849,8.8849,1716
2008-11-03,8.8849,8.8849,8.8849,8.8849,1716
2008-11-04,8.8849,8.8849,8.8849,8.8849,1716
2008-11-05,8.8849,8.8849,8.8849,8.8849,1716
2008-11-06,8.8849,8.8849,8.8849,8.8849,1716
2008-11-07,8.8849,8.8849,8.8849,8.8849,1716
2008-11-10,8.8849,8.8849,8.8849,8.8849,1716
2008-11-11,8.8849,8.8849,8.8849,8.8849,1716
2008-11-12,8.8849,8.8849,8.8849,8.8849,1716
2008-11-13,8.8849,8.8849,8.8849,8.8849,1716
2008-11-14,8.8849,8.8849,8.8849,8.8849,1716
2008-11-17,8.8849,8.8849,8.8849,8.8849,1716
2008-11-18,8.8849,8.8849,8.8849,8.8849,1716
2008-11-19,8.8849,8.8849,8.8849,8.8849,1716
2008-11-20,8.8849,8.8849,8.8849,8.8849,1716
2008-11-21,8.8849,8.8849,8.8849,8.8849,1716
2008-11-24,8.8849,8.8849,8.8849,8.8849,1716
2008-11-25,8.8849,8.8849,8.8849,8.8849,1716
2008-11-26,8.8849,8.8849,8.8849,8.8849,1716
2008-11-27,8.8849,8.8849,8.8849,8.8849,1716
2008-11-28,8.8849,8.8849,8.8849,8.8849,1716
2008-12-01,8.8849,8.8849,8.8849,8.8849,1716
2008-12-02,8.8849,8.8849,8.8849,8.8849,1716
2008-12-03,8.8849,8.8849,8.8849,8.8849,1716
2008-12-04,8.8849,8.8849,8.8849,8.8849,1716
2008-12-05,8.8849,8.8849,8.8849,8.8849,1716
2008-12-08,8.8849,8.8849,8.8849,8.8849,1716
2008-12-09,8.8849,8.8849,8.8849,8.8849,1716
2008-12-10,8.8849,8.8849,8.8849,8.8849,1716
2008-12-11,8.8849,8.8849,8.8849,8.8849,1716
2008-12-12,8.8849,8.8849,8.8849,8.8849,1716
2008-12-15,8.4277,8.4277,8.4277,8.4277,780
2008-12-16,8.4277,8.4277,8.4277,8.4277,780
2008-12-17,8.4277,8.4277,8.4277,8.4277,780
2008-12-18,8.4277,8.4277,8.4277,8.4277,780
2008-12-19,8.4277,8.4277,8.4277,8.4277,780
2008-12-22,8.4277,8.4277,8.4277,8.4277,780
2008-12-23,8.4277,8.4277,8.4277,8.4277,780
2008-12-24,8.4277,8.4277,8.4277,8.4277,780
2008-12-25,8.4277,8.4277,8.4277,8.4277,780
2008-12-26,8.4277,8.4277,8.4277,8.4277,780
2008-12-29,8.4277,8.4277,8.4277,8.4277,780
2008-12-30,7.9684,7.9684,7.9684,7.9684,1560
2008-12-31,7.5092,7.5092,7.5092,7.5092,1560
2009-01-01,7.0499,7.0499,7.0499,7.0499,780
2009-01-02,6.7008,7.5046,6.5906,6.6411,212940
2009-01-05,7.0958,7.1096,6.8432,7.004,67080
2009-01-06,6.7789,7.1188,6.7789,6.8432,16380
2009-01-07,6.7789,7.1188,6.7789,6.8432,16380
2009-01-08,6.7789,7.1188,6.7789,6.8432,16380
2009-01-09,7.1142,7.1142,6.4299,6.6595,21840
2009-01-12,6.0165,6.4299,6.0073,6.0211,10920
2009-01-13,5.6491,6.0992,5.5664,5.5664,864240
2009-01-14,5.1944,5.718,5.1898,5.6261,4680
2009-01-15,5.3735,5.8098,5.3735,5.6032,9360
2009-01-16,5.1439,5.2771,5.1439,5.2771,12480
2009-01-19,4.8224,4.9602,4.8178,4.8178,13260
2009-01-20,4.3631,5.2771,4.3631,5.2771,48360
2009-01-21,5.4654,5.4654,4.5882,4.5882,107640
2009-01-22,4.3861,4.5009,4.1335,4.1794,108420
2009-01-23,4.1335,4.3402,3.7201,4.1335,23400
2009-01-26,3.8166,4.1335,3.7798,3.7889999999999997,57720
2009-01-27,3.4951,4.0876,3.4951,4.0646,119340
2009-01-28,3.9957,4.3172,3.812,4.0187,79560
2009-01-29,3.9038,3.9038,3.5732,3.8533,148200
2009-01-30,3.5824,3.9038,3.5824,3.9038,58500
2009-02-02,3.9038,4.3264,3.4078,4.3264,1487460
2009-02-03,4.4779,4.5928,3.9498,3.9498,329940
2009-02-04,4.1335,4.1886,3.9498,3.9498,85020
2009-02-05,4.1335,4.1886,3.9498,3.9498,85020
2009-02-06,3.9268,4.1335,3.6742,3.6742,256620
2009-02-09,3.6512,3.6742,3.5135,3.6283,137280
2009-02-10,3.6467,3.6467,3.4905,3.4951,12480
2009-02-11,3.4905,3.8809,3.2838,3.4262,365040
2009-02-12,3.2379,3.5548,3.2379,3.2379,163800
2009-02-13,3.3527,3.6742,3.3343,3.5824,138060
2009-02-16,3.6742,3.8763,3.5364,3.6191,836940
2009-02-17,3.5594,3.6512,3.1598,3.1598,2176980
2009-02-18,3.2379,3.3986,3.1460000000000004,3.2012,1201200
2009-02-19,3.2838,3.6834,3.2425,3.6834,2109900
2009-02-20,4.0187,4.1427,3.9498,4.1427,1194180
2009-02-23,4.3126,4.3631,3.7339,3.8671,730860
2009-02-24,3.9038,4.0187,3.6742,3.7201,327600
2009-02-25,3.8074,3.8074,3.2333,3.2333,685620
2009-02-26,3.0358,3.3986,3.0312,3.3986,542880
2009-02-27,3.3986,3.5226,3.3114,3.3114,111540
2009-03-02,3.3068,3.44,3.1506,3.2838,204360
2009-03-03,3.2149,3.3757,3.2149,3.2379,63960
2009-03-04,3.3757,3.7293,3.3527,3.7293,361920
2009-03-05,4.0416,4.0416,3.7477,3.812,432120
2009-03-06,3.8579,4.1335,3.7431,3.8763,539760
2009-03-09,3.7889999999999997,3.9038,3.6788,3.6788,67860
2009-03-10,3.7889999999999997,3.9038,3.6788,3.6788,67860
2009-03-11,3.5410000000000004,3.8579,3.5364,3.6512,49920
2009-03-12,3.6283,3.6972,3.4951,3.6237,94380
2009-03-13,3.6834,3.8579,3.6099,3.7385,65520
2009-03-16,4.1564,4.1978,3.9636,4.1794,1513980
2009-03-17,4.2483,4.2942,4.0187,4.0416,480480
2009-03-18,3.8166,4.1564,3.8166,4.0876,239460
2009-03-19,4.0876,4.2253,3.9957,4.0141,239460
2009-03-20,3.9727,4.1243,3.9038,3.9452,102180
2009-03-23,3.9727,4.1243,3.9038,3.9452,102180
2009-03-24,4.1289,4.4045,3.9727,4.4045,682500
2009-03-25,4.4917,4.7076,4.2483,4.556,454740
2009-03-26,4.3677,4.7948,4.2529,4.3953,716040
2009-03-27,4.4917,4.8545,4.409,4.8545,317460
2009-03-30,4.8545,5.3138,5.3138,5.3138,28080
2009-03-31,5.7731,5.7731,5.5159,5.7731,716040
2009-04-01,5.9706,6.2324,5.966,6.2278,1673100
2009-04-02,6.4299,6.6871,6.2232,6.6871,1821300
2009-04-03,6.8432,7.0728,6.5447,6.7881,1178580
2009-04-06,6.7514,6.8891,6.5217,6.5998,833820
2009-04-07,6.5676,6.7514,6.2094,6.3702,624000
2009-04-08,6.3426,6.3426,5.9109,5.9109,258960
2009-04-09,5.5802,5.9706,5.4562,5.6445,570180
2009-04-10,5.2817,6.1038,5.2817,6.0992,401700
2009-04-13,5.9017,6.5447,5.9017,6.0946,460980
2009-04-14,6.0165,6.2002,5.7409,5.8971,298740
2009-04-15,5.6032,5.8971,5.4378,5.447,439920
2009-04-16,5.5113,5.5113,5.1439,5.2082,156000
2009-04-17,5.1898,5.4195,4.9602,5.2863,42900
2009-04-20,5.4883,5.4883,5.052,5.3276,179400
2009-04-21,5.4195,5.5113,5.052,5.2679,755820
2009-04-22,5.3506,5.5067,5.052,5.1071,198900
2009-04-23,5.3184,5.3184,4.9372,5.075,180180
2009-04-24,4.8775,5.2679,4.8729,5.1485,163800
2009-04-27,5.1439,5.1439,4.6892,4.6892,145080
2009-04-28,4.8408,4.8408,4.2299,4.6433,88140
2009-04-29,4.3677,4.6754,4.3631,4.4412,78000
2009-04-30,4.2713,4.7489,4.2253,4.2575,102180
2009-05-01,4.2713,4.7489,4.2253,4.2575,102180
2009-05-04,4.5193,4.5193,4.2024,4.2759,17160
2009-05-05,4.5928,4.5928,4.2253,4.3723,45240
2009-05-06,4.3861,4.556,4.3172,4.4688,163800
2009-05-07,4.3172,4.5468,4.2483,4.3356,109200
2009-05-08,4.1610000000000005,4.5285,4.1610000000000005,4.2805,31200
2009-05-11,4.3631,4.3631,4.1656,4.2759,12480
2009-05-12,4.3356,4.5928,4.3264,4.4917,173160
2009-05-13,4.5836,4.7994,4.4779,4.7765,302640
2009-05-14,4.7948,5.052,4.7857,4.8591,224640
2009-05-15,4.8454,4.8913,4.4412,4.5606,253500
2009-05-18,4.4136,4.7305,4.409,4.5101,319020
2009-05-19,4.3631,4.5882,4.3218,4.3539,83460
2009-05-20,4.4871,4.4871,4.1794,4.3264,78000
2009-05-21,4.184,4.331,4.0876,4.1197,63180
2009-05-22,4.3356,4.5698,4.3356,4.5468,144300
2009-05-25,4.184,4.8178,4.1794,4.6111,3318900
2009-05-26,4.6157,4.8224,4.5974,4.6525,1946880
2009-05-27,4.7719,4.9326,4.5974,4.6571,3261180
2009-05-28,4.7351,4.7994,4.4182,4.4642,1921920
2009-05-29,4.5468,4.5468,4.2759,4.3539,588120
2009-06-01,4.4733,4.4779,4.1059,4.1243,663780
2009-06-02,4.1335,4.1748,3.9544,4.0554,412620
2009-06-03,4.1059,4.1794,3.5961,3.7109,2549820
2009-06-04,3.7889999999999997,3.8901,3.5824,3.6901,1471080
2009-06-05,3.812,3.9406,3.6788,3.8128,1163760
2009-06-08,3.9038,3.9038,3.6972,3.7936,1485900
2009-06-09,3.812,3.9957,3.8074,3.8258,3076320
2009-06-10,3.7889999999999997,3.8625,3.7064,3.7615,822120
2009-06-11,3.7201,3.812,3.6283,3.6604,763620
2009-06-12,3.6375,3.7889999999999997,3.6237,3.7661,482040
2009-06-15,3.8579,3.9865,3.6972,3.7247,870480
2009-06-16,3.7018,3.7569,3.6283,3.6329,154440
2009-06-17,3.7018,3.7661,3.6512,3.7385,233220
2009-06-18,3.7385,3.7889999999999997,3.6375,3.665,262080
2009-06-19,3.6558,3.6742,3.6053,3.6329,67080
2009-06-22,3.7155,3.7155,3.5824,3.6099,948480
2009-06-23,3.5824,3.6512,3.5502,3.6053,329940
2009-06-24,3.5824,3.5961,3.5364,3.5824,39000
2009-06-25,3.6558,3.7936,3.6099,3.6467,671580
2009-06-26,3.6467,3.6972,3.4216,3.4629,2887560
2009-06-29,3.4629,3.5272,3.3803,3.4446,918060
2009-06-30,3.4446,3.4446,3.3068,3.3435,237900
2009-07-01,3.3435,3.3986,3.27,3.3849,251160
2009-07-02,3.3849,3.4905,3.3803,3.4216,749580
2009-07-03,3.4216,3.44,3.3068,3.3803,220740
2009-07-06,3.3803,3.4446,3.1828,3.2103,2572440
2009-07-07,3.2103,3.2609,3.1689999999999996,3.2103,833820
2009-07-08,3.2103,3.2563,3.1506,3.1919999999999997,733980
2009-07-09,3.1919999999999997,3.3068,3.1598,3.1966,5566080
2009-07-10,3.1966,3.2563,3.1689999999999996,3.1828,1267500
2009-07-13,3.1828,3.6421,3.1782,3.6421,10490220
2009-07-14,3.6421,4.1013,3.6421,4.1013,10299120
2009-07-15,4.1013,4.5606,4.1013,4.5606,6961500
2009-07-16,4.5606,4.9556,4.4136,4.5928,10803000
2009-07-17,4.5928,4.7765,4.3723,4.6387,6314100
2009-07-20,4.6387,4.9143,4.5468,4.6938,4187040
2009-07-21,4.6938,5.075,4.6387,4.8959,5554865
2009-07-22,4.8959,5.098,4.6387,4.6984,3540066
2009-07-23,4.6984,4.8729,4.6617,4.7581,1426798
2009-07-24,4.7581,4.8683,4.5055,4.6341,1241145
2009-07-27,4.6341,4.7259,4.5285,4.5652,593748
2009-07-28,4.5652,4.6387,4.3677,4.4642,308112
2009-07-29,4.4642,4.5239,4.0049,4.0784,502800
2009-07-30,4.0784,4.3631,3.9498,4.184,551343
2009-07-31,4.184,4.455,4.1335,4.3999,378954
2009-08-03,4.3999,4.5147,4.3907,4.4504,368853
2009-08-04,4.4504,4.5193,4.2483,4.308,256725
2009-08-05,4.308,4.3631,4.1564,4.3172,204282
2009-08-06,4.3172,4.3861,3.9957,4.1519,497447
2009-08-07,4.1519,4.2667,4.1427,4.1702,113605
2009-08-10,4.1702,4.3539,4.1702,4.184,219810
2009-08-11,4.184,4.2713,4.0876,4.2024,370406
2009-08-12,4.2024,4.2024,3.9130000000000003,4.0187,268713
2009-08-13,4.0187,4.1151,3.5594,3.6421,4199458
2009-08-14,4.0187,4.1151,3.5594,3.6421,4199458
2009-08-17,3.6421,3.7201,3.3527,3.4124,2450535
2009-08-18,3.4124,3.4997,3.2057,3.2195,5100415
2009-08-19,3.2195,3.4216,3.2195,3.3252,1716153
2009-08-20,3.3252,3.3665,3.2746,3.2792,324503
2009-08-21,3.2792,3.7385,3.2792,3.7385,3455388
2009-08-24,3.7385,4.1243,3.7385,3.835,3743482
2009-08-25,3.835,3.8579,3.6283,3.665,1119479
2009-08-26,3.665,3.6972,3.5364,3.5639999999999996,630118
2009-08-27,3.5639999999999996,3.6696,3.4997,3.5548,518181
2009-08-28,3.5548,3.6742,3.5364,3.5594,635160
2009-08-31,3.5594,3.6283,3.4951,3.5226,243547
2009-09-01,3.5226,3.6053,3.4492,3.5089,369653
2009-09-02,3.5089,3.5824,3.4629,3.4813,329151
2009-09-03,3.4813,3.6742,3.4813,3.5869,920548
2009-09-04,3.5869,3.6788,3.5869,3.6283,784647
2009-09-07,3.6283,3.6742,3.5364,3.5502,470023
2009-09-08,3.5502,3.6512,3.4997,3.5824,358956
2009-09-09,3.5824,3.6421,3.4538,3.5869,794570
2009-09-10,3.5869,3.6283,3.5456,3.5732,231446
2009-09-11,3.5732,3.6696,3.5364,3.5778,257601
2009-09-14,3.5778,3.6467,3.5181,3.5410000000000004,180001
2009-09-15,3.5410000000000004,3.6053,3.5181,3.5456,137012
2009-09-16,3.5456,3.6053,3.4997,3.5135,161914
2009-09-17,3.5135,3.5732,3.4446,3.4629,446250
2009-09-18,3.4629,3.6742,3.4538,3.6375,600087
2009-09-21,3.4629,3.6742,3.4538,3.6375,600087
2009-09-22,3.4629,3.6742,3.4538,3.6375,600087
2009-09-23,3.4629,3.6742,3.4538,3.6375,600087
2009-09-24,3.6375,3.812,3.5639999999999996,3.7064,2532800
2009-09-25,3.7064,4.1335,3.6329,3.8855,5691788
2009-09-28,3.8855,4.2713,3.8625,4.1473,5995035
2009-09-29,4.1473,4.2483,3.9498,3.9911,1187010
2009-09-30,3.9911,4.0646,3.9038,3.9544,1174321
2009-10-01,3.9544,4.1243,3.8579,3.8993,1333742
2009-10-02,3.8993,3.9498,3.812,3.8533,613166
2009-10-05,3.8533,4.0141,3.8212,3.9360000000000004,1973253
2009-10-06,3.9360000000000004,4.2805,3.9360000000000004,4.207,6098862
2009-10-07,4.207,4.3172,4.1105,4.1564,3971740
2009-10-08,4.1564,4.2621,4.0003,4.0554,3235162
2009-10-09,4.0554,4.1289,3.9498,3.9681,538482
2009-10-12,3.9681,4.0324,3.8579,3.9268,544852
2009-10-13,3.9268,3.9681,3.8579,3.8717,360159
2009-10-14,3.8717,3.9957,3.8625,3.9130000000000003,391599
2009-10-15,3.9130000000000003,3.9773,3.8074,3.8395,168304
2009-10-16,3.8395,3.9038,3.7109,3.7293,448059
2009-10-19,3.7293,3.7431,3.4583,3.5226,377264
2009-10-20,3.5226,3.6604,3.4446,3.5456,523550
2009-10-21,3.5456,3.6283,3.3619,3.4078,272251
2009-10-22,3.4078,3.5364,3.2379,3.3160000000000003,890333
2009-10-23,3.3160000000000003,3.44,3.2655,3.3619,166597
2009-10-26,3.3619,3.4124,3.2838,3.2976,371278
2009-10-27,3.2976,3.4446,3.2149,3.2471,1207676
2009-10-28,3.2471,3.3895,3.2103,3.2241,1957190
2009-10-29,3.2241,3.2792,3.1506,3.2195,851314
2009-10-30,3.2195,3.2838,3.1323,3.1644,448255
2009-11-02,3.1644,3.2149,3.0771,3.1093,450466
2009-11-03,3.1093,3.3389,3.0312,3.2287,1025204
2009-11-04,3.2287,3.3481,3.1414,3.2012,588253
2009-11-05,3.2012,3.2517,3.1231,3.1689999999999996,322056
2009-11-06,3.1689999999999996,3.1874,2.944,3.068,451562
2009-11-09,3.1689999999999996,3.1874,2.944,3.068,451562
2009-11-10,3.068,3.1644,2.7786,2.8751,485452
2009-11-11,2.8751,3.1414,2.8062,2.9853,1264620
2009-11-12,2.9853,3.0358,2.8797,2.9486,363110
2009-11-13,2.9486,3.1919999999999997,2.9486,3.1506,621409
2009-11-16,3.1506,3.1689999999999996,2.9945,3.1093,305186
2009-11-17,3.1093,3.1460000000000004,3.0083,3.0312,80995
2009-11-18,3.0312,3.1369,2.9394,2.9623,332101
2009-11-19,2.9623,3.1139,2.9394,2.9623,367840
2009-11-20,2.9623,3.0266,2.9164,2.9531,142342
2009-11-23,2.9531,2.9853,2.8475,2.8659,123020
2009-11-24,2.8659,3.1047,2.8659,2.8797,225411
2009-11-25,2.8797,2.9807,2.8705,2.9577,75822
2009-11-26,2.9577,2.9807,2.8797,2.9256,28734
2009-11-27,2.9577,2.9807,2.8797,2.9256,28734
2009-11-30,2.9577,2.9807,2.8797,2.9256,28734
2009-12-01,2.9256,2.9394,2.8245,2.8521,178409
2009-12-02,2.8521,2.9072,2.7557,2.8429,163728
2009-12-03,2.8429,2.9853,2.7739999999999996,2.8705,366077
2009-12-04,2.8705,2.8705,2.8016,2.8337,51723
2009-12-07,2.8337,2.9853,2.7557,2.8016,315688
2009-12-08,2.8016,2.9118,2.7327,2.8843,472569
2009-12-09,2.8843,2.9026,2.8016,2.8567,43719
2009-12-10,2.8567,2.9026,2.8016,2.8108,83156
2009-12-11,2.8108,2.8705,2.8016,2.8154,61871
2009-12-14,2.8154,2.9118,2.7832,2.8797,164700
2009-12-15,2.8797,3.1966,2.8751,3.0174,1503891
2009-12-16,3.0174,3.0955,2.898,2.9899,201054
2009-12-17,2.9899,3.0955,2.9164,2.944,272130
2009-12-18,2.944,3.0174,2.8245,2.8888,117870
2009-12-21,2.8888,2.8888,2.8245,2.8429,57303
2009-12-22,2.8429,2.9394,2.8383,2.9394,1563360
2009-12-23,2.9394,3.3895,2.9394,3.1506,5284790
2009-12-24,3.1506,3.3435,3.0817,3.2792,4040990
2009-12-25,3.1506,3.3435,3.0817,3.2792,4040990
2009-12-28,3.1506,3.3435,3.0817,3.2792,4040990
2009-12-29,3.2792,3.3527,3.1231,3.2792,580738
2009-12-30,3.2792,3.3939999999999997,3.2792,3.3068,957076
2009-12-31,3.3068,3.4216,3.2609,3.293,910843
2010-01-01,3.3068,3.4216,3.2609,3.293,910843
2010-01-04,3.293,3.3298,3.2425,3.2517,348323
2010-01-05,3.2517,3.2976,2.9623,3.0909,5433794
2010-01-06,3.0909,3.1460000000000004,3.0128,3.0358,760590
2010-01-07,3.0358,3.1644,3.0083,3.0404,331230
2010-01-08,3.0404,3.2103,3.0404,3.1047,561793
2010-01-11,3.1047,3.1460000000000004,3.0771,3.0909,650025
2010-01-12,3.0909,3.2195,3.0817,3.1185,832134
2010-01-13,3.1185,3.1689999999999996,3.0771,3.0863,233934
2010-01-14,3.0863,3.1966,3.0863,3.1185,535882
2010-01-15,3.1185,3.1644,3.0909,3.1185,1542682
2010-01-18,3.1185,3.1231,3.0358,3.068,105947
2010-01-19,3.068,3.1644,3.0358,3.0588,309175
2010-01-20,3.0588,3.1414,3.0542,3.0909,317872
2010-01-21,3.0909,3.1231,2.9945,3.0358,275251
2010-01-22,3.0358,3.0726,2.9623,2.9853,434178
2010-01-25,2.9853,3.0312,2.9669,2.9715,244909
2010-01-26,2.9715,3.0174,2.8797,2.8888,293505
2010-01-27,2.8888,2.9807,2.8429,2.8934,185810
2010-01-28,2.8934,2.898,2.7557,2.8337,851166
2010-01-29,2.8337,2.9302,2.8337,2.8934,228523
2010-02-01,2.9072,2.9394,2.8291,2.8475,119808
2010-02-02,2.8475,3.0312,2.8108,2.9486,519728
2010-02-03,2.9486,3.0771,2.9164,3.045,248728
2010-02-04,3.045,3.3527,3.045,3.2149,3176559
2010-02-05,3.045,3.3527,3.045,3.2149,3176559
2010-02-08,3.2149,3.3986,3.2149,3.2746,1509883
2010-02-09,3.2746,3.3527,3.1919999999999997,3.2195,770222
2010-02-10,3.2195,3.2884,3.1644,3.1736,572216
2010-02-11,3.1736,3.2149,3.1277,3.1323,148122
2010-02-12,3.1323,3.2379,3.0771,3.1277,436254
2010-02-15,3.1277,3.1277,3.0128,3.022,223844
2010-02-16,3.022,3.1598,2.9899,3.022,194986
2010-02-17,3.022,3.1231,3.022,3.0771,270662
2010-02-18,3.0771,3.1231,3.045,3.0909,138698
2010-02-19,3.0909,3.1231,3.0312,3.0771,206764
2010-02-22,3.0863,3.1369,3.0312,3.0771,213513
2010-02-23,3.0771,3.0771,2.9210000000000003,2.9394,502476
2010-02-24,2.9394,2.9807,2.8705,2.8843,75426
2010-02-25,2.8843,2.9026,2.7969999999999997,2.8291,312597
2010-02-26,2.8291,2.8888,2.7557,2.7786,322062
2010-03-01,2.7786,2.8429,2.7097,2.7235,204015
2010-03-02,2.7235,2.7419,2.6638,2.7051,147734
2010-03-03,2.7051,2.7557,2.5811,2.6133,184203
2010-03-04,2.6133,2.6959,2.6133,2.6592,217191
2010-03-05,2.6592,2.7924,2.5949,2.7419,354009
2010-03-08,2.7419,2.8888,2.7419,2.8521,513674
2010-03-09,2.8521,2.8797,2.7832,2.8016,177180
2010-03-10,2.8016,2.8888,2.7832,2.8567,322992
2010-03-11,2.8567,3.0312,2.8475,2.8705,838208
2010-03-12,2.8705,2.9118,2.8291,2.8797,184969
2010-03-15,2.8797,3.022,2.8016,2.9853,665047
2010-03-16,2.9853,3.0083,2.8934,2.9118,75158
2010-03-17,2.9118,3.0312,2.8705,2.9669,413643
2010-03-18,2.9669,3.0174,2.9256,2.9394,392398
2010-03-19,2.9394,2.9807,2.8521,2.8567,103570
2010-03-22,2.8567,2.9531,2.8016,2.8062,75529
2010-03-23,2.8567,2.9531,2.8016,2.8062,75529
2010-03-24,2.8062,2.9256,2.8062,2.8291,23295
2010-03-25,2.8291,3.1644,2.8291,3.1231,2945863
2010-03-26,3.1231,3.3435,3.1001,3.3022,4515549
2010-03-29,3.3022,3.3022,3.0083,3.0312,708889
2010-03-30,3.0312,3.1828,3.0083,3.0266,605179
2010-03-31,3.0266,3.1552,2.9945,3.0128,137906
2010-04-01,3.0128,3.0955,3.0083,3.0312,349601
2010-04-02,3.0312,3.1460000000000004,2.9853,3.0817,142582
2010-04-05,3.0817,3.0955,2.9761,2.9899,124209
2010-04-06,2.9899,3.068,2.8934,2.9210000000000003,377030
2010-04-07,2.9210000000000003,2.9853,2.8934,2.9623,185013
2010-04-08,2.9623,3.0037,2.9026,2.9531,159794
2010-04-09,2.9531,3.0312,2.9394,2.9853,191058
2010-04-12,2.9853,3.0312,2.8934,2.944,259372
2010-04-13,2.944,2.9945,2.9210000000000003,2.9853,206943
2010-04-14,2.9853,3.0128,2.9164,2.9853,576860
2010-04-15,2.9853,3.1644,2.9853,3.1369,523842
2010-04-16,3.1369,3.2012,3.0771,3.0817,602074
2010-04-19,3.0817,3.1323,3.0312,3.0634,122309
2010-04-20,3.0634,3.1414,3.0358,3.0588,82825
2010-04-21,3.0588,3.1414,2.9945,3.0496,169389
2010-04-22,3.0496,3.0771,2.8705,2.898,581810
2010-04-23,2.898,2.9853,2.8888,2.898,206677
2010-04-26,2.898,2.9394,2.8521,2.8751,292906
2010-04-27,2.8751,2.9394,2.8705,2.8797,26968
2010-04-28,2.8797,2.8934,2.8245,2.8659,65565
2010-04-29,2.8659,2.8705,2.7786,2.8154,772269
2010-04-30,2.8154,2.8337,2.7557,2.7924,99817
2010-05-03,2.7924,2.7924,2.7281,2.7786,305214
2010-05-04,2.7786,2.8567,2.7327,2.82,70356
2010-05-05,2.82,2.82,2.7602,2.8062,76033
2010-05-06,2.8062,2.8383,2.8016,2.8016,130113
2010-05-07,2.8016,2.8475,2.7281,2.7832,212361
2010-05-10,2.7832,2.8154,2.7557,2.8016,90463
2010-05-11,2.8016,2.8016,2.7327,2.7602,138540
2010-05-12,2.7602,2.8245,2.7511,2.7832,125844
2010-05-13,2.7832,2.8475,2.7557,2.7969999999999997,94839
2010-05-14,2.7969999999999997,2.8475,2.7832,2.82,115396
2010-05-17,2.82,2.82,2.6225,2.6271,138753
2010-05-18,2.6271,2.7924,2.6179,2.7832,174548
2010-05-19,2.7832,2.8475,2.7327,2.7557,656796
2010-05-20,2.7557,2.9164,2.7557,2.8797,382551
2010-05-21,2.8797,2.9164,2.7786,2.8062,204647
2010-05-24,2.8062,2.8934,2.7602,2.8705,511044
2010-05-25,2.8705,2.8705,2.6868,2.7097,697284
2010-05-26,2.7097,2.7924,2.7097,2.7739999999999996,421936
2010-05-27,2.7739999999999996,2.7832,2.6914,2.7097,999667
2010-05-28,2.7097,2.7924,2.6868,2.7327,239788
2010-05-31,2.7327,2.7694,2.7235,2.7557,1102817
2010-06-01,2.7557,2.7557,2.5995,2.6638,408191
2010-06-02,2.6638,2.7969999999999997,2.6638,2.7557,533863
2010-06-03,2.7557,2.8337,2.7557,2.7832,409037
2010-06-04,2.7832,2.8016,2.7557,2.7739999999999996,61556
2010-06-07,2.7739999999999996,2.8337,2.6638,2.8154,94027
2010-06-08,2.8154,2.9853,2.8108,2.944,290726
2010-06-09,2.944,2.9807,2.8705,2.8705,47256
2010-06-10,2.8705,2.8888,2.7602,2.82,704022
2010-06-11,2.82,2.9164,2.82,2.8843,150187
2010-06-14,2.8843,2.8843,2.8016,2.8521,292516
2010-06-15,2.8521,2.9118,2.8475,2.8705,81967
2010-06-16,2.8705,2.9348,2.8475,2.8934,216394
2010-06-17,2.8934,2.9853,2.8705,2.9669,360179
2010-06-18,2.9669,3.1231,2.944,3.0404,252516
2010-06-21,3.0404,3.1001,2.9394,3.0128,37331
2010-06-22,3.0128,3.0909,3.0083,3.0404,156062
2010-06-23,3.0404,3.0817,3.0083,3.0726,232967
2010-06-24,3.0726,3.2149,3.0404,3.0771,439087
2010-06-25,3.0771,3.0955,2.8705,3.0083,256183
2010-06-28,3.0083,3.0542,2.9210000000000003,2.9853,112864
2010-06-29,2.9853,3.0496,2.9853,2.9991,132343
2010-06-30,2.9991,3.1414,2.9853,3.0312,125112
2010-07-01,3.0312,3.0771,2.9945,3.045,17583
2010-07-02,3.045,3.1093,3.0312,3.0771,67030
2010-07-05,3.0771,3.1644,3.0312,3.1185,43307
2010-07-06,3.1185,3.2379,3.1001,3.1414,1580892
2010-07-07,3.1414,3.2149,3.1231,3.2057,121217
2010-07-08,3.2057,3.2103,3.0312,3.1414,40259
2010-07-09,3.1414,3.3298,3.1414,3.2195,125212
2010-07-12,3.2195,3.2609,3.2149,3.2149,213712
2010-07-13,3.2149,3.3527,3.2149,3.3068,304490
2010-07-14,3.3068,3.3895,3.2379,3.2609,80727
2010-07-15,3.2609,3.2609,3.1689999999999996,3.1828,44867
2010-07-16,3.1828,3.2149,3.1001,3.1414,6416
2010-07-19,3.1414,3.2149,3.0542,3.1689999999999996,40661
2010-07-20,3.1689999999999996,3.1919999999999997,3.1231,3.1231,602
2010-07-21,3.1231,3.1919999999999997,3.0588,3.068,3799
2010-07-22,3.068,3.1414,3.0083,3.022,13352
2010-07-23,3.022,3.1001,2.9853,3.0358,44485
2010-07-26,3.0358,3.0771,3.0083,3.022,5171
2010-07-27,3.022,3.0955,2.7648,2.9531,30330
2010-07-28,2.9531,3.1001,3.0312,3.1001,25565
2010-07-29,3.1001,3.0955,2.9853,2.9853,19956
2010-07-30,2.9853,3.1231,2.9853,2.9945,12868
2010-08-02,2.9945,3.022,2.8934,2.9302,18731
2010-08-03,2.9302,3.0083,2.8934,2.9853,21403
2010-08-04,2.9853,3.0266,2.9623,2.9899,157891
2010-08-05,2.9899,3.0312,2.9394,2.9394,163101
2010-08-06,2.9394,2.9394,2.8705,2.9164,16380
2010-08-09,2.9164,2.9164,2.7235,2.7557,58283
2010-08-10,2.7557,2.7557,2.6638,2.6868,48156
2010-08-11,2.6868,2.7557,2.6868,2.7511,6398
2010-08-12,2.7511,2.8429,2.6868,2.8108,52595
2010-08-13,2.8108,2.8475,2.6868,2.7557,18099
2010-08-16,2.7557,2.7557,2.6868,2.7143,25116
2010-08-17,2.7143,2.7511,2.6179,2.7327,75180
2010-08-18,2.7327,2.7557,2.6868,2.6868,27462
2010-08-19,2.6868,2.9394,2.6868,2.9072,73432
2010-08-20,2.9072,2.8705,2.7648,2.8705,21614
2010-08-23,2.8705,2.8934,2.7557,2.8016,16305
2010-08-24,2.8016,2.8016,2.7786,2.8016,29592
2010-08-25,2.8016,2.8888,2.7557,2.7557,18820
2010-08-26,2.7557,2.7557,2.7557,2.7557,183
2010-08-27,2.7557,2.8567,2.7557,2.8016,49332
2010-08-30,2.8016,2.8567,2.7557,2.7602,77078
2010-08-31,2.7602,2.9394,2.7602,2.8337,44948
2010-09-01,2.8337,2.8934,2.8016,2.8934,52110
2010-09-02,2.8934,2.8934,2.7557,2.8016,14056
2010-09-03,2.8016,2.8843,2.8016,2.8521,5054
2010-09-06,2.8521,2.8705,2.7694,2.8613,77170
2010-09-07,2.8613,2.8613,2.7557,2.7648,3120
2010-09-08,2.7648,2.8934,2.7557,2.8659,46488
2010-09-09,2.8659,2.8797,2.8245,2.8475,10319
2010-09-10,2.8659,2.8797,2.8245,2.8475,10319
2010-09-13,2.8659,2.8797,2.8245,2.8475,10319
2010-09-14,2.8475,2.9394,2.8475,2.8751,111738
2010-09-15,2.8751,2.9715,2.7739999999999996,2.8567,24820
2010-09-16,2.8567,2.8567,2.7832,2.8475,39156
2010-09-17,2.8475,2.8475,2.8429,2.8475,39016
2010-09-20,2.8475,2.8521,2.8245,2.8429,116371
2010-09-21,2.8429,2.8613,2.8108,2.8383,111634
2010-09-22,2.8383,2.8475,2.8245,2.8245,127996
2010-09-23,2.8245,2.8429,2.6638,2.8245,42593
2010-09-24,2.8245,2.8337,2.7465,2.82,7084
2010-09-27,2.82,2.8475,2.7189,2.7832,223737
2010-09-28,2.7832,2.8429,2.7832,2.8245,21414
2010-09-29,2.8245,2.8475,2.6959,2.7694,39721
2010-09-30,2.7694,2.82,2.7557,2.8016,62015
2010-10-01,2.8016,2.8016,2.7557,2.7557,127914
2010-10-04,2.7557,2.8016,2.7097,2.7786,14910
2010-10-05,2.7786,2.7786,2.3561,2.5582,117337
2010-10-06,2.5582,2.7327,2.5444,2.6179,203310
2010-10-07,2.6179,2.7511,2.6179,2.6868,18464
2010-10-08,2.6868,2.7557,2.673,2.7465,8358
2010-10-11,2.7465,2.7557,2.6868,2.7097,59731
2010-10-12,2.7097,2.7327,2.7097,2.7143,146545
2010-10-13,2.7143,2.7786,2.7143,2.7327,215615
2010-10-14,2.7327,2.7557,2.7097,2.7327,1259575
2010-10-15,2.7327,2.7511,2.7097,2.7097,14272
2010-10-18,2.7097,2.7557,2.7097,2.7327,20319
2010-10-19,2.7327,2.7557,2.6868,2.6959,87500
2010-10-20,2.6959,2.7511,2.6868,2.7097,355262
2010-10-21,2.7097,2.8475,2.7097,2.8475,164519
2010-10-22,2.8475,2.9853,2.8016,2.9348,72136
2010-10-25,2.9348,2.9348,2.7557,2.7602,303659
2010-10-26,2.7602,2.7832,2.6638,2.7648,368332
2010-10-27,2.7648,2.8383,2.7557,2.7557,29181
2010-10-28,2.7557,2.8659,2.7327,2.7373,2346
2010-10-29,2.7373,2.9853,2.7189,2.8245,68337
2010-11-01,2.8245,2.8659,2.8016,2.8016,91611
2010-11-02,2.8016,2.8888,2.8016,2.8016,83869
2010-11-03,2.8016,2.8337,2.8016,2.8337,11107
2010-11-04,2.8337,2.8705,2.8016,2.8245,27298
2010-11-05,2.8245,2.8705,2.8245,2.8245,178047
2010-11-08,2.8245,2.8705,2.8245,2.8567,38376
2010-11-09,2.8245,2.8705,2.8245,2.8567,38376
2010-11-10,2.8567,2.9715,2.8475,2.8475,102829
2010-11-11,2.8475,2.8705,2.8475,2.8475,97168
2010-11-12,2.8475,2.8934,2.8475,2.8521,52482
2010-11-15,2.8521,2.8934,2.8521,2.8705,49491
2010-11-16,2.8705,3.3252,2.8705,3.2241,477284
2010-11-17,2.8705,3.3252,2.8705,3.2241,477284
2010-11-18,2.8705,3.3252,2.8705,3.2241,477284
2010-11-19,2.8705,3.3252,2.8705,3.2241,477284
2010-11-22,3.2241,3.6834,3.1644,3.6834,1505063
2010-11-23,3.6834,3.9957,3.4905,3.5502,813630
2010-11-24,3.5502,3.5502,3.2609,3.3803,290107
2010-11-25,3.3803,3.4216,3.2149,3.2379,279343
2010-11-26,3.2379,3.3298,3.2287,3.2517,122953
2010-11-29,3.2517,3.2838,3.2379,3.2517,18274
2010-11-30,3.2517,3.3068,3.2379,3.2838,85273
2010-12-01,3.2838,3.3527,3.2609,3.3022,94417
2010-12-02,3.3022,3.4124,3.2609,3.2838,70860
2010-12-03,3.2838,3.417,3.2976,3.3206,33510
2010-12-06,3.3206,3.3435,3.2425,3.2838,53508
2010-12-07,3.2838,3.3206,3.2609,3.2609,81781
2010-12-08,3.2609,3.3068,3.2471,3.2976,63222
2010-12-09,3.2976,3.3939999999999997,3.2287,3.2333,29495
2010-12-10,3.2333,3.3022,3.2609,3.2838,24416
2010-12-13,3.2838,3.3389,3.2838,3.3206,71896
2010-12-14,3.3206,3.3986,3.3068,3.3068,38025
2010-12-15,3.3068,3.3298,3.2609,3.2746,66264
2010-12-16,3.3068,3.3298,3.2609,3.2746,66264
2010-12-17,3.3068,3.3298,3.2609,3.2746,66264
2010-12-20,3.2746,3.3298,3.2379,3.2379,128074
2010-12-21,3.2379,3.1919999999999997,3.0542,3.1231,128803
2010-12-22,3.1231,3.1231,3.0037,3.022,56669
2010-12-23,3.022,3.1231,2.9853,3.0542,17091
2010-12-24,3.0542,3.1231,3.0083,3.0312,12957
2010-12-27,3.0312,3.1001,3.0128,3.0358,16896
2010-12-28,3.0358,3.0496,2.8934,2.9394,25835
2010-12-29,2.9394,3.0083,2.8751,2.9394,7257
2010-12-30,2.9394,3.0083,2.8934,2.9394,23453
2010-12-31,2.9394,3.0312,2.9394,2.9669,3276
2011-01-03,2.9669,2.8934,2.8705,2.8934,14196
2011-01-04,2.8934,2.9853,2.8016,2.9807,11310
2011-01-05,2.9807,3.0312,2.8934,2.9302,10132
2011-01-06,2.9302,3.1001,2.898,3.0726,33913
2011-01-07,3.0726,3.0726,2.9623,3.0312,9546
2011-01-10,3.0312,3.1185,2.9807,2.9807,12728
2011-01-11,2.9807,3.0312,2.9623,2.9715,7666
2011-01-12,2.9715,3.0266,2.9394,2.944,4588
2011-01-13,2.944,3.0312,2.9164,2.9853,26233
2011-01-14,2.9853,3.0771,2.9394,3.0496,42643
2011-01-17,3.0496,3.1231,2.9899,3.0083,36028
2011-01-18,3.0083,3.0083,2.9853,2.9945,13414
2011-01-19,2.9945,3.0266,2.8475,2.8751,55634
2011-01-20,2.8751,2.9118,2.8705,2.8751,35418
2011-01-21,2.8751,2.8751,2.8521,2.8751,10156
2011-01-24,2.8751,2.9853,2.8291,2.9026,30021
2011-01-25,2.9026,2.9715,2.8934,2.9715,38137
2011-01-26,2.9715,2.8934,2.8751,2.8934,21848
2011-01-27,2.8934,2.9394,2.8475,2.9118,3558
2011-01-28,2.9118,3.1919999999999997,2.8062,2.9164,35340
2011-01-31,2.9164,2.9394,2.8751,2.898,6543
2011-02-01,2.898,2.9164,2.7557,2.8337,61391
2011-02-02,2.8337,2.8934,2.7694,2.8016,37785
2011-02-03,2.8016,2.9348,2.8291,2.9164,15929
2011-02-04,2.9164,2.9118,2.8154,2.8934,21077
2011-02-07,2.8934,2.8934,2.8245,2.8751,30348
2011-02-08,2.8751,2.8475,2.8245,2.8383,3639
2011-02-09,2.8383,2.8291,2.7648,2.8291,2281
2011-02-10,2.8291,2.8934,2.7694,2.7832,63441
2011-02-11,2.7832,2.7602,2.7511,2.7557,91235
2011-02-14,2.7557,2.8016,2.7557,2.7602,782
2011-02-15,2.7602,2.8245,2.7557,2.8062,19101
2011-02-16,2.7602,2.8245,2.7557,2.8062,19101
2011-02-17,2.8062,2.8016,2.8016,2.8016,1406
2011-02-18,2.8016,2.8245,2.7602,2.7602,11302
2011-02-21,2.7602,2.8475,2.7557,2.7648,110510
2011-02-22,2.7648,2.7602,2.3469,2.7005,36303
2011-02-23,2.7005,2.7005,2.5719,2.6362,2769
2011-02-24,2.6362,2.6133,2.4342,2.5076,34259
2011-02-25,2.5076,2.549,2.3515,2.4433,24035
2011-02-28,2.4433,2.6362,2.3882,2.5398,104532
2011-03-01,2.5398,2.6179,2.526,2.5903,42849
2011-03-02,2.5903,2.7511,2.526,2.6408,10351
2011-03-03,2.6408,2.7005,2.5306,2.5811,14350
2011-03-04,2.5811,2.7557,2.4112,2.7143,20751
2011-03-07,2.7143,2.82,2.6638,2.673,2003
2011-03-08,2.673,2.6408,2.5352,2.6179,1576
2011-03-09,2.6179,2.7557,2.7465,2.7511,9260
2011-03-10,2.7511,2.8016,2.6454,2.7327,8574
2011-03-11,2.7327,2.7557,2.7327,2.7557,6373
2011-03-14,2.7557,2.7786,2.7327,2.7739999999999996,23868
2011-03-15,2.7739999999999996,2.7557,2.6225,2.673,9549
2011-03-16,2.673,3.0955,2.6638,2.673,13558
2011-03-17,2.673,2.9623,2.6638,2.673,348
2011-03-18,2.673,2.7557,2.6868,2.6868,19586
2011-03-21,2.6868,2.7786,2.6638,2.673,22622
2011-03-22,2.673,2.7557,2.6179,2.6684,38378
2011-03-23,2.673,2.7557,2.6179,2.6684,38378
2011-03-24,2.6684,2.8245,2.6179,2.7465,42125
2011-03-25,2.7465,2.82,2.7327,2.7557,4685
2011-03-28,2.7557,2.8934,2.7327,2.8567,15056
2011-03-29,2.8567,3.0312,2.7832,3.0083,117190
2011-03-30,3.0083,3.3252,2.9945,3.2149,97363
2011-03-31,3.2149,3.3068,3.1047,3.2609,110304
2011-04-01,3.2609,3.2609,3.0083,3.1047,10344
2011-04-04,3.1047,3.3527,3.0312,3.3114,154220
2011-04-05,3.3114,3.3068,3.1689999999999996,3.2241,55307
2011-04-06,3.2241,3.3481,3.1323,3.2746,96804
2011-04-07,3.2746,3.4446,3.2149,3.4354,110774
2011-04-08,3.4354,3.4446,3.2241,3.4354,166436
2011-04-11,3.4354,3.6145,3.2838,3.3022,56945
2011-04-12,3.3022,3.4446,3.2609,3.3757,187776
2011-04-13,3.3757,3.4583,3.3068,3.3803,117711
2011-04-14,3.3803,3.4446,3.3160000000000003,3.4354,220653
2011-04-15,3.4354,3.5594,3.3757,3.44,106347
2011-04-18,3.44,3.3757,3.2379,3.2746,18410
2011-04-19,3.2746,3.3068,2.9853,3.2149,44638
2011-04-20,3.2149,3.3481,3.2149,3.3298,60319
2011-04-21,3.3298,3.3895,3.3022,3.3527,21686
2011-04-22,3.3527,3.3757,3.2609,3.27,19651
2011-04-25,3.27,3.3986,3.2379,3.2379,109509
2011-04-26,3.2379,3.2379,3.1460000000000004,3.2149,110994
2011-04-27,3.2149,3.2609,3.1369,3.1736,136046
2011-04-28,3.1736,3.2149,3.1277,3.1736,46967
2011-04-29,3.1736,3.2057,2.9899,3.0817,36119
2011-05-02,3.0817,3.3527,3.0312,3.0312,24183
2011-05-03,3.0312,3.2012,2.8705,2.9210000000000003,20299
2011-05-04,2.9210000000000003,3.1552,2.8934,2.9118,15772
2011-05-05,2.9118,3.0542,2.8705,2.8751,4370
2011-05-06,2.8751,3.2149,2.8934,2.898,2153
2011-05-09,2.898,3.1689999999999996,2.9853,3.1001,31974
2011-05-10,3.1001,3.1231,2.9669,2.9761,7809
2011-05-11,2.9761,3.0496,2.8934,2.8934,86089
2011-05-12,2.8934,3.0955,2.8705,2.9348,44638
2011-05-13,2.9348,3.1001,2.8934,2.9164,7833
2011-05-16,2.9164,3.1001,2.8934,2.9164,7833
2011-05-17,2.9164,3.0634,2.8062,2.8245,41189
2011-05-18,2.8245,2.8797,2.8475,2.8797,9986
2011-05-19,2.8797,2.9164,2.8797,2.8797,31
2011-05-20,2.8797,2.8705,2.8705,2.8705,2340
2011-05-23,2.8705,2.9394,2.8705,2.8705,2
2011-05-24,2.8705,2.9118,2.8154,2.8429,2693
2011-05-25,2.8429,2.9394,2.8705,2.8751,17963
2011-05-26,2.8751,3.068,2.8475,2.9899,29138
2011-05-27,2.9899,3.1139,3.0542,3.0771,38669
2011-05-30,3.0771,3.0771,2.9853,3.0312,16885
2011-05-31,3.0312,3.4905,3.0083,3.0404,321532
2011-06-01,3.0404,3.1231,3.0128,3.0817,79445
2011-06-02,3.0817,3.0588,3.0542,3.0542,1560
2011-06-03,3.0542,3.2149,2.898,3.0726,34946
2011-06-06,3.0726,3.2609,3.0312,3.2195,45632
2011-06-07,3.2195,3.2195,3.1277,3.2195,61
2011-06-08,3.2195,3.1919999999999997,2.9853,3.0358,24806
2011-06-09,3.0358,3.1001,2.9853,2.9853,15619
2011-06-10,2.9853,3.0083,2.9807,2.9853,23241
2011-06-13,2.9853,3.0083,2.944,3.0083,799
2011-06-14,3.0083,3.0863,2.9623,2.9623,885
2011-06-15,2.9623,3.1001,2.944,3.1001,7075
2011-06-16,3.1001,3.0771,2.898,3.0771,10021
2011-06-17,3.0771,3.0266,2.898,2.9164,2343
2011-06-20,2.9164,3.0266,2.8475,2.9164,237
2011-06-21,2.9164,2.8751,2.8245,2.8751,2964
2011-06-22,2.8751,2.9853,2.8108,2.8475,8026
2011-06-23,2.8475,2.8934,2.8475,2.8475,23564
2011-06-24,2.8475,2.9853,2.8062,2.8154,8034
2011-06-27,2.8154,2.9853,2.8245,2.9531,1934
2011-06-28,2.9531,2.8475,2.8291,2.8291,3054
2011-06-29,2.8291,2.8475,2.8291,2.8291,3054
2011-06-30,2.8291,2.8062,2.8062,2.8062,780
2011-07-01,2.8062,2.9348,2.6868,2.6868,71331
2011-07-04,2.6868,2.7786,2.6914,2.6914,3198
2011-07-05,2.6914,3.0037,2.6914,2.6914,158
2011-07-06,2.6914,2.7739999999999996,2.7143,2.7694,5616
2011-07-07,2.7694,2.8567,2.7694,2.7694,86
2011-07-08,2.7694,2.8475,2.7557,2.7557,2799
2011-07-11,2.7557,2.8567,2.7557,2.7557,136
2011-07-12,2.7557,2.7557,2.7557,2.7557,1048
2011-07-13,2.7557,2.7557,2.7557,2.7557,1048
2011-07-14,2.7557,2.7557,2.7557,2.7557,6479
2011-07-15,2.7557,2.7786,2.7557,2.7557,519
2011-07-18,2.7557,2.7557,2.7557,2.7557,253
2011-07-19,2.7557,2.8016,2.7786,2.8016,7594
2011-07-20,2.8016,2.9348,2.7832,2.8245,35228
2011-07-21,2.8245,2.8016,2.7327,2.7557,904954
2011-07-22,2.7557,2.9394,2.7557,2.9348,28080
2011-07-25,2.9348,2.9623,2.7648,2.7924,6254
2011-07-26,2.7924,2.9577,2.7097,2.7557,5466
2011-07-27,2.7557,2.9256,2.7097,2.7097,6937
2011-07-28,2.7097,2.8934,2.6638,2.6638,7830
2011-07-29,2.6638,2.8475,2.6684,2.673,2625
2011-08-01,2.673,2.7557,2.6684,2.6684,4838
2011-08-02,2.6684,2.6638,2.6638,2.6638,1179
2011-08-03,2.6638,2.6638,2.6179,2.6179,13212
2011-08-04,2.6179,2.7557,2.5719,2.6179,5
2011-08-05,2.6179,2.4801,2.3882,2.4801,41643
2011-08-08,2.4801,2.6408,2.4112,2.6317,8661
2011-08-09,2.6317,2.6362,2.2964,2.4066,36303
2011-08-10,2.4066,2.6408,2.3423,2.3561,4683
2011-08-11,2.3561,2.4571,2.301,2.4112,2446
2011-08-12,2.4112,2.5719,2.4112,2.4112,2
2011-08-15,2.4112,2.4985,2.1862,2.3653,16066
2011-08-16,2.3653,2.4755,2.1816,2.3653,165
2011-08-17,2.3653,2.3882,2.3653,2.3699,2945
2011-08-18,2.3699,2.5168,2.2964,2.3699,14
2011-08-19,2.3699,2.3882,2.0897,2.2964,51419
2011-08-22,2.2964,2.2964,2.2964,2.2964,780
2011-08-23,2.2964,2.3653,2.2964,2.2964,312
2011-08-24,2.2964,2.4755,2.3653,2.3928,3360
2011-08-25,2.3928,2.3928,2.3653,2.3928,158
2011-08-26,2.3928,2.3928,2.3653,2.3928,158
2011-08-29,2.3928,2.526,2.3928,2.3928,16
2011-08-30,2.3928,2.4755,2.4112,2.4296,13260
2011-08-31,2.3928,2.4755,2.4112,2.4296,13260
2011-09-01,2.3928,2.4755,2.4112,2.4296,13260
2011-09-02,2.3928,2.4755,2.4112,2.4296,13260
2011-09-05,2.4296,2.526,2.3974,2.4204,938
2011-09-06,2.4204,2.4755,2.4112,2.4204,94
2011-09-07,2.4204,2.4755,2.4112,2.4204,94
2011-09-08,2.4204,2.6546,2.4342,2.5031,5157
2011-09-09,2.5031,2.7557,2.4342,2.5031,474
2011-09-12,2.5031,2.4342,2.4342,2.4342,29640
2011-09-13,2.4342,2.4388,2.4342,2.4342,156
2011-09-14,2.4342,2.4571,2.4342,2.4342,165510
2011-09-15,2.4342,2.6408,2.3882,2.4801,615579
2011-09-16,2.4801,2.4342,2.3515,2.4112,834603
2011-09-19,2.4112,2.5168,2.3056,2.4342,307323
2011-09-20,2.4342,2.4571,2.3469,2.4342,681172
2011-09-21,2.4342,2.4939,2.4388,2.4801,37393
2011-09-22,2.4801,2.6408,2.4479,2.5719,173343
2011-09-23,2.5719,2.5719,2.4342,2.5719,159
2011-09-26,2.5719,2.4158,2.4112,2.4112,12012
2011-09-27,2.4112,2.6179,2.526,2.549,50079
2011-09-28,2.549,2.5719,2.526,2.5719,1716
2011-09-29,2.5719,2.6822,2.526,2.6408,6841
2011-09-30,2.6408,2.7051,2.526,2.6225,23403
2011-10-03,2.6225,2.6546,2.526,2.6362,11304
2011-10-04,2.6362,2.7097,2.5765,2.5765,3122
2011-10-05,2.5765,2.8475,2.6822,2.8337,40381
2011-10-06,2.8337,2.8705,2.7005,2.7557,22155
2011-10-07,2.7557,2.82,2.7143,2.7373,65013
2011-10-10,2.7373,2.9394,2.8291,2.898,59257
2011-10-11,2.898,3.1689999999999996,2.8383,3.0174,151314
2011-10-12,3.0174,3.1689999999999996,2.9164,3.0037,21094
2011-10-13,3.0037,2.9945,2.9256,2.9853,41863
2011-10-14,2.9853,3.0542,2.8934,2.9669,77404
2011-10-17,2.9669,3.3252,2.9394,3.2012,205343
2011-10-18,3.2012,3.2609,2.9991,3.0404,18728
2011-10-19,3.0404,3.1001,2.9853,2.9853,44022
2011-10-20,2.9853,3.2609,2.8934,3.2517,25235
2011-10-21,3.2517,3.3068,3.022,3.045,55383
2011-10-24,3.2517,3.3068,3.022,3.045,55383
2011-10-25,3.045,3.5043,3.1047,3.5043,265955
2011-10-26,3.5043,3.9636,3.7201,3.9636,1232841
2011-10-27,3.9636,4.3585,3.835,3.8993,456203
2011-10-28,3.8993,3.9957,3.7018,3.7569,258104
2011-10-31,3.7569,4.2162,3.4446,3.8717,833477
2011-11-01,3.8717,3.8579,3.7661,3.8579,41828
2011-11-02,3.8579,3.9498,3.7661,3.8579,27108
2011-11-03,3.8579,3.9452,3.812,3.9406,126028
2011-11-04,3.9406,3.9911,3.7889999999999997,3.8533,36153
2011-11-07,3.9406,3.9911,3.7889999999999997,3.8533,36153
2011-11-08,3.9406,3.9911,3.7889999999999997,3.8533,36153
2011-11-09,3.9406,3.9911,3.7889999999999997,3.8533,36153
2011-11-10,3.8533,3.9911,3.7477,3.8028,4778
2011-11-11,3.8028,3.9038,3.7661,3.7661,28587
2011-11-14,3.7661,3.9957,3.7661,3.8441,10307
2011-11-15,3.8441,3.8763,3.7431,3.7477,24742
2011-11-16,3.7477,3.8258,3.7201,3.812,20038
2011-11-17,3.812,3.8579,3.7661,3.7982,35685
2011-11-18,3.7982,3.8487,3.7477,3.7982,38424
2011-11-21,3.7982,3.8809,3.6972,3.7247,51017
2011-11-22,3.7247,3.8809,3.7064,3.7247,29628
2011-11-23,3.7247,3.7889999999999997,3.6972,3.7064,44076
2011-11-24,3.7064,3.7385,3.6145,3.6512,12608
2011-11-25,3.6512,3.6742,3.6283,3.6283,9438
2011-11-28,3.6283,3.7889999999999997,3.4951,3.5824,63621
2011-11-29,3.5824,3.8947,3.5824,3.7155,114841
2011-11-30,3.7155,3.8947,3.7018,3.7523,4604
2011-12-01,3.7523,3.7661,3.7201,3.7569,74055
2011-12-02,3.7569,3.6053,3.5824,3.5915,15828
2011-12-05,3.7569,3.6053,3.5824,3.5915,15828
2011-12-06,3.7569,3.6053,3.5824,3.5915,15828
2011-12-07,3.5915,3.6283,3.6007,3.6053,24520
2011-12-08,3.6053,3.6926,3.6283,3.6742,12215
2011-12-09,3.6742,3.7844,3.6512,3.6558,1420
2011-12-12,3.6558,3.6283,3.5824,3.6283,23203
2011-12-13,3.6283,3.6053,3.6053,3.6053,46741
2011-12-14,3.6053,3.7661,3.4446,3.6053,136672
2011-12-15,3.6053,3.5456,3.5364,3.5364,62868
2011-12-16,3.5364,3.5364,3.5364,3.5364,40193
2011-12-19,3.5364,3.6191,3.5824,3.6191,120434
2011-12-20,3.6191,3.6512,3.6283,3.6375,53544
2011-12-21,3.6375,3.7615,3.6375,3.6512,10775
2011-12-22,3.6512,3.6742,3.6512,3.6742,9900
2011-12-23,3.6742,3.665,3.6512,3.6558,1412
2011-12-26,3.6558,3.6788,3.6742,3.6742,28111
2011-12-27,3.6742,3.6742,3.6742,3.6742,16723
2011-12-28,3.6742,3.7661,3.6742,3.7661,20556
2011-12-29,3.7661,3.812,3.7477,3.7798,45524
2011-12-30,3.7798,3.8166,3.7431,3.8166,13283
2012-01-02,3.8166,4.083,3.7661,3.9498,24107
2012-01-03,3.9498,4.409,3.9498,4.409,333065
2012-01-04,4.409,4.8683,4.4366,4.8683,649311
2012-01-05,4.8683,5.2817,4.6571,4.7857,324177
2012-01-06,4.7857,4.9326,4.455,4.703,58104
2012-01-09,4.703,4.7076,4.3815,4.6157,100576
2012-01-10,4.6157,4.5468,4.4779,4.5009,22640
2012-01-11,4.5009,4.5928,4.455,4.5239,131639
2012-01-12,4.5239,4.5239,4.4779,4.4779,65908
2012-01-13,4.4779,4.7994,4.5698,4.7489,54884
2012-01-16,4.7489,4.8454,4.6617,4.7994,27245
2012-01-17,4.7994,5.2587,4.827,5.2541,335671
2012-01-18,5.2541,5.4608,5.0612,5.2771,176146
2012-01-19,5.2771,5.3046,5.075,5.2771,185843
2012-01-20,5.2771,5.6032,5.2863,5.3965,227197
2012-01-23,5.3965,5.7409,5.5343,5.6766,398110
2012-01-24,5.6766,5.8466,5.5572,5.6537,113869
2012-01-25,5.6537,5.8007,5.6261,5.7501,47129
2012-01-26,5.7501,6.2094,5.718,6.2094,421008
2012-01-27,6.2094,6.6136,6.2002,6.2232,212199
2012-01-30,6.2232,6.1543,5.8604,5.9063,81496
2012-01-31,5.9063,5.9798,5.7639,5.9706,42825
2012-02-01,5.9706,6.1727,5.8558,6.0395,42686
2012-02-02,6.0395,6.0578,5.8787,5.9568,69925
2012-02-03,5.9568,6.1497,5.8374,6.0854,46741
2012-02-06,6.0854,6.4299,6.0854,6.3793,137687
2012-02-07,6.3793,6.6595,6.2094,6.5676,217573
2012-02-08,6.5676,7.0269,6.6595,7.0269,287979
2012-02-09,7.0269,7.4862,7.082000000000001,7.4449,544161
2012-02-10,7.4449,7.5781,6.9856,6.9856,207622
2012-02-13,6.9856,7.4449,6.7973,7.4449,185373
2012-02-14,7.4449,7.9041,7.3576,7.7985,479762
2012-02-15,7.7985,7.8995,7.601,7.7939,147314
2012-02-16,7.7939,7.9133,7.6745,7.7985,685225
2012-02-17,7.7985,8.2578,7.624,7.9041,315327
2012-02-20,7.9041,8.3267,7.7158,8.2716,267308
2012-02-21,8.2716,8.7308,8.221,8.7308,430499
2012-02-22,8.7308,9.1809,8.5885,8.7538,151952
2012-02-23,8.7538,8.91,8.4966,8.6895,93737
2012-02-24,8.6895,8.9467,8.6114,8.7676,206316
2012-02-27,8.7676,9.2269,8.7951,9.2269,128610
2012-02-28,9.2269,9.6861,9.6861,9.6861,8591
2012-02-29,9.6861,10.1684,10.1684,10.1684,18353
2012-03-01,10.1684,10.6736,10.4715,10.6736,461482
2012-03-02,10.6736,11.2063,10.8573,11.2063,423921
2012-03-05,11.2063,11.7666,11.7666,11.7666,47845
2012-03-06,11.7666,12.3545,12.3545,12.3545,30799
2012-03-07,12.3545,12.97,12.6301,12.97,300520
2012-03-08,12.97,13.6175,13.1812,13.4889,507966
2012-03-09,13.4889,13.7369,12.8184,12.8368,503485
2012-03-12,12.8368,13.0434,12.1984,12.2076,407820
2012-03-13,12.2076,12.4923,11.6702,11.8539,513109
2012-03-14,11.8539,12.4464,11.7115,12.4372,618350
2012-03-15,12.4372,12.8597,12.3545,12.5612,432451
2012-03-16,12.5612,13.0526,12.079,12.3637,318307
2012-03-19,12.3637,12.9791,12.3545,12.4234,501772
2012-03-20,12.4234,13.0434,12.4004,12.9332,494277
2012-03-21,12.9332,13.2731,12.3086,12.4096,466660
2012-03-22,12.4096,12.6301,12.18,12.3224,81157
2012-03-23,12.4096,12.6301,12.18,12.3224,81157
2012-03-26,12.3224,12.7449,12.4004,12.4785,84742
2012-03-27,12.4785,12.9516,12.4831,12.8,488673
2012-03-28,12.8,13.1353,12.4004,12.4556,424223
2012-03-29,12.4556,12.5612,12.1341,12.203,102966
2012-03-30,12.203,12.8092,12.1478,12.6025,261957
2012-04-02,12.6025,12.8597,12.4693,12.6209,244340
2012-04-03,12.6209,12.9516,12.4004,12.7495,160515
2012-04-04,12.7495,13.3833,12.9975,13.3833,1524192
2012-04-05,13.3833,14.0492,13.5946,14.0492,508256
2012-04-06,14.0492,14.7473,14.6968,14.7473,69163
2012-04-09,14.7473,15.4822,15.4822,15.4822,16038
2012-04-10,15.4822,16.2538,16.2538,16.2538,24007
2012-04-11,16.2538,17.0621,16.6028,17.0621,1071520
2012-04-12,17.0621,17.9118,17.4525,17.9118,688536
2012-04-13,17.9118,18.8073,18.371,18.8073,523779
2012-04-16,18.8073,19.7443,17.8704,18.8257,1208368
2012-04-17,18.8257,19.7029,18.7155,18.8946,651571
2012-04-18,18.8946,19.3814,18.4216,18.6512,324049
2012-04-19,18.6512,18.9681,17.774,18.0358,401917
2012-04-20,18.0358,18.417,17.4525,17.5627,325903
2012-04-23,17.5627,18.4399,17.4525,18.4399,223350
2012-04-24,18.4399,19.3585,18.8533,19.0508,853446
2012-04-25,19.0508,19.7029,18.371,18.4078,507512
2012-04-26,18.4078,18.8303,17.5903,18.022000000000002,441149
2012-04-27,18.022000000000002,18.5547,17.526,18.0817,231126
2012-04-30,18.0817,18.3251,17.6132,17.7326,135940
2012-05-01,18.0817,18.3251,17.6132,17.7326,135940
2012-05-02,17.7326,18.1322,17.6821,17.8291,246627
2012-05-03,17.8291,18.7201,17.7969,18.6236,623365
2012-05-04,18.6236,18.8303,18.0128,18.293,243591
2012-05-07,18.293,19.2069,18.371,19.2069,800877
2012-05-08,19.2069,19.7443,18.7614,18.8257,368169
2012-05-09,18.8257,19.0324,18.0955,18.394000000000002,990595
2012-05-10,18.394000000000002,18.6925,18.0082,18.0358,116944
2012-05-11,18.0358,18.1414,17.4525,17.526,261214
2012-05-14,17.526,17.727999999999998,17.4525,17.4617,104511
2012-05-15,17.4617,17.8199,17.3423,17.4066,180077
2012-05-16,17.4066,17.2504,16.5385,16.5385,256363
2012-05-17,16.5385,17.108,15.7118,16.5064,1012690
2012-05-18,16.5064,16.9794,15.6843,15.7118,201708
2012-05-21,15.7118,16.488,15.62,16.1619,362527
2012-05-22,16.1619,16.9657,16.2354,16.9657,271535
2012-05-23,16.9657,17.6362,17.108,17.4433,600399
2012-05-24,17.4433,17.8658,16.9978,17.727999999999998,160290
2012-05-25,17.727999999999998,18.1414,17.5903,17.6362,236752
2012-05-28,17.6362,18.518,17.7051,18.518,542691
2012-05-29,18.518,19.0691,18.1001,18.3481,271818
2012-05-30,18.3481,18.1414,17.5214,17.604,154571
2012-05-31,17.604,18.371,17.3652,18.1047,295760
2012-06-01,18.1047,18.8533,17.9164,18.5685,247441
2012-06-04,18.5685,18.6925,18.0266,18.1552,113911
2012-06-05,18.1552,18.5961,17.8199,18.1184,45869
2012-06-06,18.1184,18.5547,17.8429,17.9072,112239
2012-06-07,17.9072,18.2562,17.0162,17.2734,103046
2012-06-08,17.2734,17.5903,16.7636,16.9886,85268
2012-06-11,16.9886,17.5214,16.6028,17.1907,42771
2012-06-12,17.1907,17.1907,16.4237,16.8554,146439
2012-06-13,16.8554,17.4066,16.7636,16.86,30595
2012-06-14,16.86,17.4938,16.9978,17.1815,126461
2012-06-15,17.1815,18.0404,17.154,17.9209,269715
2012-06-18,17.9209,18.8165,17.9118,18.6604,212956
2012-06-19,18.6604,19.1656,18.169,18.394000000000002,293317
2012-06-20,18.394000000000002,18.7155,18.0725,18.0909,62411
2012-06-21,18.0909,17.9577,17.6178,17.6638,113941
2012-06-22,17.6638,18.5456,17.4066,18.5226,252974
2012-06-25,18.5226,18.8303,17.7556,17.8015,87363
2012-06-26,17.8015,18.2149,17.7602,17.8153,39062
2012-06-27,17.8153,18.5502,17.8429,18.4124,196499
2012-06-28,18.4124,18.6007,18.1873,18.4445,80501
2012-06-29,18.4445,18.8303,18.0128,18.4904,83571
2012-07-02,18.4904,18.5547,18.2378,18.4537,438767
2012-07-03,18.4537,18.5961,18.1873,18.2516,174491
2012-07-04,18.2516,18.5685,18.371,18.3756,118839
2012-07-05,18.3756,18.7385,18.4032,18.5042,7710
2012-07-06,18.5042,19.1288,18.417,18.8854,408261
2012-07-09,18.8854,19.1977,18.8533,19.1059,235373
2012-07-10,19.1059,20.0612,19.1059,20.0612,712742
2012-07-11,20.0612,21.0624,20.2081,21.0624,634156
2012-07-12,21.0624,22.1141,21.3104,22.1141,773144
2012-07-13,22.1141,23.0786,21.8156,22.4264,828527
2012-07-16,22.4264,23.0786,22.0452,22.307,640015
2012-07-17,22.307,23.4185,22.2749,23.3817,1263095
2012-07-18,23.3817,23.8823,23.0373,23.4185,713950
2012-07-19,23.4185,24.0201,22.9684,23.3909,562102
2012-07-20,23.3909,23.5287,22.8719,23.0051,198388
2012-07-23,23.0051,22.9638,22.6423,22.9546,53040
2012-07-24,22.9546,22.826,22.555,22.6423,56160
2012-07-25,22.6423,23.7721,22.6882,23.57,702000
2012-07-26,23.57,23.9237,23.3083,23.4185,103740
2012-07-27,23.4185,24.1074,23.0189,23.9145,452400
2012-07-30,23.9145,23.8823,23.2623,23.8089,145080
2012-07-31,23.8089,24.709,23.8823,24.3462,635700
2012-08-01,24.3462,25.3291,24.3875,24.9249,562380
2012-08-02,24.9249,24.7963,23.6803,23.7216,811980
2012-08-03,23.7216,22.973000000000003,22.5367,22.5367,576420
2012-08-06,22.5367,22.8306,21.6549,21.9672,668460
2012-08-07,21.9672,22.3208,21.6319,22.0223,215280
2012-08-08,22.0223,22.2473,21.8661,21.9855,120120
2012-08-09,21.9855,22.6423,21.4252,21.9626,225420
2012-08-10,21.9626,22.2703,21.8156,22.0131,28080
2012-08-13,22.0131,22.7342,22.0039,22.0912,305760
2012-08-14,22.0131,22.7342,22.0039,22.0912,305760
2012-08-15,22.0912,22.3438,21.4941,22.0682,297180
2012-08-16,22.0682,22.9638,21.9534,22.6193,538980
2012-08-17,22.0682,22.9638,21.9534,22.6193,538980
2012-08-20,22.0682,22.9638,21.9534,22.6193,538980
2012-08-21,22.0682,22.9638,21.9534,22.6193,538980
2012-08-22,22.0682,22.9638,21.9534,22.6193,538980
2012-08-23,22.6193,23.7492,22.183000000000003,23.7492,877500
2012-08-24,23.7492,24.9341,23.6986,24.9341,853320
2012-08-27,24.9341,26.0639,25.1683,25.7746,370500
2012-08-28,25.7746,26.0731,24.9157,25.5909,459420
2012-08-29,25.5909,26.638,25.2602,25.3474,327600
2012-08-30,25.3474,26.0869,25.5357,25.7424,141180
2012-08-31,25.7424,26.1787,25.2602,25.7332,157560
2012-09-03,25.7332,27.0192,26.1787,27.0192,655980
2012-09-04,27.0192,28.3695,27.5106,28.3649,907140
2012-09-05,28.3649,29.5957,28.3603,28.9803,1415700
2012-09-06,28.9803,29.4396,28.4751,28.8701,725400
2012-09-07,28.8701,29.1548,28.4981,28.6083,131820
2012-09-10,28.6083,29.0446,27.5841,27.6806,151320
2012-09-11,27.6806,28.2914,27.3269,27.4555,365040
2012-09-12,27.4555,28.6956,27.0973,27.5382,1954680
2012-09-13,27.5382,27.6943,27.0973,27.5566,485940
2012-09-14,27.5566,27.7862,27.1065,27.1845,196560
2012-09-17,27.1845,27.5106,26.739,26.8401,33540
2012-09-18,26.8401,27.7632,26.7528,27.3361,152100
2012-09-19,27.3361,27.3728,26.660999999999998,26.785,99840
2012-09-20,26.785,27.0973,26.6334,26.6426,207480
2012-09-21,26.785,27.0973,26.6334,26.6426,207480
2012-09-24,26.6426,26.9136,26.2798,26.3762,31980
2012-09-25,26.3762,26.638,25.9491,26.3946,288600
2012-09-26,26.3946,26.5875,25.9721,26.4038,243360
2012-09-27,26.4038,26.638,25.995,26.3487,74100
2012-09-28,26.3487,26.8585,26.2247,26.7896,49920
2012-10-01,26.7896,27.506,26.7758,26.8585,289380
2012-10-02,26.8585,27.5566,26.5921,26.9273,489060
2012-10-03,26.9273,27.0973,26.8217,27.0513,15600
2012-10-04,27.0513,28.1077,26.9871,27.7816,255840
2012-10-05,27.7816,28.4292,27.5566,27.9745,55380
2012-10-08,27.9745,28.1306,27.5566,27.5566,80340
2012-10-09,27.5566,28.9344,27.3269,28.9344,427440
2012-10-10,28.9344,29.9861,29.0308,29.2788,201240
2012-10-11,29.2788,30.0826,28.9344,29.9218,306540
2012-10-12,29.9218,31.1206,30.0951,30.254,286260
2012-10-15,30.254,31.655,30.2348,31.2891,654420
2012-10-16,31.2891,31.2458,30.5718,30.7066,97500
2012-10-17,30.7066,30.8077,29.9459,30.2829,60840
2012-10-18,30.2829,31.5106,30.5718,30.8414,101400
2012-10-19,30.8414,32.1605,31.241,31.7417,556140
2012-10-22,31.7417,31.7513,31.0532,31.4432,204360
2012-10-23,31.4432,32.0161,30.8847,30.9954,81120
2012-10-24,30.9954,31.0532,30.4033,30.6103,77220
2012-10-25,30.6103,30.8125,30.3311,30.5862,64740
2012-10-26,30.6103,30.8125,30.3311,30.5862,64740
2012-10-29,30.6103,30.8125,30.3311,30.5862,64740
2012-10-30,30.5862,31.0532,29.8544,30.3599,425100
2012-10-31,30.3599,30.8125,29.8544,30.1288,581880
2012-11-01,30.1288,30.7403,29.994,30.2444,379080
2012-11-02,30.2444,30.4514,29.994,30.1866,49920
2012-11-05,30.1866,30.3792,29.7533,30.2444,95160
2012-11-06,30.2444,30.1962,29.6185,29.9459,57720
2012-11-07,29.9459,30.2107,29.6089,29.6137,94380
2012-11-08,29.6137,29.656999999999996,29.2959,29.3585,91260
2012-11-09,29.6137,29.656999999999996,29.2959,29.3585,91260
2012-11-12,29.3585,29.4885,29.2237,29.3441,35100
2012-11-13,29.3441,29.4645,29.2237,29.3104,66300
2012-11-14,29.3104,29.8015,29.0119,29.6185,708240
2012-11-15,29.6185,30.3262,29.6089,29.8303,240240
2012-11-16,29.8303,30.3792,29.8544,29.9074,92040
2012-11-19,29.9074,30.0903,29.8496,29.9796,145080
2012-11-20,29.9796,30.1385,29.3778,29.4982,265980
2012-11-21,29.4982,29.4885,29.1756,29.1804,77220
2012-11-22,29.1948,29.6089,29.0793,29.3682,73320
2012-11-23,29.3682,29.9892,29.1034,29.1371,292500
2012-11-26,29.1371,29.5848,29.1756,29.4404,117000
2012-11-27,29.4404,30.9088,29.3682,30.9088,730080
2012-11-28,30.9088,32.4542,31.5395,31.6695,884520
2012-11-29,31.6695,32.0161,30.5718,31.5106,741780
2012-11-30,31.5106,31.0532,30.2107,30.3503,418080
2012-12-03,30.3503,31.3421,30.3311,31.058000000000003,1501500
2012-12-04,31.058000000000003,31.2939,30.6681,31.034000000000002,440700
2012-12-05,31.034000000000002,30.8558,30.5718,30.7114,721500
2012-12-06,30.7114,31.1736,30.3359,30.7547,837720
2012-12-07,30.7547,31.7754,30.8606,30.904,928980
2012-12-10,30.904,30.9569,30.3359,30.566999999999997,43680
2012-12-11,30.566999999999997,30.3359,30.0903,30.0951,127920
2012-12-12,30.0951,30.4514,30.1288,30.3262,67860
2012-12-13,30.3262,31.838,30.6199,31.655,881400
2012-12-14,31.655,32.6901,31.3902,32.1557,277680
2012-12-17,32.1557,33.7589,32.1605,33.7541,1138800
2012-12-18,33.7541,35.0974,33.8263,34.7507,918060
2012-12-19,34.7507,35.3381,34.0141,34.2308,361920
2012-12-20,34.2308,34.9048,33.8456,34.6015,341640
2012-12-21,34.6015,34.5918,33.9419,33.9708,191880
2012-12-24,33.9708,34.4715,33.6049,34.0526,46800
2012-12-25,33.9708,34.4715,33.6049,34.0526,46800
2012-12-26,34.0526,34.1345,33.5423,33.6001,577980
2012-12-27,33.6001,34.0334,33.5808,33.6241,181740
2012-12-28,33.6241,33.7012,33.369,33.6097,52260
2012-12-31,33.6097,34.586999999999996,33.653,34.0045,443820
2013-01-01,34.0045,34.1826,33.7012,33.7493,513240
2013-01-02,33.7493,33.7493,32.4976,32.6612,290940
2013-01-03,32.6612,33.316,32.5457,33.0753,35100
2013-01-04,33.0753,33.5278,33.1234,33.2197,109980
2013-01-07,33.2197,33.629,32.2568,32.5601,113880
2013-01-08,32.5601,33.7012,32.8635,33.6867,242580
2013-01-09,33.6867,34.1874,33.4604,33.7541,457860
2013-01-10,33.7541,34.1345,33.2197,33.2823,88140
2013-01-11,33.2823,33.5808,33.0512,33.1379,431340
2013-01-14,33.1379,33.9419,32.8346,33.7108,81900
2013-01-15,33.7108,33.5375,32.0257,32.1413,363480
2013-01-16,32.1413,32.4976,31.7754,32.0643,244140
2013-01-17,32.0643,33.3401,32.4976,32.926,251940
2013-01-18,32.926,34.1104,33.4123,33.705999999999996,88920
2013-01-21,33.705999999999996,34.9048,33.5567,34.6496,407160
2013-01-22,34.6496,36.378,34.8566,36.378,744900
2013-01-23,36.378,38.1931,36.8546,38.0149,844740
2013-01-24,38.0149,39.0934,38.2268,38.5204,616980
2013-01-25,38.0149,39.0934,38.2268,38.5204,616980
2013-01-28,38.5204,39.1896,38.2797,38.4338,281580
2013-01-29,38.4338,39.4304,37.986,38.4386,1084200
2013-01-30,38.4386,38.973,37.9138,38.0149,292500
2013-01-31,38.0149,38.246,37.3409,37.4757,279240
2013-02-01,37.4757,37.7357,37.2157,37.3168,120120
2013-02-04,37.3168,38.0342,36.8787,37.0328,341640
2013-02-05,37.3168,38.0342,36.8787,37.0328,341640
2013-02-06,37.0328,37.6972,37.0376,37.5238,141960
2013-02-07,37.5238,37.7935,37.2157,37.5142,143520
2013-02-08,37.5142,37.5527,37.0713,37.5335,310440
2013-02-11,37.5335,37.7886,37.3361,37.6201,100620
2013-02-12,37.6201,39.2378,37.6972,38.4193,341640
2013-02-13,38.4193,39.0452,38.5638,38.7371,198120
2013-02-14,38.7371,38.973,38.0534,38.4771,175500
2013-02-15,38.4771,38.5156,37.5768,37.8657,66300
2013-02-18,37.8657,38.5156,37.5624,38.1112,178620
2013-02-19,38.1112,38.2749,37.5527,37.6346,84240
2013-02-20,37.6346,38.2749,37.6249,37.8272,78780
2013-02-21,37.8272,38.299,37.7983,37.9138,35100
2013-02-22,37.9138,38.0101,36.3491,36.6428,703560
2013-02-25,36.6428,37.1676,36.3539,36.5658,277680
2013-02-26,36.5658,37.0713,36.1565,36.7054,538200
2013-02-27,36.7054,37.0665,36.0843,36.1084,560820
2013-02-28,36.1084,36.325,35.8677,36.1036,392340
2013-03-01,36.1036,36.5898,35.8966,36.0266,322920
2013-03-04,36.0266,36.1084,35.1455,35.9303,31980
2013-03-05,35.9303,36.1084,35.626999999999995,36.0988,70200
2013-03-06,36.0988,37.649,36.1084,36.9461,595920
2013-03-07,36.9461,37.1868,36.1132,36.9702,100620
2013-03-08,36.9702,37.0713,35.1262,35.2611,1257360
2013-03-11,35.2611,35.626999999999995,34.2789,35.1022,273000
2013-03-12,35.1022,36.1084,35.3862,35.7714,70980
2013-03-13,35.7714,37.0713,36.1084,36.5898,237900
2013-03-14,36.5898,38.0342,35.7714,37.4564,529620
2013-03-15,37.4564,37.4757,36.8354,37.2157,21060
2013-03-18,37.2157,36.5898,35.7088,36.378,39000
2013-03-19,36.378,37.1916,36.638000000000005,36.8498,185640
2013-03-20,36.8498,38.0342,37.312,37.4131,93600
2013-03-21,37.4131,38.0342,37.6009,37.8416,81900
2013-03-22,37.8416,38.0342,37.3072,37.5287,127140
2013-03-25,37.5287,38.0245,37.5527,37.6346,205140
2013-03-26,37.6346,37.5768,37.3602,37.3602,95160
2013-03-27,37.3602,37.4564,37.0713,37.1916,48360
2013-03-28,37.1916,37.0713,36.6621,37.0713,14820
2013-03-29,37.0713,37.7886,37.1965,37.5383,35880
2013-04-01,37.5383,38.9971,37.5527,38.5493,315900
2013-04-02,38.5493,39.96,38.7563,39.3774,346320
2013-04-03,39.3774,40.918,39.2378,40.7255,1138800
2013-04-04,40.7255,40.918,38.713,40.1911,527280
2013-04-05,40.1911,41.4091,40.4414,40.504,339300
2013-04-08,40.504,40.9228,39.4785,39.7289,581880
2013-04-09,39.7289,39.96,39.2378,39.2907,401700
2013-04-10,39.2907,39.2378,38.3086,38.4867,353340
2013-04-11,38.4867,38.9971,38.0871,38.299,166140
2013-04-12,38.299,39.3341,38.299,39.1415,251940
2013-04-15,39.1415,38.5204,37.1916,37.5479,117000
2013-04-16,37.5479,37.8416,36.638000000000005,37.0761,291720
2013-04-17,37.0761,37.5527,36.8306,37.3313,132600
2013-04-18,37.3313,38.0294,37.5527,38.0294,67860
2013-04-19,38.0294,38.0342,37.5527,37.5816,198120
2013-04-22,37.5816,38.5156,37.312,38.3086,38220
2013-04-23,38.3086,39.4785,38.2749,38.9537,95160
2013-04-24,38.9537,40.8747,38.9971,39.6518,865800
2013-04-25,39.6518,39.7626,39.1463,39.3052,390000
2013-04-26,39.3052,39.6711,38.635999999999996,38.8286,76440
2013-04-29,38.8286,38.5686,37.986,38.0438,148200
2013-04-30,38.0438,38.1545,37.5527,37.7549,166140
2013-05-01,38.0438,38.1545,37.5527,37.7549,166140
2013-05-02,37.7549,38.4675,37.9138,38.0101,184080
2013-05-03,38.0101,38.4434,37.5768,37.8368,49920
2013-05-06,37.8368,38.3616,37.7935,38.2797,82680
2013-05-07,38.2797,38.0342,37.6057,37.8464,65520
2013-05-08,37.8464,38.8045,38.0294,38.0727,421980
2013-05-09,38.0727,38.5156,38.0342,38.1401,311220
2013-05-10,38.1401,39.3341,38.0342,38.0582,67080
2013-05-13,38.0582,38.9971,38.1064,38.2508,354900
2013-05-14,38.2508,38.3712,37.6057,37.7742,363480
2013-05-15,37.7742,37.8416,37.0713,37.1772,258960
2013-05-16,37.1772,37.7935,37.1916,37.702,450840
2013-05-17,37.702,38.5108,37.7935,38.3856,605280
2013-05-20,38.3856,39.1415,38.1545,39.025999999999996,754260
2013-05-21,39.025999999999996,39.3582,38.9971,39.1511,279240
2013-05-22,39.1511,40.4414,39.2378,39.6278,1038180
2013-05-23,39.6278,39.9118,38.2749,38.4723,457860
2013-05-24,38.4723,38.9971,38.5156,38.635999999999996,70980
2013-05-27,38.635999999999996,38.7612,38.1305,38.4193,153660
2013-05-28,38.4193,38.5397,37.9523,38.1979,910260
2013-05-29,38.1979,38.3953,36.5947,36.8883,1208220
2013-05-30,36.8883,38.0342,36.3491,37.5912,1597440
2013-05-31,37.5912,39.4689,37.986,39.0789,1841580
2013-06-03,39.0789,41.0191,39.0934,40.8458,2041260
2013-06-04,40.8458,42.6994,41.2358,42.2998,1278420
2013-06-05,42.2998,42.7716,41.0914,41.3321,868920
2013-06-06,41.3321,41.4043,39.5411,39.8059,1400880
2013-06-07,39.8059,40.1766,38.9778,39.2811,1134900
2013-06-10,39.2811,39.1896,38.3712,38.5253,370500
2013-06-11,38.5253,39.6181,38.3519,39.1319,668460
2013-06-12,39.1319,39.4785,38.323,38.4338,467220
2013-06-13,38.4338,40.3547,38.9971,40.3547,2019420
2013-06-14,40.3547,41.8809,40.4125,41.2839,1266720
2013-06-17,41.2839,41.8809,40.1044,40.4703,334620
2013-06-18,40.4703,40.8747,39.96,40.037,210600
2013-06-19,40.037,41.2839,40.4414,40.764,287820
2013-06-20,40.764,40.6821,40.0081,40.2536,211380
2013-06-21,40.2536,40.6677,39.7096,40.1959,105300
2013-06-24,40.1959,42.1216,39.6229,40.3114,1700400
2013-06-25,40.3114,42.2709,39.8155,40.9228,1194180
2013-06-26,40.9228,41.4043,40.4414,40.8025,252720
2013-06-27,40.8025,41.515,40.7351,41.101000000000006,421980
2013-06-28,41.101000000000006,41.8857,40.7784,41.3224,358800
2013-07-01,41.3224,42.4875,40.9228,42.3672,293280
2013-07-02,42.3672,44.4855,42.8005,44.4807,1039740
2013-07-03,44.4807,45.2559,44.293,44.4133,202800
2013-07-04,44.4133,45.0392,43.3541,44.2256,592800
2013-07-05,44.2256,45.4484,44.5337,44.7889,1014000
2013-07-08,44.7889,46.0984,44.9285,45.7036,1247220
2013-07-09,45.7036,47.9857,46.2139,47.9808,4545840
2013-07-10,47.9808,49.6852,47.952,48.9967,4302480
2013-07-11,48.9967,48.7704,47.4705,47.9231,569400
2013-07-12,47.9231,48.3853,47.4464,47.7449,411060
2013-07-15,47.7449,48.6212,47.2779,47.7594,453180
2013-07-16,47.7594,47.9038,47.4224,47.431999999999995,232440
2013-07-17,47.431999999999995,47.8075,46.4595,46.6569,293280
2013-07-18,46.6569,47.7834,46.2187,46.9024,925860
2013-07-19,46.9024,49.247,47.302,49.247,769080
2013-07-22,49.247,51.7072,49.8296,51.6061,1697280
2013-07-23,51.6061,53.1516,51.0332,52.361999999999995,882960
2013-07-24,52.361999999999995,54.957,52.568999999999996,54.5092,1056120
2013-07-25,54.5092,57.2342,54.4274,57.2342,1872000
2013-07-26,57.2342,60.0603,58.1971,59.833999999999996,1681680
2013-07-29,59.833999999999996,62.8238,58.5678,59.8051,3693300
2013-07-30,59.8051,60.6621,56.8154,58.4475,1318980
2013-07-31,58.4475,59.6992,57.2968,57.706,630240
2013-08-01,57.706,59.2178,55.3662,55.9584,701220
2013-08-02,57.706,59.2178,55.3662,55.9584,701220
2013-08-05,55.9584,56.3291,53.1612,53.2286,968760
2013-08-06,53.2286,54.3792,50.571000000000005,50.6095,899340
2013-08-07,50.6095,52.958999999999996,50.0799,52.7038,702000
2013-08-08,50.6095,52.958999999999996,50.0799,52.7038,702000
2013-08-09,50.6095,52.958999999999996,50.0799,52.7038,702000
2013-08-12,52.7038,55.3373,51.5195,55.3373,478920
2013-08-13,55.3373,57.5327,55.8477,56.0113,516360
2013-08-14,55.3373,57.5327,55.8477,56.0113,516360
2013-08-15,56.0113,56.8105,53.5656,55.3036,691080
2013-08-16,55.3036,56.0884,54.2107,54.4659,644280
2013-08-19,54.4659,54.1626,52.4775,52.5546,301860
2013-08-20,52.5546,54.4033,49.9307,50.0222,1088100
2013-08-21,50.0222,50.7925,47.5235,47.6149,953940
2013-08-22,47.6149,48.5056,45.8336,46.315,1045200
2013-08-23,46.315,47.4224,43.9993,44.0619,1074060
2013-08-26,44.0619,46.2621,44.7648,46.2621,1037400
2013-08-27,46.2621,47.6631,44.7744,44.9092,521820
2013-08-28,44.9092,44.2978,42.6657,43.2001,1126320
2013-08-29,43.2001,44.4855,41.0432,41.0432,772980
2013-08-30,41.0432,40.2007,38.9923,38.9923,1038960
2013-09-02,38.9923,38.0342,37.0472,37.0472,1278420
2013-09-03,37.0472,38.1786,35.1985,35.1985,1233180
2013-09-04,35.1985,35.858000000000004,33.4412,33.4701,2346240
2013-09-05,33.4701,35.1407,31.7995,35.1407,3751800
2013-09-06,35.1407,36.8932,36.1084,36.8932,766740
2013-09-09,36.8932,38.7371,37.5527,38.7371,1740180
2013-09-10,38.7371,40.6725,40.3933,40.6725,365820
2013-09-11,40.6725,42.7042,42.7042,42.7042,172380
2013-09-12,42.7042,44.836999999999996,41.645,42.2998,4130100
2013-09-13,42.2998,43.6671,40.8747,43.2193,2499120
2013-09-16,43.2193,44.5818,41.0625,43.0701,2438280
2013-09-17,43.0701,45.0007,42.4875,42.8246,3241680
2013-09-18,42.8246,44.9622,42.0109,44.8322,5973240
2013-09-19,44.8322,46.2091,44.3941,44.8466,3744000
2013-09-20,44.8466,46.2187,43.956,45.6892,2072460
2013-09-23,45.6892,47.1816,45.5929,46.5124,1237080
2013-09-24,46.5124,47.0613,44.7744,45.1259,1638780
2013-09-25,45.1259,45.7373,44.7985,45.4244,1410240
2013-09-26,45.4244,46.2139,44.2978,45.303999999999995,1386060
2013-09-27,45.303999999999995,45.8384,44.7744,44.8611,541320
2013-09-30,44.8611,45.303999999999995,42.8486,44.5674,772200
2013-10-01,44.5674,46.6954,43.9319,46.5124,1332240
2013-10-02,46.5124,47.0853,45.6073,45.8288,689520
2013-10-03,45.8288,47.0372,45.4244,46.835,1166880
2013-10-04,46.835,47.0853,45.978,46.1128,402480
2013-10-07,46.1128,46.4595,45.3762,45.6555,382980
2013-10-08,45.6555,47.3261,45.5207,46.4161,1566240
2013-10-09,46.4161,46.8446,45.7373,45.7951,563160
2013-10-10,45.7951,45.978,44.8755,45.4147,374400
2013-10-11,45.4147,46.4258,45.5929,45.8528,522600
2013-10-14,45.8528,46.0502,45.2607,45.7373,189540
2013-10-15,45.8528,46.0502,45.2607,45.7373,189540
2013-10-16,45.8528,46.0502,45.2607,45.7373,189540
2013-10-17,45.8528,46.0502,45.2607,45.7373,189540
2013-10-18,45.8528,46.0502,45.2607,45.7373,189540
2013-10-21,45.7373,47.4175,45.978,46.912,1298700
2013-10-22,46.912,49.2567,47.0372,49.2567,1840800
2013-10-23,49.2557,51.7157,49.5047,49.7294,1175850
2013-10-24,49.7294,50.263999999999996,48.9823,49.6626,603850
2013-10-25,49.6626,50.7195,49.3225,50.1182,559650
2013-10-28,50.1182,50.8714,48.5936,48.794,503100
2013-10-29,48.794,49.0491,47.4395,47.6581,274300
2013-10-30,47.6581,48.5936,47.56100000000001,47.7736,300950
2013-10-31,47.7736,48.3506,47.075,48.2352,491400
2013-11-01,48.2352,49.0734,47.9922,48.1259,562250
2013-11-04,48.1259,47.4091,45.7205,45.8602,861250
2013-11-05,45.8602,46.0971,45.1313,45.6537,562250
2013-11-06,46.0303,46.9839,45.8602,46.1882,521950
2013-11-07,45.9209,47.9861,45.7994,46.6559,492050
2013-11-08,46.5283,47.1358,46.2246,46.3522,260650
2013-11-11,46.3522,47.2269,46.3461,46.9475,419900
2013-11-12,47.3787,49.2921,47.3787,48.0226,2000050
2013-11-13,48.387,48.387,46.8381,47.3362,588900
2013-11-14,48.387,48.387,46.8381,47.3362,588900
2013-11-15,48.387,48.387,46.8381,47.3362,588900
2013-11-18,48.2899,49.6262,47.9922,49.2253,1371500
2013-11-19,49.3832,51.2662,49.2739,50.1546,1980550
2013-11-20,50.7803,51.1144,49.5047,49.9542,670150
2013-11-21,49.3285,50.6163,49.3285,49.9117,269100
2013-11-22,49.9117,50.0453,49.2071,49.7902,183950
2013-11-25,50.1182,50.7803,49.9603,50.0939,199550
2013-11-26,50.1121,50.1121,49.201,49.365,172250
2013-11-27,49.528999999999996,49.6808,48.7576,48.9823,140400
2013-11-28,49.8084,50.1121,48.9094,49.8752,411450
2013-11-29,49.8084,50.756,49.5351,50.4462,687050
2013-12-02,50.9321,50.9625,50.1121,50.3976,703300
2013-12-03,50.5677,51.327,49.8084,50.7985,1501500
2013-12-04,50.7195,51.9344,50.5981,51.6367,1375400
2013-12-05,51.8676,54.2183,51.0293,53.9996,3320850
2013-12-06,54.3337,55.2023,53.4226,53.7202,971750
2013-12-09,54.0603,55.093,53.7566,54.0178,861250
2013-12-10,54.6678,56.7148,54.6678,55.7976,3975400
2013-12-11,55.9433,56.7937,55.8826,56.4171,1459900
2013-12-12,56.7634,57.8567,56.3382,57.6806,1016600
2013-12-13,58.2455,58.2455,56.9456,57.0306,550550
2013-12-16,57.2493,59.5879,56.7937,58.9379,2148900
2013-12-17,59.4907,60.1345,58.61600000000001,59.4299,945750
2013-12-18,59.7033,60.5597,59.5271,60.0617,1127750
2013-12-19,60.1345,60.5597,58.9197,58.9744,555100
2013-12-20,58.7982,58.9136,57.8385,58.2819,189800
2013-12-23,57.7717,59.515,57.5348,57.7292,273000
2013-12-24,58.9197,59.0351,58.1179,58.5917,388050
2013-12-25,58.9197,59.0351,58.1179,58.5917,388050
2013-12-26,59.3145,60.0738,58.6464,59.6,549250
2013-12-27,59.0716,60.256,59.0716,59.4968,312000
2013-12-30,60.0313,60.498999999999995,59.3753,59.763999999999996,486850
2013-12-31,59.7701,60.1345,58.9197,59.3874,270400
2014-01-01,60.0738,61.9507,59.8612,61.2036,1671150
2014-01-02,61.5923,61.8353,60.8027,60.9242,705900
2014-01-03,60.4443,61.2886,59.5939,60.3228,608400
2014-01-06,60.1649,60.4868,59.2842,59.4907,439400
2014-01-07,59.108000000000004,59.5271,58.1604,58.6464,604500
2014-01-08,58.61600000000001,61.5316,58.61600000000001,60.5051,2525250
2014-01-09,60.8938,63.53,60.742,63.287,3623750
2014-01-10,63.7669,64.0828,62.4427,62.9712,2462850
2014-01-13,62.9894,63.7791,62.8679,62.9165,302900
2014-01-14,62.9894,63.7791,62.8679,62.9165,302900
2014-01-15,63.1716,63.6576,62.4124,62.6796,482300
2014-01-16,62.8679,62.9894,61.8049,62.0054,276250
2014-01-17,62.7464,63.1716,61.9568,62.4549,504400
2014-01-20,62.8679,64.0767,62.8679,63.7426,510900
2014-01-21,64.3865,66.9255,64.3865,66.9255,1131650
2014-01-22,68.6384,70.2663,68.6384,70.2663,541450
2014-01-23,71.3718,73.7772,70.4607,72.1311,2039050
2014-01-24,72.4348,73.1333,71.0681,72.2161,981500
2014-01-27,72.2222,72.2829,69.2458,69.6893,605800
2014-01-28,69.4281,69.8533,66.8162,67.4782,612950
2014-01-29,66.968,69.7925,66.8162,68.7235,833300
2014-01-30,69.1851,70.4607,68.6992,69.501,502450
2014-01-31,68.9725,72.9754,68.9725,72.9754,1623050
2014-02-03,74.1052,76.6199,73.8015,74.2024,1060150
2014-02-04,73.4978,74.1052,72.2829,72.6292,1048450
2014-02-05,73.4978,74.1052,72.2829,72.6292,1048450
2014-02-06,72.5259,74.4028,70.8251,71.797,1134250
2014-02-07,71.9792,73.0118,70.4789,71.3232,903500
2014-02-10,71.6634,71.9185,67.7577,69.0272,710450
2014-02-11,70.4607,70.4607,68.3347,68.8328,323050
2014-02-12,69.5495,70.7644,69.0029,69.9383,625300
2014-02-13,70.157,70.7462,68.7903,69.0758,242450
2014-02-14,69.2458,69.5495,68.3954,68.6931,209300
2014-02-17,69.8533,70.0051,66.8162,67.3932,583700
2014-02-18,67.1199,67.8427,65.5284,66.1115,498550
2014-02-19,66.8162,67.4236,65.2976,65.5649,308100
2014-02-20,65.4798,65.7228,64.1739,64.8056,150150
2014-02-21,65.6013,68.031,63.4814,67.0166,340600
2014-02-24,68.031,69.0636,67.5754,68.0006,318500
2014-02-25,67.5754,69.2458,67.1199,67.6362,418600
2014-02-26,68.031,68.031,66.2391,66.5064,205400
2014-02-27,66.2148,66.968,65.6317,66.7615,91650
2014-02-28,66.8162,69.4281,66.2087,68.6566,361400
2014-03-03,69.3066,70.7644,69.1244,70.0051,560300
2014-03-04,69.999,72.2586,69.999,71.3475,1009450
2014-03-05,71.6694,72.8296,71.6694,72.0703,607100
2014-03-06,72.2829,72.7385,70.0355,71.0256,271050
2014-03-07,71.6755,71.6755,69.0029,70.655,464750
2014-03-10,71.0559,71.3111,70.3088,70.485,282750
2014-03-11,70.4667,72.7081,70.4607,72.0217,910650
2014-03-12,72.5259,73.4917,71.3718,71.8213,1014000
2014-03-13,72.2829,75.2593,71.7666,74.7187,1445600
2014-03-14,74.1113,74.4089,72.8964,73.1029,856700
2014-03-17,72.8904,73.8015,71.0681,71.3293,278850
2014-03-18,71.6755,72.8721,71.2503,71.4568,462150
2014-03-19,71.2199,71.3718,70.7644,70.8494,206050
2014-03-20,70.7705,71.5783,69.7621,69.9687,1122550
2014-03-21,70.2177,70.7036,68.031,69.015,251550
2014-03-24,68.031,69.2215,68.031,68.0674,106600
2014-03-25,68.7903,71.4568,68.4866,71.2382,540800
2014-03-26,71.0681,72.8235,71.0681,71.5297,615550
2014-03-27,71.6755,71.7363,70.3392,70.5275,809250
2014-03-28,71.062,71.0681,69.8654,70.0659,822250
2014-03-31,70.4607,71.3718,70.0962,71.0802,1286350
2014-04-01,71.3597,72.2829,71.0681,71.226,724100
2014-04-02,71.9185,73.0118,71.1288,71.7241,2074150
2014-04-03,71.9671,72.374,71.0742,71.6694,1214850
2014-04-04,71.6148,71.6148,69.2458,69.7682,921050
2014-04-07,69.8533,70.6125,68.9421,69.5921,646100
2014-04-08,69.3977,69.5495,68.7903,69.179,644800
2014-04-09,69.179,70.5822,69.0029,69.5131,1274000
2014-04-10,69.8411,69.8533,68.9421,69.0272,839150
2014-04-11,69.2458,70.157,68.6445,69.2276,876850
2014-04-14,69.4281,69.4827,68.3347,68.5109,911950
2014-04-15,68.7599,71.8152,68.1525,70.898,1609400
2014-04-16,71.6634,72.8904,71.2199,72.3072,1545700
2014-04-17,72.4044,72.5866,69.8533,70.7097,598000
2014-04-18,71.3718,72.2829,70.157,70.3088,521950
2014-04-21,70.3999,70.4607,69.5556,69.6832,139100
2014-04-22,70.4607,71.0681,69.8533,70.7219,479700
2014-04-23,70.7644,71.0681,70.163,70.485,339300
2014-04-24,70.7036,74.008,70.3088,73.9594,2048800
2014-04-25,74.8645,75.8606,73.5585,74.5,1604200
2014-04-28,74.5243,74.5304,72.8904,72.945,146900
2014-04-29,72.2829,72.2829,70.491,71.1714,640900
2014-04-30,71.6755,74.7248,71.3718,74.6579,1108900
2014-05-01,71.6755,74.7248,71.3718,74.6579,1108900
2014-05-02,74.6822,75.0163,73.1941,73.4127,316550
2014-05-05,72.8964,74.4089,71.0681,71.6087,405600
2014-05-06,71.2199,71.8881,70.7644,71.1349,249600
2014-05-07,71.6694,72.2829,71.3111,71.3657,111800
2014-05-08,71.6755,72.8296,71.5237,71.7059,605800
2014-05-09,72.1311,74.3542,72.1311,72.8175,727350
2014-05-12,73.4978,74.2874,72.3437,72.86,486200
2014-05-13,73.1333,73.7711,71.712,71.9549,322400
2014-05-14,72.8296,73.1029,71.5297,71.7302,136500
2014-05-15,71.8274,74.0444,71.8274,73.1576,1149850
2014-05-16,73.0118,74.3968,72.8904,73.9412,408850
2014-05-19,74.1052,75.32,73.8015,75.1317,1175850
2014-05-20,74.1052,75.32,73.8015,74.0566,286650
2014-05-21,74.0748,74.1052,72.5866,72.8964,253500
2014-05-22,72.9511,73.4978,72.2951,72.7932,129350
2014-05-23,73.3459,73.4067,71.0681,71.2017,272350
2014-05-26,71.5237,71.7363,70.6125,71.1167,262600
2014-05-27,71.6694,71.9792,71.3718,71.5358,265200
2014-05-28,71.9792,71.9792,70.977,71.0985,233350
2014-05-29,71.554,71.8577,70.7644,71.1592,928850
2014-05-30,71.6087,71.6755,70.8251,71.1349,588900
2014-06-02,71.0074,73.4978,71.0074,72.2222,2015650
2014-06-03,72.2222,73.3459,71.0802,71.7909,837200
2014-06-04,71.6755,73.0726,71.2382,71.5844,557700
2014-06-05,72.1311,74.1538,72.1311,72.8235,859300
2014-06-06,72.04,73.3155,72.04,72.4226,250250
2014-06-09,72.5866,72.7385,72.0157,72.0764,93600
2014-06-10,72.2829,72.8904,71.9792,72.5806,354250
2014-06-11,72.7081,73.9837,72.7081,73.2184,635700
2014-06-12,73.4978,73.8015,72.8904,73.0483,139100
2014-06-13,73.4188,73.4856,72.7385,72.9329,118950
2014-06-16,71.9792,74.7126,71.9792,74.3117,936650
2014-06-17,74.3178,75.2593,72.8904,73.2427,327600
2014-06-18,74.093,74.9252,72.8904,74.3968,506350
2014-06-19,74.2935,74.4089,72.2829,73.6436,458900
2014-06-20,73.7954,74.5911,73.352,74.0748,620750
2014-06-23,72.9511,74.7126,72.4652,74.579,339300
2014-06-24,74.5304,78.3025,73.8015,78.3025,2317900
2014-06-25,79.2683,80.4224,76.0915,77.1484,1935700
2014-06-26,77.0208,77.2941,75.97,76.626,359450
2014-06-27,76.7778,78.266,76.547,76.7171,202150
2014-06-30,77.1423,78.0473,76.5349,77.6404,286000
2014-07-01,77.3853,78.9645,77.3853,77.9502,286650
2014-07-02,77.9319,78.2053,77.1423,77.2881,1514110
2014-07-03,77.689,77.7436,76.5652,77.0026,87750
2014-07-04,77.4278,77.7497,76.5349,76.9175,177320
2014-07-07,76.9175,76.9175,76.2372,76.4681,31070
2014-07-08,76.5349,76.5956,76.2312,76.2433,27040
2014-07-09,76.4741,76.4741,75.32,75.9092,72930
2014-07-10,75.9275,75.9275,74.8948,75.32,96460
2014-07-11,75.32,76.6867,74.8645,76.2676,223730
2014-07-14,75.9275,79.0496,75.0771,78.4908,716170
2014-07-15,78.9645,82.3054,78.509,80.9265,1361360
2014-07-16,81.3942,82.9735,81.1513,81.6979,864630
2014-07-17,82.6091,85.4032,81.8376,84.7472,1047800
2014-07-18,84.4313,85.2817,82.9189,84.1762,678600
2014-07-21,85.5551,87.4684,85.1967,85.5065,500240
2014-07-22,85.9499,87.3105,84.4374,85.6279,658320
2014-07-23,85.6462,86.2354,84.4921,84.9598,244660
2014-07-24,85.0387,86.6788,80.7139,80.7139,2306070
2014-07-25,85.0387,86.6788,80.7139,80.7139,2306070
2014-07-28,80.7139,80.7139,76.6807,77.1727,810550
2014-07-29,80.7139,80.7139,76.6807,77.1727,810550
2014-07-30,80.7139,80.7139,76.6807,77.1727,810550
2014-07-31,80.7139,80.7139,76.6807,77.1727,810550
2014-08-01,80.7139,80.7139,76.6807,77.1727,810550
2014-08-04,75.9578,75.9578,73.3155,73.4856,748410
2014-08-05,72.9511,75.0102,72.9511,74.1356,441220
2014-08-06,73.8015,74.9556,72.9207,73.6071,419900
2014-08-07,73.4978,77.1423,72.5866,75.7574,423150
2014-08-08,75.9882,75.9882,73.5889,74.3968,97500
2014-08-11,70.7644,70.7705,70.6793,70.6793,138190
2014-08-12,67.1502,71.0681,67.1502,70.3331,2563210
2014-08-13,68.7052,70.7644,68.3408,68.9421,671320
2014-08-14,68.7052,70.7644,68.3408,68.9421,671320
2014-08-15,68.9421,72.3862,68.9421,72.1736,625170
2014-08-18,72.3194,75.4719,71.7059,74.0809,583050
2014-08-19,71.3718,73.0118,70.8251,71.7302,614640
2014-08-20,71.0681,74.5608,70.5822,73.7347,839020
2014-08-21,75.314,76.6564,74.1052,74.2753,1574040
2014-08-22,74.5304,75.2593,74.1052,74.6154,596440
2014-08-25,73.5281,75.9275,72.8904,73.3581,294840
2014-08-26,73.8015,74.0019,71.4629,71.6755,332540
2014-08-27,72.7689,72.7689,68.0917,68.0978,910650
2014-08-28,67.7273,68.9421,64.8238,67.703,877760
2014-08-29,70.5518,71.0681,67.4539,70.406,786110
2014-09-01,68.0674,70.4607,68.031,70.2845,182650
2014-09-02,71.3718,73.7954,71.3718,73.7954,286260
2014-09-03,75.9275,77.0815,75.484,75.9214,754520
2014-09-04,76.0672,76.2312,74.9252,75.1985,554060
2014-09-05,74.8341,76.4741,71.4447,72.5988,1456650
2014-09-08,69.2458,71.0681,69.2337,69.8107,1678300
2014-09-09,70.3999,73.1333,69.7014,72.5502,1263080
2014-09-10,73.1941,73.1941,70.9709,71.1045,522470
2014-09-11,71.8213,74.6519,70.9466,73.929,1057940
2014-09-12,73.4978,74.1052,71.9792,72.2647,268840
2014-09-15,71.7666,73.3155,71.3779,72.4226,167310
2014-09-16,72.3133,73.7833,71.6694,72.6231,622960
2014-09-17,72.0096,73.1941,71.6755,71.9792,164060
2014-09-18,71.6816,73.3459,71.6755,71.8638,447200
2014-09-19,71.6269,74.7126,71.6269,74.5365,808210
2014-09-22,75.0042,75.0042,73.4978,74.0262,124410
2014-09-23,73.8015,76.4741,73.8015,75.6966,2382640
2014-09-24,75.6298,75.9275,74.4089,74.9556,445640
2014-09-25,74.9556,75.2593,74.4089,74.7734,108810
2014-09-26,74.415,75.2593,73.4978,73.6861,70720
2014-09-29,73.68,74.7126,71.9853,72.2829,159120
2014-09-30,72.8296,75.0771,72.3437,73.4249,600210
2014-10-01,73.8015,73.9837,72.5927,73.8015,249470
2014-10-02,73.4927,73.7397,72.9369,73.4495,112970
2014-10-03,73.4927,74.1103,73.2457,73.5174,52390
2014-10-06,73.4927,74.1103,73.2457,73.5174,52390
2014-10-07,73.4927,74.1103,73.2457,73.5174,52390
2014-10-08,73.4927,74.1103,73.2457,73.5174,52390
2014-10-09,73.6471,75.96300000000001,73.5236,74.5796,196560
2014-10-10,74.9749,78.0011,74.9749,77.1797,1030120
2014-10-13,77.8158,79.9773,77.5379,78.316,2694900
2014-10-14,78.279,82.2315,77.8158,82.2315,2131870
2014-10-15,83.3123,84.1769,80.2861,83.6211,932490
2014-10-16,84.3004,87.3884,83.9916,85.5356,1973270
2014-10-17,83.6829,87.0796,82.7565,83.3864,184340
2014-10-20,81.8363,83.2814,81.8301,82.6083,158600
2014-10-21,83.9299,84.2696,82.1698,83.1888,147680
2014-10-22,84.2881,86.0297,83.9916,84.7389,520000
2014-10-23,85.8444,85.9988,83.9855,84.5042,572910
2014-10-24,84.6092,85.2206,82.2377,82.6762,141700
2014-10-27,82.2315,85.5233,81.8301,84.1646,385320
2014-10-28,84.6092,85.8444,84.146,84.3931,873990
2014-10-29,84.6092,85.2145,83.0653,83.3247,378170
2014-10-30,83.3741,84.6216,82.9479,83.794,228280
2014-10-31,83.3185,84.5475,82.7565,83.2135,141310
2014-11-03,83.3185,84.5475,82.7565,83.2135,141310
2014-11-04,83.3185,84.5475,82.7565,83.2135,141310
2014-11-05,84.1152,86.9561,84.1152,86.35700000000001,1813890
2014-11-06,87.0734,89.976,86.709,87.8269,1694680
2014-11-07,88.3086,88.6235,86.8325,87.3945,301860
2014-11-10,87.3884,90.044,87.3884,89.3955,658710
2014-11-11,89.5499,89.5499,87.1784,87.796,215150
2014-11-12,88.9262,90.1675,88.3147,88.9941,492570
2014-11-13,88.9323,90.8407,88.4691,89.1917,568230
2014-11-14,89.2411,92.6378,89.2411,91.73,877630
2014-11-17,92.6378,94.645,91.4027,92.7058,487110
2014-11-18,93.8421,97.3377,91.2792,96.7757,1167400
2014-11-19,97.2697,97.8256,93.3234,93.6507,335660
2014-11-20,93.2554,92.64399999999999,89.5561,91.4336,212160
2014-11-21,92.1747,95.2626,92.1747,94.8303,648960
2014-11-24,94.4906,95.1082,92.6378,93.0949,101140
2014-11-25,92.0203,93.2554,91.4027,92.1623,67340
2014-11-26,92.0203,96.0346,92.0203,94.7006,215930
2014-11-27,94.6759,95.7258,94.4906,94.5524,382850
2014-11-28,94.4906,99.2769,94.4906,96.3928,1655680
2014-12-01,96.9486,100.3577,95.7258,97.41799999999999,777530
2014-12-02,98.1899,99.4869,97.5785,98.4987,207610
2014-12-03,99.4189,103.4209,99.4189,103.3962,1853540
2014-12-04,104.9278,108.5654,104.37200000000001,106.7003,1465880
2014-12-05,108.6951,108.7568,103.8779,104.2114,159250
2014-12-08,104.4028,105.6071,101.9016,103.637,49270
2014-12-09,104.3658,105.7924,104.37200000000001,104.7487,245830
2014-12-10,105.2983,107.7625,101.9325,106.1012,987870
2014-12-11,108.0775,111.4063,106.3544,109.7079,929370
2014-12-12,109.3127,115.1921,107.1573,114.6301,494260
2014-12-15,113.821,117.3413,113.821,115.1427,510250
2014-12-16,115.4885,115.4885,109.3868,109.6276,476450
2014-12-17,107.7749,115.0562,107.7749,110.9801,709930
2014-12-18,113.0182,114.2533,111.2272,112.9194,288990
2014-12-19,114.2348,114.2348,111.1654,113.2714,235560
2014-12-22,113.5122,118.0206,112.3326,115.6182,1242150
2014-12-23,114.3151,116.1061,114.2472,115.4082,259090
2014-12-24,115.7973,117.9589,115.4885,117.3907,624650
2014-12-25,115.7973,117.9589,115.4885,117.3907,624650
2014-12-26,117.3351,117.3413,116.1061,116.3284,166010
2014-12-29,116.1061,116.1061,114.8709,115.3835,426140
2014-12-30,115.4885,117.0325,112.4006,114.488,953940
2014-12-31,114.5621,119.194,113.6419,117.8786,610350
2015-01-01,118.5147,121.7138,118.5147,119.8178,967980
2015-01-02,120.7689,120.7997,118.0206,119.7437,681980
2015-01-05,118.2738,119.5028,115.4885,115.9826,444080
2015-01-06,115.5009,120.3674,115.4947,118.1935,572520
2015-01-07,117.3413,120.3674,117.3413,119.6016,348270
2015-01-08,118.6135,119.4966,113.6234,113.6234,884780
2015-01-09,109.325,117.3351,108.1763,115.5379,1323790
2015-01-12,116.2296,119.8054,115.4885,118.3603,771290
2015-01-13,118.5764,119.6263,117.508,118.8173,217100
2015-01-14,118.6073,119.5028,116.4149,117.0942,99320
2015-01-15,117.9589,119.2496,117.3413,118.947,216190
2015-01-16,116.7299,119.5028,116.7299,118.9285,43030
2015-01-19,118.8852,121.3556,118.8852,121.0036,249730
2015-01-20,118.8914,121.6458,118.8914,121.0097,80340
2015-01-21,121.2876,121.3556,119.8178,119.9722,51610
2015-01-22,118.5764,120.3674,118.5764,119.5337,36010
2015-01-23,119.8116,120.4292,119.194,119.2064,163150
2015-01-26,122.3375,125.1661,119.8116,125.1661,389480
2015-01-27,123.5109,126.04299999999999,123.5109,125.0611,83330
2015-01-28,125.0549,128.3961,124.7523,124.8079,42900
2015-01-29,125.9257,125.9875,123.8321,124.7894,19630
2015-01-30,125.3699,131.02700000000002,125.3699,130.9899,180180
2015-02-02,132.1633,135.8688,132.1633,133.3306,120510
2015-02-03,132.7809,135.4056,129.8474,132.5215,93470
2015-02-04,131.5457,132.4721,131.2369,131.7866,143390
2015-02-05,131.5457,132.4721,131.2369,131.7866,143390
2015-02-06,132.4227,132.9044,129.69299999999998,130.292,133120
2015-02-09,130.3106,130.8664,127.9329,128.149,71110
2015-02-10,129.0754,129.0754,125.3699,127.0497,79950
2015-02-11,127.834,128.149,125.3699,126.67299999999999,44070
2015-02-12,122.7451,128.4578,122.7451,127.7044,82680
2015-02-13,127.8402,127.8402,126.6112,126.6977,20540
2015-02-16,125.3081,126.7594,125.3699,126.6606,31330
2015-02-17,126.6051,128.3899,126.6051,127.8402,43680
2015-02-18,126.6051,126.6051,126.6051,126.6051,650
2015-02-19,128.3343,128.3343,125.3699,126.6051,60060
2015-02-20,124.8141,125.3761,123.5171,125.3699,58630
2015-02-23,120.491,125.9566,120.491,124.7832,183820
2015-02-24,124.9067,125.3081,122.28200000000001,122.4796,71240
2015-02-25,120.2748,121.7261,120.2748,121.1209,6240
2015-02-26,118.1441,120.4292,117.9589,118.4529,8320
2015-02-27,117.3413,120.4292,117.3413,117.9589,43160
2015-03-02,115.8035,116.7175,115.4885,116.1061,2600
2015-03-03,115.4885,119.7931,114.2533,116.7422,124670
2015-03-04,115.5503,117.9589,115.5503,117.0881,16120
2015-03-05,117.8971,120.4292,117.8971,120.1204,19240
2015-03-06,120.4292,122.1276,120.4292,121.7385,10140
2015-03-09,121.6644,121.9732,121.6644,121.7138,24960
2015-03-10,118.5764,120.4292,117.9589,118.2738,39260
2015-03-11,118.2615,120.4292,117.3598,118.8605,26000
2015-03-12,119.194,119.8116,119.194,119.8116,101270
2015-03-13,119.8116,122.2696,118.5764,119.7499,185900
2015-03-16,119.8116,119.8116,117.8971,117.9094,6240
2015-03-17,117.0325,117.2486,115.7973,117.2054,4550
2015-03-18,115.0006,117.3413,113.0182,114.13600000000001,97370
2015-03-19,119.1878,119.194,109.6276,111.9621,11960
2015-03-20,113.6975,115.6367,113.6358,115.01299999999999,38480
2015-03-23,113.6975,115.6367,113.6358,115.01299999999999,38480
2015-03-24,113.6481,113.6358,109.2632,110.4552,76180
2015-03-25,109.9302,113.9384,109.9302,109.9302,3900
2015-03-26,109.6832,112.3388,104.9896,106.3977,4550
2015-03-27,104.9896,106.2247,101.0802,101.6361,6110
2015-03-30,98.8137,98.8137,96.5595,96.5595,32370
2015-03-31,98.8137,100.0489,97.6403,99.4498,499980
2015-04-01,99.7463,102.9453,98.8137,99.4807,187980
2015-04-02,99.4313,104.2176,99.4313,102.266,98540
2015-04-03,104.37200000000001,107.3734,101.9634,107.3734,105300
2015-04-06,109.3744,112.7403,109.3744,112.7403,398580
2015-04-07,116.1061,117.3351,113.3331,114.1916,63570
2015-04-08,114.5621,116.7237,114.2533,115.2044,69680
2015-04-09,114.2533,120.9603,114.2533,120.9603,143130
2015-04-10,126.6051,127.0065,124.1347,125.8516,380770
2015-04-13,125.9875,129.3842,122.8995,128.8531,357500
2015-04-14,127.5376,129.0754,125.0611,125.5057,76700
2015-04-15,127.2226,127.2226,121.6705,122.1955,87100
2015-04-16,123.5171,123.5171,121.0777,122.28200000000001,137930
2015-04-17,123.3936,124.7708,121.6705,123.9247,99190
2015-04-20,126.5803,126.5803,123.5171,123.9927,39910
2015-04-21,124.1347,128.3219,120.4292,126.3889,170560
2015-04-22,126.4507,129.063,125.9875,128.4578,242190
2015-04-23,127.8313,127.8946,125.2938,125.9266,297440
2015-04-24,126.5531,127.1606,124.0282,125.9266,9880
2015-04-27,125.9266,125.9266,124.6673,125.2495,10010
2015-04-28,124.661,126.4961,120.8706,122.0223,177190
2015-04-29,124.3446,124.3446,120.2314,123.3891,36140
2015-04-30,122.7626,124.0282,122.4779,123.079,13260
2015-05-01,122.7626,124.0282,122.4779,123.079,13260
2015-05-04,123.1107,123.8067,123.079,123.0917,21710
2015-05-05,123.079,123.3954,122.7626,122.9398,14690
2015-05-06,123.3954,123.3954,120.2314,120.7377,224770
2015-05-07,120.2314,120.8642,118.9658,118.9658,61880
2015-05-08,120.2314,120.2314,117.1307,119.3961,6760
2015-05-11,117.0675,118.9532,113.4352,113.9921,23920
2015-05-12,116.4347,119.56700000000001,114.5363,119.4404,575120
2015-05-13,120.2314,122.1298,117.7003,118.2571,484510
2015-05-14,118.9658,118.9658,115.8019,116.3524,55120
2015-05-15,115.8019,117.0548,114.0996,115.2323,19500
2015-05-18,115.3273,115.3273,113.9035,113.9351,8970
2015-05-19,113.9035,113.9035,112.0684,112.119,14560
2015-05-20,112.6315,112.6379,112.0051,112.0051,13910
2015-05-21,113.3972,114.8527,112.6379,112.9036,20150
2015-05-22,114.2199,114.5363,112.6379,113.5807,91260
2015-05-25,117.0042,119.2569,115.2387,117.5547,226460
2015-05-26,113.9035,118.6431,112.0684,116.6182,28340
2015-05-27,118.0103,122.1298,117.1307,120.32,217750
2015-05-28,117.7003,119.6936,117.0675,117.213,11310
2015-05-29,117.7003,119.5986,116.4979,117.9217,36660
2015-06-01,118.1748,120.2314,118.1748,119.8771,14820
2015-06-02,118.9658,123.3954,118.9658,121.4844,249210
2015-06-03,122.1298,122.1931,120.2314,120.8769,47580
2015-06-04,118.9658,122.1298,118.9658,120.1682,40300
2015-06-05,119.0291,120.1618,117.8774,118.6305,53170
2015-06-08,115.2323,124.5598,115.2323,124.5598,380770
2015-06-09,127.1289,129.7234,126.5594,126.7682,281970
2015-06-10,127.1922,127.1922,124.6673,126.0342,40300
2015-06-11,128.1351,130.0398,126.5594,127.7301,274300
2015-06-12,130.3562,130.3562,127.825,128.4894,55120
2015-06-15,128.4578,130.989,127.844,129.0526,61230
2015-06-16,127.8566,129.407,126.5594,129.2551,44590
2015-06-17,128.4641,130.3562,128.4578,129.3564,162630
2015-06-18,129.407,129.407,128.4578,129.0463,69550
2015-06-19,128.4578,128.4578,126.6353,126.6353,7930
2015-06-22,124.661,125.45200000000001,124.0662,124.5724,5590
2015-06-23,124.661,126.5341,124.3446,124.5091,151320
2015-06-24,124.0345,127.0024,124.0345,126.5404,38610
2015-06-25,126.5594,129.0273,125.2938,126.4771,144690
2015-06-26,126.5594,126.5594,124.3509,124.8255,16640
2015-06-29,123.3954,128.1414,123.3954,127.1922,11830
2015-06-30,124.661,127.1922,124.661,126.4645,90870
2015-07-01,127.825,128.1414,126.5594,127.825,428350
2015-07-02,126.5721,131.6344,126.5594,130.6599,74100
2015-07-03,130.989,137.1588,130.3942,135.1275,249860
2015-07-06,138.5509,141.8794,136.0514,141.8794,299520
2015-07-07,143.0121,148.9668,142.3793,147.6758,599820
2015-07-08,146.1761,153.7697,145.5496,152.7382,246480
2015-07-09,154.4025,156.9273,148.7073,150.2387,246870
2015-07-10,148.7073,151.1752,146.2078,148.9731,73450
2015-07-13,149.0174,151.8586,148.7073,149.9539,228150
2015-07-14,151.8713,151.8713,148.7073,149.4667,219050
2015-07-15,149.9792,149.9792,148.0745,148.8086,60710
2015-07-16,151.2385,151.2385,148.0745,148.1631,78520
2015-07-17,151.2385,151.2385,148.0745,148.1631,78520
2015-07-20,151.2385,151.2385,148.0745,148.1631,78520
2015-07-21,151.2385,151.2385,148.0745,148.1631,78520
2015-07-22,151.865,151.865,141.7465,144.2398,35360
2015-07-23,149.6565,149.6565,145.8597,146.4103,65130
2015-07-24,151.865,151.865,142.3793,143.4867,19890
2015-07-27,144.2777,145.2649,136.6905,141.1137,20800
2015-07-28,139.2154,143.6386,139.2154,139.5191,91260
2015-07-29,143.6386,143.6386,137.3802,138.5826,48490
2015-07-30,138.5826,142.6325,137.317,141.3479,151840
2015-07-31,139.2154,141.1137,138.5193,139.2596,31070
2015-08-03,142.0566,145.5433,141.7465,144.1891,706550
2015-08-04,145.7964,149.9666,143.6449,148.1504,107900
2015-08-05,150.6057,150.6057,145.5433,147.7201,53690
2015-08-06,149.3401,149.3401,147.4417,147.5113,45760
2015-08-07,148.701,152.0928,148.644,151.4979,84890
2015-08-10,151.8713,153.7064,148.7073,149.6312,45630
2015-08-11,147.062,151.8523,147.062,148.0998,39000
2015-08-12,150.5994,151.8397,148.0745,148.1758,17550
2015-08-13,148.0429,149.9729,144.2777,145.5243,123500
2015-08-14,148.0429,149.9729,144.2777,145.5243,123500
2015-08-17,146.1761,146.1761,138.5889,139.9937,34320
2015-08-18,141.1137,144.8472,139.8481,141.0315,64090
2015-08-19,140.4809,143.6449,139.8481,141.5883,24180
2015-08-20,139.8481,140.4809,139.209,139.2154,37570
2015-08-21,140.4809,140.4809,136.6842,137.317,88660
2015-08-24,131.6218,132.8874,130.4511,130.4511,51480
2015-08-25,130.3562,136.9689,130.3562,136.9689,425490
2015-08-26,137.7916,143.8158,137.7916,142.6894,191230
2015-08-27,142.3793,147.4354,137.3486,140.3481,14820
2015-08-28,143.2589,144.2777,139.8481,142.2907,71500
2015-08-31,142.0629,144.2777,141.1137,142.373,33280
2015-09-01,141.7465,141.7465,139.2154,139.4938,6630
2015-09-02,137.9498,142.3793,136.6842,138.7091,9230
2015-09-03,138.7091,139.8418,138.7091,138.9116,2210
2015-09-04,138.7091,139.2154,133.5265,136.855,4160
2015-09-07,134.2795,139.5317,132.8937,134.153,24830
2015-09-08,133.2038,133.5202,131.9445,132.8178,111800
2015-09-09,132.2609,135.8299,131.6218,132.5267,51610
2015-09-10,135.3553,135.9248,130.989,134.153,188500
2015-09-11,134.153,134.153,132.8874,133.1342,44460
2015-09-14,134.0581,135.7982,127.825,129.2994,32630
2015-09-15,128.1414,129.7234,126.5721,128.0528,37700
2015-09-16,129.0906,129.7234,127.825,129.6918,83460
2015-09-17,131.6218,132.8874,126.5594,126.8948,193960
2015-09-18,126.5594,127.7617,121.6362,125.5469,14170
2015-09-21,123.1423,125.9266,123.0854,125.3761,1950
2015-09-22,126.4329,130.6663,125.9266,125.9266,97240
2015-09-23,122.7626,125.9203,122.1298,125.8254,26520
2015-09-24,122.7626,125.9203,122.1298,125.8254,26520
2015-09-25,122.7626,125.9203,122.1298,125.8254,26520
2015-09-28,125.2938,126.5594,124.661,124.7813,24050
2015-09-29,119.5986,124.0282,119.5986,123.2942,6240
2015-09-30,121.49700000000001,123.3891,120.2314,120.8389,65650
2015-10-01,122.1235,123.3954,120.2314,120.6428,204620
2015-10-02,121.94,122.6867,120.2314,121.6616,179270
2015-10-05,121.6869,127.7427,121.6869,127.2302,63700
2015-10-06,129.7234,129.7234,127.1922,127.825,120770
2015-10-07,128.4706,129.1162,126.5338,129.0581,143390
2015-10-08,130.0845,135.5074,130.0845,135.2169,168350
2015-10-09,135.572,139.1227,132.4086,136.3338,170430
2015-10-12,136.3467,136.6049,134.6101,134.6553,11180
2015-10-13,138.5416,138.5416,135.572,135.572,200070
2015-10-14,136.8567,137.0568,134.3454,135.1653,165750
2015-10-15,135.5784,135.8948,135.3783,135.3783,3250
2015-10-16,135.2427,135.572,131.6985,133.5965,35360
2015-10-19,135.5655,138.7999,132.4086,137.7282,13520
2015-10-20,138.7934,138.7934,135.572,136.2305,109850
2015-10-21,134.9329,137.5087,134.9329,135.9012,2990
2015-10-22,136.8631,142.6927,136.8631,142.2989,180830
2015-10-23,136.8631,142.6927,136.8631,142.2989,180830
2015-10-26,142.3506,142.3506,139.155,139.3034,6760
2015-10-27,140.7366,144.6101,140.7366,143.9645,398060
2015-10-28,144.6101,145.2557,143.9645,143.9839,31330
2015-10-29,142.6734,143.9322,142.0923,143.0155,390
2015-10-30,140.7431,142.6734,136.9406,139.6327,25220
2015-11-02,141.9503,141.9503,139.1872,139.1872,7540
2015-11-03,139.4455,140.091,139.4455,140.091,3120
2015-11-04,142.0084,143.9645,139.4455,141.3757,230490
2015-11-05,142.0278,145.2492,142.0278,144.3454,16640
2015-11-06,144.6037,145.1911,141.3822,142.0278,4940
2015-11-09,143.3189,143.3189,141.3887,141.7244,25220
2015-11-10,142.0278,142.0278,140.091,140.091,9880
2015-11-11,142.0278,142.0278,138.8644,140.0846,58760
2015-11-12,140.4203,142.0278,140.091,140.7495,53170
2015-11-13,141.3822,141.3822,140.091,140.6333,191880
2015-11-16,140.9303,140.9303,140.091,140.3686,29900
2015-11-17,141.6598,145.2557,140.7366,143.8612,715650
2015-11-18,145.4042,147.0633,141.2208,141.47899999999998,522470
2015-11-19,141.705,145.1201,141.2208,141.705,130780
2015-11-20,141.5436,141.3499,140.7366,140.8012,931710
2015-11-23,140.7366,141.4468,139.4455,140.7366,145080
2015-11-24,140.7302,140.7366,137.9929,138.5352,84890
2015-11-25,136.8631,136.8631,135.7657,136.3144,1560
2015-11-26,135.5849,136.2176,135.572,135.5784,26260
2015-11-27,135.572,135.5784,132.3441,132.938,355030
2015-11-30,134.2873,134.2873,130.0845,130.4073,20540
2015-12-01,129.7682,130.4073,128.4706,128.4706,111930
2015-12-02,127.825,132.3441,126.5338,132.1698,96330
2015-12-03,132.5055,136.2369,132.5055,136.2369,10010
2015-12-04,135.7398,138.7999,135.7334,137.5152,21060
2015-12-07,138.7999,143.3189,138.7999,142.7186,82160
2015-12-08,140.7366,147.5152,136.8631,144.2098,83330
2015-12-09,147.186,147.1924,143.5126,145.2557,53170
2015-12-10,144.1259,145.9013,142.6734,142.7637,80080
2015-12-11,142.7702,143.9645,142.0342,142.9639,15990
2015-12-14,143.5126,143.5126,141.5113,142.9897,16380
2015-12-15,142.6734,145.0491,142.6734,143.9645,2860
2015-12-16,142.0278,143.3189,142.0278,143.2544,6630
2015-12-17,145.869,150.3558,143.9645,149.6198,165490
2015-12-18,150.4203,152.9704,148.4836,151.7954,92300
2015-12-21,148.8193,152.9897,148.4836,151.9697,27430
2015-12-22,154.2228,154.9394,149.2002,152.5185,14430
2015-12-23,151.718,151.7115,149.1292,149.8522,65910
2015-12-24,151.718,151.7115,149.1292,149.8522,65910
2015-12-25,151.718,151.7115,149.1292,149.8522,65910
2015-12-28,149.9362,152.9962,148.645,151.8342,280150
2015-12-29,154.9394,155.585,151.7115,152.1828,216450
2015-12-30,151.7115,153.5837,146.0627,152.6863,54600
2015-12-31,151.0659,156.8761,151.0659,155.5075,88920
2016-01-01,157.5217,161.0724,156.2306,156.9213,323310
2016-01-04,158.7806,158.7806,155.9723,156.2499,102440
2016-01-05,151.7115,157.5217,151.7115,156.90200000000002,65780
2016-01-06,158.1673,160.10399999999998,156.8761,159.0453,387010
2016-01-07,161.3952,161.3952,157.5217,160.10399999999998,26520
2016-01-08,156.9794,158.1673,155.6173,157.7477,47190
2016-01-11,156.8761,157.5217,156.2306,157.5217,8060
2016-01-12,161.3307,161.3307,156.5534,159.013,57070
2016-01-13,158.8129,160.10399999999998,157.5217,158.57399999999998,33280
2016-01-14,156.8761,158.1673,151.0659,156.7922,171990
2016-01-15,156.2306,156.2306,153.6482,155.1202,101010
2016-01-18,147.8703,156.5534,147.8703,154.3648,96720
2016-01-19,156.2628,156.5534,154.2938,154.2938,7930
2016-01-20,154.9394,155.585,154.9394,154.9394,3510
2016-01-21,154.9394,155.5204,154.9394,154.9394,59540
2016-01-22,155.1008,155.585,153.0027,155.2493,29120
2016-01-25,156.2241,157.1989,154.9394,156.2435,36530
2016-01-26,156.8761,158.8064,156.8761,158.135,10400
2016-01-27,158.8129,160.7496,158.8129,160.1299,48360
2016-01-28,155.7464,168.1351,155.7464,168.0124,245830
2016-01-29,171.0725,173.0157,167.851,168.955,151060
2016-02-01,170.3688,173.6612,166.5599,172.7962,125320
2016-02-02,175.9208,176.8827,173.11900000000003,174.5844,132210
2016-02-03,175.4689,175.59799999999998,171.7245,172.4605,201370
2016-02-04,173.0092,173.0092,168.4966,171.22099999999998,55380
2016-02-05,173.0092,173.0092,168.4966,171.22099999999998,55380
2016-02-08,171.7245,174.2423,168.8194,169.1422,23400
2016-02-09,169.1422,169.7878,165.9466,166.2629,139490
2016-02-10,167.851,167.851,165.2687,165.8885,44330
2016-02-11,166.4953,166.5599,161.718,163.8161,59930
2016-02-12,162.0472,163.9775,160.10399999999998,160.7884,125970
2016-02-15,158.7724,164.0429,158.7724,162.8109,33020
2016-02-16,163.0744,167.3369,163.0547,166.0391,113750
2016-02-17,166.0193,166.0193,163.7135,163.7201,6890
2016-02-18,162.8109,164.7017,162.0665,164.4316,36530
2016-02-19,159.4971,163.3841,158.1136,162.0467,20410
2016-02-22,156.3019,156.4732,154.3584,155.7683,17160
2016-02-23,148.2974,153.7062,148.2315,151.5255,12350
2016-02-24,151.6046,157.4219,150.2145,155.0436,192400
2016-02-25,155.4784,157.4548,152.8432,156.6972,31200
2016-02-26,156.796,159.7606,155.4784,158.1136,142220
2016-02-29,158.1136,160.09,156.796,156.796,114140
2016-03-01,156.796,160.7488,156.796,160.314,51870
2016-03-02,162.7253,166.6781,161.4076,165.9534,42120
2016-03-03,167.3369,171.2239,167.1788,167.8442,73970
2016-03-04,164.7346,167.9957,164.7346,166.5925,26910
2016-03-07,169.8667,171.6191,168.9839,170.6309,61360
2016-03-08,167.9957,171.2239,166.6781,169.8733,39520
2016-03-09,169.9721,172.6074,167.9957,168.5755,30030
2016-03-10,168.2065,171.125,167.4687,167.9957,14170
2016-03-11,166.6781,167.3369,165.5252,166.0193,10010
2016-03-14,166.8099,166.6781,164.7017,164.761,13780
2016-03-15,165.1233,166.2828,164.0429,165.0245,391300
2016-03-16,165.3605,169.9655,165.3539,167.4028,83460
2016-03-17,169.9721,171.2107,166.6781,167.0602,24960
2016-03-18,167.9957,169.0366,167.9957,168.6479,28080
2016-03-21,168.918,168.9839,167.9957,168.6479,24830
2016-03-22,165.4264,167.3369,165.4264,167.1722,3380
2016-03-23,165.4264,167.3369,165.4264,167.1722,3380
2016-03-24,167.0009,167.6663,165.3934,165.4132,6760
2016-03-25,165.0311,168.9839,164.7017,167.9694,83200
2016-03-28,168.0682,167.9957,166.6781,166.71099999999998,17420
2016-03-29,166.6781,168.3251,166.6781,167.9957,118300
2016-03-30,167.3435,167.9957,164.7017,164.985,47840
2016-03-31,166.0193,173.1015,166.0193,171.3161,78130
2016-04-01,171.2897,179.8806,171.2568,178.8133,160030
2016-04-04,183.8005,185.1247,178.5366,184.5515,66300
2016-04-05,184.4659,186.4423,178.5366,183.6687,153270
2016-04-06,183.8071,183.8071,181.1718,181.3431,22100
2016-04-07,174.5838,182.4895,174.5838,181.4156,17290
2016-04-08,179.202,181.1718,179.202,180.1375,7800
2016-04-11,180.3813,180.3813,174.5838,176.1913,170950
2016-04-12,176.5602,177.21900000000002,172.6403,175.3678,8840
2016-04-13,176.5404,176.5404,172.6074,174.6497,7020
2016-04-14,174.0567,176.5602,174.0567,175.2426,8320
2016-04-15,173.2662,175.572,173.2662,175.3743,4940
2016-04-18,174.5838,175.9014,174.5772,174.5838,32630
2016-04-19,174.5904,175.572,173.925,174.3532,120770
2016-04-20,172.6732,172.6271,172.6074,172.6271,520
2016-04-21,172.6271,174.4125,169.9721,170.9208,29250
2016-04-22,173.892,173.892,167.5016,168.5293,11050
2016-04-25,170.6178,170.6178,165.4264,168.6545,18850
2016-04-26,168.0616,177.0872,166.7506,175.9014,27300
2016-04-27,177.21900000000002,177.5418,175.236,175.4402,182910
2016-04-28,174.0963,175.8882,169.9721,171.1975,91390
2016-04-29,171.2897,174.1819,169.9721,171.3029,189930
2016-05-02,171.6191,172.6074,170.0051,171.2107,42510
2016-05-03,170.6309,173.2662,170.03799999999998,170.6705,271700
2016-05-04,169.9787,171.9486,169.3133,169.7086,333840
2016-05-05,172.5744,172.5744,167.3369,167.607,303160
2016-05-06,168.6413,168.9839,163.3841,165.1958,174070
2016-05-09,165.3605,165.3605,162.7582,162.8768,334620
2016-05-10,163.3841,165.3605,163.3841,164.6753,801450
2016-05-11,165.8809,167.9825,163.3841,163.9309,554840
2016-05-12,165.2946,165.3605,162.89,163.3314,111540
2016-05-13,163.3445,164.7017,162.0994,162.6067,278200
2016-05-16,162.0994,163.3775,161.5065,162.2839,72280
2016-05-17,162.89,162.89,158.7724,159.3785,295100
2016-05-18,160.8147,161.4011,159.4312,159.97799999999998,465270
2016-05-19,161.0782,162.7253,160.3536,160.6698,227240
2016-05-20,161.3945,161.4076,159.4642,160.6171,98670
2016-05-23,163.3709,163.3709,160.7488,160.9267,53950
2016-05-24,160.8213,161.3418,160.09,160.2284,146510
2016-05-25,160.1625,160.42600000000002,159.1348,159.3917,68380
2016-05-26,159.1018,161.8688,158.4496,159.6947,82810
2016-05-27,162.0006,162.0006,160.09,160.1559,97630
2016-05-30,161.4076,168.1604,161.4076,167.9298,594490
2016-05-31,167.3303,170.3015,164.7017,167.4555,259480
2016-06-01,169.2474,169.3133,167.9957,169.063,126620
2016-06-02,169.9721,173.2662,167.9957,172.1462,218140
2016-06-03,173.2662,180.7502,171.9486,175.3678,385320
2016-06-06,175.9014,181.8307,175.8355,180.9281,606840
2016-06-07,178.5432,179.8542,177.8778,178.5432,246480
2016-06-08,177.8778,177.8778,175.2492,176.5602,111540
2016-06-09,176.5931,176.5931,173.2662,174.6497,30940
2016-06-10,173.2662,173.2662,169.6427,170.1237,13520
2016-06-13,162.7253,168.6545,162.7253,166.4343,98020
2016-06-14,166.6781,168.3185,166.6781,167.9957,88660
2016-06-15,176.3955,176.3955,171.2568,176.3955,428480
2016-06-16,172.6139,182.2852,172.6139,176.3296,316810
2016-06-17,176.5602,176.8896,173.2662,174.8539,18720
2016-06-20,175.2096,175.2426,173.2662,173.58900000000003,26520
2016-06-21,174.1226,175.9014,173.7273,174.6101,27170
2016-06-22,175.9014,175.9014,170.3345,170.6968,112710
2016-06-23,171.2963,171.2963,168.6545,171.125,8190
2016-06-24,167.9957,169.2804,163.4499,166.7242,155350
2016-06-27,167.6663,170.6309,166.6781,168.5952,118690
2016-06-28,169.9721,175.1108,167.9957,172.1989,120640
2016-06-29,172.8709,177.8053,170.6968,172.8445,478140
2016-06-30,173.925,175.2426,172.1198,172.5547,28210
2016-07-01,173.925,175.2426,172.1198,172.5547,28210
2016-07-04,172.6074,175.2426,172.6074,174.6035,62920
2016-07-05,172.6074,175.2426,172.6074,174.6035,62920
2016-07-06,172.6074,175.2426,172.6074,174.6035,62920
2016-07-07,172.6074,175.2426,172.6074,174.6035,62920
2016-07-08,172.6074,175.2426,172.6074,174.6035,62920
2016-07-11,173.925,178.5366,173.925,178.0228,299520
2016-07-12,177.8778,184.4659,177.8778,183.4645,457210
2016-07-13,185.4541,190.2304,185.4541,185.8033,388180
2016-07-14,181.8438,187.1011,181.8307,185.6583,71760
2016-07-15,185.7703,188.4187,184.5779,186.3698,210470
2016-07-18,187.4305,187.4305,181.8307,183.8005,81770
2016-07-19,185.0127,185.0127,180.882,181.5935,215540
2016-07-20,181.8307,183.8071,181.2377,183.7939,68770
2016-07-21,183.8071,185.1247,182.8189,183.1614,65260
2016-07-22,184.1365,184.4593,182.0283,182.4565,9880
2016-07-25,184.9929,184.9929,180.6777,181.1982,20670
2016-07-26,181.1718,183.0758,181.1718,181.8504,58760
2016-07-27,184.3275,184.4593,181.8307,181.8768,67600
2016-07-28,183.1483,183.7412,181.8307,181.8307,74750
2016-07-29,182.4895,183.8071,181.9756,181.9756,8580
2016-08-01,172.8775,185.3026,172.8775,184.3012,141180
2016-08-02,184.4593,184.4659,183.1549,184.4659,10270
2016-08-03,183.4777,184.4659,179.5248,181.7516,174330
2016-08-04,181.8307,181.8307,175.572,177.4298,64610
2016-08-05,177.8646,177.8778,173.9316,175.1701,88270
2016-08-08,177.1861,177.1861,174.2544,174.7485,14820
2016-08-09,174.5838,175.9014,171.2897,172.3043,141960
2016-08-10,174.452,176.5602,172.6074,172.8577,129740
2016-08-11,174.5904,179.7225,174.5904,176.7974,164320
2016-08-12,178.2006,179.8872,177.8778,178.8594,66040
2016-08-15,181.1653,183.0165,181.1718,182.3775,67990
2016-08-16,183.8071,186.7717,183.1483,186.4028,151710
2016-08-17,186.4423,189.7363,185.1247,186.0404,421460
2016-08-18,186.4423,186.4423,182.8189,183.1417,41340
2016-08-19,184.4659,185.7835,178.9385,183.6358,245180
2016-08-22,183.6424,183.8071,182.4895,183.4052,86060
2016-08-23,181.8307,183.4118,181.1718,182.6278,77870
2016-08-24,182.4895,182.5883,180.1836,181.3497,210210
2016-08-25,181.8307,183.8005,180.9742,183.1549,115440
2016-08-26,183.8071,184.4659,182.8189,183.3723,148460
2016-08-29,183.8005,184.4264,182.6542,183.7675,69940
2016-08-30,181.9954,183.7412,181.8307,183.2076,27300
2016-08-31,183.1812,183.4777,181.1718,182.7793,369980
2016-09-01,182.8189,182.8189,179.1954,181.0862,213590
2016-09-02,172.6074,174.6497,172.0342,172.1528,1073410
2016-09-05,172.278,172.6074,168.6875,170.4069,147550
2016-09-06,168.6611,173.925,167.0734,168.6677,432510
2016-09-07,170.0051,172.278,168.6545,169.5571,193310
2016-09-08,168.7533,168.7533,167.3369,167.9891,153920
2016-09-09,167.9957,169.3133,166.0193,166.4278,158470
2016-09-12,167.9957,169.3133,166.0193,166.4278,158470
2016-09-13,167.9957,169.3133,166.0193,166.4278,158470
2016-09-14,167.9957,169.3133,166.0193,166.4278,158470
2016-09-15,167.3237,167.9167,164.7017,165.176,25480
2016-09-16,161.4076,166.2762,161.4076,164.985,102050
2016-09-19,164.1153,164.7017,163.4829,163.7464,120900
2016-09-20,163.3841,165.3605,163.3841,164.8796,28470
2016-09-21,164.7017,166.0193,162.0665,164.6556,85540
2016-09-22,164.6951,171.2173,164.7017,169.9721,59800
2016-09-23,165.3802,170.9603,165.3802,167.6531,22880
2016-09-26,168.0682,170.2949,167.6992,169.3133,40950
2016-09-27,168.3251,173.1015,168.3251,171.9947,84110
2016-09-28,171.2897,173.2662,169.9853,172.6535,28210
2016-09-29,172.6074,175.2426,172.6074,174.0106,103350
2016-09-30,173.2662,173.2662,167.9957,169.4253,145860
2016-10-03,170.6309,175.3414,171.2897,173.4704,100490
2016-10-04,172.9697,173.7273,171.2897,173.0224,108810
2016-10-05,174.2544,174.2544,171.9486,172.278,228800
2016-10-06,172.6074,173.2003,168.0682,169.0827,39260
2016-10-07,171.2239,171.2239,167.3369,167.9957,18590
2016-10-10,167.9957,169.6361,166.4212,167.3369,13000
2016-10-11,167.9957,169.6361,166.4212,167.3369,13000
2016-10-12,167.9957,169.6361,166.4212,167.3369,13000
2016-10-13,167.3567,169.3133,167.3369,167.7388,839280
2016-10-14,167.9957,167.9957,165.3605,165.5647,52260
2016-10-17,166.6781,166.9943,165.3671,165.7755,17940
2016-10-18,165.1958,165.1958,160.0834,160.9333,44980
2016-10-19,161.2429,162.0599,156.796,158.4628,72410
2016-10-20,160.4144,164.7145,158.4429,159.0846,255450
2016-10-21,160.0968,162.5711,158.3106,158.7737,94250
2016-10-24,156.1606,158.7737,155.5453,156.6766,26650
2016-10-25,154.1428,162.0484,152.1581,159.6536,39000
2016-10-26,159.4353,162.0087,156.789,157.1198,289380
2016-10-27,157.1198,160.0902,154.8044,157.7285,95940
2016-10-28,157.7814,157.7814,150.1801,155.0888,112970
2016-10-31,155.4659,156.7163,152.8197,155.5453,79430
2016-11-01,157.014,163.3186,154.811,163.2855,361660
2016-11-02,164.0728,167.3673,162.0815,164.9328,215150
2016-11-03,162.8158,165.0916,162.8092,164.4962,38610
2016-11-04,164.0596,165.1577,162.7431,162.8092,28860
2016-11-07,163.4046,165.257,162.1477,163.9471,21710
2016-11-08,165.3231,166.0508,164.1323,165.3827,49140
2016-11-09,164.0662,169.6233,162.7431,168.5515,129090
2016-11-10,171.3878,175.9582,169.7076,174.8425,66170
2016-11-11,174.7484,183.5799,174.7484,181.81900000000002,243230
2016-11-14,184.1579,184.83,177.4368,179.5943,139490
2016-11-15,177.4368,179.7892,177.4368,177.6317,21840
2016-11-16,179.4531,181.4023,176.7647,179.5472,27430
2016-11-17,180.1252,181.4695,178.5122,179.5876,44460
2016-11-18,182.8137,183.4858,178.9154,181.5232,76310
2016-11-21,181.4695,182.565,179.5203,180.7033,19760
2016-11-22,181.4023,182.1416,180.2933,181.4627,75400
2016-11-23,181.4627,181.4627,179.554,180.2395,121550
2016-11-24,178.9491,182.9817,178.9491,181.2678,112840
2016-11-25,181.6442,184.83,181.1334,184.13099999999997,86710
2016-11-28,184.13099999999997,185.4954,183.4858,183.9899,61230
2016-11-29,184.8233,184.8233,180.9654,181.3149,121420
2016-11-30,180.7974,182.8137,179.4867,181.1334,61620
2016-12-01,178.1089,181.4695,178.1089,181.0393,21840
2016-12-02,181.4695,181.4695,178.78099999999998,180.3538,12610
2016-12-05,181.4627,181.4695,177.6452,180.5688,75140
2016-12-06,184.0907,187.1824,181.4695,186.5036,767780
2016-12-07,186.8463,192.2165,184.83,187.4848,1397370
2016-12-08,186.1742,187.1824,183.1497,183.8958,200070
2016-12-09,185.7037,186.8463,184.1579,184.7292,612690
2016-12-12,185.7037,186.8463,184.1579,184.7292,612690
2016-12-13,182.8137,186.1675,182.8137,183.7546,266630
2016-12-14,183.4858,183.4858,179.4531,181.7786,759460
2016-12-15,183.1497,189.4608,182.612,185.3543,299260
2016-12-16,187.8209,192.0216,185.5021,190.8588,529490
2016-12-19,191.5511,192.8953,189.5348,190.3144,76830
2016-12-20,188.8627,188.8627,187.5184,188.3048,176540
2016-12-21,188.1906,189.1315,185.5021,188.1973,522600
2016-12-22,188.8627,188.8627,180.132,186.1877,54600
2016-12-23,186.8463,188.0561,185.5021,186.1742,171990
2016-12-26,186.1742,187.9889,185.5021,185.5021,11310
2016-12-27,184.2251,191.5511,184.2251,190.9529,95810
2016-12-28,189.7028,193.5674,189.7028,190.2069,54860
2016-12-29,188.8627,191.8872,188.8627,189.2122,95680
2016-12-30,189.8708,198.6687,186.8463,196.0139,206700
2017-01-02,192.2568,200.9606,193.5674,198.2722,27170
2017-01-03,198.2722,204.3212,194.2395,200.8665,88660
2017-01-04,200.9606,209.0259,198.6082,203.1114,173290
2017-01-05,203.6491,204.9933,201.7336,202.6342,39780
2017-01-06,202.6409,203.6491,200.2885,202.5199,147940
2017-01-09,202.5199,203.6491,199.9525,201.7268,187200
2017-01-10,201.7268,202.8089,200.2885,202.0226,16640
2017-01-11,201.6327,202.3048,199.0115,199.4148,125190
2017-01-12,199.482,200.9606,198.9443,200.2885,65390
2017-01-13,198.9779,200.6246,196.928,197.9294,72930
2017-01-16,196.928,198.8099,196.928,197.5194,15210
2017-01-17,197.5194,197.6001,194.9452,195.7451,2860
2017-01-18,195.7518,196.2962,188.8627,194.9116,62400
2017-01-19,194.9049,200.2885,192.90200000000002,197.3245,52000
2017-01-20,195.5838,201.9553,195.5838,200.1272,56290
2017-01-23,201.6327,202.3048,200.2885,200.8934,82810
2017-01-24,200.2885,201.6327,198.2722,200.3893,71890
2017-01-25,200.2885,201.62599999999998,199.1459,199.4148,80210
2017-01-26,200.9606,200.9606,194.9116,196.3231,157300
2017-01-27,200.2885,201.6327,194.2395,194.6764,114270
2017-01-30,196.928,196.928,190.87900000000002,191.9073,18460
2017-01-31,190.2069,191.7595,186.8463,188.1771,183170
2017-02-01,188.3586,191.5108,187.5184,188.4056,170560
2017-02-02,191.5444,191.5444,188.1906,189.0576,53430
2017-02-03,189.5213,191.4839,186.1742,186.2482,109070
2017-02-06,185.52900000000002,185.52900000000002,183.1565,184.0772,34190
2017-02-07,185.771,187.5184,182.1752,182.6255,33540
2017-02-08,184.8233,184.83,181.8122,182.0676,107510
2017-02-09,182.8137,191.168,181.4695,186.0667,447850
2017-02-10,184.8972,188.1906,183.4858,184.8838,30160
2017-02-13,185.5021,186.9135,184.83,185.3543,117130
2017-02-14,184.83,186.8463,182.8204,185.4887,94250
2017-02-15,184.1579,184.1579,179.4531,180.4411,182520
2017-02-16,181.4627,185.5021,178.1089,180.1252,187330
2017-02-17,181.4695,181.4695,180.7974,181.4627,255450
2017-02-20,182.1416,185.482,181.8055,182.3298,16250
2017-02-21,181.4762,182.8137,177.4368,181.335,10660
2017-02-22,179.4531,184.83,179.4531,181.81900000000002,416260
2017-02-23,184.4872,184.7628,180.7974,182.6188,82550
2017-02-24,181.8122,184.1579,181.4695,181.8122,73580
2017-02-27,182.8137,184.1445,180.831,181.5972,81120
2017-02-28,181.4695,183.4858,180.8041,182.2962,39780
2017-03-01,183.4119,185.6365,183.4186,184.9308,98670
2017-03-02,186.7052,188.1569,185.576,186.1406,104000
2017-03-03,187.5117,188.0494,185.7642,187.4983,48100
2017-03-06,186.2414,190.1397,186.2414,187.9889,29380
2017-03-07,187.7814,187.7814,184.0451,186.0793,68640
2017-03-08,185.5742,187.1241,183.3532,186.8265,19630
2017-03-09,185.4358,187.8505,183.7822,186.7297,50440
2017-03-10,185.4358,187.7191,184.0451,186.8819,49530
2017-03-13,186.1277,187.4285,185.4358,185.8786,8320
2017-03-14,184.7508,184.7508,178.5099,183.7199,30030
2017-03-15,184.3911,184.3911,183.3532,183.3532,10270
2017-03-16,181.3121,182.8343,180.9385,182.4745,63440
2017-03-17,182.3154,190.2722,182.3154,186.5359,21060
2017-03-20,186.8127,187.1932,185.5327,186.1346,2990
2017-03-21,186.1208,188.1965,185.083,188.1827,7670
2017-03-22,187.8505,188.1965,187.5046,188.072,10530
2017-03-23,187.8505,188.1965,187.5046,188.072,10530
2017-03-24,188.1965,188.8884,184.1835,187.9197,780130
2017-03-27,187.5046,187.5046,183.1802,184.91,423540
2017-03-28,184.737,185.6711,184.0451,185.0484,9100
2017-03-29,185.3597,186.8058,184.05200000000002,184.6263,14950
2017-03-30,186.0931,186.8127,182.6613,183.4985,19890
2017-03-31,182.0386,182.6613,181.9694,182.2392,18590
2017-04-03,181.2844,185.4289,181.2844,184.5156,46020
2017-04-04,185.3597,188.8884,185.3597,187.0825,19760
2017-04-05,185.5396,186.4667,184.737,185.8717,65650
2017-04-06,184.1281,185.7679,183.5262,185.3874,12870
2017-04-07,185.4289,187.4008,184.8131,186.7643,4940
2017-04-10,186.6051,186.6051,185.4635,186.6051,1560
2017-04-11,185.4358,186.1208,185.4289,185.588,8320
2017-04-12,185.083,186.1139,184.0105,184.142,107510
2017-04-13,184.737,184.737,182.6613,183.1733,40950
2017-04-14,183.3601,183.3532,182.6613,183.1456,12610
2017-04-17,183.6922,183.6922,178.5168,180.0183,9230
2017-04-18,178.5168,179.8868,175.0504,177.3129,30160
2017-04-19,172.9816,178.8559,170.899,178.157,28470
2017-04-20,178.157,186.4598,176.7802,182.1147,56940
2017-04-21,184.0451,191.2201,184.0451,190.9503,229320
2017-04-24,188.9645,194.0776,188.6116,193.3581,74620
2017-04-25,193.7317,193.7317,190.9641,192.2925,85410
2017-04-26,190.2722,191.65599999999998,182.6959,184.6471,108940
2017-04-27,183.3532,185.4081,182.6959,183.3532,11700
2017-04-28,181.2844,183.3532,179.8937,181.8379,57200
2017-05-01,181.2844,183.3532,179.8937,181.8379,57200
2017-05-02,181.2775,181.8379,178.16400000000002,178.503,63050
2017-05-03,178.5099,179.1326,172.9678,173.46599999999998,39000
2017-05-04,173.7427,175.7354,172.8294,174.7944,40820
2017-05-05,175.0504,179.2018,174.0126,177.1538,65260
2017-05-08,177.9218,179.8937,177.81799999999998,178.6829,47970
2017-05-09,180.7586,181.2706,178.5099,178.5999,25350
2017-05-10,178.5168,179.5339,176.5726,179.2502,21060
2017-05-11,179.8245,180.5787,178.5445,179.8799,33410
2017-05-12,179.0634,179.7899,177.8249,178.3715,57850
2017-05-15,179.8868,181.6235,177.81799999999998,178.3992,93990
2017-05-16,175.7423,177.8111,175.085,175.7285,57980
2017-05-17,175.7423,175.7423,171.5909,172.2621,493220
2017-05-18,170.9336,172.9747,170.899,172.864,41340
2017-05-19,172.2828,172.9747,171.5909,172.0337,29380
2017-05-22,172.9678,172.9747,171.0789,171.5148,66430
2017-05-23,170.9059,172.9747,168.9271,170.4562,64870
2017-05-24,169.6536,174.2824,169.5844,170.4355,500240
2017-05-25,170.2071,172.2828,168.8718,169.5221,127140
2017-05-26,170.2071,171.4525,168.8233,169.7712,26260
2017-05-29,169.5152,170.2071,168.1314,168.6849,74880
2017-05-30,172.6219,172.6219,168.8233,169.3699,20540
2017-05-31,171.584,171.5909,160.908,162.9076,627900
2017-06-01,162.8384,165.0179,155.7534,160.2853,235300
2017-06-02,165.3569,165.3569,152.5637,162.6378,109200
2017-06-05,165.0179,170.7676,165.0179,168.0207,95160
2017-06-06,166.0626,174.2893,166.0557,170.6845,138840
2017-06-07,170.899,172.2828,170.2071,171.5356,137150
2017-06-08,172.2828,172.2828,169.1762,169.9096,38870
2017-06-09,167.7924,169.5083,167.5779,168.1799,85800
2017-06-12,167.5779,167.5779,161.9043,161.9043,83590
2017-06-13,162.5962,168.4705,160.5205,161.7936,246870
2017-06-14,162.2503,161.9043,157.7875,158.5901,12220
2017-06-15,164.6373,164.6719,154.2934,163.2881,137150
2017-06-16,163.98,167.4395,161.2124,163.3366,2340
2017-06-19,161.9043,166.0557,160.5205,165.09400000000002,50310
2017-06-20,161.9113,161.9113,156.8396,156.895,30420
2017-06-21,158.4448,158.4448,149.4502,157.2894,55250
2017-06-22,152.2247,162.5962,150.1421,159.7802,49270
2017-06-23,152.2247,162.5962,150.1421,159.7802,49270
2017-06-26,152.2247,162.5962,150.1421,159.7802,49270
2017-06-27,152.2247,162.5962,150.1421,159.7802,49270
2017-06-28,152.2247,162.5962,150.1421,159.7802,49270
2017-06-29,154.9853,159.4481,154.9853,156.1477,7410
2017-06-30,155.6842,159.8286,155.6772,158.6247,18850
2017-07-03,155.6842,152.9097,150.6956,150.6956,53690
2017-07-04,146.6895,152.2108,145.2988,150.834,83850
2017-07-05,145.9976,154.2934,145.9976,148.9174,52000
2017-07-06,150.1421,150.1421,141.8393,142.6073,37440
2017-07-07,142.5312,147.3745,141.9154,145.6101,137150
2017-07-10,148.0664,152.2178,146.7518,151.9756,393380
2017-07-11,145.3057,148.7444,144.3785,144.3785,58500
2017-07-12,142.1852,142.1852,139.0717,141.5002,52390
2017-07-13,141.8393,144.5999,139.4176,139.8604,577200
2017-07-14,140.9744,141.8393,139.7705,140.6146,305240
2017-07-17,138.5597,141.8393,138.3798,140.8914,35360
2017-07-18,141.9085,142.5312,139.2446,141.1681,596700
2017-07-19,141.0782,141.8047,139.8397,140.4555,61620
2017-07-20,141.1474,139.4176,136.3179,137.6948,129090
2017-07-21,137.681,140.2825,136.6569,138.6012,21840
2017-07-24,137.0098,139.7497,136.996,138.8779,17550
2017-07-25,140.1026,140.3863,137.6879,137.7086,50180
2017-07-26,138.3798,138.3798,137.4457,137.4457,20280
2017-07-27,137.0098,138.2137,136.996,137.16899999999998,8840
2017-07-28,133.7095,136.9821,130.3122,135.0241,135070
2017-07-31,138.3106,138.3798,135.9927,136.3041,73840
2017-08-01,136.3179,139.0717,136.311,138.19299999999998,277940
2017-08-02,139.4107,139.7567,137.6879,138.0546,410670
2017-08-03,138.3106,138.3798,137.16899999999998,137.7571,1200290
2017-08-04,139.7497,144.6415,138.3798,142.9325,4503330
2017-08-07,144.6069,150.0729,142.8771,147.6581,1714960
2017-08-08,147.9972,148.6891,142.1852,145.8177,723970
2017-08-09,143.915,148.9312,143.915,147.0216,1154790
2017-08-10,147.0285,149.7961,145.8523,146.6203,205530
2017-08-11,145.9561,145.9907,142.7041,143.4583,175500
2017-08-14,145.9561,145.9907,142.7041,143.4583,175500
2017-08-15,140.4624,144.0879,137.6879,138.9125,386360
2017-08-16,136.996,138.7257,133.9516,137.6879,227500
2017-08-17,137.16899999999998,137.6948,135.2662,136.3733,93990
2017-08-18,133.5434,134.9203,129.565,134.3529,91000
2017-08-21,132.8446,132.8446,127.6415,130.077,147810
2017-08-22,124.5487,126.4791,123.5731,124.4864,471640
2017-08-23,125.8564,128.6932,123.15799999999999,127.9944,98280
2017-08-24,126.0986,128.6932,123.5039,124.4726,72280
2017-08-25,121.0892,127.8975,121.0892,126.4445,89180
2017-08-28,125.3375,126.9634,123.5039,123.7738,77090
2017-08-29,123.7461,124.5349,121.7742,121.7742,107510
2017-08-30,121.7742,127.8629,121.7742,127.6553,209690
2017-08-31,125.9533,127.6553,125.9533,127.6553,130
2017-09-01,125.9533,127.6553,125.9533,127.6553,130
2017-09-04,125.9533,127.6553,125.9533,127.6553,130
2017-09-05,125.9256,133.5365,125.9256,131.696,27690
2017-09-06,133.5365,135.6122,131.4608,131.4608,26780
2017-09-07,130.077,130.077,124.8877,125.5174,27820
2017-09-08,128.3472,129.731,124.5418,126.5345,6890
2017-09-11,125.9256,125.9256,121.0961,123.15799999999999,3900
2017-09-12,123.15799999999999,124.1958,123.15799999999999,123.67,11310
2017-09-13,126.9634,126.9634,123.241,123.84299999999999,72020
2017-09-14,124.5418,124.5418,123.15799999999999,124.4864,12740
2017-09-15,124.5418,125.2337,122.1202,122.3,40560
2017-09-18,124.8808,124.8808,116.1906,116.1906,479180
2017-09-19,114.1702,114.1702,110.3855,110.3925,589160
2017-09-20,109.3269,112.399,106.2134,110.3233,312000
2017-09-21,110.7038,112.3644,108.4897,109.1609,116610
2017-09-22,108.0054,110.5654,107.6318,108.7042,16770
2017-09-25,108.1438,109.32,104.4767,106.5801,79430
2017-09-26,105.9366,105.9297,102.40100000000001,103.8471,144170
2017-09-27,103.086,103.9578,102.0551,103.8609,84890
2017-09-28,102.74700000000001,105.7221,102.74700000000001,105.5215,25740
2017-09-29,105.7913,106.5386,103.681,103.7572,64220
2017-10-02,104.9957,105.1686,100.4291,101.8475,51740
2017-10-03,99.7026,102.0551,96.7551,96.7551,138450
2017-10-04,94.1328,95.82799999999999,91.9188,91.9188,1337440
2017-10-05,92.7075,94.7763,89.9469,93.3856,578240
2017-10-06,94.7832,98.04899999999999,94.7832,98.04899999999999,300690
2017-10-09,96.935,101.0034,96.8658,97.2395,114530
2017-10-10,98.5956,98.5956,92.7144,94.1052,62530
2017-10-11,93.7523,97.2118,93.7523,96.7067,49140
2017-10-12,98.7634,99.6689,94.0604,95.6959,123890
2017-10-13,94.0604,94.0604,90.9157,92.6214,163540
2017-10-16,93.3584,96.8541,92.83200000000001,95.8433,106340
2017-10-17,95.8503,100.3779,95.8152,97.7245,147420
2017-10-18,97.7245,101.0798,97.7245,99.8935,345020
2017-10-19,100.6586,104.8843,100.3779,104.5474,235560
2017-10-20,103.8876,107.6851,103.8876,105.9934,118040
2017-10-23,102.5609,107.3973,101.4308,101.4589,215020
2017-10-24,102.4767,102.4837,98.62299999999999,100.0269,14950
2017-10-25,99.0793,101.9923,99.0793,101.7818,152100
2017-10-26,104.2315,106.8708,104.2315,106.8708,54340
2017-10-27,112.2126,112.2126,107.5798,108.6819,276380
2017-10-30,109.5031,109.5031,103.2488,103.3611,20020
2017-10-31,103.1856,108.022,101.0798,102.589,44850
2017-11-01,105.2564,105.2564,102.4837,103.7121,273000
2017-11-02,105.2213,108.8012,100.413,103.5436,43810
2017-11-03,105.9864,105.9864,102.8417,104.0841,45110
2017-11-06,102.94,103.0453,101.7818,102.3012,8060
2017-11-07,101.7818,103.5015,101.7818,102.4837,2730
2017-11-08,101.7818,102.4837,100.3779,102.3784,9100
2017-11-09,104.5825,104.5895,102.4837,103.6981,61620
2017-11-10,101.8519,103.8174,101.7888,102.8698,17810
2017-11-13,102.9049,103.1154,101.7818,102.6311,2340
2017-11-14,102.4135,102.4135,100.5534,100.9745,43550
2017-11-15,100.7288,102.1187,100.3779,101.5642,89700
2017-11-16,101.6063,101.7818,101.0798,101.4378,25740
2017-11-17,101.0798,102.1327,101.0026,101.0658,13910
2017-11-20,101.0868,101.7818,98.272,98.97399999999999,11180
2017-11-21,99.0091,99.0091,98.97399999999999,98.97399999999999,10530
2017-11-22,98.9038,98.9038,96.8682,97.0085,10270
2017-11-23,95.6748,97.0085,95.4643,96.8471,60710
2017-11-24,97.535,98.272,96.8682,97.0436,1170
2017-11-27,96.3417,97.5701,95.4643,96.08200000000001,40430
2017-11-28,96.1662,98.2369,94.0674,96.1662,60060
2017-11-29,96.1662,96.1732,92.83200000000001,93.7726,92300
2017-11-30,94.7623,95.4643,91.2526,91.5685,62790
2017-12-01,94.7623,95.4643,91.2526,91.5685,62790
2017-12-04,94.0253,94.0534,91.4281,92.5021,24440
2017-12-05,93.1829,93.3514,91.2526,91.2947,21450
2017-12-06,91.9545,91.9545,89.8487,91.2596,4290
2017-12-07,89.9189,91.2456,87.7499,88.6695,61360
2017-12-08,89.1468,93.0777,87.7429,88.0939,189280
2017-12-11,90.5507,91.1824,85.6371,86.9708,33540
2017-12-12,84.9351,89.8136,84.9351,86.9918,17680
2017-12-13,87.7429,91.3368,86.69,87.434,160290
2017-12-14,87.7429,87.7429,84.2332,84.9,88400
2017-12-15,84.2332,87.6025,84.2332,86.4583,20410
2017-12-18,82.9135,86.33200000000001,82.9135,86.3039,69420
2017-12-19,84.2332,84.9351,83.5312,83.5523,107380
2017-12-20,83.5312,86.339,80.0987,81.0674,112190
2017-12-21,79.3196,82.8293,78.9686,81.63600000000001,216320
2017-12-22,82.1273,85.7143,82.0922,85.7143,379470
2017-12-25,82.1273,85.7143,82.0922,85.7143,379470
2017-12-26,85.9951,89.9961,85.6371,88.7537,123890
2017-12-27,89.1468,93.19,89.1468,93.19,312260
2017-12-28,93.5339,97.8439,93.5339,97.8439,545610
2017-12-29,100.3779,102.7294,98.7985,99.6478,715000
2018-01-01,99.6057,102.1327,98.272,100.4621,34450
2018-01-02,100.5534,105.48100000000001,100.5534,105.48100000000001,411710
2018-01-03,106.6954,109.4961,101.0868,102.2591,321230
2018-01-04,102.1327,105.1862,98.97399999999999,99.9637,294060
2018-01-05,100.5534,102.4837,100.3779,100.9184,189930
2018-01-08,101.7116,105.2915,100.2375,104.021,154310
2018-01-09,102.1327,105.2915,101.0798,103.8595,97240
2018-01-10,104.2386,105.6424,103.2558,104.3649,278070
2018-01-11,104.3649,106.7305,101.1149,105.9653,313690
2018-01-12,105.3266,105.3617,103.1856,103.6489,106470
2018-01-15,102.4837,102.6592,100.3779,101.5852,70330
2018-01-16,100.3779,106.6603,100.0269,103.5787,197470
2018-01-17,103.8876,106.3444,102.6592,105.9022,61490
2018-01-18,106.6954,111.1948,106.6954,110.7034,479830
2018-01-19,108.9416,113.7148,108.8714,111.9248,221260
2018-01-22,113.6446,117.2034,112.6619,116.6629,125060
2018-01-23,117.9264,118.6284,113.0128,115.9259,236860
2018-01-24,117.9194,121.7169,116.5928,121.4221,255450
2018-01-25,122.1381,122.1381,117.2245,118.1651,102180
2018-01-26,117.2596,119.6673,116.3892,118.137,42250
2018-01-29,118.9372,118.9443,115.8206,116.5226,32240
2018-01-30,116.8735,117.9264,114.7958,114.9572,24830
2018-01-31,115.7855,117.8563,115.1187,116.8314,272090
2018-02-01,115.1327,119.3233,115.1327,116.319,304330
2018-02-02,116.8735,116.8735,113.3989,114.0798,36140
2018-02-05,116.8735,116.8735,113.3989,114.0798,36140
2018-02-06,112.3039,112.1635,108.38,110.6262,78650
2018-02-07,112.3109,112.3109,110.5911,110.7596,31460
2018-02-08,110.90700000000001,110.90700000000001,105.9934,106.7726,71370
2018-02-09,105.2985,108.738,104.4491,104.9756,91130
2018-02-12,105.2915,106.6954,101.8519,104.042,69680
2018-02-13,104.5895,107.3973,102.4837,106.19,75530
2018-02-14,104.8001,105.5231,102.245,102.5118,260260
2018-02-15,103.8876,104.5474,100.9886,102.22399999999999,108940
2018-02-16,99.9216,104.4632,99.8584,103.9297,30550
2018-02-19,103.8876,105.2844,102.8347,103.8876,35880
2018-02-20,105.2143,105.2143,101.7818,102.3854,91910
2018-02-21,103.1786,103.1786,101.7818,102.8978,73710
2018-02-22,102.1327,103.1154,101.7818,102.4907,385320
2018-02-23,103.1856,103.1856,99.6759,100.3849,105430
2018-02-26,102.2521,102.4837,99.4653,99.7602,36920
2018-02-27,99.6759,101.7045,99.6057,100.2164,80600
2018-02-28,100.0339,101.7818,100.0339,101.3115,567970
2018-03-01,101.7747,106.3725,101.7747,106.3725,893360
2018-03-02,108.72399999999999,111.6862,108.0992,111.251,474500
2018-03-05,112.3109,112.697,108.0992,109.4329,318110
2018-03-06,109.5031,114.9011,108.8082,109.5452,623610
2018-03-07,110.9,113.6446,108.0992,111.4896,281970
2018-03-08,110.90700000000001,114.3465,108.8854,110.7245,121160
2018-03-09,110.2051,114.0517,108.9767,109.3908,70850
2018-03-12,110.2051,112.3109,107.6079,111.1948,580840
2018-03-13,112.1354,113.7148,110.2051,112.9567,296660
2018-03-14,112.3109,114.2061,111.4405,112.4513,129350
2018-03-15,112.3109,113.7148,112.3109,112.5145,95940
2018-03-16,112.2758,112.3109,110.4227,110.5631,138450
2018-03-19,111.609,114.0658,109.2294,109.5663,346060
2018-03-20,110.0647,110.90700000000001,107.7483,109.1171,371800
2018-03-21,110.90700000000001,110.90700000000001,108.0992,108.2116,95680
2018-03-22,108.8012,113.6165,108.1765,113.055,316290
2018-03-23,108.8012,113.6165,108.1765,113.055,316290
2018-03-26,113.5744,114.3114,111.3984,113.6656,184990
2018-03-27,113.3638,115.7153,110.9772,112.0442,79820
2018-03-28,113.0128,114.0658,110.9912,113.2445,149370
2018-03-29,113.7148,115.1117,113.0128,114.0938,245570
2018-03-30,112.7321,114.0938,112.3109,112.6549,106990
2018-04-02,114.0658,118.2774,114.0658,117.6878,337740
2018-04-03,117.6878,119.3303,115.1257,116.5647,95940
2018-04-04,116.5226,118.8039,114.4167,115.0274,63700
2018-04-05,115.1889,117.2245,115.1889,115.7153,51220
2018-04-06,115.8206,118.6284,114.4167,114.9572,120770
2018-04-09,116.8735,116.8735,114.7677,115.0204,30160
2018-04-10,115.1187,116.5015,114.1009,115.23100000000001,67860
2018-04-11,115.8206,116.5226,115.8206,115.8838,130390
2018-04-12,115.4696,115.4696,114.4167,114.6905,279630
2018-04-13,113.3708,115.4556,112.3109,113.0058,64870
2018-04-16,113.0128,113.0128,110.2051,112.1845,41340
2018-04-17,111.609,112.3109,108.8012,110.4157,107510
2018-04-18,111.4335,112.3039,110.2051,110.2121,249860
2018-04-19,110.2051,110.90700000000001,109.1522,110.1489,49270
2018-04-20,109.5031,110.2051,108.8363,109.3557,36920
2018-04-23,108.8082,112.3109,108.3098,109.4119,232440
2018-04-24,109.5031,110.8719,108.4502,108.9626,109070
2018-04-25,108.2747,109.4961,106.6954,107.0814,68640
2018-04-26,107.1516,107.1516,105.6424,106.6954,51610
2018-04-27,105.3617,108.029,105.2915,105.6775,107380
2018-04-30,105.9934,105.9934,102.6592,104.04899999999999,150800
2018-05-01,105.9934,105.9934,102.6592,104.04899999999999,150800
2018-05-02,105.2213,105.2213,102.1327,102.8627,248430
2018-05-03,103.1856,104.2315,101.5431,101.9572,44070
2018-05-04,101.1149,101.7818,100.9043,100.9043,19110
2018-05-07,101.0798,101.7818,99.325,99.711,170950
2018-05-08,99.6759,101.3536,98.4475,98.9038,48750
2018-05-09,98.3422,98.272,95.4643,98.0966,102830
2018-05-10,99.6408,102.9961,97.9211,102.9821,81120
2018-05-11,104.5755,104.5895,101.0798,101.3115,210990
2018-05-14,100.3779,100.3779,96.2504,96.9032,91260
2018-05-15,98.272,98.97399999999999,95.4643,97.9702,210210
2018-05-16,97.5701,97.5701,95.1203,96.0469,83980
2018-05-17,95.9837,96.7629,94.65700000000001,95.1203,247260
2018-05-18,94.4464,95.0782,94.4114,94.5377,44070
2018-05-21,94.7623,96.1662,92.6565,92.9794,34710
2018-05-22,94.5237,96.1311,93.1829,95.4011,157950
2018-05-23,94.9729,96.089,94.7623,95.9907,72540
2018-05-24,96.8682,97.0085,95.4643,95.71700000000001,128830
2018-05-25,94.9027,95.8152,94.9027,95.5204,5070
2018-05-28,95.4643,96.447,94.7623,95.6678,81120
2018-05-29,95.6678,97.4999,94.9378,95.8223,93860
2018-05-30,95.8152,96.1662,95.4713,95.8854,109200
2018-05-31,95.8152,96.3066,95.4643,96.1662,91910
2018-06-01,95.8152,96.2364,94.0604,95.2326,16120
2018-06-04,95.4292,95.6047,95.4643,95.6047,1040
2018-06-05,95.6047,97.5701,94.7693,96.46799999999999,117650
2018-06-06,98.1948,98.1948,96.8682,97.3946,21970
2018-06-07,96.8541,97.4297,96.1662,96.3417,79950
2018-06-08,96.8541,97.4297,96.1662,96.3417,79950
2018-06-11,94.9518,94.9518,93.0075,93.1759,12740
2018-06-12,93.1759,93.1829,91.6036,91.9265,111930
2018-06-13,91.9545,92.6565,90.5507,91.5334,90740
2018-06-14,91.5334,91.6036,89.8487,91.5404,24180
2018-06-15,91.5334,91.6036,89.8487,91.5404,24180
2018-06-18,91.5334,91.6036,89.8487,91.5404,24180
2018-06-19,91.2526,91.2526,90.5507,90.9016,4160
2018-06-20,90.5507,90.5507,87.7499,88.1149,127660
2018-06-21,89.9891,89.9891,86.339,87.04799999999999,31070
2018-06-22,87.7429,88.1641,86.69,86.69,14560
2018-06-25,84.2402,86.6759,83.6014,84.163,106730
2018-06-26,85.602,87.6727,84.1981,84.8088,309920
2018-06-27,88.4448,88.4448,84.2332,85.988,221390
2018-06-28,85.2931,89.8487,85.2861,87.2024,153010
2018-06-29,89.6732,89.6732,84.9351,86.3881,55120
2018-07-02,86.339,87.6025,82.9065,84.2472,265720
2018-07-03,85.988,85.988,82.2186,82.5626,179530
2018-07-04,82.4853,82.4853,78.4351,78.5896,219180
2018-07-05,78.2667,81.7904,77.2488,79.102,122330
2018-07-06,79.1792,80.6813,76.9049,77.7472,130390
2018-07-09,77.9157,78.6176,74.055,74.5534,74750
2018-07-10,73.0442,75.2483,71.6684,74.42699999999999,178880
2018-07-11,74.406,78.1052,73.704,74.764,133900
2018-07-12,73.0091,75.4589,73.0021,75.0026,29380
2018-07-13,75.8099,76.1608,71.2823,74.0199,162240
2018-07-16,72.3001,73.704,72.3001,72.5318,32500
2018-07-17,73.704,76.1257,70.2294,75.1571,404430
2018-07-18,75.9994,78.9124,75.9994,78.9124,144040
2018-07-19,80.7235,82.8082,80.7235,81.9378,445120
2018-07-20,78.9686,82.1273,78.9686,80.562,166790
2018-07-23,79.4951,79.4951,77.2137,77.9297,35230
2018-07-24,79.3196,81.8255,78.9756,81.5237,178750
2018-07-25,79.3196,81.8255,78.9756,81.5237,178750
2018-07-26,85.1808,85.5949,83.5312,85.5949,184470
2018-07-27,87.0409,89.8698,87.0409,89.8698,161850
2018-07-30,91.2596,94.3622,91.2596,94.3622,491660
2018-07-31,95.4572,96.8682,89.6522,90.6209,552890
2018-08-01,91.2526,92.6354,87.7429,91.0841,528970
2018-08-02,91.4562,92.6495,87.7429,87.9254,277030
2018-08-03,87.7429,88.515,86.339,87.1533,107900
2018-08-06,86.339,89.7715,86.339,89.0976,316030
2018-08-07,89.8487,93.54799999999999,88.7958,92.853,348790
2018-08-08,91.9545,94.7623,91.9545,93.0285,117910
2018-08-09,91.2877,94.6921,91.2877,92.6144,345150
2018-08-10,93.21799999999999,94.7202,91.9545,92.46700000000001,483860
2018-08-13,92.3757,92.3757,90.6209,91.1894,67210
2018-08-14,92.3757,92.3757,90.6209,91.1894,67210
2018-08-15,91.1824,94.0604,90.5577,91.3017,104650
2018-08-16,90.0242,91.2526,88.6203,90.684,66820
2018-08-17,91.38600000000001,94.0604,90.7612,92.7618,197860
2018-08-20,94.0604,94.0604,91.7791,92.2072,112580
2018-08-21,94.0604,94.0604,91.7791,92.2072,112580
2018-08-22,94.0604,94.0604,91.7791,92.2072,112580
2018-08-23,94.0604,94.0604,91.7791,92.2072,112580
2018-08-24,92.1651,92.2845,90.5507,91.1333,68380
2018-08-27,91.9195,91.9195,90.1997,90.5436,37050
2018-08-28,90.1997,90.4805,89.5048,89.8908,29380
2018-08-29,89.21700000000001,89.2942,87.9535,88.8028,28730
2018-08-30,88.4448,89.8487,86.7251,87.8061,59020
2018-08-31,87.8271,88.4448,87.6727,88.1781,4420
2018-09-03,87.04799999999999,87.04799999999999,83.7699,85.6441,53040
2018-09-04,86.339,89.8487,86.339,89.1749,77610
2018-09-05,88.7958,89.1468,85.2861,87.1322,13000
2018-09-06,85.7774,87.0339,84.2332,84.7316,69290
2018-09-07,85.988,86.339,82.1273,82.9346,39520
2018-09-10,82.1273,82.9065,82.1273,82.8223,18460
2018-09-11,82.8293,85.6371,82.1273,83.3979,29900
2018-09-12,83.5312,83.5312,82.8293,82.8293,7930
2018-09-13,83.8752,84.3034,83.5312,84.1489,5980
2018-09-14,84.9,86.68299999999999,84.9,86.0652,77350
2018-09-17,84.5982,87.0339,81.7834,82.8925,43940
2018-09-18,82.8293,87.0339,82.8293,87.0339,49660
2018-09-19,88.4308,91.37899999999999,87.7429,91.37899999999999,628810
2018-09-20,88.4308,91.37899999999999,87.7429,91.37899999999999,628810
2018-09-21,88.4308,91.37899999999999,87.7429,91.37899999999999,628810
2018-09-24,92.6565,93.9902,88.4448,88.7677,407810
2018-09-25,89.4977,90.4734,86.339,88.7467,344500
2018-09-26,89.6873,89.8487,87.7429,89.1047,153400
2018-09-27,89.1468,89.4977,87.0409,87.8692,83590
2018-09-28,88.4378,90.5507,87.0409,87.8412,168870
2018-10-01,86.69,88.0939,86.5566,87.79899999999999,32760
2018-10-02,88.7256,89.8487,87.7429,89.6311,124280
2018-10-03,88.4519,89.8487,87.8131,88.4799,62920
2018-10-04,88.4448,88.515,85.6722,86.0091,80730
2018-10-05,85.6371,85.7073,82.1273,83.9664,214760
2018-10-08,84.0928,84.2332,80.0285,80.0917,178880
2018-10-09,83.461,83.5312,78.6176,80.2602,159510
2018-10-10,79.46,83.5312,78.2667,82.6749,101400
2018-10-11,82.1975,86.339,80.0215,81.0885,257270
2018-10-12,82.1273,84.0928,77.9157,79.2283,345800
2018-10-15,76.5118,79.9513,75.8099,77.2559,274690
2018-10-16,76.4764,78.3883,74.5645,75.1572,187000
2018-10-17,75.377,78.9141,75.377,78.1015,159400
2018-10-18,78.4361,79.3443,75.9984,76.5051,191200
2018-10-19,76.008,80.3289,75.5204,80.3289,171400
2018-10-22,81.7341,84.3439,81.715,83.8468,170300
2018-10-23,83.9328,84.1145,80.3002,80.5392,92390
2018-10-24,84.1049,84.5638,84.0189,84.5638,25600
2018-10-25,88.7891,88.7891,86.9919,88.7891,253700
2018-10-26,87.2309,93.2247,85.9881,93.2247,304300
2018-10-29,95.3565,97.8802,95.3565,97.8802,402100
2018-10-30,97.928,102.66,93.9226,102.3637,773400
2018-10-31,102.2872,105.155,99.9068,103.0711,249900
2018-11-01,102.7556,105.155,101.3312,104.2278,149200
2018-11-02,104.1991,108.5009,103.4821,104.9734,341800
2018-11-05,105.0594,106.111,99.7252,99.7252,159000
2018-11-06,97.5074,99.4193,95.5859,95.6146,295400
2018-11-07,99.4098,100.3657,96.647,99.0178,420000
2018-11-08,97.2206,99.4193,96.0735,96.3985,103200
2018-11-09,96.5514,98.9318,94.9741,96.3029,246100
2018-11-12,97.5074,98.2148,94.6395,95.5286,170200
2018-11-13,95.4999,95.4999,92.7276,94.1233,110700
2018-11-14,93.8748,98.7023,93.2056,95.7676,264600
2018-11-15,95.8345,97.9854,95.8345,96.88600000000001,88400
2018-11-16,96.561,99.6105,96.561,97.6795,72500
2018-11-19,97.9854,97.9854,95.5955,97.1155,47300
2018-11-20,96.5514,98.4442,95.7389,97.5456,32700
2018-11-21,96.5514,98.4442,95.7389,97.5456,32700
2018-11-22,96.8,98.7023,95.7867,96.4081,61200
2018-11-23,96.5514,98.9891,95.5955,98.3964,110300
2018-11-26,99.8782,99.8782,95.5955,96.1021,131600
2018-11-27,95.5955,96.5514,92.87100000000001,95.9396,69000
2018-11-28,93.6836,96.6279,93.2247,95.8727,53800
2018-11-29,96.0735,97.36399999999999,93.6836,95.43299999999999,119800
2018-11-30,95.5955,95.5955,90.6628,90.6628,153200
2018-12-03,86.1315,86.1315,86.1315,86.1315,7200
2018-12-04,81.8297,89.8598,81.8297,85.2807,340400
2018-12-05,87.9287,87.9383,82.4033,84.4395,202900
2018-12-06,83.1872,85.9403,82.2121,83.1203,171900
2018-12-07,84.9653,86.0359,78.9714,84.2961,639600
2018-12-10,85.9403,86.7529,84.2196,85.2425,174400
2018-12-11,84.3152,87.1257,83.6461,84.516,62100
2018-12-12,82.5945,85.0322,82.5945,82.8431,109000
2018-12-13,84.602,84.602,82.6901,83.149,103300
2018-12-14,83.1681,84.602,81.2562,83.5505,152800
2018-12-17,81.8871,83.4549,81.8775,82.6901,70800
2018-12-18,83.1681,84.124,81.2562,82.4989,134900
2018-12-19,83.1585,83.6365,79.3443,82.1261,95300
2018-12-20,82.2121,84.9844,81.8297,83.4644,62800
2018-12-21,82.2121,85.9403,81.8775,83.8468,36900
2018-12-24,84.1145,85.4146,82.3077,84.2865,73800
2018-12-25,84.1145,85.4146,82.3077,84.2865,73800
2018-12-26,84.124,85.4146,82.7092,85.1565,84800
2018-12-27,84.4682,85.4528,83.1585,83.5505,35800
2018-12-28,82.6901,84.1145,79.3729,80.5966,160700
2018-12-31,82.6901,84.124,76.5815,81.1988,423600
2019-01-01,81.2466,83.0725,80.2907,82.0974,184500
2019-01-02,81.2562,83.6461,80.3002,80.8738,59500
2019-01-03,80.3862,81.2562,78.8663,79.5737,48000
2019-01-04,78.8663,80.2046,78.3883,79.8509,37000
2019-01-07,79.5354,83.2924,79.5354,83.1681,90500
2019-01-08,83.6461,84.602,82.2121,84.0284,37500
2019-01-09,84.124,84.602,83.1681,83.3879,49000
2019-01-10,83.4071,84.1049,83.0725,83.1872,9000
2019-01-11,83.1681,83.1681,79.9274,81.1797,43000
2019-01-14,82.8048,84.0762,81.2562,82.4129,133000
2019-01-15,81.7341,83.1681,81.4952,81.5716,30500
2019-01-16,81.2562,81.4952,79.3443,80.2333,64000
2019-01-17,79.8222,82.1165,78.8663,81.6194,25500
2019-01-18,80.5392,82.4989,80.3002,80.6157,88000
2019-01-21,80.3002,80.3002,78.9619,79.4112,68500
2019-01-22,78.3883,80.3098,76.4764,79.9083,229500
2019-01-23,80.2907,81.2562,79.4876,79.8987,144500
2019-01-24,82.2121,83.0725,79.9178,79.9465,62500
2019-01-25,80.3002,80.7304,80.3002,80.6157,4000
2019-01-28,80.3002,80.673,80.1568,80.4627,42500
2019-01-29,80.3002,81.2562,79.8987,80.6348,76000
2019-01-30,80.3002,81.3518,80.3002,80.4627,150500
2019-01-31,80.3002,81.5334,77.4323,79.3825,149000
2019-02-01,80.3002,82.4511,79.8318,81.6099,129000
2019-02-04,81.2657,85.6822,81.2657,85.6727,741500
2019-02-05,81.2657,85.6822,81.2657,85.6727,741500
2019-02-06,85.79700000000001,88.9038,84.84100000000001,85.3668,303000
2019-02-07,83.4357,84.7932,83.2159,83.6461,152000
2019-02-08,84.84100000000001,85.7492,83.6461,83.9806,411500
2019-02-11,84.124,84.602,82.6901,83.1107,66500
2019-02-12,83.6939,86.0264,83.6461,85.5102,232500
2019-02-13,86.5139,87.2213,85.319,85.491,224000
2019-02-14,84.602,85.08,83.1776,84.1145,57500
2019-02-15,84.1336,84.2292,83.1681,83.6461,62000
2019-02-18,83.6652,85.08,83.1681,83.6843,18000
2019-02-19,82.6901,83.5983,82.2121,82.6041,43000
2019-02-20,81.3613,83.1681,81.2562,82.4511,7000
2019-02-21,82.2121,86.5713,82.2121,86.5713,451500
2019-02-22,87.9479,90.8922,87.9383,89.3818,741000
2019-02-25,89.7642,91.1694,86.9919,87.6802,304000
2019-02-26,86.5139,90.1657,85.08,86.9919,407000
2019-02-27,86.0359,86.8485,82.6423,85.5675,188000
2019-02-28,86.9919,87.1353,84.124,85.4241,236500
2019-03-01,86.9919,88.9038,86.1793,86.7625,275000
2019-03-04,86.0455,86.0455,85.3285,85.5388,55000
2019-03-05,86.0359,86.0359,83.7416,84.4586,136000
2019-03-06,84.84100000000001,86.9823,84.277,84.363,95500
2019-03-07,86.0264,86.0359,83.8946,84.4491,29000
2019-03-08,83.4549,84.9366,83.1681,83.4166,15000
2019-03-11,83.4166,84.5733,83.4166,83.4549,9500
2019-03-12,83.1776,84.1336,83.1681,84.0858,61000
2019-03-13,85.08,85.08,84.124,84.1718,63500
2019-03-14,84.1145,85.0322,83.1681,83.1968,13500
2019-03-15,83.1681,83.1681,80.7782,81.5716,17500
2019-03-18,81.3518,83.6461,79.8222,82.2217,30500
2019-03-19,81.9731,83.1681,80.7782,81.8871,45500
2019-03-20,80.7782,81.9731,80.3958,80.7495,106500
2019-03-21,80.4914,84.7836,80.3002,84.0476,281500
2019-03-22,84.124,84.124,82.2121,82.9195,17000
2019-03-25,81.7437,81.7437,79.9656,80.3002,38500
2019-03-26,80.0612,82.6901,80.0612,81.2562,40000
2019-03-27,81.2562,83.8372,81.2562,83.0342,167500
2019-03-28,82.9769,83.0151,81.7341,81.7628,16000
2019-03-29,80.3098,84.0762,80.3002,82.0496,54500
2019-04-01,80.5392,81.0172,79.8222,80.7782,13000
2019-04-02,81.2562,82.6901,80.9311,81.15100000000001,40500
2019-04-03,81.2562,82.4511,80.4436,81.6385,20500
2019-04-04,81.6385,81.6385,80.3002,80.3002,28000
2019-04-05,81.2562,81.7341,80.7782,81.1032,36500
2019-04-08,80.3002,80.3002,77.0978,78.2067,53500
2019-04-09,77.4419,77.4419,75.5204,76.5433,171500
2019-04-10,76.4764,76.4764,73.6085,75.205,20500
2019-04-11,74.6123,75.5204,71.5054,72.9489,172500
2019-04-12,72.6526,74.5645,71.7922,74.0769,223000
2019-04-15,73.6085,75.0425,73.6085,74.6027,62000
2019-04-16,74.8035,78.3309,74.1343,76.8875,450500
2019-04-17,76.4764,76.4764,73.7997,73.9813,93000
2019-04-18,74.0865,74.0865,73.1305,74.0865,29500
2019-04-19,75.0425,75.5204,72.6526,73.0828,19000
2019-04-22,72.557,73.8475,72.3658,72.6526,201000
2019-04-23,70.9797,72.1746,69.3163,70.0428,42500
2019-04-24,70.0237,71.6871,69.7369,69.8134,28000
2019-04-25,68.8288,70.7407,68.8192,69.7656,65000
2019-04-26,70.7407,73.2453,70.7407,73.0923,205000
2019-04-29,74.5645,76.6867,71.6966,72.0981,195000
2019-04-30,71.7922,72.6526,70.8363,71.8974,91500
2019-05-01,71.7922,72.6526,70.8363,71.8974,91500
2019-05-02,71.7157,72.557,70.7885,70.8076,39000
2019-05-03,70.7502,70.7502,69.8803,70.0141,68500
2019-05-06,69.8803,69.8803,67.8728,68.8479,55000
2019-05-07,68.8383,69.2111,66.9168,67.2036,18500
2019-05-08,65.3013,65.4829,63.8482,63.8482,300000
2019-05-09,62.1371,64.04899999999999,61.8981,62.4334,176500
2019-05-10,62.5195,62.5195,60.2443,60.8561,96500
2019-05-13,60.8561,62.1371,57.8162,57.8162,114500
2019-05-14,55.063,56.4013,54.9292,54.9292,171000
2019-05-15,54.9674,55.4454,52.1856,52.5297,449000
2019-05-16,50.7612,50.7708,49.9104,49.9104,135500
2019-05-17,47.4154,47.4154,47.4154,47.4154,15500
2019-05-20,45.0446,46.3638,45.0446,45.8285,509500
2019-05-21,45.6468,46.8227,43.9739,45.4557,425000
2019-05-22,45.9623,47.7213,45.9623,47.7213,300000
2019-05-23,49.2317,50.1016,49.2317,50.1016,191000
2019-05-24,51.5738,52.6062,49.7097,52.6062,554000
2019-05-27,54.3843,55.2351,52.5775,53.4761,513500
2019-05-28,52.5775,53.8107,50.809,50.809,278000
2019-05-29,51.048,53.3423,49.9486,53.2562,811500
2019-05-30,55.4454,55.4454,51.6216,52.4724,565000
2019-05-31,55.4454,55.4454,51.6216,52.4724,565000
2019-06-03,51.8606,53.5239,51.6216,53.3136,68000
2019-06-04,51.8606,53.5239,51.6216,53.3136,68000
2019-06-05,51.8606,53.5239,51.6216,53.3136,68000
2019-06-06,51.8606,53.5239,51.6216,53.3136,68000
2019-06-07,51.8606,53.5239,51.6216,53.3136,68000
2019-06-10,52.5775,52.5775,50.6561,50.6943,41000
2019-06-11,48.9449,50.6752,48.5243,49.853,39000
2019-06-12,49.5663,52.3385,49.2317,50.3406,454500
2019-06-13,50.3979,52.8547,50.3788,52.8452,268500
2019-06-14,53.5335,55.4836,53.0555,55.4836,413000
2019-06-17,56.2101,58.2559,55.9234,56.6786,272000
2019-06-18,57.1183,57.1661,53.8489,54.3556,464500
2019-06-19,54.3556,55.4454,54.3556,55.2829,121000
2019-06-20,56.4013,57.6919,56.3057,56.4874,175500
2019-06-21,55.9234,56.8793,54.8718,55.2638,113500
2019-06-24,54.9674,54.9674,52.501000000000005,52.501000000000005,169500
2019-06-25,50.6752,53.5335,50.2928,52.3576,97000
2019-06-26,52.2907,52.2907,50.1876,51.1436,125500
2019-06-27,51.6216,51.698,49.4707,49.7097,196000
2019-06-28,48.9449,51.6216,48.7537,50.2163,93500
2019-07-01,49.9391,51.1436,49.9391,50.6656,17500
2019-07-02,50.1876,53.1989,50.1876,52.4246,108500
2019-07-03,53.5335,54.4894,53.4379,54.4703,131500
2019-07-04,55.4358,55.4358,51.8606,52.2621,39000
2019-07-05,52.568000000000005,52.568000000000005,50.6656,51.7936,32000
2019-07-08,50.6656,50.809,50.1876,50.1876,16500
2019-07-09,50.6656,51.6216,49.7097,49.7192,141500
2019-07-10,49.7192,51.048,49.7097,50.5031,18500
2019-07-11,50.2354,50.6656,49.8148,50.0347,23500
2019-07-12,49.9008,50.092,48.9449,49.4707,21000
2019-07-15,48.7537,48.7537,47.4632,47.8264,197500
2019-07-16,48.7155,49.2317,46.3638,47.3389,92000
2019-07-17,47.6544,49.4707,47.6544,48.0176,151000
2019-07-18,47.8169,47.8169,45.6182,45.9528,90000
2019-07-19,44.9299,46.2682,43.6585,45.838,104500
2019-07-22,45.4079,45.8858,44.0791,45.8858,41500
2019-07-23,45.8858,48.0367,45.4079,47.7786,140500
2019-07-24,48.0367,48.0463,46.8513,47.3293,292000
2019-07-25,47.3198,47.3198,46.3638,46.708,49000
2019-07-26,46.3638,46.3638,45.4079,45.8858,203500
2019-07-29,44.4997,44.9299,43.8305,44.146,33500
2019-07-30,43.9739,44.4519,42.8268,43.0658,37500
2019-07-31,43.3621,43.8783,42.5496,43.4673,50500
2019-08-01,43.018,45.6373,43.018,45.6373,102000
2019-08-02,46.2682,47.0043,43.9739,45.5226,65500
2019-08-05,44.1747,44.9299,44.1747,44.1842,23000
2019-08-06,44.2129,44.6909,43.5437,43.9739,39000
2019-08-07,43.1136,43.4959,42.301,42.3679,275500
2019-08-08,42.4444,42.4444,40.2648,40.7715,123000
2019-08-09,42.5304,42.54,41.1061,41.6127,43000
2019-08-12,42.5304,42.54,41.1061,41.6127,43000
2019-08-13,42.5304,42.54,41.1061,41.6127,43000
2019-08-14,42.5304,42.54,41.1061,41.6127,43000
2019-08-15,42.5304,42.54,41.1061,41.6127,43000
2019-08-16,40.6281,40.6281,39.5383,39.6243,192000
2019-08-19,39.6721,41.0965,38.3529,40.8384,417500
2019-08-20,41.1061,42.8746,40.1501,42.8555,446000
2019-08-21,43.4959,44.9968,43.0275,44.9968,210000
2019-08-22,46.555,47.2433,46.316,47.0808,443500
2019-08-23,47.033,48.0845,44.9299,45.9241,435500
2019-08-26,44.6527,45.4079,43.7349,43.9739,475
2019-08-27,43.5915,45.8858,43.5915,45.4461,76
2019-08-28,45.8858,46.3638,44.4519,44.7578,301500
2019-08-29,44.2703,44.8725,42.5209,43.1709,52000
2019-08-30,42.062,42.3488,41.583999999999996,41.583999999999996,55000
2019-09-02,42.8363,43.6585,41.2973,42.1003,64500
2019-09-03,43.0084,43.0084,41.7274,42.1672,49500
2019-09-04,42.062,44.2703,41.1825,43.9261,200000
2019-09-05,44.6431,44.9299,43.0275,43.3143,104500
2019-09-06,43.0371,43.7158,42.6834,43.428999999999995,28000
2019-09-09,43.0371,43.7158,42.6834,43.428999999999995,28000
2019-09-10,43.0371,43.7158,42.6834,43.428999999999995,28000
2019-09-11,43.4959,44.4519,43.018,43.0753,126000
2019-09-12,43.6393,45.2262,43.257,43.6393,130500
2019-09-13,44.5475,44.5475,43.257,43.7445,57000
2019-09-16,43.7445,45.1689,43.7445,44.8725,150500
2019-09-17,44.863,45.6468,44.4997,45.2071,58000
2019-09-18,44.9299,45.8858,44.0695,44.7769,65500
2019-09-19,44.4519,45.8858,44.4519,45.8858,25500
2019-09-20,47.0808,47.0808,45.1689,45.3027,29000
2019-09-23,45.8858,45.8858,43.5055,43.7541,25500
2019-09-24,43.6871,44.3563,43.2092,44.0026,21000
2019-09-25,44.7769,44.8056,43.9739,43.9739,28000
2019-09-26,44.5857,44.7769,43.6871,44.0313,81500
2019-09-27,44.6813,45.0733,44.4519,44.79600000000001,43000
2019-09-30,45.8285,46.6028,43.4959,43.993,415000
2019-10-01,44.0695,46.1917,43.6967,46.1917,574000
2019-10-02,46.6506,48.4956,46.3543,48.3426,803500
2019-10-03,48.7441,50.7516,48.2757,50.2545,907500
2019-10-04,51.0002,51.8606,49.9964,51.2965,796000
2019-10-07,51.5164,53.8585,51.13399999999999,53.8107,1525
2019-10-08,54.4894,54.7284,52.3385,52.6922,507500
2019-10-09,52.0995,53.2658,51.6694,51.8988,245500
2019-10-10,51.6216,53.543,51.6216,53.2754,134500
2019-10-11,53.5335,54.3365,52.6731,53.7342,218500
2019-10-14,53.0555,53.0555,51.6694,51.8988,141000
2019-10-15,51.1436,53.3423,51.1436,52.9025,140500
2019-10-16,53.9828,54.6806,52.8165,54.26,241000
2019-10-17,55.5,55.5,53.05,53.5,83500
2019-10-18,54.0,54.5,53.05,53.39,76500
2019-10-21,52.16,52.16,50.73,50.73,229
2019-10-22,48.65,51.99,48.2,51.07,174000
2019-10-23,51.89,52.5,51.89,51.98,137000
2019-10-24,52.5,52.95,51.5,51.71,95000
2019-10-25,51.3,53.0,51.0,52.52,558500
2019-10-28,53.0,55.14,53.0,55.14,92000
2019-10-29,56.8,57.89,55.51,56.92,454000
2019-10-30,56.0,57.5,54.08,55.58,572500
2019-10-31,56.8,58.35,56.5,58.35,414000
2019-11-01,59.1,61.26,59.1,61.26,905000
2019-11-04,64.32,64.32,64.32,64.32,477
2019-11-05,67.53,67.53,65.5,67.17,1190500
2019-11-06,68.25,70.52,66.75,67.51,1060000
2019-11-07,68.0,68.0,65.3,67.18,395500
2019-11-08,67.5,68.98,66.0,66.4,283000
2019-11-11,67.0,69.72,67.0,69.25,1505000
2019-11-12,70.1,71.99,69.12,69.72,661500
2019-11-13,69.5,73.2,67.6,72.31,944500
2019-11-14,73.49,75.0,73.2,74.44,430000
2019-11-15,74.0,76.5,74.0,74.47,188500
2019-11-18,75.0,78.19,75.0,78.17,827500
2019-11-19,79.5,82.07,79.5,82.05,1160000
2019-11-20,82.2,83.0,80.5,81.93,538000
2019-11-21,82.0,83.8,77.84,77.84,395500
2019-11-22,75.0,80.74,74.55,80.29,556500
2019-11-25,80.3,82.39,77.6,81.88,298500
2019-11-26,82.5,83.0,77.79,79.77,618000
2019-11-27,80.4,81.3,78.52,79.26,55500
2019-11-28,79.5,81.5,76.55,80.5,375000
2019-11-29,81.8,84.0,80.5,81.27,450500
2019-12-02,81.98,82.0,80.6,81.77,428500
2019-12-03,80.51,81.0,78.0,78.05,342500
2019-12-04,78.0,81.0,77.5,80.2,186500
2019-12-05,81.0,81.7,78.5,79.61,551500
2019-12-06,79.48,80.0,77.8,78.13,153000
2019-12-09,78.95,79.99,76.0,76.03,251500
2019-12-10,77.0,77.7,75.1,77.16,133500
2019-12-11,78.25,78.5,74.75,74.99,209500
2019-12-12,76.32,78.7,74.51,75.05,111500
2019-12-13,75.08,76.5,74.0,74.41,116000
2019-12-16,75.8,78.13,75.5,78.13,235000
2019-12-17,78.15,78.99,76.5,77.71,116000
2019-12-18,76.25,78.35,76.05,78.0,80000
2019-12-19,78.0,79.5,76.0,77.01,315500
2019-12-20,76.0,77.95,76.0,77.8,29500
2019-12-23,76.61,79.5,75.5,77.17,216500
2019-12-24,75.65,78.7,75.65,78.37,57500
2019-12-25,75.65,78.7,75.65,78.37,57500
2019-12-26,79.5,79.5,77.0,78.7,41500
2019-12-27,78.0,80.0,77.25,78.51,84500
2019-12-30,78.0,79.4,75.01,76.66,176500
2019-12-31,76.85,79.49,76.1,77.4,127000
2020-01-01,77.53,78.88,77.0,77.99,144000
2020-01-02,78.9,80.5,78.9,80.01,138500
2020-01-03,80.9,81.1,78.01,78.39,156500
2020-01-06,77.05,77.05,74.48,74.48,306500
2020-01-07,75.0,75.7,72.5,74.29,277000
2020-01-08,73.5,74.89,70.58,70.62,133000
2020-01-09,73.0,74.15,72.5,74.15,168000
2020-01-10,74.5,76.9,74.5,76.22,92500
2020-01-13,76.0,77.0,76.0,76.8,24500
2020-01-14,77.5,77.9,77.5,77.7,113500
2020-01-15,78.0,80.9,77.3,78.13,137500
2020-01-16,78.9,79.5,78.5,79.22,91000
2020-01-17,79.2,80.0,79.15,79.95,59500
2020-01-20,77.8,79.95,76.1,77.61,36500
2020-01-21,77.6,77.6,77.0,77.13,38500
2020-01-22,78.99,80.49,77.0,79.35,129000
2020-01-23,80.01,83.71,76.15,78.7,1451000
2020-01-24,79.0,83.02,78.75,83.02,590000
2020-01-27,84.0,87.58,84.0,87.58,565000
2020-01-28,88.5,92.3,88.5,90.19,859500
2020-01-29,90.5,91.5,88.0,88.1,302500
2020-01-30,88.65,90.5,87.5,89.96,92500
2020-01-31,90.45,91.35,89.2,89.59,116500
2020-02-03,86.0,88.0,85.55,87.23,90500
2020-02-04,87.0,87.8,86.0,87.06,126000
2020-02-05,87.0,87.8,86.0,87.06,126000
2020-02-06,86.08,87.87,84.61,85.1,30500
2020-02-07,84.89,86.95,82.56,83.92,246500
2020-02-10,84.0,84.0,79.5,80.9,157000
2020-02-11,81.0,85.75,81.0,84.39,116500
2020-02-12,86.4,89.45,86.16,89.38,484500
2020-02-13,91.0,92.4,89.0,90.68,410000
2020-02-14,90.1,93.0,88.0,89.09,129500
2020-02-17,89.0,91.0,88.05,90.96,259000
2020-02-18,92.0,92.0,89.0,89.82,77500
2020-02-19,91.0,92.0,90.5,91.51,261500
2020-02-20,91.5,91.5,89.73,90.52,28500
2020-02-21,90.44,92.5,90.0,91.26,47500
2020-02-24,90.0,92.8,87.25,89.84,114500
2020-02-25,90.0,95.67,88.0,95.37,1059500
2020-02-26,96.8,96.98,90.56,93.03,589500
2020-02-27,87.0,89.5,86.99,89.03,1489000
2020-02-28,89.0,94.81,89.0,94.63,1125000
2020-03-02,96.99,101.25,96.98,101.25,682000
2020-03-03,103.55,108.33,103.15,104.39,340500
2020-03-04,105.0,111.69,103.25,111.48,842000
2020-03-05,113.0,119.28,113.0,119.28,906000
2020-03-06,118.0,127.62,110.94,111.03,2280500
2020-03-09,104.5,118.8,103.26,118.8,838000
2020-03-10,125.1,127.11,119.4,126.87,2505000
2020-03-11,128.0,132.0,121.0,125.34,820000
2020-03-12,120.1,127.5,116.57,118.08,691500
2020-03-13,111.5,125.0,109.82,123.11,820500
2020-03-16,119.0,121.9,113.88,113.88,872000
2020-03-17,110.0,121.0,109.0,115.95,1187500
2020-03-18,111.05,114.0,107.26,107.26,85000
2020-03-19,100.0,100.0,99.22,99.22,348500
2020-03-20,96.1,99.22,91.78,91.78,549000
2020-03-23,96.1,99.22,91.78,91.78,549000
2020-03-24,84.9,84.9,84.9,84.9,16500
2020-03-25,80.0,84.9,78.54,78.54,1028000
2020-03-26,72.65,78.99,72.65,72.65,1812000
2020-03-27,71.99,78.09,68.5,75.51,814000
2020-03-30,74.0,81.17,72.5,81.17,748500
2020-03-31,81.0,87.25,80.0,87.25,402500
2020-04-01,87.4,93.79,87.3,93.3,514000
2020-04-02,94.9,100.29,94.9,100.29,363500
2020-04-03,107.81,107.81,107.81,107.81,1152500
2020-04-06,115.89,115.89,102.31,103.36,496500
2020-04-07,104.99,111.11,104.0,109.37,441500
2020-04-08,109.0,117.0,107.99,115.84,716500
2020-04-09,117.72,124.35,108.6,117.89,5868000
2020-04-10,117.89,120.0,114.5,117.2,1229500
2020-04-13,114.1,121.0,111.15,113.86,1386500
2020-04-14,112.0,117.24,112.0,115.91,874500
2020-04-15,119.0,122.0,116.01,117.59,964500
2020-04-16,117.58,119.8,114.7,118.41,654000
2020-04-17,127.29,127.29,123.11,127.29,353500
2020-04-20,136.83,136.83,136.8,136.83,1634500
2020-04-21,147.09,147.09,132.0,146.76,4090000
2020-04-22,146.1,151.5,145.5,147.62,767500
2020-04-23,148.99,151.5,136.55,136.8,1195500
2020-04-24,135.0,137.0,130.01,130.99,730500
2020-04-27,125.0,125.0,121.17,121.17,608000
2020-04-28,119.0,130.25,118.99,130.25,972500
2020-04-29,140.01,140.01,135.0,139.79,1471000
2020-04-30,140.0,150.27,139.8,146.27,1038500
2020-05-01,140.0,150.27,139.8,146.27,1038500
2020-05-04,142.2,147.99,139.9,140.87,368500
2020-05-05,143.0,144.5,134.0,136.97,286500
2020-05-06,139.0,139.0,133.52,134.57,150500
2020-05-07,134.0,140.0,132.11,135.24,519000
2020-05-08,136.5,138.9,133.51,134.35,168000
2020-05-11,136.5,136.5,132.0,132.55,64500
2020-05-12,139.0,142.49,138.0,141.3,559500
2020-05-13,142.0,145.79,139.3,141.74,599000
2020-05-14,141.5,142.0,136.5,138.16,115000
2020-05-15,137.0,143.0,137.0,140.98,354500
2020-05-18,143.5,144.0,137.0,137.52,140500
2020-05-19,136.01,139.75,135.0,135.67,125000
2020-05-20,135.66,136.0,131.99,133.08,152000
2020-05-21,133.49,139.84,132.49,134.75,169000
2020-05-22,133.49,139.84,132.49,134.75,169000
2020-05-25,133.49,139.84,132.49,134.75,169000
2020-05-26,133.49,139.84,132.49,134.75,169000
2020-05-27,133.49,139.84,132.49,134.75,169000
2020-05-28,135.01,136.5,131.0,134.77,71000
2020-05-29,135.11,138.15,135.11,136.38,66000
2020-06-01,136.11,136.2,134.0,134.64,20000
2020-06-02,135.0,137.4,133.0,135.62,56500
2020-06-03,135.6,135.99,133.01,133.84,72000
2020-06-04,133.54,136.37,133.5,136.03,103000
2020-06-05,136.0,146.23,136.0,144.9,515500
2020-06-08,146.0,152.0,145.0,146.11,544000
2020-06-09,145.2,146.1,143.0,144.53,131000
2020-06-10,145.48,146.0,143.0,144.92,89500
2020-06-11,145.0,149.75,143.1,146.3,198500
2020-06-12,144.6,148.5,142.95,145.65,150500
2020-06-15,146.01,146.01,138.5,142.42,181000
2020-06-16,144.85,144.85,140.0,141.4,116500
2020-06-17,142.1,142.98,136.3,137.76,113000
2020-06-18,136.51,141.0,135.0,135.86,159500
2020-06-19,136.0,139.4,135.0,137.31,56000
2020-06-22,136.01,138.5,134.6,136.61,143000
2020-06-23,137.0,137.0,134.45,135.25,330000
2020-06-24,135.0,137.5,134.49,136.02,132000
2020-06-25,135.22,136.5,134.1,135.66,63000
2020-06-26,140.49,141.0,137.25,139.84,160500
2020-06-29,137.0,142.0,137.0,140.84,103500
2020-06-30,143.5,143.5,136.99,137.45,95000
2020-07-01,136.98,144.49,136.5,143.54,364900
2020-07-02,143.98,144.99,141.0,143.19,159000
2020-07-03,142.05,143.0,141.0,141.78,41100
2020-07-06,143.76,145.29,142.25,144.08,141100
2020-07-07,144.25,147.0,144.25,145.43,548600
2020-07-08,146.0,150.0,146.0,148.27,1449900
2020-07-09,149.89,149.9,146.1,146.84,170600
2020-07-10,146.84,149.0,145.05,147.13,193000
2020-07-13,150.45,157.0,150.45,152.97,1146700
2020-07-14,153.01,153.98,151.01,152.7,140000
2020-07-15,152.99,152.99,148.24,149.94,108100
2020-07-16,151.0,153.5,150.0,153.19,333600
2020-07-17,153.98,153.99,150.25,150.73,109400
2020-07-20,151.3,152.5,150.2,151.23,89900
2020-07-21,152.5,155.99,150.5,153.91,352300
2020-07-22,153.91,154.99,151.0,154.02,392100
2020-07-23,153.01,153.75,145.45,149.26,209200
2020-07-24,146.0,151.9,145.0,148.61,96300
2020-07-27,148.01,153.0,147.0,150.87,89500
2020-07-28,153.5,155.51,152.0,153.49,138400
2020-07-29,153.49,163.8,152.2,160.91,833100
2020-07-30,161.0,164.11,159.51,163.39,60900
2020-07-31,161.0,164.11,159.51,163.39,60900
2020-08-03,165.0,171.2,160.0,167.88,611800
2020-08-04,167.99,170.45,161.0,162.22,328700
2020-08-05,165.0,172.75,161.4,171.29,341000
2020-08-06,174.9,175.0,168.0,171.48,293000
2020-08-07,172.5,172.98,169.0,169.48,138300
2020-08-10,169.48,170.0,166.01,167.7,73800
2020-08-11,168.0,169.9,165.0,166.02,291400
2020-08-12,167.0,167.05,163.73,164.55,159200
2020-08-13,166.0,166.5,163.0,164.87,77400
2020-08-14,166.0,166.5,163.0,164.87,77400
2020-08-17,163.15,167.49,161.53,165.26,42700
2020-08-18,165.2,170.0,165.0,168.53,209300
2020-08-19,166.5,171.5,166.5,169.38,136500
2020-08-20,168.9,169.7,166.5,167.29,72100
2020-08-21,167.0,169.25,166.0,167.43,37100
2020-08-24,168.85,169.44,165.01,168.33,67300
2020-08-25,168.5,169.73,167.0,168.94,101200
2020-08-26,169.0,171.0,169.0,170.17,66500
2020-08-27,171.0,177.0,170.0,175.74,200400
2020-08-28,175.5,175.5,173.25,173.42,14100
2020-08-31,173.99,176.0,170.6,175.84,138700
2020-09-01,178.0,178.85,176.51,177.62,93700
2020-09-02,179.0,183.0,178.0,181.15,339100
2020-09-03,180.5,184.0,179.0,181.83,111500
2020-09-04,180.1,182.0,179.16,180.37,120000
2020-09-07,181.0,191.0,181.0,189.55,491400
2020-09-08,192.0,198.5,188.6,191.33,199300
2020-09-09,191.0,195.0,187.5,194.25,90700
2020-09-10,197.0,208.0,197.0,199.08,145800
2020-09-11,199.5,210.0,199.01,203.7,272900
2020-09-14,205.0,213.2,202.0,205.94,372300
2020-09-15,209.0,214.34,201.0,203.87,153200
2020-09-16,208.0,208.0,201.0,204.83,32600
2020-09-17,206.0,209.0,201.55,202.94,102300
2020-09-18,203.0,205.99,201.0,201.57,92900
2020-09-21,200.0,201.45,198.0,200.1,19700
2020-09-22,201.8,201.8,197.1,198.23,35200
2020-09-23,200.0,203.85,197.0,199.86,36400
2020-09-24,203.0,205.0,199.0,201.53,188100
2020-09-25,200.5,200.5,199.0,199.79,90100
2020-09-28,200.0,200.0,184.81,184.9,101500
2020-09-29,186.0,189.8,176.7,182.69,145000
2020-09-30,187.0,190.0,169.1,170.74,109400
2020-10-01,170.99,178.74,166.39,176.45,90900
2020-10-02,177.0,181.0,175.05,175.74,108700
2020-10-05,173.0,186.0,170.0,176.24,137800
2020-10-06,176.5,180.5,170.0,174.48,127600
2020-10-07,175.5,180.0,174.0,178.48,103500
2020-10-08,180.0,188.5,179.0,187.72,160100
