,Date,Predicted Price,Original Price,21 SMA,50 SMA,100 SMA,200 SMA,RSI,21-avg volume,Upper BBand,Middle BBand,Lower BBand,52-week high,52-week low,MACD,MACD Signal,MACD Trend
0,2015-01-05,46.52417,46.6757,46.675700000000006,48.40844399999998,50.74178099999979,52.82245749999929,8.835475712657672,3000.0,46.67569999999985,46.67569999999985,46.67569999999985,61.8303,26.3629,-0.4596103191352228,-0.5971345099024019,Bullish
1,2015-01-06,45.942603999999996,46.6757,46.675700000000006,48.313683999999974,50.66758899999978,52.78871399999929,8.835475712657672,3166.666666666666,46.67569999999985,46.67569999999985,46.67569999999985,61.8303,27.6773,-0.429431988426586,-0.5635940056072387,Bullish
2,2015-01-07,46.921703,46.6757,46.675700000000006,48.21892399999997,50.59339699999978,52.75497049999928,8.835475712657672,3333.333333333333,46.67569999999985,46.67569999999985,46.67569999999985,61.8303,29.0586,-0.4008941852967212,-0.5310540415451352,Bullish
3,2015-01-08,47.169509999999995,46.6757,46.675700000000006,48.12416399999997,50.51920499999978,52.72122699999928,8.835475712657674,3500.0,46.67569999999985,46.67569999999985,46.67569999999985,61.8303,30.5067,-0.3739669129266403,-0.4996366158214362,Bullish
4,2015-01-09,44.900257,46.6757,46.675700000000006,48.029403999999964,50.44501299999978,52.67414999999929,8.835475712657674,3666.666666666666,46.67569999999985,46.67569999999985,46.67569999999985,61.8303,32.0291,-0.3486083159081801,-0.46943095583878497,Bullish
5,2015-01-12,47.37934,46.6757,46.675700000000006,47.93464399999996,50.37082099999978,52.627072999999285,8.835475712657676,3833.333333333334,46.67569999999985,46.67569999999985,46.67569999999985,61.8303,33.3272,-0.32476772490046096,-0.44049830965112025,Bullish
6,2015-01-13,46.52417,46.6757,46.675700000000006,47.839883999999955,50.29662899999978,52.579995999999284,8.835475712657674,4000.0,46.67569999999985,46.67569999999985,46.67569999999985,61.8303,33.3272,-0.3023881424881409,-0.4128762762185244,Bullish
7,2015-01-14,45.942603999999996,46.6757,46.675700000000006,47.74512399999993,50.22243699999977,52.53291899999928,8.835475712657674,4166.666666666667,46.67569999999985,46.67569999999985,46.67569999999985,61.8303,34.9921,-0.28140826290596976,-0.3865826735560135,Bullish
8,2015-01-15,46.921703,46.6757,46.675700000000006,47.65036399999993,50.14824499999977,52.485841999999295,8.835475712657674,4333.333333333333,46.67569999999985,46.67569999999985,46.67569999999985,61.8303,36.7372,-0.2617641035420917,-0.3616189595532292,Bullish
9,2015-01-16,47.169509999999995,46.6757,46.675700000000006,47.55560399999993,50.07405299999977,52.438764999999286,8.835475712657672,4500.0,46.67569999999985,46.67569999999985,46.67569999999985,61.8303,38.5715,-0.2433903136867315,-0.3379732303799296,Bullish
10,2015-01-19,44.900257,47.4588,46.712990476190484,47.468595999999934,50.00769199999977,52.3956034999993,72.1871989162109,4500.0,47.05620037640607,46.71485499999985,46.373509623593606,61.8303,40.4949,-0.16375169982641324,-0.30312892426922633,Bullish
11,2015-01-20,47.681293,47.4588,46.75028095238096,47.38158799999992,49.94133099999977,52.35244199999929,72.1871989162109,4309.523809523809,47.22387000009862,46.754009999999845,46.28414999990107,61.8303,42.5148,-0.09949065819993308,-0.2624012710553677,Bullish
12,2015-01-21,47.130154,47.4588,46.78757142857143,47.342039999999905,49.87496999999978,52.309280499999296,72.1871989162109,4119.047619047619,47.35241026032556,46.79316499999983,46.2339197396741,61.8303,44.6387,-0.04800989159002,-0.21952299516229815,Bullish
13,2015-01-22,46.440917999999996,47.4588,46.8248619047619,47.3024919999999,49.808608999999784,52.266118999999314,72.18719891621092,3928.571428571429,47.45880000007558,46.832319999999825,46.205839999924095,61.8303,46.3714,-0.007128836364699964,-0.17704416340277854,Bullish
14,2015-01-23,47.587467,47.4588,46.86215238095239,47.2866719999999,49.74224799999978,52.22295749999931,72.1871989162109,3738.095238095238,47.54965949377304,46.871474999999826,46.19329050622663,61.8303,46.3714,0.024981720707728527,-0.13663898658067716,Bullish
15,2015-01-26,47.958202,47.4588,46.89944285714286,47.2613599999999,49.67588699999978,52.179795999999314,72.1871989162109,3547.6190476190477,47.62835300540896,46.91062999999985,46.1929069945907,61.8303,46.6757,0.04985487259401822,-0.09934021474573806,Bullish
16,2015-01-27,45.610195000000004,47.4588,46.936733333333336,47.2360479999999,49.60952599999979,52.136634499999325,72.1871989162109,3357.142857142857,47.69681478869117,46.94978499999985,46.2027552113085,61.8303,46.6757,0.06877423805941163,-0.06571732418470813,Bullish
17,2015-01-28,48.169098,47.4588,46.974023809523814,47.2107359999999,49.54316499999979,52.09347299999932,72.18719891621092,3166.666666666666,47.75621816709177,46.98893999999983,46.221661832907884,61.8303,46.6757,0.08281335073959184,-0.03601118919984814,Bullish
18,2015-01-29,47.312202,47.4588,47.01131428571429,47.1854239999999,49.4768039999998,52.05031149999933,72.1871989162109,2976.190476190476,47.80726966205942,47.02809499999983,46.24892033794024,61.8303,46.6757,0.09286891365723447,-0.010235168628431612,Bullish
19,2015-01-30,46.685359999999996,47.4588,47.048604761904755,47.1601119999999,49.4104429999998,52.007149999999335,72.1871989162109,2785.714285714286,47.85035000006047,47.06724999999983,46.2841499999392,61.8303,46.6757,0.09968886849405577,0.011749638796065871,Bullish
20,2015-02-02,47.706505,47.4588,47.08589523809525,47.13479999999989,49.3440819999998,51.96398849999933,72.18719891621089,2595.2380952380954,47.88557966205825,47.10640499999983,46.327230337941415,61.8303,46.6757,0.10389608247168523,0.030178927531189743,Bullish
21,2015-02-03,47.958202,47.4588,47.12318571428572,47.10948799999989,49.2777209999998,51.92082699999934,72.18719891621089,2404.761904761905,47.912838167089404,47.145559999999826,46.37828183291026,61.8303,46.6757,0.10600833179920954,0.04534480838479369,Bullish
22,2015-02-04,45.610195000000004,47.4588,47.16047619047619,47.084175999999886,49.21135999999981,51.877665499999345,72.1871989162109,2214.285714285714,47.93174478869359,47.18471499999983,46.43768521130607,61.8303,46.6757,0.10645515583873078,0.057566877875581124,Bullish
23,2015-02-05,48.169098,47.4588,47.19776666666666,47.058863999999886,49.14499899999981,51.83450399999934,72.1871989162109,2023.8095238095239,47.941593005410226,47.22386999999983,46.506146994589436,61.8303,46.6757,0.1055920674840749,0.06717191579727988,Bullish
24,2015-02-06,47.312202,47.4588,47.235057142857144,47.033551999999865,49.078637999999806,51.79134249999935,72.1871989162109,1833.333333333333,47.94120949377303,47.26302499999983,46.584840506226634,61.8303,46.6757,0.10371253025482474,0.07448003868878886,Bullish
25,2015-02-09,46.685359999999996,47.4588,47.272347619047615,47.00823999999986,49.01227699999981,51.74818099999935,72.1871989162109,1642.857142857143,47.92866000007412,47.30217999999983,46.675699999925534,61.8303,46.6757,0.10105804917486694,0.07979564078600447,Bullish
26,2015-02-10,47.706505,47.4588,47.30963809523809,46.98292799999986,48.94591599999981,51.70501949999935,72.1871989162109,1452.3809523809525,47.90058026032232,47.34133499999983,46.78208973967735,61.8303,46.6757,0.09782666885097767,0.08340184639899911,Bullish
27,2015-02-11,47.958202,47.4588,47.34692857142856,46.95761599999986,48.87955499999982,51.66185799999936,72.1871989162109,1261.904761904762,47.85035000010247,47.38048999999982,46.910629999897175,61.8303,46.6757,0.0941801267869451,0.0855575024765883,Bullish
28,2015-02-12,45.610195000000004,47.4588,47.38421904761905,46.97327799999986,48.83605099999983,51.61869649999936,72.18719891621089,1071.4285714285713,47.76099037640872,47.419644999999825,47.07829962359093,61.8303,46.6757,0.09024987158820608,0.08649597629891186,Bullish
29,2015-02-13,48.169098,47.4588,47.42150952380952,46.98893999999986,48.79254699999983,51.57553499999936,72.1871989162109,880.952380952381,47.458799999999826,47.458799999999826,47.458799999999826,61.8303,46.6757,0.0861421232520101,0.0864252056895315,Bearish
30,2015-02-16,47.312202,47.4588,47.4588,47.00460199999986,48.749042999999844,51.53237349999937,72.1871989162109,690.4761904761905,47.458799999999826,47.458799999999826,47.458799999999826,61.8303,46.6757,0.08194212528773193,0.08552858960917159,Bearish
31,2015-02-17,46.685359999999996,47.4588,47.4588,47.02026399999987,48.705538999999845,51.48921199999937,72.1871989162109,500.0,47.458799999999826,47.458799999999826,47.458799999999826,61.8303,46.6757,0.07771771519847448,0.08396641472703217,Bearish
32,2015-02-18,47.706505,47.4588,47.4588,47.03592599999988,48.662034999999854,51.44605049999937,72.1871989162109,500.0,47.458799999999826,47.458799999999826,47.458799999999826,61.8303,46.6757,0.07352232022600448,0.08187759582682662,Bearish
33,2015-02-19,47.958202,47.4588,47.4588,47.05158799999989,48.618530999999855,51.402888999999384,72.1871989162109,500.0,47.458799999999826,47.458799999999826,47.458799999999826,61.8303,46.6757,0.06939746866380148,0.0793815703942216,Bearish
34,2015-02-20,45.610195000000004,47.4588,47.4588,47.067249999999866,48.57502699999986,51.35972749999938,72.1871989162109,500.0,47.458799999999826,47.458799999999826,47.458799999999826,61.8303,46.6757,0.0653748930106346,0.0765802349175042,Bearish
35,2015-02-23,48.169098,47.4588,47.4588,47.08291199999989,48.531522999999865,51.31656599999938,72.18719891621089,500.0,47.458799999999826,47.458799999999826,47.458799999999826,61.8303,46.6757,0.0614782893734116,0.07355984580868567,Bearish
36,2015-02-24,47.312202,47.4588,47.4588,47.098573999999886,48.488018999999866,51.27340449999939,72.18719891621089,500.0,47.458799999999826,47.458799999999826,47.458799999999826,61.8303,46.6757,0.05772478749954501,0.07039283414685754,Bearish
37,2015-02-25,46.685359999999996,47.4588,47.4588,47.11423599999989,48.44451499999989,51.23024299999939,72.1871989162109,500.0,47.458799999999826,47.458799999999826,47.458799999999826,60.2076,46.6757,0.054126177341963455,0.06713950278587873,Bearish
38,2015-02-26,47.706505,47.4588,47.4588,47.12989799999988,48.4010109999999,51.18708149999939,72.1871989162109,500.0,47.458799999999826,47.458799999999826,47.458799999999826,58.6834,46.6757,0.050689930895515545,0.0638495884078061,Bearish
39,2015-02-27,47.958202,47.4588,47.4588,47.1455599999999,48.35750699999989,51.1439199999994,72.18719891621089,500.0,47.458799999999826,47.458799999999826,47.458799999999826,58.6834,46.6757,0.04742005198851729,0.060563681123948325,Bearish
40,2015-03-02,45.610195000000004,47.4588,47.4588,47.161221999999896,48.31400299999989,51.1007584999994,72.1871989162109,500.0,47.458799999999826,47.458799999999826,47.458799999999826,58.6834,46.6757,0.04431778159712252,0.057314501218583176,Bearish
41,2015-03-03,48.169098,47.4588,47.4588,47.176883999999895,48.2704989999999,51.05759699999941,72.1871989162109,500.0,47.458799999999826,47.458799999999826,47.458799999999826,58.6834,46.6757,0.0413821819275455,0.054128037360375636,Bearish
42,2015-03-04,47.312202,47.4588,47.4588,47.19254599999989,48.226994999999924,51.01443549999941,72.1871989162109,500.0,47.458799999999826,47.458799999999826,47.458799999999826,58.6834,46.6757,0.03861061885961448,0.051024553660223404,Bearish
43,2015-03-05,46.685359999999996,47.4588,47.4588,47.20820799999989,48.183490999999925,50.97127399999941,72.1871989162109,500.0,47.458799999999826,47.458799999999826,47.458799999999826,58.6834,46.6757,0.03599915926098873,0.04801947478037647,Bearish
44,2015-03-06,47.706505,47.4588,47.4588,47.2238699999999,48.139986999999934,50.928112499999415,72.18719891621089,500.0,47.458799999999826,47.458799999999826,47.458799999999826,58.6834,46.6757,0.03354289707674951,0.04512415923965108,Bearish
45,2015-03-09,47.958202,47.4588,47.4588,47.2395319999999,48.096482999999935,50.88495099999942,72.1871989162109,500.0,47.458799999999826,47.458799999999826,47.458799999999826,58.6834,46.6757,0.031236219900186768,0.04234657137175822,Bearish
46,2015-03-10,45.610195000000004,47.4588,47.4588,47.2551939999999,48.05297899999994,50.84178949999942,72.1871989162109,500.0,47.458799999999826,47.458799999999826,47.458799999999826,57.8015,46.6757,0.02907302587410498,0.039691862272227575,Bearish
47,2015-03-11,48.169098,47.4588,47.4588,47.270855999999895,48.00551999999993,50.798627999999425,72.1871989162109,500.0,47.458799999999826,47.458799999999826,47.458799999999826,56.3806,46.6757,0.02704689920552994,0.03716286965888805,Bearish
48,2015-03-12,47.312202,47.4588,47.4588,47.2865179999999,47.95806099999994,50.75546649999943,72.1871989162109,500.0,47.458799999999826,47.458799999999826,47.458799999999826,56.3806,46.6757,0.025151251254875717,0.03476054597808558,Bearish
49,2015-03-13,46.685359999999996,47.4588,47.4588,47.30217999999991,47.910601999999955,50.712304999999425,72.18719891621089,500.0,47.458799999999826,47.458799999999826,47.458799999999826,56.3806,46.6757,0.02337943304561918,0.0324843233915923,Bearish
50,2015-03-16,47.706505,47.4588,47.4588,47.31784199999991,47.86314299999993,50.66769599999943,72.18719891621089,500.0,47.458799999999826,47.458799999999826,47.458799999999826,56.3806,46.6757,0.02172482410052368,0.030332423533378575,Bearish
51,2015-03-17,47.958202,47.4588,47.4588,47.333503999999905,47.82359399999995,50.63718199999943,72.1871989162109,500.0,47.458799999999826,47.458799999999826,47.458799999999826,56.3806,46.6757,0.02018090171789311,0.02830211917028148,Bearish
52,2015-03-18,45.610195000000004,47.4588,47.4588,47.349165999999904,47.78404499999995,50.60666799999942,72.1871989162109,500.0,47.458799999999826,47.458799999999826,47.458799999999826,56.3806,46.6757,0.018741294133576503,0.026389954162940488,Bearish
53,2015-03-19,48.169098,47.4588,47.4588,47.364827999999925,47.74449599999996,50.57615399999943,72.1871989162109,500.0,47.458799999999826,47.458799999999826,47.458799999999826,56.3806,46.6757,0.017399820452034476,0.024591927420759285,Bearish
54,2015-03-20,47.312202,47.4588,47.4588,47.380489999999924,47.704946999999954,50.545639999999416,72.1871989162109,500.0,47.458799999999826,47.458799999999826,47.458799999999826,56.3806,46.6757,0.016150519756216397,0.022903645887850703,Bearish
55,2015-03-23,46.685359999999996,47.4588,47.4588,47.39615199999992,47.66539799999996,50.52388799999942,72.1871989162109,500.0,47.458799999999826,47.458799999999826,47.458799999999826,56.3806,46.6757,0.01498767140757451,0.021320450991795463,Bearish
56,2015-03-24,47.706505,47.4588,47.4588,47.41181399999992,47.62584899999996,50.502135999999425,72.18719891621089,500.0,47.458799999999826,47.458799999999826,47.458799999999826,56.3806,46.6757,0.0139058082123924,0.019837522435914853,Bearish
57,2015-03-25,47.958202,47.4588,47.4588,47.427475999999935,47.58629999999997,50.480383999999425,72.1871989162109,500.0,47.458799999999826,47.458799999999826,47.458799999999826,56.3806,46.6757,0.012899723849081113,0.018449962718548103,Bearish
58,2015-03-26,45.610195000000004,47.4588,47.4588,47.443137999999934,47.54675099999997,50.458631999999426,72.18719891621092,500.0,47.458799999999826,47.458799999999826,47.458799999999826,56.3806,46.6757,0.011964475714300704,0.017152865317698624,Bearish
59,2015-03-27,48.169098,47.4588,47.4588,47.45879999999993,47.50720199999997,50.425451499999426,72.1871989162109,500.0,47.458799999999826,47.458799999999826,47.458799999999826,56.3806,46.6757,0.011095384147573384,0.015941369083673575,Bearish
60,2015-03-30,47.312202,47.4588,47.4588,47.45879999999993,47.46369799999998,50.39227099999944,72.18719891621092,500.0,47.458799999999826,47.458799999999826,47.458799999999826,56.3806,46.6757,0.010288028827226016,0.014810701032384063,Bearish
61,2015-03-31,46.685359999999996,47.4588,47.4588,47.45879999999993,47.42019399999998,50.35909049999944,72.18719891621092,500.0,47.458799999999826,47.458799999999826,47.458799999999826,56.3806,46.6757,0.009538242991318668,0.013756209424170985,Bearish
62,2015-04-01,47.706505,47.4588,47.4588,47.45879999999993,47.40041999999998,50.32590999999944,72.18719891621092,500.0,47.458799999999826,47.458799999999826,47.458799999999826,56.3806,46.6757,0.008842106020260587,0.012773388743388906,Bearish
63,2015-04-02,47.958202,47.4588,47.4588,47.45879999999993,47.38064599999998,50.29272949999944,72.18719891621092,500.0,47.458799999999826,47.458799999999826,47.458799999999826,56.3806,46.6757,0.008195934820491857,0.011857897958809495,Bearish
64,2015-04-03,45.610195000000004,47.4588,47.4588,47.45879999999993,47.372736,50.25954899999946,72.18719891621092,500.0,47.458799999999826,47.458799999999826,47.458799999999826,56.3806,46.6757,0.007596274366868272,0.011005573240421252,Bearish
65,2015-04-06,48.169098,47.4588,47.4588,47.45879999999993,47.36008,50.22636849999946,72.18719891621092,500.0,47.458799999999826,47.458799999999826,47.458799999999826,56.3806,46.6757,0.007039887693899516,0.010212436131116904,Bearish
66,2015-04-07,47.312202,47.4588,47.4588,47.45879999999993,47.347424,50.19318799999946,72.18719891621092,500.0,47.458799999999826,47.458799999999826,47.458799999999826,56.3806,46.6757,0.006523745568991046,0.00947469801869173,Bearish
67,2015-04-08,46.685359999999996,47.4588,47.4588,47.45879999999993,47.334768,50.16000749999946,72.18719891621093,500.0,47.458799999999826,47.458799999999826,47.458799999999826,56.3806,46.6757,0.006045016034448736,0.008788761621843133,Bearish
68,2015-04-09,47.706505,47.4588,47.4588,47.45879999999993,47.322112,50.12682699999946,72.18719891621093,500.0,47.458799999999826,47.458799999999826,47.458799999999826,56.3806,46.6757,0.005601053965683889,0.008151220090611285,Bearish
69,2015-04-10,47.958202,47.4588,47.4588,47.45879999999993,47.30945600000001,50.09364649999946,72.18719891621092,500.0,47.458799999999826,47.458799999999826,47.458799999999826,56.3806,46.6757,0.005189390761202617,0.007558854224729551,Bearish
70,2015-04-13,45.610195000000004,47.4588,47.4588,47.45879999999993,47.29680000000001,50.06046599999946,72.18719891621093,500.0,47.458799999999826,47.458799999999826,47.458799999999826,56.3806,46.6757,0.00480772425328979,0.007008628230441599,Bearish
71,2015-04-14,48.169098,47.4588,47.4588,47.45879999999993,47.28414400000001,50.02728549999946,72.18719891621093,500.0,47.458799999999826,47.458799999999826,47.458799999999826,56.3806,46.6757,0.004453908906597803,0.00649768436567284,Bearish
72,2015-04-15,47.312202,47.4588,47.4588,47.45879999999993,47.27148800000002,49.99410499999946,72.18719891621093,500.0,47.458799999999826,47.458799999999826,47.458799999999826,56.3806,46.6757,0.004125946353987331,0.006023336763335738,Bearish
73,2015-04-16,46.685359999999996,45.0859,47.34580476190475,47.411341999999934,47.23510300000002,49.949059999999456,0.3202575189920823,500.0,48.374478130357964,47.340154999999825,46.305831869641686,56.3806,46.6757,-0.18546919178670865,-0.032275168946673136,Bearish
74,2015-04-17,46.973766,47.3401,47.34015238095239,47.40896799999993,47.22126000000002,49.915285999999455,50.61724530787951,833.3333333333335,48.36711307989277,47.33421999999983,46.301326920106895,56.3806,45.0859,-0.1520765599392604,-0.05623544714519059,Bearish
75,2015-04-20,47.438959999999994,47.3401,47.3345,47.406593999999934,47.20741700000002,49.881511999999454,50.61724530787951,904.7619047619047,48.35960943837554,47.32828499999983,46.29696056162412,56.3806,45.0859,-0.12418117533012918,-0.06982459278217831,Bearish
76,2015-04-21,45.119637,47.3401,47.328847619047615,47.40421999999993,47.19357400000003,49.84773799999946,50.61724530787949,976.190476190476,48.35196657236509,47.32234999999983,46.29273342763457,56.3806,45.0859,-0.10091064692890228,-0.0760418036115231,Bearish
77,2015-04-22,47.973273999999996,47.3401,47.323195238095245,47.401845999999935,47.179731000000025,49.81396399999944,50.61724530787951,1047.6190476190477,48.34418378780621,47.31641499999983,46.28864621219346,56.3806,45.0859,-0.0815287725754743,-0.07713919740431334,Bearish
78,2015-04-23,47.088383,47.3401,47.31754285714286,47.39947199999993,47.18637500000003,49.780189999999436,50.61724530787951,1119.047619047619,48.336260328573395,47.31047999999983,46.284699671426246,56.3806,45.0859,-0.06541444055982026,-0.07479424603541472,Bullish
79,2015-04-24,46.57277,47.3401,47.311890476190484,47.397097999999936,47.193019000000035,49.746415999999435,50.61724530787951,1190.4761904761906,48.32819537487691,47.30454499999985,46.280894625122755,56.3806,45.0859,-0.052043787948584004,-0.07024415441804857,Bullish
80,2015-04-27,47.587547,47.3401,47.3062380952381,47.39472399999993,47.19966300000005,49.712641999999434,50.61724530787949,1261.904761904762,48.31998804151289,47.298609999999826,46.27723195848677,56.3806,45.0859,-0.04097511381785069,-0.064390346298009,Bullish
81,2015-04-28,47.83871,47.3401,47.30058571428572,47.39234999999994,47.206307000000045,49.678867999999426,50.61724530787951,1333.3333333333333,48.3116373759411,47.292674999999825,46.27371262405857,56.3806,45.0859,-0.03183612281722503,-0.0578795016018522,Bullish
82,2015-04-29,45.502586,47.3401,47.29493333333333,47.38997599999993,47.21295100000007,49.645093999999425,50.61724530787951,1404.7619047619046,48.30314235619755,47.28673999999983,46.270337643802115,56.3806,45.0859,-0.02431313986439676,-0.05116622925436111,Bullish
83,2015-04-30,48.049416,47.3401,47.28928095238096,47.38760199999993,47.21959500000007,49.61131999999942,50.61724530787949,1476.1904761904761,48.2945018886123,47.28080499999983,46.26710811138736,56.3806,45.0859,-0.018141992082391308,-0.04456138181996715,Bullish
84,2015-05-01,47.192745,47.3401,47.283628571428565,47.385227999999934,47.226239000000064,49.577545999999415,50.61724530787951,1547.6190476190475,48.285714805338756,47.27486999999985,46.2640251946609,56.3806,45.0859,-0.013100300890421579,-0.038269165634058036,Bullish
85,2015-05-04,46.57277,47.3401,47.27797619047621,47.38285399999993,47.232883000000065,49.54377199999941,50.61724530787951,1619.047619047619,48.27677986166277,47.26893499999985,46.2610901383369,56.3806,45.0859,-0.009000966755507989,-0.032415525858348025,Bullish
86,2015-05-05,47.587547,47.3401,47.27232380952381,47.380479999999935,47.23952700000007,49.509997999999406,50.61724530787952,1690.4761904761906,48.267695733085134,47.26299999999985,46.25830426691454,56.3806,45.0859,-0.005686662612703231,-0.027069753209219068,Bullish
87,2015-05-06,47.83871,47.3401,47.266671428571435,47.37810599999993,47.246171000000096,49.47622399999941,50.61724530787952,1761.904761904762,48.258461012164354,47.25706499999985,46.25566898783532,56.3806,45.0859,-0.003025180305805009,-0.022260838628536256,Bullish
88,2015-05-07,45.502586,47.3401,47.261019047619044,47.375731999999935,47.2528150000001,49.44244999999941,50.61724530787952,1833.333333333333,48.249074205092455,47.251129999999826,46.25318579490721,56.3806,45.0859,-0.0009054983809591024,-0.017989770579020826,Bullish
89,2015-05-08,48.049416,47.3401,47.25536666666667,47.37335799999993,47.259459000000106,49.408675999999396,50.61724530787952,1904.7619047619046,48.23953372798685,47.245194999999846,46.250856272012825,56.3806,45.0859,0.0007655401456929668,-0.01423870843407807,Bullish
90,2015-05-11,47.192745,47.3401,47.24971428571429,47.370983999999936,47.26610300000011,49.3749019999994,50.61724530787952,1976.1904761904761,48.22983790288034,47.239259999999845,46.24868209711934,56.3806,45.0859,0.002066034260359117,-0.01097775989519063,Bullish
91,2015-05-12,46.57277,45.0859,47.136719047619046,47.32352599999993,47.25020500000011,49.3298569999994,18.216912830326415,2047.619047619048,48.47807230436513,47.120614999999844,45.76315769563455,56.3806,45.0859,-0.1767608268664489,-0.04413437328944228,Bearish
92,2015-05-13,46.891290000000005,45.0859,47.02372380952382,47.27606799999993,47.23430700000011,49.2848119999994,18.216912830326415,2071.428571428572,48.61179079638381,47.00196999999985,45.39214920361589,56.3806,45.0859,-0.31485297359694897,-0.09827809335094362,Bearish
93,2015-05-14,46.993797,45.0859,46.91072857142858,47.228609999999954,47.21840900000011,49.23976699999941,18.21691283032641,2095.2380952380954,48.61179079638381,47.00196999999985,45.39214920361589,56.3806,45.0859,-0.4194567583733004,-0.162513826355415,Bearish
94,2015-05-15,43.966217,45.0859,46.91072857142858,47.181151999999955,47.202511000000115,49.1947219999994,18.21691283032641,2119.0476190476197,48.69262000001944,46.88925999999985,45.08589999998025,56.3806,45.0859,-0.4966311566069308,-0.2293372924057181,Bearish
95,2015-05-18,46.052414,45.0859,46.803385714285724,47.133693999999956,47.186613000000115,49.1496769999994,18.21691283032641,1809.5238095238094,48.72874446522878,46.776549999999844,44.824355534770916,56.3806,45.0859,-0.5514358144069931,-0.2937569968059731,Bearish
96,2015-05-19,44.924656,45.0859,46.69604285714287,47.086235999999964,47.170715000000115,49.1046319999994,18.21691283032641,1761.904761904762,48.729848426331,46.663839999999844,44.59783157366868,56.3806,45.0859,-0.5880897677898602,-0.35262355100275056,Bearish
97,2015-05-20,44.434925,45.0859,46.58870000000002,47.038777999999965,47.154817000000115,49.05958699999941,18.21691283032641,1714.2857142857142,48.70149974785061,46.551129999999844,44.4007602521491,56.3806,45.0859,-0.6101053749383851,-0.4041199157898775,Bearish
98,2015-05-21,45.328426,45.0859,46.48135714285716,46.99131999999996,47.138919000000115,49.0145419999994,18.21691283032641,1666.666666666667,48.64707591128753,46.438419999999844,44.229764088712166,56.3806,45.0859,-0.6204013021921995,-0.4473761930703419,Bearish
99,2015-05-22,45.565616999999996,45.0859,46.374014285714296,46.94386199999996,47.123021000000136,48.9694969999994,18.21691283032641,1619.047619047619,48.56861068074051,46.325709999999845,44.082809319259184,56.3806,45.0859,-0.6213978115541109,-0.4821805167670957,Bearish
100,2015-05-25,43.458843,45.0859,46.266671428571456,46.89640399999997,47.107123000000136,48.9244519999994,18.21691283032641,1571.428571428571,48.467200000014756,46.212999999999845,43.95879999998494,56.3806,45.0859,-0.6150970959652469,-0.508763832606726,Bearish
101,2015-05-26,45.77469,45.0859,46.1593285714286,46.84894599999997,47.091225000000136,48.87940699999941,18.21691283032641,1523.8095238095239,48.343190680740506,46.100289999999845,43.857389319259184,56.3806,45.0859,-0.6031509843675309,-0.5276412629588869,Bearish
102,2015-05-27,44.924656,45.0859,46.05198571428575,46.80148799999997,47.075327000000144,48.8343619999994,18.216912830326407,1476.1904761904761,48.196235911287935,45.987579999999845,43.778924088711754,56.3806,45.0859,-0.5869179797326538,-0.5394966063136403,Bearish
103,2015-05-28,44.434925,48.1798,46.09197142857146,46.81590799999997,47.09036800000013,48.8047864999994,73.93673851724594,1428.571428571429,48.36760127199542,46.029564999999856,43.69152872800429,56.3806,45.0859,-0.3207044521157769,-0.4957381754740676,Bullish
104,2015-05-29,46.295204,48.1798,46.13195714285717,46.83032799999997,47.105409000000144,48.7752109999994,73.93673851724594,1380.952380952381,48.529305960640976,46.071549999999846,43.61379403935872,56.3806,45.0859,-0.10847784840323982,-0.4182861100599021,Bullish
105,2015-06-01,46.738346,50.5872,46.28658095238097,46.89289599999997,47.144524000000146,48.7576724999994,83.86009472053759,1333.3333333333333,49.34702288115515,46.23390499999986,43.12078711884457,56.3806,45.0859,0.2510760758547761,-0.28441367287696645,Bullish
106,2015-06-02,46.156290000000006,50.5872,46.44120476190479,46.95546399999998,47.18363900000014,48.7401339999994,83.86009472053759,1285.7142857142858,50.02001059208957,46.396259999999856,42.77250940791016,56.3806,45.0859,0.5299166025429116,-0.12154761779299085,Bullish
107,2015-06-03,50.117287,48.8085,46.51112857142861,46.98245799999998,47.20496700000015,48.71370199999939,63.230874088406104,1238.095238095238,50.22409339525518,46.469679999999855,42.71526660474453,56.3806,45.0859,0.6004518687225797,0.02285227951012328,Bullish
108,2015-06-04,49.35448,48.8085,46.58105238095241,47.00945199999998,47.22629500000014,48.68726999999939,63.230874088406104,1190.4761904761906,50.41821903818069,46.543099999999846,42.667980961819026,56.3806,45.0859,0.6488717853166577,0.14805618067143014,Bullish
109,2015-06-05,48.379326,48.8085,46.65097619047621,47.036445999999984,47.247623000000154,48.66083799999939,63.230874088406104,1142.857142857143,50.60329202840486,46.616519999999845,42.62974797159485,56.3806,45.0859,0.6794130671460152,0.2543275579663472,Bullish
110,2015-06-08,49.49216,48.8085,46.72090000000002,47.06343999999999,47.261120000000155,48.63440599999938,63.230874088406104,1095.2380952380952,50.7800537981321,46.68993999999985,42.59982620186759,56.3806,45.0859,0.6955988227998304,0.34258181093304385,Bullish
111,2015-06-09,49.757694,48.8085,46.79082380952383,47.090434,47.27461700000014,48.60797399999937,63.230874088406104,1047.6190476190477,50.99596366421912,46.87606999999985,42.75617633578058,54.0949,45.0859,0.7003529182801671,0.4141360324024685,Bullish
112,2015-06-10,46.833775,48.8085,46.9680904761905,47.117428000000004,47.28811400000014,48.58154199999938,63.230874088406104,1000.0,51.17812780695582,47.06219999999985,42.94627219304387,54.0949,45.0859,0.6960964071233988,0.4705281073466546,Bullish
113,2015-06-11,49.529274,48.8085,47.14535714285716,47.14442200000001,47.30161100000014,48.555109999999374,63.230874088406104,1000.0,51.32644777717051,47.24832999999985,43.17021222282919,54.0949,45.0859,0.6848288111216689,0.5133882481016574,Bullish
114,2015-06-12,48.670605,48.8085,47.32262380952383,47.17141600000001,47.315108000000144,48.52867799999936,63.230874088406075,1000.0,51.439965271707074,47.434459999999845,43.42895472829261,54.0949,45.0859,0.6681966055804693,0.5443499195974197,Bullish
115,2015-06-15,47.965796999999995,48.8085,47.499890476190494,47.19841000000001,47.32860500000013,48.50224599999936,63.230874088406104,1000.0,51.51673493360765,47.62058999999985,43.724445066392015,54.0949,45.0859,0.6475508991811765,0.5649901155141711,Bullish
116,2015-06-16,49.0591,48.8085,47.67715714285716,47.22540400000002,47.34210200000013,48.47581399999935,63.230874088406075,1000.0,51.5535404107586,47.80671999999985,44.05989958924106,54.0949,45.0859,0.6239959907580115,0.5767912905629392,Bullish
117,2015-06-17,49.315540000000006,48.8085,47.85442380952382,47.25239800000002,47.35559900000013,48.44938199999935,63.230874088406075,1000.0,51.54534574553985,47.99284999999985,44.44035425445985,54.0949,45.0859,0.5984302250047264,0.5811190774512967,Bullish
118,2015-06-18,46.833775,48.8085,48.031690476190484,47.279392000000016,47.369096000000134,48.422949999999354,63.230874088406075,1000.0,51.484223385664514,48.178979999999825,44.87373661433516,54.0949,45.0859,0.5715803489871476,0.5792113317584668,Bearish
119,2015-06-19,49.529274,48.8085,48.208957142857145,47.30638600000003,47.382593000000135,48.39651799999934,63.230874088406104,1000.0,51.3570803607623,48.36510999999983,45.37313963923736,54.0949,45.0859,0.5440303851672468,0.5721751424402228,Bearish
120,2015-06-22,48.670605,48.8085,48.38622380952381,47.33338000000003,47.396090000000115,48.37008599999934,63.230874088406075,1000.0,51.14005911799221,48.55123999999982,45.962420882007436,54.0949,45.0859,0.5162458792095848,0.5609892897940952,Bearish
121,2015-06-23,47.965796999999995,48.8085,48.56349047619047,47.360374000000036,47.409587000000116,48.34365399999933,63.230874088406104,1000.0,50.780633858752644,48.73736999999982,46.694106141247005,54.0949,45.0859,0.4885942477133014,0.5465102813779364,Bearish
122,2015-06-24,49.0591,49.6358,48.780152380952366,47.403914000000036,47.43135700000011,48.321358499999334,72.71799322540961,1000.0,50.174286331540095,48.96486499999982,47.75544366845954,54.0949,45.0859,0.5273572800428425,0.5426796811109177,Bearish
123,2015-06-25,49.450109999999995,49.6358,48.99681428571427,47.494912000000035,47.453127000000116,48.29906299999934,72.71799322540961,1000.0,50.22436881358818,49.03766499999982,47.85096118641146,54.0949,45.0859,0.5517174075939835,0.5444872264075309,Bullish
124,2015-06-26,47.249214,49.6358,49.06614761904761,47.540826000000045,47.474897000000105,48.27676749999933,72.71799322540961,1000.0,50.25564324166554,49.11046499999982,47.9652867583341,54.0949,45.0859,0.5645155997483684,0.5484929010756984,Bullish
125,2015-06-29,50.227615,52.1176,49.253661904761884,47.63637600000005,47.521485000000105,48.26688099999933,86.12829732392876,1000.0,50.81806896264039,49.18698499999982,47.555901037359256,54.0949,45.0859,0.7660877947439886,0.5920118798093564,Bullish
126,2015-06-30,50.618477,52.1176,49.326538095238064,47.73192600000005,47.568073000000105,48.25699449999933,86.12829732392878,976.190476190476,51.254131559147034,49.26350499999982,47.272878440852615,54.0949,45.0859,0.9152843829058668,0.6566663804286585,Bullish
127,2015-07-01,49.9031,52.1176,49.39941428571426,47.82747600000005,47.6146610000001,48.24710799999932,86.12829732392878,952.3809523809523,51.761524771593905,49.428959999999826,47.09639522840574,54.0949,45.0859,1.0217457054497174,0.7296822454328703,Bullish
128,2015-07-02,51.767593,52.1176,49.556990476190435,47.923026000000064,47.661249000000076,48.24864999999932,86.12829732392878,928.5714285714287,52.18287397652999,49.59441499999983,47.005956023469665,54.0949,45.0859,1.0935117478365015,0.8024481459135966,Bullish
129,2015-07-03,52.03028,52.1176,49.714566666666634,48.01857600000007,47.70783700000007,48.25019199999932,86.12829732392878,904.7619047619047,52.54202356809761,49.75986999999983,46.977716431902046,54.0949,45.0859,1.1372770317824248,0.8694139230873622,Bullish
130,2015-07-06,49.834263,52.1176,49.87214285714282,48.11412600000007,47.75442500000007,48.25173399999933,86.12829732392876,880.952380952381,52.85135203739664,49.92532499999983,46.99929796260302,54.0949,45.0859,1.158605649896387,0.9272522684491672,Bullish
131,2015-07-07,52.860519999999994,52.1176,50.02971904761901,48.209676000000066,47.80101300000005,48.25327599999933,86.12829732392876,857.1428571428571,53.11797129135806,50.090779999999846,47.06358870864162,54.0949,45.0859,1.1621126224939786,0.9742243392581296,Bullish
132,2015-07-08,52.001995,52.1176,50.18729523809519,48.30522600000007,47.84760100000005,48.25481799999933,86.12829732392876,833.3333333333335,53.34607919496714,50.25623499999985,47.16639080503255,54.0949,45.0859,1.151616801908112,1.009702831788126,Bullish
133,2015-07-09,51.107048,52.1176,50.34487142857139,48.400776000000064,47.89418900000004,48.256359999999326,86.12829732392876,809.5238095238095,53.5379994082055,50.42168999999985,47.305380591794176,54.0949,45.0859,1.1302697424529953,1.0338162139210998,Bullish
134,2015-07-10,52.375,52.1176,50.50244761904757,48.496326000000074,47.940777000000026,48.257901999999326,86.12829732392876,785.7142857142858,53.694656649208774,50.58714499999985,47.47963335079091,54.0949,45.0859,1.1006642714559265,1.0471858254280648,Bullish
135,2015-07-13,52.633506999999994,52.1176,50.66002380952376,48.59187600000008,47.98736500000002,48.25944399999932,86.12829732392878,761.9047619047618,53.81574709344269,50.752599999999845,47.689452906556994,54.0949,45.0859,1.064925919290637,1.0507338442005794,Bullish
136,2015-07-14,49.834263,52.1176,50.817599999999935,48.68742600000007,48.03395300000002,48.26098599999932,86.12829732392878,738.0952380952382,53.899683535878445,50.918054999999846,47.93642646412125,54.0949,45.0859,1.0247898779156657,1.0455450509435966,Bearish
137,2015-07-15,52.860519999999994,52.1176,50.975176190476134,48.782976000000076,48.08054100000001,48.26252799999932,86.12829732392876,714.2857142857142,53.94329049501376,51.083509999999855,48.223729504985954,54.0949,45.0859,0.9816657443265412,1.0327691896201856,Bearish
138,2015-07-16,52.001995,52.1176,51.13275238095232,48.87852600000009,48.127129,48.26406999999932,86.12829732392878,690.4761904761905,53.94109749621246,51.24896499999985,48.55683250378725,54.0949,45.0859,0.9366919559666728,1.013553742889483,Bearish
139,2015-07-17,51.107048,52.1176,51.290328571428496,48.974076000000096,48.173717,48.26561199999932,86.12829732392878,666.6666666666666,53.88379389199398,51.41441999999985,48.94504610800571,54.0949,45.0859,0.8907815296907984,0.988999300249746,Bearish
140,2015-07-20,52.375,52.1176,51.44790476190471,49.06962600000009,48.22030499999999,48.26715399999932,86.12829732392878,642.8571428571429,53.75450936089003,51.579874999999845,49.40524063910966,54.0949,45.0859,0.844660466030895,0.9601315334059758,Bearish
141,2015-07-21,52.63351,52.1176,51.60548095238089,49.2102600000001,48.26689299999998,48.26869599999932,86.12829732392878,619.047619047619,53.517689707414334,51.745329999999846,49.97297029258535,54.0949,45.0859,0.7988999692485663,0.927885220574494,Bearish
142,2015-07-22,49.834263,52.1176,51.76305714285707,49.350894000000096,48.31348099999998,48.270237999999324,86.12829732392878,595.2380952380953,53.35850000002201,51.86941999999985,50.380339999977686,54.0949,45.0859,0.7539434550259614,0.8930968674647873,Bearish
143,2015-07-23,52.860519999999994,52.1176,51.881238095238025,49.491528000000095,48.360068999999974,48.271779999999325,86.12829732392878,571.4285714285714,53.075301539838144,51.993509999999844,50.911718460161545,54.0949,45.0859,0.7101291666176337,0.8565033272953566,Bearish
144,2015-07-24,52.001995,52.1176,51.99941904761898,49.63216200000009,48.40665699999996,48.273321999999325,86.12829732392878,547.6190476190476,52.11759999999985,52.11759999999985,52.11759999999985,54.0949,45.0859,0.6677090926040776,0.8187444803571008,Bearish
145,2015-07-27,51.107048,52.1176,52.11759999999993,49.77279600000009,48.45324499999995,48.274863999999326,86.12829732392878,523.8095238095239,52.11759999999985,52.11759999999985,52.11759999999985,54.0949,45.0859,0.6268647714526665,0.7803685385762139,Bearish
146,2015-07-28,52.375,52.1176,52.11759999999993,49.9134300000001,48.49983299999993,48.27640599999931,86.12829732392878,500.0,52.11759999999985,52.11759999999985,52.11759999999985,54.0949,45.0859,0.5877204768587987,0.7418389262327308,Bearish
147,2015-07-29,52.63351,52.1176,52.11759999999993,50.054064000000096,48.54642099999993,48.27597049999931,86.12829732392878,500.0,52.11759999999985,52.11759999999985,52.11759999999985,54.0949,45.0859,0.5503542007313058,0.7035419811324458,Bearish
148,2015-07-30,49.834263,52.1176,52.11759999999993,50.194698000000095,48.59300899999993,48.275534999999316,86.12829732392878,500.0,52.11759999999985,52.11759999999985,52.11759999999985,54.0949,45.0859,0.5148067855233691,0.6657949420106305,Bearish
149,2015-07-31,52.860519999999994,52.1176,52.11759999999993,50.33533200000009,48.639596999999924,48.275099499999314,86.12829732392878,500.0,52.11759999999985,52.11759999999985,52.11759999999985,54.0949,45.0859,0.4810895025482296,0.6288538541181503,Bearish
150,2015-08-03,52.001995,52.1176,52.11759999999993,50.47596600000009,48.686184999999924,48.27466399999929,86.12829732392878,500.0,52.11759999999985,52.11759999999985,52.11759999999985,54.0949,45.0859,0.4491903263990622,0.5929211485743326,Bearish
151,2015-08-04,51.107048,52.1176,52.11759999999993,50.6166000000001,48.7327729999999,48.278183499999294,86.12829732392878,500.0,52.11759999999985,52.11759999999985,52.11759999999985,54.0949,45.0859,0.4190791162947392,0.5581527421184139,Bearish
152,2015-08-05,52.375,52.1176,52.11759999999993,50.757234000000096,48.779360999999895,48.2817029999993,86.12829732392878,500.0,52.11759999999985,52.11759999999985,52.11759999999985,54.0949,45.0859,0.3907118819817228,0.5246645700910757,Bearish
153,2015-08-06,52.633506999999994,52.1176,52.11759999999993,50.8359900000001,48.825948999999895,48.285222499999314,86.12829732392878,500.0,52.11759999999985,52.11759999999985,52.11759999999985,54.0949,45.0859,0.3640342837936714,0.4925385128315948,Bearish
154,2015-08-07,49.834263,52.1176,52.11759999999993,50.91474600000009,48.87253699999989,48.28874199999931,86.12829732392878,500.0,52.11759999999985,52.11759999999985,52.11759999999985,54.0949,45.0859,0.3389844928053876,0.4618277088263534,Bearish
155,2015-08-10,52.860519999999994,52.1176,52.11759999999993,50.94535400000011,48.919124999999866,48.29226149999931,86.12829732392878,500.0,52.11759999999985,52.11759999999985,52.11759999999985,54.0949,45.0859,0.3154955170418532,0.43256127046945336,Bearish
156,2015-08-11,52.001995,52.1176,52.11759999999993,50.9759620000001,48.96571299999986,48.29578099999932,86.12829732392878,500.0,52.11759999999985,52.11759999999985,52.11759999999985,54.0949,45.0859,0.2934970828448797,0.40474843294453866,Bearish
157,2015-08-12,51.107048,52.1176,52.11759999999993,51.04214400000011,49.01230099999986,48.299300499999326,86.12829732392878,500.0,52.11759999999985,52.11759999999985,52.11759999999985,54.0949,45.0859,0.2729171462763631,0.3783821756109035,Bearish
158,2015-08-13,52.375,52.1176,52.11759999999993,51.108326000000105,49.058888999999844,48.30281999999932,86.12829732392878,500.0,52.11759999999985,52.11759999999985,52.11759999999985,54.0949,45.0859,0.25368309744033724,0.3534423599767903,Bearish
159,2015-08-14,52.633506999999994,52.1176,52.11759999999993,51.1745080000001,49.105476999999844,48.30633949999933,86.12829732392878,500.0,52.11759999999985,52.11759999999985,52.11759999999985,54.0949,45.0859,0.2357227104897106,0.3298984300793744,Bearish
160,2015-08-17,49.834263,52.1176,52.11759999999993,51.24069000000009,49.152064999999844,48.307881499999326,86.12829732392878,500.0,52.11759999999985,52.11759999999985,52.11759999999985,54.0949,45.0859,0.21896488355699967,0.30771172077489944,Bearish
161,2015-08-18,52.860519999999994,52.1176,52.11759999999993,51.3068720000001,49.19865299999983,48.309423499999326,86.12829732392878,500.0,52.11759999999985,52.11759999999985,52.11759999999985,54.0949,45.0859,0.2033402056632028,0.2868374177525601,Bearish
162,2015-08-19,52.001995,52.1176,52.11759999999993,51.3730540000001,49.245240999999815,48.32283049999932,86.12829732392878,500.0,52.11759999999985,52.11759999999985,52.11759999999985,54.0949,45.0859,0.18878138160779656,0.2672262105236074,Bearish
163,2015-08-20,51.107048,49.5117,51.99350952380945,51.38711800000009,49.26576999999982,48.32320799999931,8.948170309468695,500.0,53.1231904757259,51.98730499999985,50.85141952427379,54.0949,45.0859,-0.03265452192971452,0.20725006403294305,Bearish
164,2015-08-21,51.564890000000005,49.5117,51.86941904761898,51.4011820000001,49.28629899999982,48.32951749999931,8.948170309468695,500.0,53.42055000002019,51.857009999999846,50.29346999997949,54.0949,45.0859,-0.20577205863939696,0.12464563949847506,Bearish
165,2015-08-24,51.666523,49.5117,51.7453285714285,51.415246000000096,49.30682799999981,48.333453999999314,8.948170309468695,500.0,53.587699834211435,51.72671499999985,49.86573016578824,54.0949,45.0859,-0.3390604756211815,0.03190441647454373,Bearish
166,2015-08-25,48.066933,49.5117,51.62123809523803,51.42931000000009,49.32735699999981,48.337390499999316,8.948170309468695,500.0,53.68114000001606,51.596419999999846,49.51169999998361,54.0949,45.0859,-0.43962478550011497,-0.06240142392038801,Bearish
167,2015-08-26,50.583366,49.5117,51.49714761904754,51.44337400000008,49.34788599999981,48.34132699999931,8.948170309468695,500.0,53.722900599736356,51.46612499999985,49.20934940026332,54.0949,45.0859,-0.5134045179066788,-0.1526020427176462,Bearish
168,2015-08-27,49.378437,49.5117,51.373057142857064,51.457438000000074,49.36841499999981,48.34526349999931,8.948170309468695,500.0,53.72417680071125,51.335829999999845,48.94748319928843,54.0949,45.0859,-0.5653583878217177,-0.2351533117384605,Bearish
169,2015-08-28,48.63308,49.5117,51.2489666666666,51.47150200000008,49.3889439999998,48.349199999999314,8.948170309468695,500.0,53.691405164985774,51.20553499999985,48.71966483501392,54.0949,45.0859,-0.5996201561275569,-0.30804668061627977,Bearish
170,2015-08-31,49.763785999999996,49.5117,51.12487619047612,51.48556600000008,49.4094729999998,48.353136499999316,8.948170309468694,500.0,53.628490128300584,51.075239999999845,48.5219898716991,54.0949,45.0859,-0.6196301437617322,-0.3703633732453703,Bearish
171,2015-09-01,50.02176,49.5117,51.000785714285634,51.499630000000074,49.4300019999998,48.35707299999931,8.948170309468694,500.0,53.53778276236954,50.94494499999985,48.35210723763012,54.0949,45.0859,-0.6282461723211341,-0.42193993306052296,Bearish
172,2015-09-02,47.471283,49.5117,50.87669523809516,51.497148000000074,49.45053099999979,48.36100949999931,8.948170309468694,500.0,53.42055000001315,50.814649999999844,48.20874999998652,54.0949,45.0859,-0.6278371215078877,-0.463119370749996,Bearish
173,2015-09-03,50.237457,49.5117,50.752604761904685,51.49466600000007,49.49478899999979,48.364945999999314,8.948170309468694,500.0,53.27719276236954,50.684354999999826,48.09151723763012,54.0949,45.0859,-0.6203618011099579,-0.4945678568219883,Bearish
174,2015-09-04,49.378437,49.5117,50.6285142857142,51.49218400000007,49.51650499999979,48.368882499999316,8.948170309468694,500.0,53.10731012830093,50.55405999999985,48.00080987169874,54.0949,45.0859,-0.6074354184493558,-0.5171413691474618,Bearish
175,2015-09-07,48.63308,49.5117,50.50442380952373,51.44006600000008,49.53822099999979,48.37281899999931,8.948170309468695,500.0,52.9096351649865,50.423764999999825,47.93789483501318,54.0949,45.0859,-0.5903855697158491,-0.5317902092611393,Bearish
176,2015-09-08,49.763785999999996,49.5117,50.380333333333255,51.38794800000008,49.55993699999978,48.37675549999929,8.948170309468694,500.0,52.68181680071201,50.29346999999983,47.90512319928765,54.0949,45.0859,-0.5702993854406913,-0.5394920444970497,Bearish
177,2015-09-09,50.02176,49.5117,50.25624285714277,51.33583000000008,49.58165299999978,48.380691999999314,8.948170309468694,500.0,52.41995059973757,50.163174999999825,47.906399400262096,54.0949,45.0859,-0.5480632081830521,-0.5412062772342502,Bearish
178,2015-09-10,47.471283,49.5117,50.1321523809523,51.28371200000008,49.60336899999977,48.394871999999296,8.948170309468694,500.0,52.117600000017354,50.03287999999983,47.9481599999823,54.0949,45.0859,-0.5243959672184317,-0.5378442152310865,Bullish
179,2015-09-11,50.237457,49.5117,50.00806190476182,51.23159400000008,49.62508499999977,48.40905199999929,8.948170309468694,500.0,51.763569834212895,49.90258499999983,48.041600165786775,54.0949,45.0859,-0.4998772346425256,-0.5302508191133743,Bullish
180,2015-09-14,49.378437,49.5117,49.88397142857135,51.17947600000008,49.64680099999977,48.423231999999295,8.948170309468694,500.0,51.33583000002308,49.77228999999983,48.208749999976575,54.0949,45.0859,-0.4749707947651842,-0.5191948142437364,Bullish
181,2015-09-15,48.63308,49.5117,49.75988095238087,51.12735800000008,49.668516999999774,48.437411999999284,8.948170309468694,500.0,50.777880475729894,49.64199499999982,48.50610952426976,54.0949,45.0859,-0.4500444296787833,-0.5053647373307457,Bullish
182,2015-09-16,49.763785999999996,49.5117,49.635790476190394,51.07524000000008,49.69023299999977,48.451591999999295,8.948170309468688,500.0,49.51169999999983,49.51169999999983,49.51169999999983,54.0949,45.0859,-0.4253865148141784,-0.4893690928274322,Bullish
183,2015-09-17,50.02176,49.5117,49.511699999999905,51.02312200000008,49.71194899999976,48.46577199999928,8.948170309468688,500.0,49.51169999999983,49.51169999999983,49.51169999999983,54.0949,45.0859,-0.4012199260762159,-0.471739259477189,Bullish
184,2015-09-18,47.471283,49.5117,49.511699999999905,50.97100400000008,49.73366499999975,48.47995199999929,8.948170309468694,500.0,49.51169999999983,49.51169999999983,49.51169999999983,54.0949,45.0859,-0.37771368218093215,-0.4529341440179376,Bullish
185,2015-09-21,50.237457,49.5117,49.511699999999905,50.918886000000064,49.75538099999975,48.49413199999928,8.948170309468688,500.0,49.51169999999983,49.51169999999983,49.51169999999983,54.0949,45.0859,-0.3549926799019474,-0.4333458511947396,Bullish
186,2015-09-22,49.378437,49.5117,49.511699999999905,50.866768000000064,49.77709699999975,48.508311999999286,8.948170309468688,500.0,49.51169999999983,49.51169999999983,49.51169999999983,54.0949,45.0859,-0.3331458242143981,-0.4133058457986713,Bullish
187,2015-09-23,48.63308,49.5117,49.511699999999905,50.814650000000064,49.798812999999754,48.52249199999928,8.948170309468694,500.0,49.51169999999983,49.51169999999983,49.51169999999983,54.0949,45.0859,-0.3122328082288277,-0.39309123828470255,Bullish
188,2015-09-24,49.763785999999996,49.5117,49.511699999999905,50.762532000000064,49.82052899999975,48.53667199999928,8.948170309468694,500.0,49.51169999999983,49.51169999999983,49.51169999999983,52.2047,45.0859,-0.2922897580039105,-0.37293094222854417,Bullish
189,2015-09-25,50.02176,49.5117,49.511699999999905,50.710414000000064,49.84224499999974,48.550851999999274,8.948170309468694,500.0,49.51169999999983,49.51169999999983,49.51169999999983,52.2047,45.0859,-0.2733339236908918,-0.3530115385210137,Bullish
190,2015-09-28,47.471283,49.5117,49.511699999999905,50.658296000000064,49.863960999999726,48.565031999999256,8.948170309468694,500.0,49.51169999999983,49.51169999999983,49.51169999999983,52.2047,45.0859,-0.2553675700417699,-0.3334827448251649,Bullish
191,2015-09-29,50.237457,49.5117,49.511699999999905,50.606178000000064,49.908218999999725,48.57921199999926,8.948170309468694,500.0,49.51169999999983,49.51169999999983,49.51169999999983,52.2047,45.0859,-0.23838119530195456,-0.31446243492052284,Bullish
192,2015-09-30,49.378437,49.5117,49.511699999999905,50.554060000000064,49.952476999999725,48.593391999999255,8.948170309468688,500.0,49.51169999999983,49.51169999999983,49.51169999999983,52.2047,45.0859,-0.22235618722601205,-0.29604118538162066,Bullish
193,2015-10-01,48.63308,49.5117,49.511699999999905,50.501942000000064,49.996734999999745,48.607571999999244,8.948170309468688,500.0,49.51169999999983,49.51169999999983,49.51169999999983,52.2047,45.0859,-0.2072670078249033,-0.2782863498702772,Bullish
194,2015-10-02,49.763785999999996,49.5117,49.511699999999905,50.44982400000006,50.040992999999744,48.62175199999925,8.948170309468694,500.0,49.51169999999983,49.51169999999983,49.51169999999983,52.2047,45.0859,-0.19308298398841828,-0.2612456766939054,Bullish
195,2015-10-05,50.02176,49.5117,49.511699999999905,50.39770600000006,50.085250999999744,48.635931999999244,8.948170309468694,500.0,49.51169999999983,49.51169999999983,49.51169999999983,52.2047,45.0859,-0.17976976891438312,-0.24495049513800096,Bullish
196,2015-10-06,47.471283,49.5117,49.511699999999905,50.34558800000006,50.12950899999974,48.65011199999925,8.948170309468694,500.0,49.51169999999983,49.51169999999983,49.51169999999983,52.2047,45.0859,-0.16729052896847207,-0.2294185019040952,Bullish
197,2015-10-07,50.237457,49.5117,49.511699999999905,50.29347000000007,50.17376699999974,48.66429199999925,8.948170309468694,500.0,49.51169999999983,49.51169999999983,49.51169999999983,52.2047,45.0859,-0.15560690190009294,-0.21465618190329475,Bullish
198,2015-10-08,49.378437,49.5117,49.511699999999905,50.24135200000007,50.21802499999972,48.678471999999246,8.948170309468694,500.0,49.51169999999983,49.51169999999983,49.51169999999983,52.2047,45.0859,-0.1446797650015057,-0.20066089852293692,Bullish
199,2015-10-09,48.63308,49.5117,49.511699999999905,50.18923400000007,50.26228299999973,48.69265199999925,8.948170309468694,500.0,49.51169999999983,49.51169999999983,49.51169999999983,52.2047,45.0859,-0.13446984560800956,-0.18742268793995148,Bullish
200,2015-10-12,49.763785999999996,49.5117,49.511699999999905,50.13711600000007,50.306540999999726,48.706831999999224,8.948170309468694,500.0,49.51169999999983,49.51169999999983,49.51169999999983,52.2047,45.0859,-0.12493820111899367,-0.1749257905757599,Bullish
201,2015-10-13,50.02176,49.5117,49.511699999999905,50.08499800000007,50.350798999999725,48.72101199999923,8.948170309468694,500.0,49.51169999999983,49.51169999999983,49.51169999999983,52.2047,45.0859,-0.11604659132139973,-0.16314995072488786,Bullish
202,2015-10-14,47.471283,49.5117,49.511699999999905,50.03288000000007,50.395056999999724,48.735191999999216,8.948170309468694,500.0,49.51169999999983,49.51169999999983,49.51169999999983,52.2047,45.0859,-0.10775776209170118,-0.15207151299825053,Bullish
203,2015-10-15,50.237457,49.5117,49.511699999999905,49.98076200000007,50.40837599999973,48.74937199999922,8.948170309468694,500.0,49.51169999999983,49.51169999999983,49.51169999999983,52.2047,45.0859,-0.10003565643206258,-0.14166434168501293,Bullish
204,2015-10-16,49.378437,49.5117,49.511699999999905,49.92864400000007,50.421694999999744,48.763551999999216,8.948170309468694,500.0,49.51169999999983,49.51169999999983,49.51169999999983,52.2047,45.0859,-0.0928455661695864,-0.13190058658192766,Bullish
205,2015-10-19,48.63308,49.5117,49.511699999999905,49.87652600000007,50.41093999999973,48.77773199999921,8.948170309468694,500.0,49.51169999999983,49.51169999999983,49.51169999999983,52.2047,45.0859,-0.08615423543779599,-0.1227513163531013,Bullish
206,2015-10-20,49.763785999999996,49.5117,49.511699999999905,49.82440800000007,50.400184999999745,48.79191199999921,8.948170309468694,500.0,49.51169999999983,49.51169999999983,49.51169999999983,52.2047,45.0859,-0.07992992520134834,-0.1141870381227507,Bullish
207,2015-10-21,50.02176,49.5117,49.511699999999905,49.77229000000007,50.40721699999974,48.80609199999921,8.948170309468694,500.0,49.51169999999983,49.51169999999983,49.51169999999983,52.2047,45.0859,-0.07414244652377278,-0.10617811980295512,Bullish
208,2015-10-22,47.471283,49.5117,49.511699999999905,49.72017200000007,50.41424899999974,48.82027199999921,8.948170309468695,500.0,49.51169999999983,49.51169999999983,49.51169999999983,52.2047,45.0859,-0.06876316896699564,-0.09869512963576324,Bullish
209,2015-10-23,50.237457,49.5117,49.511699999999905,49.66805400000007,50.421280999999745,48.834451999999196,8.948170309468694,500.0,49.51169999999983,49.51169999999983,49.51169999999983,52.2047,45.0859,-0.06376500941149033,-0.09170910559090864,Bullish
210,2015-10-26,49.378437,49.5117,49.511699999999905,49.61593600000007,50.428312999999726,48.8447164999992,8.948170309468694,500.0,49.51169999999983,49.51169999999983,49.51169999999983,52.2047,45.0859,-0.05912240566388505,-0.08519176560550393,Bullish
211,2015-10-27,48.63308,49.5117,49.511699999999905,49.56381800000007,50.43534499999974,48.85498099999919,8.948170309468694,500.0,49.51169999999983,49.51169999999983,49.51169999999983,52.1176,45.0859,-0.05481127844665679,-0.0791156681737345,Bullish
212,2015-10-28,49.763785999999996,49.5117,49.511699999999905,49.51170000000007,50.44237699999972,48.86524549999918,8.948170309468695,500.0,49.51169999999983,49.51169999999983,49.51169999999983,52.1176,45.0859,-0.05080898471867101,-0.0734543314827218,Bullish
213,2015-10-29,50.02176,49.5117,49.511699999999905,49.51170000000007,50.449408999999726,48.87550999999917,8.948170309468697,500.0,49.51169999999983,49.51169999999983,49.51169999999983,52.1176,45.0859,-0.04709426473556277,-0.06818231813329,Bullish
214,2015-10-30,47.471283,49.5117,49.511699999999905,49.51170000000007,50.45644099999972,48.88577449999917,8.948170309468697,500.0,49.51169999999983,49.51169999999983,49.51169999999983,52.1176,45.0859,-0.04364718480878338,-0.06327529146838867,Bullish
215,2015-11-02,50.237457,49.5117,49.511699999999905,49.51170000000007,50.46347299999972,48.89603899999916,8.948170309468697,500.0,49.51169999999983,49.51169999999983,49.51169999999983,52.1176,45.0859,-0.040449077346963236,-0.05871004864410359,Bullish
216,2015-11-03,49.378437,49.5117,49.511699999999905,49.51170000000007,50.470504999999726,48.906303499999154,8.948170309468697,500.0,49.51169999999983,49.51169999999983,49.51169999999983,52.1176,45.0859,-0.03748247945127048,-0.054464534805536965,Bullish
217,2015-11-04,48.63308,49.5117,49.511699999999905,49.51170000000007,50.47753699999972,48.91656799999915,8.948170309468697,500.0,49.51169999999983,49.51169999999983,49.51169999999983,52.1176,45.0859,-0.034731071077708016,-0.05051784205997117,Bullish
218,2015-11-05,49.763785999999996,49.5117,49.511699999999905,49.51170000000007,50.48456899999972,48.92683249999914,8.948170309468697,500.0,49.51169999999983,49.51169999999983,49.51169999999983,52.1176,45.0859,-0.03217961356477872,-0.04685019636093268,Bullish
219,2015-11-06,50.02176,49.5117,49.511699999999905,49.51170000000007,50.491600999999726,48.93709699999914,8.948170309468697,500.0,49.51169999999983,49.51169999999983,49.51169999999983,52.1176,45.0859,-0.029813889147924044,-0.04344293491833096,Bullish
220,2015-11-09,47.471283,49.5117,49.511699999999905,49.51170000000007,50.49863299999972,48.94736149999913,8.948170309468697,500.0,49.51169999999983,49.51169999999983,49.51169999999983,52.1176,45.0859,-0.02762064193645131,-0.04027847632195503,Bullish
221,2015-11-10,50.237457,49.5117,49.511699999999905,49.51170000000007,50.50566499999972,48.95762599999912,8.948170309468695,500.0,49.51169999999983,49.51169999999983,49.51169999999983,52.1176,45.0859,-0.025587520708810985,-0.037340285199326216,Bullish
222,2015-11-11,49.378437,49.5117,49.511699999999905,49.51170000000007,50.50442399999972,48.967890499999115,8.948170309468695,500.0,49.51169999999983,49.51169999999983,49.51169999999983,52.1176,45.0859,-0.023703023784491958,-0.034612832916359366,Bullish
223,2015-11-12,48.63308,49.5117,49.511699999999905,49.51170000000007,50.50318299999972,48.97815499999911,8.948170309468694,500.0,49.51169999999983,49.51169999999983,49.51169999999983,52.1176,45.0859,-0.02195644615108705,-0.0320815555633049,Bullish
224,2015-11-13,49.763785999999996,45.9958,49.3442761904761,49.44138200000007,50.46678299999972,48.970839999999114,0.07982492467862448,500.0,50.868450279582795,49.335904999999826,47.80335972041686,52.1176,45.0859,-0.3008084842314531,-0.08582694129693455,Bearish
225,2015-11-16,49.454327,45.9958,49.17685238095228,49.37106400000007,50.405564999999726,48.963524999999116,0.07982492467862445,523.8095238095239,51.269650000017435,49.160109999999825,47.05056999998222,52.1176,45.0859,-0.5158542863259754,-0.1718324103027427,Bearish
226,2015-11-17,45.7424,45.9958,49.00942857142847,49.300746000000075,50.34434699999972,48.95620999999911,0.07982492467862444,547.6190476190476,51.49516982120594,48.98431499999983,46.473460178793715,52.1176,45.0859,-0.6784587832795026,-0.2731576848980947,Bearish
227,2015-11-18,47.282959999999996,47.8158,48.92867142857133,49.26682800000007,50.301328999999726,48.957994999999116,39.101388748016426,571.4285714285714,51.44767416301155,48.899519999999825,46.35136583698811,52.1176,45.0859,-0.652938559715686,-0.3491138598616131,Bearish
228,2015-11-19,46.82334,47.8158,48.84791428571419,49.23291000000007,50.25831099999974,48.959779999999114,39.101388748016426,571.4285714285714,51.38848990915013,48.814724999999825,46.240960090849526,52.1176,45.0859,-0.6255031872971344,-0.4043917253487173,Bearish
229,2015-11-20,46.136826,47.8158,48.767157142857045,49.19899200000007,50.215292999999754,48.96156499999911,39.10138874801644,571.4285714285714,51.317964087966224,48.72992999999982,46.141895912033426,52.1176,45.0859,-0.5968799959458835,-0.4428893794681505,Bearish
230,2015-11-23,47.606204999999996,47.8158,48.68639999999989,49.16507400000007,50.172274999999765,48.96334999999911,39.101388748016426,571.4285714285714,51.236284076601656,48.64513499999982,46.05398592339798,52.1176,45.0859,-0.5676523674405303,-0.4678419770626264,Bearish
231,2015-11-24,47.879894,47.8158,48.605642857142755,49.13115600000005,50.12925699999976,48.965134999999115,39.101388748016426,571.4285714285714,51.14349022746974,48.56033999999981,45.977189772529876,52.1176,45.0859,-0.5382842554498382,-0.4819304327400688,Bearish
232,2015-11-25,45.933838,47.8158,48.52488571428561,49.09723800000005,50.08623899999977,48.966919999999114,39.101388748016426,571.4285714285714,51.0394785252647,48.47554499999981,45.911611474734926,52.1176,45.0859,-0.509140757389325,-0.48737249766992,Bearish
233,2015-11-26,48.528984,47.8158,48.44412857142847,49.06332000000005,50.04322099999978,48.96870499999911,39.101388748016426,571.4285714285714,50.92399369338503,48.39074999999981,45.857506306614596,52.1176,45.0859,-0.4805053585397587,-0.4859990698438877,Bullish
234,2015-11-27,47.671479999999995,47.8158,48.36337142857132,49.02940200000005,50.00020299999978,48.97048999999911,39.101388748016426,571.4285714285714,50.796611652767886,48.30595499999981,45.815298347231725,52.1176,45.0859,-0.45259437244919104,-0.4793181303649484,Bullish
235,2015-11-30,47.02401,47.8158,48.282614285714175,48.99548400000004,49.95718499999979,48.972274999999115,39.101388748016426,571.4285714285714,50.65670839362236,48.221159999999806,45.78561160637725,52.1176,45.0859,-0.42556902012809417,-0.4685683083175776,Bullish
236,2015-12-01,48.06428,47.8158,48.20185714285703,48.96156600000004,49.9141669999998,48.97405999999911,39.101388748016426,571.4285714285714,50.50340954059892,48.1363649999998,45.76932045940068,52.1176,45.0859,-0.39954552164144985,-0.45476375098235206,Bullish
237,2015-12-02,48.317463000000004,47.8158,48.12109999999989,48.927648000000026,49.87114899999981,48.97584499999911,39.101388748016426,571.4285714285714,50.33551006061445,48.0515699999998,45.767629939385145,52.1176,45.0859,-0.3746035154579914,-0.4387317038774799,Bullish
238,2015-12-03,45.933838,47.8158,48.04034285714275,48.893730000000026,49.82813099999981,48.97762999999911,39.101388748016426,571.4285714285714,50.151344295668494,47.9667749999998,45.782205704331105,52.1176,45.0859,-0.3507930716908021,-0.4211439774401443,Bullish
239,2015-12-04,48.528984,47.8158,47.9595857142856,48.85981200000002,49.78511299999982,48.979414999999115,39.101388748016426,571.4285714285714,49.94856710885377,47.88197999999979,45.81539289114582,52.1176,45.0859,-0.3281405237627695,-0.4025432867046693,Bullish
240,2015-12-07,47.671479999999995,47.8158,47.87882857142845,48.82589400000003,49.74209499999983,48.98119999999911,39.101388748016426,571.4285714285714,49.723762279316254,47.79718499999979,45.870607720683324,52.1176,45.0859,-0.3066533078788396,-0.3833652909395034,Bullish
241,2015-12-08,47.02401,47.8158,47.7980714285713,48.79197600000002,49.699076999999825,48.98298499999911,39.101388748016426,571.4285714285714,49.471678552705725,47.71238999999978,45.95310144729385,52.1176,45.0859,-0.2863239699882456,-0.36395702674925184,Bullish
242,2015-12-09,48.06428,47.8158,47.71731428571416,48.75805800000002,49.65605899999985,48.984769999999116,39.101388748016426,571.4285714285714,49.18354193803521,47.62759499999978,46.07164806196437,52.1176,45.0859,-0.2671334748319367,-0.3445923163657888,Bullish
243,2015-12-10,48.317463000000004,47.8158,47.63655714285703,48.72414000000001,49.613040999999846,48.986554999999115,39.101388748016426,571.4285714285714,48.842539974025705,47.542799999999794,46.24306002597386,52.1176,45.0859,-0.24905393048061344,-0.3254846391887537,Bullish
244,2015-12-11,45.933838,47.8158,47.55579999999987,48.69022200000001,49.57002299999986,48.98833999999911,39.101388748016404,571.4285714285714,48.72580000003714,47.63379999999978,46.54179999996243,52.1176,45.0859,-0.2320508238750989,-0.3067978761260227,Bullish
245,2015-12-14,48.528984,47.8158,47.64246666666653,48.65630400000001,49.52700499999985,48.99012499999911,39.101388748016426,571.4285714285714,48.51811960777772,47.72479999999978,46.93148039222183,52.1176,45.0859,-0.2160848477724855,-0.28865527045531525,Bullish
246,2015-12-15,47.671479999999995,47.8158,47.72913333333321,48.62238600000001,49.483986999999864,48.991909999999116,39.101388748016426,547.6190476190476,47.81579999999978,47.81579999999978,47.81579999999978,52.1176,45.0859,-0.20111338674881551,-0.2711468937140153,Bullish
247,2015-12-16,47.02401,47.8158,47.815799999999854,48.588468000000006,49.44096899999989,48.993694999999114,39.101388748016426,523.8095238095239,47.81579999999978,47.81579999999978,47.81579999999978,52.1176,45.0859,-0.18709171914623826,-0.2543358588004599,Bullish
248,2015-12-17,48.06428,47.8158,47.815799999999854,48.55455,49.39795099999989,48.99547999999911,39.101388748016426,500.0,47.81579999999978,47.81579999999978,47.81579999999978,52.1176,45.0859,-0.173973982772182,-0.2382634835948043,Bullish
249,2015-12-18,48.317463000000004,47.8158,47.815799999999854,48.520632,49.354932999999896,48.99726499999911,39.101388748016404,500.0,47.81579999999978,47.81579999999978,47.81579999999978,52.1176,45.0859,-0.16171394449880694,-0.22295357577560485,Bullish
250,2015-12-21,45.933838,47.8158,47.815799999999854,48.48671399999999,49.31191499999989,48.999049999999116,39.101388748016404,500.0,47.81579999999978,47.81579999999978,47.81579999999978,52.1176,45.0859,-0.15026560745273088,-0.20841598211103005,Bullish
251,2015-12-22,48.528984,47.8158,47.815799999999854,48.45279599999999,49.268896999999896,49.000834999999114,39.101388748016426,500.0,47.81579999999978,47.81579999999978,47.81579999999978,52.1176,45.0859,-0.13958368404110644,-0.1946495224970453,Bullish
252,2015-12-23,47.671479999999995,47.8158,47.815799999999854,48.41887799999999,49.22587899999992,49.00261999999911,39.101388748016426,500.0,47.81579999999978,47.81579999999978,47.81579999999978,52.1176,45.0859,-0.12962395847312536,-0.1816444096922613,Bullish
253,2015-12-24,47.02401,47.8158,47.815799999999854,48.38495999999999,49.182860999999924,49.00440499999911,39.101388748016426,595.2380952380953,47.81579999999978,47.81579999999978,47.81579999999978,52.1176,45.0859,-0.12034355857259273,-0.1693842394683276,Bullish
254,2015-12-25,48.06428,47.8158,47.815799999999854,48.35104199999998,49.139842999999935,49.006189999999116,39.101388748016426,690.4761904761905,47.81579999999978,47.81579999999978,47.81579999999978,52.1176,45.0859,-0.11170115342462594,-0.15784762225958726,Bullish
255,2015-12-28,48.317463000000004,47.8158,47.815799999999854,48.31712399999998,49.09682499999993,49.007974999999114,39.101388748016426,785.7142857142858,47.81579999999978,47.81579999999978,47.81579999999978,52.1176,45.0859,-0.10365709066282848,-0.1470095159402355,Bullish
256,2015-12-29,45.933838,47.8158,47.815799999999854,48.28320599999997,49.053806999999935,49.00975999999911,39.101388748016404,880.952380952381,47.81579999999978,47.81579999999978,47.81579999999978,52.1176,45.0859,-0.09617348490173327,-0.13684230973253506,Bullish
257,2015-12-30,48.528984,47.8158,47.815799999999854,48.24928799999997,49.01078899999995,49.01154499999911,39.101388748016426,976.190476190476,47.81579999999978,47.81579999999978,47.81579999999978,52.1176,45.0859,-0.08921426688490186,-0.12731670116300842,Bullish
258,2015-12-31,47.671479999999995,47.8158,47.815799999999854,48.21536999999997,48.96777099999996,49.013329999999115,39.101388748016426,1071.4285714285713,47.81579999999978,47.81579999999978,47.81579999999978,52.1176,45.0859,-0.08274520129467787,-0.11840240118934232,Bullish
259,2016-01-01,47.02401,47.8158,47.815799999999854,48.18145199999997,48.924752999999974,49.01511499999911,39.101388748016404,1166.6666666666667,47.81579999999978,47.81579999999978,47.81579999999978,52.1176,45.0859,-0.07673387980609903,-0.11006869691269364,Bullish
260,2016-01-04,48.06428,47.8158,47.815799999999854,48.147533999999965,48.88173499999997,49.01689999999911,39.101388748016404,1261.904761904762,47.81579999999978,47.81579999999978,47.81579999999978,52.1176,45.0859,-0.07114969482437772,-0.10228489649503046,Bullish
261,2016-01-05,48.317463000000004,47.8158,47.815799999999854,48.113615999999965,48.83871699999998,49.01868499999911,39.101388748016404,1357.142857142857,47.81579999999978,47.81579999999978,47.81579999999978,52.1176,45.0859,-0.06596379838770616,-0.0950206768735656,Bullish
262,2016-01-06,45.933838,47.8265,47.816309523809394,48.079911999999965,48.79580599999999,49.020523499999115,40.91646252006917,1452.3809523809525,47.82099903080142,47.81633499999978,47.81167096919813,52.1176,45.0859,-0.060295488662255536,-0.0880756392313036,Bullish
263,2016-01-07,48.533120000000004,47.8265,47.81681904761891,48.046207999999964,48.77895399999999,49.02236199999911,40.91646252006917,1547.6190476190475,47.82329000644168,47.81686999999978,47.81044999355789,52.1176,45.0859,-0.05516737718320286,-0.08149398682168345,Bullish
264,2016-01-08,47.679794,47.8265,47.81732857142843,48.01250399999997,48.76210199999999,49.024200499999104,40.91646252006917,1642.857142857143,47.8250463338937,47.81740499999978,47.80976366610586,52.1176,45.0859,-0.05052093796532375,-0.07529937705041151,Bullish
265,2016-01-11,47.030823,47.8265,47.81783809523796,47.97879999999997,48.745249999999984,49.026038999999095,40.91646252006917,1738.095238095238,47.82650000503553,47.81793999999978,47.80937999496404,52.1176,45.0859,-0.04630482817393755,-0.06950046727511673,Bullish
266,2016-01-12,48.07336,50.2149,47.93208095238082,47.99286399999996,48.752281999999994,49.03981949999909,94.06104433235276,1833.333333333333,48.98269115140156,47.93789499999978,46.893098848598,52.1176,45.0859,0.1480537174252845,-0.02598963033503647,Bullish
267,2016-01-13,48.718227,52.0948,48.13584285714271,48.04452599999996,48.77811299999998,49.062999499999094,96.63026236447685,1833.333333333333,50.24026329765578,48.15184499999979,46.0634267023438,52.1176,45.0859,0.4486052421263835,0.06892934415724754,Bullish
268,2016-01-14,47.592293,54.0286,48.43169047619035,48.13486399999997,48.82328199999998,49.09584849999909,97.72197927976414,1833.333333333333,51.75796171288728,48.46248499999979,45.167008287112296,52.1176,45.0859,0.8332310208280802,0.2217896794914141,Bullish
269,2016-01-15,52.53256999999999,54.6987,48.75944761904749,48.23860399999996,48.87515199999998,49.1320479999991,97.96768623742523,1833.333333333333,53.05878931598093,48.80662999999979,44.55447068401866,54.0286,45.0859,1.178535764587778,0.4131388965106869,Bullish
270,2016-01-18,53.47348,54.6987,49.08720476190464,48.342343999999954,48.92702199999998,49.168247499999104,97.96768623742523,1857.142857142857,54.08575875717514,49.1507749999998,44.21579124282445,54.6987,45.0859,1.4356430622389666,0.6176397296563428,Bullish
271,2016-01-19,52.28058,54.6987,49.41496190476178,48.44608399999996,48.97889199999998,49.20444699999911,97.96768623742523,1880.952380952381,54.94283558951541,49.49491999999979,44.04700441048418,54.6987,45.0859,1.6207197990056912,0.8182557435262126,Bullish
272,2016-01-20,54.513687,54.6987,49.742719047618934,48.54982399999995,49.030761999999974,49.2406464999991,97.96768623742523,1904.7619047619046,55.6749897432764,49.8390649999998,44.003140256723206,54.6987,45.0859,1.7472531990479323,1.0040552346305565,Bullish
273,2016-01-21,55.047543000000005,54.6987,50.07047619047607,48.65356399999995,49.08263199999998,49.28871049999911,97.96768623742523,1928.571428571429,56.30601692980632,50.18320999999981,44.06040307019329,54.6987,45.0859,1.8264773364138165,1.1685396549872085,Bullish
274,2016-01-22,52.176186,54.6987,50.398233333333216,48.827621999999955,49.13450199999998,49.325503499999115,97.96768623742523,1928.571428571429,56.84969835843783,50.52735499999981,44.205011641561796,54.6987,45.0859,1.8677329729664152,1.3083783185830498,Bullish
275,2016-01-25,55.45588000000001,54.6987,50.725990476190354,49.001679999999936,49.186371999999984,49.36229649999911,97.96768623742523,1928.571428571429,57.31415474289,50.87149999999981,44.42884525710964,54.6987,45.0859,1.8787710588926243,1.4224568666449646,Bullish
276,2016-01-26,54.60119,54.6987,51.053747619047506,49.17573799999993,49.23824199999997,49.399089499999135,97.96768623742523,1928.571428571429,57.70379485045709,51.21564499999981,44.727495149542534,54.6987,45.0859,1.866008635514099,1.5111672204187916,Bullish
277,2016-01-27,53.559569999999994,54.6987,51.38150476190464,49.31339599999993,49.29011199999997,49.43588249999913,97.96768623742523,1928.571428571429,58.02019947461429,51.55978999999982,45.09938052538534,54.6987,45.0859,1.8347445301831868,1.5758826823716707,Bullish
278,2016-01-28,54.961000000000006,54.6987,51.70926190476178,49.451053999999935,49.34198199999997,49.47267549999914,97.96768623742523,1928.571428571429,58.262410165413925,51.90393499999982,45.545459834585714,54.6987,45.0859,1.789341091189634,1.6185743641352637,Bullish
279,2016-01-29,55.214045999999996,54.6987,52.037019047618905,49.58871199999993,49.393851999999974,49.509468499999144,97.96768623742523,1928.571428571429,58.426755912401035,52.24807999999982,46.06940408759861,54.6987,45.0859,1.7333772447851177,1.6415349402652342,Bullish
280,2016-02-01,52.176186,54.6987,52.36477619047604,49.72636999999993,49.44572199999997,49.546261499999154,97.96768623742523,1928.571428571429,58.50613904939114,52.59222499999983,46.67831095060853,54.6987,45.0859,1.6697773395418594,1.6471834201205593,Bullish
281,2016-02-02,55.45588000000001,54.6987,52.69253333333319,49.864027999999934,49.49759199999997,49.58305449999917,97.96768623742523,1928.571428571429,58.48841795444783,52.936369999999826,47.384322045551826,54.6987,45.0859,1.6009195523621926,1.637930646568886,Bearish
282,2016-02-03,54.60119,54.6987,53.02029047619032,50.001685999999935,49.54946199999997,49.61984749999917,97.96768623742523,1928.571428571429,58.35462011359302,53.27997999999983,48.20533988640664,54.6987,45.0859,1.5287270461403752,1.6160899264831836,Bearish
283,2016-02-04,53.559569999999994,54.6987,53.347538095237944,50.13934399999993,49.60133199999997,49.65664049999918,97.96768623742523,1928.571428571429,58.065905321956365,53.62358999999983,49.1812746780433,54.6987,45.0859,1.4547445749279504,1.583820856172137,Bearish
284,2016-02-05,54.961000000000006,54.6987,53.67478571428556,50.27700199999993,49.65320199999997,49.69343349999918,97.96768623742523,1928.571428571429,57.54096774568322,53.96719999999985,50.39343225431645,54.6987,45.0859,1.3802028145771599,1.5430972478531415,Bearish
285,2016-02-08,55.214045999999996,57.4286,54.13202857142842,50.469257999999954,49.73237099999997,49.74387599999918,99.1664725162272,1928.571428571429,57.03659666954702,54.44730499999985,51.85801333045265,54.6987,45.0859,1.5238421440507324,1.5392462270926597,Bearish
286,2016-02-09,52.801613,57.4286,54.58927142857128,50.66151399999996,49.81153999999997,49.79431849999918,99.16647251622723,1833.333333333333,56.900603254208605,54.807989999999826,52.715376745791076,57.4286,45.0859,1.619014357808652,1.5551998532358582,Bullish
287,2016-02-10,57.265632999999994,57.4286,54.9327809523808,50.85376999999997,49.89070899999997,49.84476099999918,99.1664725162272,1738.095238095238,57.07362356260718,55.07467999999983,53.07573643739247,57.4286,45.0859,1.6751291764758705,1.5791857178838606,Bullish
288,2016-02-11,57.072453,59.9766,55.30810476190461,51.09698599999997,49.995357999999975,49.90794349999919,99.50609719151606,1738.095238095238,58.24068516462103,55.372079999999826,52.50347483537864,57.4286,45.0859,1.9032632460701182,1.6440012235211119,Bullish
289,2016-02-12,56.246,59.9766,55.591342857142706,51.34020199999997,50.10000699999997,49.97112599999919,99.50609719151606,1738.095238095238,59.11447554874111,55.63597499999982,52.15747445125854,59.9766,45.0859,2.060311155341161,1.727263209885122,Bullish
290,2016-02-15,59.255337,59.9766,55.84267142857127,51.58341799999997,50.20465599999997,50.03430849999919,99.50609719151606,1738.095238095238,59.82592552386743,55.89986999999983,51.97381447613222,59.9766,45.0859,2.159875059694933,1.8137855798470839,Bullish
291,2016-02-16,59.34268,62.9713,56.23660476190461,51.886527999999984,50.33925199999997,50.12373549999919,99.69094732483322,1714.2857142857142,61.25738667387196,56.31349999999983,51.3696133261277,59.9766,45.0859,2.452160454163618,1.941460554710391,Bullish
292,2016-02-17,57.291786,62.9713,56.630538095237945,52.18963799999999,50.47384799999997,50.21316249999918,99.69094732483322,1690.4761904761906,62.392939800592224,56.727129999999825,51.06132019940743,62.9713,45.0859,2.653214134113,2.0838112705909126,Bullish
293,2016-02-18,62.736763,62.9713,57.02447142857128,52.49274799999999,50.60844399999997,50.30258949999918,99.69094732483322,1666.666666666667,63.33689328888962,57.14075999999983,50.94462671111004,62.9713,45.0859,2.7804987650236233,2.2231487694774548,Bullish
294,2016-02-19,62.630590000000005,62.9713,57.41840476190461,52.795858,50.74303999999997,50.39201649999917,99.69094732483322,1642.857142857143,64.13572850790918,57.55438999999983,50.97305149209046,62.9713,45.0859,2.84853659533794,2.348226334649552,Bullish
295,2016-02-22,60.85978000000001,62.9713,57.81233809523794,53.098968000000006,50.877635999999974,50.48144349999917,99.69094732483322,1547.6190476190475,64.81398575820289,57.968019999999825,51.12205424179678,62.9713,45.0859,2.8693806322470152,2.4524571941690447,Bullish
296,2016-02-23,63.245304000000004,62.9713,58.206271428571284,53.40207800000001,51.01223199999998,50.570870499999174,99.69094732483322,1452.3809523809525,65.38534613519084,58.38164999999983,51.377953864808816,62.9713,45.0859,2.8530119360105743,2.5325681425373507,Bullish
297,2016-02-24,63.46294,62.9713,58.600204761904614,53.70518800000002,51.14682799999998,50.66029749999916,99.69094732483322,1357.142857142857,65.8569762360672,58.79527999999985,51.733583763932465,62.9713,45.0859,2.8076745023665097,2.5875894145031824,Bullish
298,2016-02-25,59.69715,62.9713,58.99413809523794,54.00829800000002,51.28142399999998,50.749724499999154,99.69094732483322,1261.904761904762,66.23134758902029,59.208909999999825,52.18647241097937,62.9713,45.0859,2.740157430396188,2.618103017681784,Bullish
299,2016-02-26,63.75585600000001,62.9713,59.38807142857128,54.31140800000003,51.41601999999998,50.839151499999154,99.69094732483322,1166.6666666666667,66.50679649127672,59.62253999999983,52.73828350872292,62.9713,45.0859,2.65603257423259,2.625688928991945,Bullish
300,2016-02-29,62.93359,66.1149,59.93169999999985,54.67739000000003,51.58205199999998,50.94429649999916,99.82494353836437,1071.4285714285713,67.2411155195164,60.193349999999846,53.14558448048329,62.9713,45.0859,2.810626119127406,2.662676367019037,Bullish
301,2016-03-01,62.196957,66.1149,60.475328571428435,55.043372000000026,51.74808399999997,51.04944149999916,99.82494353836437,976.190476190476,67.78857582978125,60.76415999999985,53.73974417021845,66.1149,45.0859,2.8997164905506736,2.7100843917253643,Bullish
302,2016-03-02,65.18745,66.1149,61.018957142857005,55.409354000000036,51.91411599999997,51.15458649999916,99.82494353836437,880.952380952381,68.14725627059089,61.33496999999985,54.5226837294088,66.1149,45.0859,2.936471436930148,2.755361800766321,Bullish
303,2016-03-03,65.185295,69.4157,61.71976666666654,55.841352000000036,52.11315599999996,51.26076599999916,99.88839947299346,785.7142857142858,69.03450917359746,62.070819999999856,55.107130826402255,66.1149,45.0859,3.1951156662937734,2.8433125738718115,Bullish
304,2016-03-04,62.804184,69.4157,62.42057619047606,56.273350000000036,52.312195999999965,51.366945499999154,99.88839947299346,714.2857142857142,69.60717643705867,62.806669999999855,56.00616356294105,69.4157,45.0859,3.361345581991273,2.946919175495704,Bullish
305,2016-03-07,69.0894,69.4157,63.1213857142856,56.70534800000005,52.511235999999954,51.46108799999915,99.88839947299348,619.047619047619,70.31696634395428,63.40602499999986,56.495083656045466,69.4157,45.0859,3.453276762871184,3.0481906929708,Bullish
306,2016-03-08,69.095985,69.4157,63.692199999999886,57.13734600000005,52.71027599999995,51.55523049999916,99.88839947299348,523.8095238095239,70.81724621936192,64.00537999999986,57.19351378063781,69.4157,45.0859,3.485949035493661,3.1357423614753723,Bullish
307,2016-03-09,66.94525,69.4157,64.26301428571416,57.569344000000065,52.909315999999954,51.65826649999915,99.88839947299346,523.8095238095239,71.0984335757875,64.60473499999986,58.11103642421223,69.4157,45.0859,3.4718210549500985,3.2029581001703167,Bullish
308,2016-03-10,69.69323,72.7992,64.99494761904751,58.069012000000065,53.142190999999954,51.77821999999915,99.92744853888142,523.8095238095239,72.29354937837418,65.24586499999987,58.19818062162554,69.4157,45.0859,3.6910960439264926,3.3005856889215517,Bullish
309,2016-03-11,70.40148,72.7992,65.6055476190475,58.568680000000064,53.375065999999954,51.89817349999916,99.92744853888142,523.8095238095239,73.22751320963461,65.88699499999987,58.54647679036514,72.7992,45.0859,3.82082891513106,3.404634334163453,Bullish
310,2016-03-14,67.401276,72.7992,66.2161476190475,59.068348000000064,53.607940999999954,52.01812699999916,99.92744853888142,523.8095238095239,73.93137959913281,66.52812499999986,59.12487040086692,72.7992,45.0859,3.87892926818158,3.499493320967079,Bullish
311,2016-03-15,73.04966,75.1321,66.93783809523798,59.614674000000065,53.86414499999995,52.14974499999917,99.94424780669384,523.8095238095239,75.23584427989618,67.13616499999986,59.03648572010354,72.7992,45.0859,4.066345450563817,3.6128637468864255,Bullish
312,2016-03-16,73.788635,75.1321,67.5169238095237,60.160786000000044,54.120348999999955,52.28136299999918,99.94424780669384,523.8095238095239,76.3141366847902,67.74420499999988,59.174273315209554,75.1321,45.0859,4.166841371797048,3.7236592718685513,Bullish
313,2016-03-17,71.92016,75.1321,68.0960095238094,60.706898000000045,54.37655299999995,52.41298099999918,99.94424780669384,523.8095238095239,77.20238356354653,68.35224499999988,59.50210643645324,75.1321,45.0859,4.198092120662992,3.818545841627439,Bullish
314,2016-03-18,74.90144000000001,78.8796,68.85354761904753,61.32796000000005,54.67023199999995,52.56333649999919,99.9619325162063,523.8095238095239,78.74809433109519,69.14765999999989,59.54722566890459,75.1321,45.0859,4.473680688912238,3.949572811084399,Bullish
315,2016-03-21,75.52849599999999,78.8796,69.61108571428561,61.94902200000005,54.96391099999995,52.71369199999919,99.9619325162063,523.8095238095239,79.99047495817706,69.94307499999988,59.89567504182269,78.8796,45.0859,4.638615542225325,4.087381357312584,Bullish
316,2016-03-22,72.86409,78.8796,70.36862380952371,62.522316000000046,55.257589999999965,52.8640474999992,99.9619325162063,523.8095238095239,80.96935860025464,70.7384899999999,60.50762139974514,78.8796,45.0859,4.714976290066346,4.212900343863336,Bullish
317,2016-03-23,79.057816,78.8796,71.1261619047618,63.05801200000007,55.55126899999996,53.0144029999992,99.9619325162063,523.8095238095239,81.6990227334046,71.53390499999989,61.36878726659519,78.8796,45.0859,4.7210711632743605,4.314534507745541,Bullish
318,2016-03-24,78.697136,82.8173,72.07120952380943,63.633786000000065,55.884324999999954,53.18444699999921,99.97371587711548,523.8095238095239,83.02336371281261,72.52620499999989,62.02904628718718,78.8796,45.0859,4.9861634865766575,4.448860303511764,Bullish
319,2016-03-25,77.602425,78.6893,72.81968571428563,64.11359800000007,56.17610099999995,53.33385099999922,74.08426976542465,523.8095238095239,83.16387092728337,73.31210499999989,63.460339072716415,82.8173,45.0859,4.807735381054798,4.5206353190203705,Bullish
320,2016-03-28,80.3032,78.6893,73.56816190476181,64.59341000000006,56.46787699999995,53.48325499999922,74.08426976542465,547.6190476190476,83.47492326798397,73.94082499999989,64.40672673201581,82.8173,45.0859,4.613152274095455,4.539138710035386,Bullish
321,2016-03-29,79.84833499999999,78.59,74.16221428571419,65.07123600000007,56.75865999999996,53.63216249999922,73.55287714768512,571.4285714285714,83.58769995921986,74.56457999999989,65.54146004077992,82.8173,45.0859,4.400208218510826,4.511352611730475,Bearish
322,2016-03-30,74.55382,78.59,74.75626666666656,65.54906200000008,57.049442999999954,53.77693349999922,73.55287714768512,595.2380952380953,83.484225272489,75.18833499999988,66.89244472751076,82.8173,45.0859,4.183226884722188,4.445727466328816,Bearish
323,2016-03-31,80.17402,74.6605,75.16319999999989,65.94829800000008,57.30093099999996,53.90205699999922,55.33660725341649,619.047619047619,83.32063059901468,75.45057499999987,67.58051940098507,82.8173,45.0859,3.652090775517721,4.287000128166598,Bearish
324,2016-04-01,76.62993,78.3915,75.59061904761894,66.42215400000008,57.62488799999996,54.04583549999922,64.3616623869105,642.8571428571429,83.35442972092534,75.89936499999988,68.4443002790744,82.8173,45.0859,3.491968857759048,4.127993874085088,Bearish
325,2016-04-04,75.43269000000001,78.3915,76.01803809523798,66.89601000000009,57.94884499999996,54.17720499999922,64.36166238691048,642.8571428571429,83.24793073128157,76.34815499999988,69.4483792687182,82.8173,45.0859,3.326722695893878,3.967739638446846,Bearish
326,2016-04-05,78.11093000000001,78.3915,76.44545714285702,67.3698660000001,58.27280199999996,54.30857449999922,64.3616623869105,666.6666666666666,82.9633475637313,76.79694499999988,70.6305424362684,82.8173,45.0859,3.159344960006422,3.806060702758761,Bearish
327,2016-04-06,78.06224,78.3915,76.87287619047608,67.8437220000001,58.578558999999956,54.439943999999215,64.3616623869105,690.4761904761905,82.4255840616225,77.24573499999988,72.06588593837724,82.8173,45.0859,2.992204626077424,3.6432894874224937,Bearish
328,2016-04-07,73.48073000000001,78.3915,77.30029523809512,68.31757800000011,58.884315999999934,54.57131349999922,64.3616623869105,714.2857142857142,82.3030397025756,77.52534999999986,72.74766029742412,82.8173,45.0859,2.8271550239840195,3.4800625947347985,Bearish
329,2016-04-08,79.173676,78.3915,77.56659523809512,68.79143400000011,59.190072999999934,54.70268299999922,64.3616623869105,738.0952380952382,82.07068007501263,77.80496499999988,73.5392499249871,82.8173,45.0859,2.6656243667999178,3.317174949147822,Bearish
330,2016-04-11,78.45801999999999,78.3915,77.83289523809512,69.2652900000001,59.495829999999934,54.83405249999922,64.3616623869105,761.9047619047618,81.68191997871834,78.08457999999987,74.48724002128141,82.8173,45.0859,2.5086915229457105,3.1554782639074004,Bearish
331,2016-04-12,76.16889,78.3915,78.09919523809512,69.73914600000012,59.801586999999934,54.965421999999215,64.3616623869105,785.7142857142858,81.58072122063923,78.24754999999986,74.91437877936049,82.8173,45.0859,2.3571493629693805,2.9958124837197966,Bearish
332,2016-04-13,78.66399399999999,82.3044,78.4407333333332,70.29126000000011,60.14647299999992,55.11635599999923,74.23853869524564,809.5238095238095,82.06246535691292,78.60616499999986,75.1498646430868,82.8173,45.0859,2.523697820389984,2.901389551053834,Bearish
333,2016-04-14,79.33758,82.3044,78.7822714285713,70.84337400000013,60.491358999999925,55.26728999999925,74.23853869524564,809.5238095238095,82.3930676458222,78.96477999999986,75.53649235417753,82.8173,45.0859,2.6254244144330268,2.846196523729674,Bearish
334,2016-04-15,75.96386,82.3044,79.1238095238094,71.39548800000013,60.83624499999993,55.41822399999925,74.23853869524564,809.5238095238095,82.85959688983333,79.13601999999986,75.41244311016641,82.8173,45.0859,2.675205370854968,2.811998293154732,Bearish
335,2016-04-18,82.440956,82.3044,79.28689523809511,71.89300400000012,61.18113099999992,55.56915799999925,74.23853869524564,809.5238095238095,83.27491780098302,79.30725999999986,75.33960219901671,82.8173,45.0859,2.6837208737968865,2.786342809283163,Bearish
336,2016-04-19,82.12799,82.3044,79.44998095238083,72.39052000000011,61.526016999999904,55.720091999999255,74.23853869524564,809.5238095238095,83.64803317484134,79.47849999999984,75.30896682515836,82.8173,45.0859,2.659808850474505,2.7610360175214312,Bearish
337,2016-04-20,79.915596,82.3044,79.61306666666654,72.8880360000001,61.870902999999906,55.871025999999254,74.23853869524564,809.5238095238095,83.98484325894245,79.64973999999988,75.3146367410573,82.8173,45.0859,2.6107631472962822,2.7309814434764013,Bearish
338,2016-04-21,82.57083,82.3044,79.77615238095225,73.3345920000001,62.215788999999894,56.021959999999275,74.23853869524562,809.5238095238095,83.88944917919686,79.62409499999987,75.35874082080288,82.8173,45.0859,2.542584739993728,2.6933021027798665,Bearish
339,2016-04-22,82.54549399999999,86.4159,79.94751428571416,73.86337800000011,62.601789999999895,56.19345149999928,82.70127228475846,809.5238095238095,85.1725173559732,80.01042499999986,74.8483326440265,82.8173,45.0859,2.7881761902268494,2.7122769202692636,Bullish
340,2016-04-25,77.89535,86.4159,80.31544761904748,74.39216400000011,62.987790999999895,56.36494299999927,82.70127228475846,809.5238095238095,86.21973892218287,80.39675499999986,74.57377107781686,86.4159,45.0859,2.9488170564752783,2.759584947510466,Bullish
341,2016-04-26,85.813965,90.7343,80.88901904761894,74.94742400000011,63.41697599999989,56.558026499999286,87.6451652122953,785.7142857142858,88.29453898551073,81.00396999999988,73.71340101448901,86.4159,45.0859,3.385558281524908,2.8847796143133544,Bullish
342,2016-04-27,88.37428,95.2594,81.6827999999999,75.5931860000001,63.891411999999896,56.77373549999928,90.65804950027115,785.7142857142858,91.3164543914698,81.83743999999987,72.35842560852996,90.7343,45.0859,4.050129232415358,3.117849537933755,Bullish
343,2016-04-28,86.178154,100.0162,82.70309523809512,76.33408400000009,64.41341599999988,57.013228499999286,92.6791153671422,761.9047619047618,94.9041388518589,83.10522499999988,71.30631114814084,95.2594,45.0859,4.904108989011405,3.4751014281492854,Bullish
344,2016-04-29,94.448,100.0162,83.91050952380941,77.07498200000009,64.93541999999988,57.25272149999928,92.6791153671422,738.0952380952382,97.87187069890473,84.18645999999988,70.50104930109502,100.0162,45.0859,5.517294165956899,3.883539975710808,Bullish
345,2016-05-02,94.05654,105.0087,85.17799523809514,77.9157300000001,65.50734899999989,57.517176999999286,94.20513126185485,714.2857142857142,101.64811465130245,85.51731999999987,69.3865253486973,100.0162,45.0859,6.3330968639517105,4.3734513533589885,Bullish
346,2016-05-03,92.95715,105.0087,86.44548095238085,78.7564780000001,66.07927799999989,57.7816324999993,94.20513126185485,690.4761904761905,104.70721411303343,86.84817999999989,68.98914588696636,105.0087,45.0859,6.9000864778912225,4.878778378265435,Bullish
347,2016-05-04,103.04120999999999,110.2577,87.96291904761897,79.70220600000009,66.70369699999989,58.0723329999993,95.37951693172323,666.6666666666666,108.54344489069892,88.44148999999989,68.33953510930087,105.0087,45.0859,7.684399292483248,5.4399025611089975,Bullish
348,2016-05-05,107.540306,113.5171,89.63556666666656,80.71312200000007,67.36070999999988,58.37933049999929,95.93096468440376,642.8571428571429,112.49815780489008,90.19776999999986,67.89738219510971,110.2577,45.0859,8.471327004286309,6.046187449744459,Bullish
349,2016-05-06,103.948784,119.1259,91.5752999999999,81.83621400000007,68.07381099999989,58.714371999999294,96.66793143407787,619.047619047619,117.13838771926665,92.23448999999991,67.33059228073314,113.5171,45.0859,9.438752111775472,6.724700382150662,Bullish
350,2016-05-09,113.18723,125.0409,93.7966999999999,83.01473400000008,68.84606199999989,59.0789884999993,97.23639418326314,595.2380952380953,122.41240647510064,94.56695999999991,66.72151352489914,119.1259,45.0859,10.56099398104162,7.491959101928854,Bullish
351,2016-05-10,113.55134,131.2867,96.31551904761896,84.31817000000008,69.68077099999987,59.47483399999929,97.68542603894116,571.4285714285714,128.27180093129334,97.2117199999999,66.15163906870646,125.0409,45.0859,11.818130556893552,8.357193392921793,Bullish
352,2016-05-11,113.69708999999999,137.8469,99.14672857142848,85.7528100000001,70.58108199999988,59.9034804999993,98.04477156952153,547.6190476190476,134.91271745432556,99.9888449999999,65.06497254567424,131.2867,45.0859,13.191707867810097,9.324096287899454,Bullish
353,2016-05-12,129.58792,144.738,102.11975714285705,87.25925600000012,71.55030399999984,60.366582499999296,98.33686674732027,523.8095238095239,142.08034381876803,103.11052499999991,64.14070618123175,137.8469,45.0859,14.667256953367955,10.392728420993157,Bullish
354,2016-05-13,139.56433,151.9683,105.43708571428562,88.91030800000011,72.59182899999985,60.86583599999929,98.57706242124155,571.4285714285714,149.7324920875607,106.59371999999986,63.45494791243905,144.738,45.0859,16.23294177021964,11.560771090838454,Bullish
355,2016-05-16,135.0066,151.9683,108.7544142857142,90.56136000000014,73.63335399999984,61.365089499999314,98.57706242124155,619.047619047619,155.9702626270059,110.0769149999999,64.18356737299392,151.9683,45.0859,17.27462711937443,12.703542296545649,Bullish
356,2016-05-17,146.85544,159.4302,112.42707142857134,92.36165000000014,74.74949799999985,61.90165249999932,98.78678219622223,666.6666666666666,162.71437243508709,113.9332049999999,65.15203756491269,151.9683,45.0859,18.489151798975755,13.860664197031667,Bullish
357,2016-05-18,147.27428,167.3554,116.47711904761896,94.32044400000015,75.94489399999985,62.47784149999932,98.96179924771594,666.6666666666666,169.93491434484355,118.1857549999999,66.43659565515625,159.4302,45.0859,19.86220957588307,15.060973272801947,Bullish
358,2016-05-19,144.8192,175.71900000000005,120.92543333333323,96.37884000000014,77.22392599999985,63.09584849999932,99.10803602534595,666.6666666666666,177.58520823273415,122.8564849999999,68.12776176726564,167.3554,45.0859,21.378798893108087,16.324538396863176,Bullish
359,2016-05-20,165.83899,181.998,125.67274761904751,98.56281600000014,78.56574799999984,63.74525049999932,99.19922977975142,666.6666666666666,185.40958311586232,127.63558999999992,69.8615968841375,175.71900000000005,45.0859,22.824265749701947,17.624483867430932,Bullish
360,2016-05-23,176.73889,191.0937,130.65740476190467,100.92870600000013,79.99852699999985,64.44013099999933,99.30938041364395,928.5714285714287,193.64639698859446,132.8694799999999,72.09256301140529,181.998,45.0859,24.422231341053816,18.984033362155508,Bullish
361,2016-05-24,170.93451000000002,199.8246,136.05781904761895,103.42255600000013,81.51861499999984,65.17866599999932,99.39535795123513,952.3809523809523,202.48277961453275,138.3239949999999,74.16521038546713,191.0937,45.0859,26.092364709308953,20.405699631586195,Bullish
362,2016-05-25,187.49817,199.8246,141.25259523809513,105.91640600000014,83.03859599999983,65.91720099999932,99.39535795123514,1000.0,209.82867499439945,143.55225499999992,77.27583500560037,199.8246,45.0859,27.10352487293548,21.745264679856053,Bullish
363,2016-05-26,187.14442,209.8159,146.70766666666657,108.61008200000013,84.65848999999984,66.71872199999933,99.48109462540647,1023.809523809524,218.11539411082447,149.0422399999999,79.9690858891753,199.8246,45.9958,28.383899076655013,23.072991559215847,Bullish
364,2016-05-27,180.12819,220.3046,152.43568571428563,111.43858200000014,86.38327099999985,67.57268649999932,99.55278615898744,1023.809523809524,226.89927895288704,155.0566599999999,83.21404104711277,209.8159,45.9958,29.900283434820977,24.438449934336873,Bullish
365,2016-05-30,205.9924,227.1249,158.48848095238085,114.40348800000014,88.17625499999987,68.46075249999933,99.59223681357824,1047.6190476190477,235.66109292883368,161.1624699999999,86.66384707116609,220.3046,45.9958,31.291659402787808,25.809091828027054,Bullish
366,2016-05-31,221.73502000000002,238.4795,164.84423333333322,117.59548600000014,90.05890099999985,69.40559149999933,99.64792102939379,1071.4285714285713,244.88687451382447,167.8360099999999,90.7851454861753,227.1249,45.9958,32.930948729225776,27.2334632082668,Bullish
367,2016-06-01,214.04085,250.4027,171.76775714285705,121.02594800000013,92.04197999999985,70.41004649999934,99.69501903346081,1071.4285714285713,255.0980344068709,174.84325999999993,94.58848559312887,238.4795,45.9958,34.79114921313899,28.74500040924124,Bullish
368,2016-06-02,234.07338,262.9228,179.0375238095237,124.62805800000014,94.13092199999984,71.47710199999935,99.73509245277842,1071.4285714285713,266.08125761307093,182.31354499999992,98.54583238692888,250.4027,45.9958,36.85084532773609,30.36616939294021,Bullish
369,2016-06-03,236.01265,276.0648,186.7778904761904,128.57556800000015,96.34458299999984,72.60986749999934,99.76935131914574,1071.4285714285713,278.08122338968303,190.16048999999992,102.23975661031677,262.9228,45.9958,39.092979373899205,32.11153138913201,Bullish
370,2016-06-06,230.26862999999997,289.8618,194.9081714285713,132.79901800000013,98.69621399999984,73.81161799999936,99.79877331405486,1071.4285714285713,291.12884549589006,198.4015349999999,105.67422450410973,276.0648,45.9958,41.504748448540994,33.99017480101381,Bullish
371,2016-06-07,267.95482999999996,304.347,203.44655714285702,137.3141580000001,101.19269699999981,75.08579449999937,99.82413739639854,1095.2380952380952,305.2526331423818,207.05454999999992,108.856466857618,289.8618,45.9958,44.07683705746498,36.00750725230405,Bullish
372,2016-06-08,293.8822,319.5619,212.41204285714284,142.1335960000001,103.8413289999998,76.43604549999937,99.84608308531004,1166.6666666666667,320.47773871539187,216.14029999999988,111.80286128460787,304.347,45.9958,46.80343027462808,38.16669185676885,Bullish
373,2016-06-09,284.60962,335.5396,221.82598095238092,147.35117800000015,106.64973799999979,77.86618499999938,99.86511833131613,1261.904761904762,336.82816221405307,225.68037999999987,114.53259778594665,319.5619,45.9958,49.68085196585696,40.46952387858647,Bullish
374,2016-06-10,312.10742,352.3132,231.7105142857142,152.82961200000008,109.6258829999998,79.38019249999937,99.88166404710287,1309.5238095238094,354.3270006798364,235.69762499999985,117.06824932016336,335.5396,45.9958,52.70714358188121,42.91704781924542,Bullish
375,2016-06-13,314.92438,356.5584,241.45289999999991,158.3929500000001,112.64447999999979,80.91542599999939,99.88549249839086,1309.5238095238094,369.10871587117066,245.92712999999983,122.74554412882914,352.3132,45.9958,54.8161670009101,45.29687165557836,Bullish
376,2016-06-14,311.10357999999997,356.5584,251.19528571428557,163.95628800000014,115.66307699999979,82.4506594999994,99.88549249839086,2071.428571428572,381.22922396665484,255.78353999999985,130.3378560333449,356.5584,45.9958,55.843850112674495,47.40626734699757,Bullish
377,2016-06-15,342.95566,356.5584,260.5823428571427,169.51962600000013,118.68167399999979,83.98589299999941,99.88549249839089,2833.333333333333,391.1239869753558,265.24368999999984,139.36339302464387,356.5584,45.9958,56.01261779154775,49.12753743590761,Bullish
378,2016-06-16,356.24002,343.0299,268.94779523809507,174.81239400000013,121.56498599999979,85.45348399999942,88.49062646670916,3642.857142857143,396.78847295562895,273.6092349999998,150.42999704437062,356.5584,45.9958,54.42732616910889,50.187495182547856,Bullish
379,2016-06-17,340.41287,332.7387,276.42492380952365,179.8993380000001,124.34538599999978,86.86961899999945,80.92745817715121,4452.380952380952,399.3267765463698,281.14626999999984,162.96576345362985,356.5584,45.9958,51.74408371655296,50.498812889348876,Bullish
380,2016-06-20,341.89300000000003,320.577,283.0239238095237,184.7430480000001,127.00416899999978,88.22494549999945,72.98832903002183,5261.904761904762,399.3703177682313,287.6204349999998,175.87055223176841,356.5584,45.9958,48.08198796350712,50.015447904180526,Bearish
381,2016-06-21,333.90018,320.577,289.18979523809514,189.5867580000001,129.6629519999997,89.58027199999945,72.98832903002183,5809.523809523808,398.62390746786787,293.6580549999998,188.6922025321317,356.5584,45.9958,44.664881741451204,48.945334671634676,Bearish
382,2016-06-22,298.41196,320.577,294.93990952380943,194.35221000000007,132.3217349999997,90.93559849999949,72.9883290300218,6595.2380952380945,395.9037891473204,299.6956749999998,203.48756085267934,356.5584,45.9958,41.47866026557887,47.45199979042351,Bearish
383,2016-06-23,318.99545,320.577,300.6900238095237,199.11766200000002,134.9805179999997,92.29092499999949,72.9883290300218,7357.142857142857,392.4395335396308,305.23372999999987,218.02792646036895,356.5584,45.9958,38.50964161336458,45.66352815501172,Bearish
384,2016-06-24,321.2962,320.577,305.9643619047618,203.88311400000003,137.6393009999997,93.64625149999951,72.98832903002182,8119.047619047618,388.40615239181153,310.24734999999987,232.08854760818824,356.5584,45.9958,35.744631083984586,43.679748740806296,Bearish
385,2016-06-27,309.56796,304.5543,309.9762523809523,208.328112,140.11055799999968,94.92146449999949,61.4785850769917,8928.57142857143,382.4815225236615,314.1188199999998,245.7561174763382,356.5584,45.9958,31.892801967416407,41.32235938612831,Bearish
386,2016-06-28,312.90668,289.3311,312.9384523809523,212.468646,142.4295829999997,96.12056149999951,52.93720269262978,8952.380952380952,376.8795460247676,316.6613999999998,256.4432539752321,356.5584,45.9958,27.2971500730406,38.517317523510776,Bearish
387,2016-06-29,304.5464,274.8708,314.6713714285713,216.319974,144.60400499999972,97.24735699999951,46.34987986647653,8928.57142857143,373.4859382260245,317.8848049999998,262.28367177397524,356.5584,45.9958,22.231961266073316,35.26024627202328,Bearish
388,2016-06-30,274.98505,261.1318,315.1822809523809,219.89652199999992,146.61555699999968,98.3054574999995,41.114956827740656,8928.57142857143,373.7547962399896,317.7952549999999,261.8357137600102,356.5584,45.9958,16.914164209149362,31.591029859448494,Bearish
389,2016-07-01,278.1721,261.1318,315.0969952380952,223.3908399999999,148.6271089999997,99.3635579999995,41.114956827740656,8928.57142857143,375.5558999511955,317.0486049999998,258.5413100488042,356.5584,45.9958,12.55504498552915,27.783832884664626,Bearish
390,2016-07-04,265.0069,248.081,313.76443333333333,226.62414199999992,150.5081529999997,100.3564044999995,36.56526676702626,8928.57142857143,379.83736432060977,314.9595649999999,250.08176567939,356.5584,45.9958,7.955613742117009,23.818189056155106,Bearish
391,2016-07-05,254.41911000000002,248.081,311.7748714285714,229.77107599999994,152.3592499999997,101.3492509999995,36.56526676702626,8928.57142857143,383.2060525119338,312.14626499999986,241.08647748806598,356.5584,45.9958,4.2614084802742696,19.906832940978934,Bearish
392,2016-07-06,255.39064,248.081,309.09553809523806,232.82750799999994,154.2103469999997,102.34209749999951,36.565266767026245,8904.761904761906,384.7842368871456,308.5722199999999,232.36020311285424,356.5584,45.9958,1.3185250588273902,16.189171364548628,Bearish
393,2016-07-07,247.8496,248.081,305.6916857142857,235.7888039999999,156.06144399999968,103.33494399999948,36.56526676702626,8833.333333333334,383.686213915017,304.1992899999999,224.7123660849828,356.5584,45.9958,-1.0021787620648863,12.750901339225926,Bearish
394,2016-07-08,228.50633,248.081,301.52699047619046,238.75009999999992,157.91254099999972,104.32779049999948,36.56526676702626,8738.095238095239,378.83998357172135,298.9876799999999,219.13537642827862,356.5584,45.9958,-2.808973165760392,9.638926438228662,Bearish
395,2016-07-11,243.85238999999999,241.9575,296.27195714285716,241.48907599999995,159.70240299999975,105.29001949999949,34.007599991218484,8690.47619047619,372.20487971952775,293.257635,214.31039028047226,356.5584,45.9958,-4.6810260670516195,6.774935937172605,Bearish
396,2016-07-12,245.1437,235.9878,290.5305,244.10865799999996,161.43256799999975,106.22239999999948,31.68105068944835,8642.857142857143,364.31259339556885,287.229105,210.14561660443115,356.5584,45.9958,-6.570604538809108,4.105827841976263,Bearish
397,2016-07-13,235.1338,224.1933,284.2274000000001,246.38736999999998,163.04478799999978,107.09580799999951,27.65546599273487,7833.333333333332,355.44434049463075,280.61085,205.7773595053692,356.5584,45.9958,-8.917036623077136,1.5012549489655824,Bearish
398,2016-07-14,234.39072000000002,212.9915,277.390880952381,248.376858,164.5449899999998,107.91320699999949,24.474648063751374,7428.571428571428,348.7158947095253,274.10893,199.50196529047471,356.5584,45.9958,-11.547381570887381,-1.1084723550050106,Bearish
399,2016-07-15,227.9714,202.3452,270.6916095238096,250.04124399999992,165.93872899999974,108.6773744999995,21.89692355361196,6638.095238095239,343.3434043081263,267.589255,191.83510569187362,356.5584,45.9958,-14.325876540586163,-3.7519531921212415,Bearish
400,2016-07-18,203.40247,192.2296,264.00070000000005,251.38501799999997,167.19987599999976,109.3909639999995,19.76667048643908,5823.809523809524,339.58257229986486,261.1718849999999,182.7611977001349,356.5584,45.9958,-17.146444661682526,-6.430851486033497,Bearish
401,2016-07-19,205.59042,182.6198,257.43130952380955,252.41167999999996,168.36492499999974,110.0565044999995,17.977376149538593,5014.285714285715,334.8110131883816,254.27402499999997,173.73703681161822,356.5584,45.9958,-19.927484133633413,-9.130178015553481,Bearish
402,2016-07-20,190.09581,173.4909,250.42720952380955,253.12455999999997,169.43868499999977,110.6764004999995,16.45367445975022,4257.142857142857,328.7477654154105,246.91971999999996,165.0916745845893,356.5584,45.9958,-22.60749871554785,-11.825642155552357,Bearish
403,2016-07-21,182.95865,182.1638,243.83610476190483,253.873076,170.56616599999973,111.33966099999952,23.12043891830574,3480.952380952381,319.10553086537016,239.99905999999996,160.8925891346297,356.5584,45.9958,-23.75773465618681,-14.212060655679247,Bearish
404,2016-07-22,183.48033,190.6957,237.65128095238097,254.64762399999995,171.77896599999968,112.04558099999953,29.11310160707603,3776.190476190476,306.1462063776053,233.50499499999992,160.86378362239452,356.5584,45.9958,-23.707565838668188,-16.111161692277037,Bearish
405,2016-07-25,181.10335,186.351,231.25956666666667,255.335278,172.94831899999969,112.72977749999953,27.91961622805745,3128.5714285714284,295.2123165681388,227.59482999999992,159.977343431861,356.5584,45.9958,-23.74467384957336,-17.6378641237363,Bearish
406,2016-07-26,172.60834,193.1832,225.95618095238098,256.010338,174.18599399999962,113.44813499999952,32.59891700896231,2385.714285714286,285.67017470015287,222.78743499999993,159.90469529984694,356.5584,45.9958,-22.95813370028739,-18.701918039046518,Bearish
407,2016-07-27,184.99771,202.8344,221.83729047619045,256.71991799999995,175.5201809999996,114.21474849999953,38.65698848093103,2390.4761904761904,277.8323187619775,219.18561499999996,160.53891123802237,356.5584,45.9958,-21.310371091014474,-19.22360864944011,Bearish
408,2016-07-28,197.3017,212.9749,218.88986666666668,257.46503599999994,176.9219379999996,115.03206449999952,44.319787394875014,2400.0,272.2039650788655,216.77776999999992,161.35157492113433,356.5584,45.9958,-18.96760698299707,-19.1724083161515,Bullish
409,2016-07-29,192.39858999999998,223.6212,217.1036476190476,258.2974999999999,178.4301579999996,115.90261199999954,49.58207992091714,2395.2380952380954,266.6120375356867,214.90223999999992,163.19244246431307,356.5584,45.9958,-16.066675479758374,-18.551261748872875,Bullish
410,2016-08-01,208.85765,234.7981,215.84966190476192,259.171588,180.0501469999996,116.82904399999954,54.449254656328364,2390.4761904761904,264.54854950856156,214.23809499999987,163.92764049143813,356.5584,45.9958,-12.71916532218097,-17.38484246353449,Bullish
411,2016-08-02,210.2697,246.5305,215.77582857142852,260.10570599999994,181.76413099999962,117.81413799999956,58.931085079987824,2371.428571428572,264.266550009621,214.16056999999984,164.05458999037867,356.5584,45.9958,-9.01560647710258,-15.710995266248108,Bullish
412,2016-08-03,206.7365,248.7526,215.80780952380948,261.084266,183.5003359999997,118.81034249999956,59.739073467966115,2471.428571428572,264.39183237564544,214.1941499999999,163.9964676243543,356.5584,45.9958,-5.833954316689585,-13.735587076336405,Bullish
413,2016-08-04,235.85822000000002,236.3154,215.24754285714283,261.61425599999995,185.11216899999962,119.74436099999956,53.40585505518647,3323.809523809524,262.459009532486,213.6058699999999,164.75273046751374,356.5584,45.9958,-4.266864398227085,-11.841842540714538,Bullish
414,2016-08-05,240.67535,224.5001,214.12464285714282,261.698166,186.5683739999997,120.61930299999956,48.18019282041136,3361.904761904762,258.97893113374704,212.4268249999999,165.87471886625266,356.5584,45.9958,-3.9329932154063267,-10.260072675652898,Bullish
415,2016-08-08,228.9485,228.0074,213.16875714285715,261.715816,188.0596519999997,121.51178149999956,49.75194672820447,3385.714285714286,256.88783240754657,211.72931999999986,166.57080759245306,356.5584,45.9958,-3.346808177978033,-8.877419776117925,Bullish
416,2016-08-09,230.52052,217.0626,211.9832857142857,261.287478,189.4414819999997,122.34953599999956,45.14976418707285,3666.666666666666,254.6431057779253,210.78305999999992,166.92301422207444,356.5584,45.9958,-3.722495591070072,-7.846434939108354,Bullish
417,2016-08-10,226.39815,206.2174,210.56564761904758,260.40377199999995,190.7148599999997,123.13306449999958,41.09337180687733,3938.095238095238,253.34314704624282,209.88426499999986,166.4253829537569,356.5584,45.9958,-4.8395601387510405,-7.245059979036891,Bullish
418,2016-08-11,203.51201,195.9111,209.21887619047618,259.06353799999994,191.8457979999997,123.8650614999996,37.633142685374644,4076.190476190476,252.88085405189372,209.0302449999999,165.17963594810595,356.5584,45.9958,-6.4817564637005205,-7.092399275969617,Bullish
419,2016-08-12,203.1516,203.0169,208.74389523809523,257.60258,193.0890739999997,124.6325874999996,41.302957757168954,3900.0,252.89493197908013,209.06382999999988,165.23272802091964,356.5584,45.9958,-7.127666901040413,-7.0994528009837765,Bearish
420,2016-08-15,202.6745,207.287,208.9792190476191,255.95108399999992,194.3750509999997,125.4214639999996,43.45616260032527,3923.809523809524,252.97746242125686,209.81669999999986,166.65593757874285,356.5584,45.9958,-7.211860355924473,-7.1219343119719145,Bearish
421,2016-08-16,198.12364,196.9226,209.2026952380953,253.80259599999994,195.5583769999997,126.15851849999962,39.65387017746985,3938.095238095238,252.31847663117398,210.53183999999987,168.74520336882583,356.5584,45.9958,-8.022427189740483,-7.302032887525629,Bearish
422,2016-08-17,202.56951999999998,193.8796,209.73887619047628,251.28894999999991,196.7112729999997,126.88035799999962,38.58636383048988,4200.0,250.5771533662285,211.55127499999992,172.52539663377132,356.5584,45.9958,-8.808809441992453,-7.603388198418993,Bearish
423,2016-08-18,196.21681,195.6706,210.79505238095246,248.49156999999988,197.9213739999997,127.61115249999962,39.61670256679648,4257.142857142857,249.62861061666786,212.22661499999992,174.824619383332,356.5584,45.9958,-9.181663805528984,-7.919043319840991,Bearish
424,2016-08-19,182.14754,200.6538,211.6755285714286,245.45838199999992,199.1439969999997,128.38444249999964,42.50690536417041,4252.380952380952,249.22092513544519,212.72451999999993,176.22811486455467,356.5584,45.9958,-8.971631596840753,-8.129560975240944,Bearish
425,2016-08-22,198.95221,208.1078,212.50467619047618,242.4893699999999,200.44115999999968,129.19500249999962,46.62252535839876,3157.142857142857,248.3435678216466,213.81235999999993,179.28115217835324,356.5584,45.9958,-8.110214549044088,-8.125691690001572,Bullish
426,2016-08-23,203.99738,211.4161,213.69825238095245,239.58652399999988,201.7714059999997,130.02210399999962,48.38842836766487,3033.333333333333,247.9672883988171,214.72400499999992,181.48072160118267,356.5584,45.9958,-7.078981083687239,-7.916349568738705,Bullish
427,2016-08-24,196.43456,217.2284,214.84326190476196,236.79992399999992,203.15977499999968,130.8691669999996,51.42872625045144,2957.142857142857,248.24653835667885,215.44370499999994,182.64087164332096,356.5584,45.9958,-5.726703228109216,-7.478420300612807,Bullish
428,2016-08-25,208.79336999999998,206.4164,215.01383333333337,234.06765399999992,204.44002399999957,131.6621699999996,46.00031706846011,2885.714285714286,248.14115182970852,215.11577999999992,182.09040817029134,356.5584,45.9958,-5.464460426979882,-7.075628325886222,Bullish
429,2016-08-26,205.734,201.1513,214.45080476190483,231.43590599999987,205.66762199999957,132.42884749999962,43.58755452340731,2885.714285714286,247.3113355100197,213.99228499999992,180.67323448998008,356.5584,45.9958,-5.616734466813256,-6.7838495540716295,Bullish
430,2016-08-29,192.27373,197.3372,213.19918571428582,228.97110999999992,206.85707899999957,133.1764544999996,41.87411214649142,2900.0,244.75400551638927,212.11923999999993,179.48447448361054,356.5584,45.9958,-5.976287808941237,-6.622337205045551,Bullish
431,2016-08-30,198.48494,199.2608,211.50693333333342,226.54478599999993,208.06577199999958,133.9336794999996,43.08920380075465,2890.476190476191,238.71995027309606,209.75575499999994,180.79155972690376,356.5584,45.9958,-6.036433728740207,-6.505156509784483,Bullish
432,2016-08-31,199.92006999999998,199.8246,209.2828428571429,224.12973799999992,209.24097399999957,134.6937234999996,43.46225881202015,3671.4285714285716,230.34324090563885,207.30935499999995,184.275469094361,356.5584,45.9958,-5.969789834238071,-6.3980831746752,Bullish
433,2016-09-01,193.52611000000002,198.5809,206.89371428571442,221.68981599999995,210.40373899999958,135.4475489999996,42.795828259817064,3728.571428571429,224.48274623890202,205.42262999999997,186.36251376109792,356.5584,45.9958,-5.948756699408903,-6.308217879621941,Bullish
434,2016-09-02,198.89513,196.9226,205.01786666666672,219.216728,211.54992099999959,136.19308299999963,41.87385629913313,2933.333333333333,221.28739080159312,204.04375499999992,186.80011919840672,356.5584,45.9958,-5.996771688367147,-6.245928641370982,Bullish
435,2016-09-05,195.05104,194.0455,203.5676476190477,217.006552,212.6673319999996,136.92423149999962,40.25355041655725,2909.523809523809,216.16414882525441,202.34565999999992,188.52717117474543,356.5584,45.9958,-6.195563241672147,-6.235855561431215,Bullish
436,2016-09-06,182.79063,198.9955,202.18612857142867,215.19984,213.8342429999996,137.68012999999962,44.25051101076632,2880.952380952381,213.55071043597687,201.44230499999992,189.33389956402297,356.5584,45.9958,-5.885835105467521,-6.165851470238477,Bullish
437,2016-09-07,195.27325,198.9955,201.32579047619052,213.682334,215.0011539999996,138.43602849999962,44.25051101076632,2600.0,213.0281338005317,201.0812099999999,189.13428619946816,356.5584,45.9958,-5.576095567353151,-6.0479002896614125,Bullish
438,2016-09-08,198.59985,198.9955,200.98189047619053,212.439608,216.1680649999996,139.19192699999962,44.250511010766296,2328.5714285714284,212.98948814263832,201.23542999999992,189.48137185736152,356.5584,45.9958,-5.2698768914247855,-5.892295610014086,Bullish
439,2016-09-09,191.30183,198.9955,201.12876666666668,211.19688200000004,217.29386099999957,139.94782549999962,44.250511010766296,2171.428571428572,212.79722089561955,201.03435999999996,189.27149910438038,356.5584,45.9958,-4.969906397276644,-5.707817767466597,Bullish
440,2016-09-12,197.35548,198.9955,200.93727142857148,210.215172,218.41965699999957,140.70372399999962,44.250511010766296,1923.8095238095239,212.05174438381562,200.61978499999992,189.1878256161842,356.5584,45.9958,-4.678249669413816,-5.501904147856043,Bullish
441,2016-09-13,195.57469,198.9955,200.5424380952382,209.233462,219.5022689999996,141.45962249999963,44.250511010766296,1861.904761904762,212.056591570209,200.72342999999995,189.39026842979092,356.5584,45.9958,-4.396430299499485,-5.28080937818473,Bullish
442,2016-09-14,183.77844,198.9955,200.6411476190477,208.251752,220.53962999999962,142.21552099999963,44.250511010766296,1833.333333333333,211.90663885011048,200.97922499999996,190.05181114988937,356.5584,45.9958,-4.125529878062338,-5.049753478160252,Bullish
443,2016-09-15,196.40027,191.5332,200.52941428571438,207.120796,221.4547999999997,142.9341079999996,37.83953888362552,1552.3809523809525,212.2373613430425,200.77235499999992,189.30734865695732,356.5584,45.9958,-4.461554563511157,-4.9321136952304325,Bullish
444,2016-09-16,195.3132,184.4854,199.9967857142858,205.848884,222.2994919999997,143.61745599999966,32.97973922919616,1538.095238095238,213.45031214277583,199.96393499999996,186.477557857224,356.5584,45.9958,-5.236195504378344,-4.992930057060015,Bearish
445,2016-09-19,186.85724,187.0806,199.3504428571429,204.75134599999996,223.12021099999973,144.3137799999997,36.22766997154674,1514.2857142857142,212.96221890138102,198.91257499999992,184.86293109861882,356.5584,45.9958,-5.576411677372533,-5.109626381122519,Bearish
446,2016-09-20,188.67946,187.0806,198.34914761904773,203.7732019999999,223.94092999999972,145.0101039999997,36.22766997154674,1528.571428571429,211.41446710537681,197.69579999999993,183.977132894623,356.5584,45.9958,-5.7794139590361056,-5.243583896705236,Bearish
447,2016-09-21,186.5252,187.0806,197.1903142857144,203.03094799999988,224.70915899999974,145.7064279999997,36.22766997154674,1471.428571428571,207.38416501499364,196.18840999999992,184.99265498500617,356.5584,45.9958,-5.872599063370417,-5.3693869300382735,Bearish
448,2016-09-22,172.9405,184.0708,195.6113809523811,202.45253399999987,225.41469599999982,146.3877029999997,33.8513879508142,1461.904761904762,206.4199894359314,195.07112999999995,183.72227056406845,356.5584,45.9958,-6.118781135844642,-5.519265771199547,Bearish
449,2016-09-23,183.11646000000002,184.3776,194.5619142857144,202.0931819999999,226.06721299999973,147.0705119999997,34.32428303849191,1500.0,206.12612667162898,194.23244499999996,182.33876332837085,356.5584,45.9958,-6.2174550543261935,-5.658903627824876,Bearish
450,2016-09-26,185.03773,189.6012,194.01190952380963,202.04061399999983,226.7128159999998,147.77943899999968,41.93549839799603,1490.4761904761906,205.8132258781059,193.84564499999996,181.878064121894,356.5584,45.9958,-5.807212055366449,-5.688565313333192,Bearish
451,2016-09-27,180.09098999999998,184.9083,193.42005714285727,202.0863839999998,227.2490319999998,148.46490149999966,37.70751589884888,1580.952380952381,205.4273490835922,193.12801999999996,180.8286909164077,356.5584,45.9958,-5.793979938741387,-5.7096482384148315,Bearish
452,2016-09-28,186.209,180.5967,192.5312904761906,202.2284999999998,227.67652999999973,149.12880599999966,34.28720701643869,1633.333333333333,205.2055794815384,192.16662499999995,179.12767051846149,356.5584,45.9958,-6.0615299335366615,-5.780024577439197,Bearish
453,2016-09-29,181.96382,179.3944,191.55842380952402,202.17311199999972,228.02309399999973,149.78669899999966,33.37801221902422,928.5714285714287,205.01782054355985,191.20729999999998,177.39677945644004,356.5584,45.9958,-6.297981582637958,-5.883615978478949,Bearish
454,2016-09-30,169.19534,179.3944,190.6447809523811,201.94708599999973,228.29735499999973,150.44459199999966,33.37801221902422,823.809523809524,204.78890128079743,190.33088999999995,175.8728787192025,356.5584,45.9958,-6.4114638537841415,-5.989185553539988,Bearish
455,2016-10-03,180.36047,176.4261,189.66875714285732,201.74858799999973,228.54193299999974,151.0876434999997,31.022597915382786,819.047619047619,205.00108166498427,189.44992,173.89875833501563,356.5584,45.9958,-6.664096814325602,-6.124167805697111,Bearish
456,2016-10-04,178.30763000000002,173.8308,188.70615238095252,201.36153999999974,228.68593899999982,151.7177184999997,29.08969323285025,857.1428571428571,204.5034528464721,188.19168499999995,171.87991715352783,356.5584,45.9958,-6.993116976409965,-6.297957639839683,Bearish
457,2016-10-05,171.43367,176.6085,187.64010476190487,200.83702199999982,228.77846999999974,152.36168199999966,33.84090395444835,1042.857142857143,203.3373755417628,187.07233499999995,170.8072944582371,356.5584,45.9958,-6.949619758938611,-6.428290063659468,Bearish
458,2016-10-06,175.77095,173.6401,186.43270476190486,200.0503259999998,228.75768099999974,152.99080349999966,31.418212184501964,1071.4285714285713,202.10717814725825,185.804565,169.50195185274166,356.5584,45.9958,-7.073138238025848,-6.557259698532745,Bearish
459,2016-10-07,173.31398000000002,174.12099999999995,185.2482047619049,199.06032199999981,228.67891099999974,153.6223294999996,32.264252722180395,1085.7142857142858,200.43814370414552,184.56084,168.6835362958544,356.5584,45.9958,-7.05094401807395,-6.6559965624409845,Bearish
460,2016-10-10,161.3039,174.12099999999995,184.06370476190486,197.84677999999974,228.5091839999997,154.25385549999962,32.264252722180395,1090.4761904761904,198.35132716403226,183.317115,168.28290283596772,356.5584,45.9958,-6.953202745825906,-6.71543779911797,Bearish
461,2016-10-11,172.23108,174.12099999999995,182.8792047619049,196.39858999999973,228.2521479999997,154.88538149999962,32.264252722180395,1090.4761904761904,195.76979401228218,182.07339,168.37698598771772,356.5584,45.9958,-6.797386048243254,-6.731827448943026,Bearish
462,2016-10-12,174.46027,174.12099999999995,181.69470476190492,194.90595799999974,227.9951119999997,155.51685399999963,32.2642527221804,1090.4761904761904,192.52498950755881,180.829665,169.13434049244117,356.5584,45.9958,-6.597844350157175,-6.705030829185857,Bullish
463,2016-10-13,168.14018000000002,174.12099999999995,180.5102047619049,193.66206999999974,227.6381629999997,156.14832649999963,32.264252722180395,1090.4761904761904,190.9060579307523,179.95905499999995,169.0120520692477,356.5584,45.9958,-6.366319152509616,-6.637288493850608,Bullish
464,2016-10-14,173.68147,182.7442,180.09168095238118,192.8269519999997,227.2625589999997,156.82291499999963,48.701358018908685,1090.4761904761904,190.7006792281908,179.871995,169.0433107718092,356.5584,45.9958,-5.424483522985071,-6.394727499677501,Bullish
465,2016-10-17,172.9526,182.4125,179.99297142857162,191.91505399999969,226.8154349999997,157.4958449999996,48.21666554085476,1047.6190476190477,190.02803302932404,179.63859,169.24914697067595,356.5584,45.9958,-4.65122103805291,-6.046026207352583,Bullish
466,2016-10-18,166.56401,177.0728,179.5164095238097,191.11525799999973,226.2013679999997,158.13013449999966,41.12167146598488,1109.5238095238096,188.996136850474,179.1382,169.2802631495261,356.5584,45.9958,-4.418342213242171,-5.7204894085305,Bullish
467,2016-10-19,177.16487,173.7065,178.87954761904783,190.46503999999973,225.43440599999974,158.73819299999963,37.38665815667239,1276.1904761904761,187.88621326412186,178.469495,169.05277673587815,356.5584,45.9958,-4.4540725674418695,-5.467206040312773,Bullish
468,2016-10-20,176.16953,174.209,178.26661428571447,190.03099799999973,224.5472679999997,159.33909499999962,38.28773292343667,1309.5238095238094,187.19906577994004,177.976405,168.75374422005996,356.5584,45.9958,-4.391222302869608,-5.252009292824139,Bullish
469,2016-10-21,171.07732,174.209,177.7970047619049,189.45483999999982,223.5287099999997,159.93664649999963,38.28773292343667,1333.3333333333333,186.33742121740462,177.467975,168.59852878259534,356.5584,45.9958,-4.291938223186263,-5.0599950788965655,Bullish
470,2016-10-24,175.4099,165.8168,176.91315714285733,188.62543599999972,222.2882599999997,160.49223699999962,29.94170854811236,1319.047619047619,184.68809774279788,176.27875500000002,167.8694122572021,356.5584,45.9958,-4.834703822030548,-5.0149368275233615,Bullish
471,2016-10-25,170.61998,163.3209,175.66171428571445,187.9534019999998,220.8779989999997,161.03534799999963,27.987713513284692,1419.047619047619,184.40505058359716,175.199385,165.99371941640288,356.5584,45.9958,-5.403954318879698,-5.092740325794629,Bearish
472,2016-10-26,156.32306,156.2018,174.29473809523827,187.1998459999998,219.2443979999997,161.5428634999996,23.3141418410503,1323.8095238095239,186.0274038050201,173.97964,161.93187619497988,356.5584,45.9958,-6.3562701859965225,-5.345446297835006,Bearish
473,2016-10-27,161.9117,156.2018,173.13307619047634,186.41046999999986,217.4510199999997,162.05037899999962,23.314141841050297,1309.5238095238094,186.85981197850415,172.82000999999997,158.78020802149578,356.5584,45.9958,-7.029950478626546,-5.682347133993316,Bearish
474,2016-10-28,158.16023,156.2018,172.0286666666668,185.5214299999999,215.48990599999962,162.5578944999996,23.31414184105029,1233.3333333333333,187.0981755872728,171.66037999999998,156.22258441272717,356.5584,45.9958,-7.477649277939207,-6.041407562782494,Bearish
475,2016-10-31,49.8949,156.2018,170.92425714285727,184.48330999999988,213.4863399999996,163.0654099999996,23.31414184105029,1161.904761904762,187.3070889759684,170.64916499999995,153.99124102403152,356.5584,45.9958,-7.743195069105099,-6.381765064047015,Bearish
476,2016-11-01,68.65685,159.1332,170.10078571428585,183.43765199999987,211.51208799999958,163.5875824999996,29.80601614749434,1090.4761904761904,187.2297453303859,169.9142849999999,152.59882466961392,356.5584,45.9958,-7.629158351994562,-6.631243721636523,Bearish
477,2016-11-02,99.87699,160.8083,169.48066666666682,182.30924999999988,209.55458699999957,164.1181304999996,33.28177503943012,1042.857142857143,186.58709243944958,169.12427499999995,151.6614575605503,356.5584,45.9958,-7.319245159363844,-6.768844009181987,Bearish
478,2016-11-03,143.77596,160.8083,168.72827619047638,181.39708799999988,207.73237099999957,164.64867849999956,33.28177503943012,861.9047619047618,186.17607345346292,168.48268499999998,150.789296546537,356.5584,45.9958,-6.993025476711723,-6.813680302687935,Bearish
479,2016-11-04,152.98349,160.8083,168.11723809523824,180.5902279999999,206.01306699999958,165.17922649999952,33.28177503943012,833.3333333333335,185.6132527682891,167.81704999999994,150.02084723171075,356.5584,45.9958,-6.657747657235433,-6.782493773597435,Bullish
480,2016-11-07,154.38805,160.8083,167.48330000000016,179.85964999999993,204.41537999999957,165.70977449999953,33.28177503943012,800.0,184.95054732011997,167.15141499999996,149.35228267987998,356.5584,45.9958,-6.319193836765576,-6.689833786231064,Bullish
481,2016-11-08,160.21971000000002,160.8083,166.84936190476205,179.0905999999999,202.8176929999996,166.24032249999948,33.28177503943012,795.2380952380953,184.18800669899045,166.48577999999995,148.78355330100945,356.5584,45.9958,-5.981931512046828,-6.548253331394216,Bullish
482,2016-11-09,158.59792,159.1835,166.13805238095253,178.27777799999993,201.20375799999957,166.76274649999948,31.11691943121357,795.2380952380953,183.34977899279025,165.73890499999996,148.12803100720967,356.5584,45.9958,-5.779138163483168,-6.394430297812005,Bullish
483,2016-11-10,149.32202,161.0763,165.51687619047638,177.52768599999993,199.6087509999996,167.29463449999952,36.313961026915905,880.952380952381,182.37068905137838,165.08666999999997,147.8026509486216,356.5584,45.9958,-5.403402768870818,-6.196224792023767,Bullish
484,2016-11-11,159.41367,163.3209,165.00258571428586,176.85565199999994,198.03618999999955,167.83774549999947,41.910977846613186,1004.7619047619047,179.3873936958335,164.11550499999996,148.8436163041664,356.5584,45.9958,-4.868389536409636,-5.930657740900942,Bullish
485,2016-11-14,162.27362,158.3041,163.8387714285716,176.14082399999992,196.57368799999955,168.34212299999948,34.59325002609783,1014.2857142857144,175.84132296243618,162.91008499999995,149.97884703756372,356.5584,45.9958,-4.793939972100588,-5.703314187140872,Bullish
486,2016-11-15,155.21379,154.1917,162.49492380952395,175.24474799999993,195.22229399999955,168.8259384999995,29.973309335572253,952.3809523809523,173.47359234390626,161.76602999999994,150.05846765609363,356.5584,45.9958,-5.0090334476749945,-5.564458039247697,Bullish
487,2016-11-16,157.75505,159.9708,161.68054285714305,174.4642539999999,194.07329399999955,169.33864949999952,41.747005679043326,876.190476190476,171.43829548148324,161.07924499999996,150.7201945185167,356.5584,47.8158,-4.659460148507634,-5.383458461099683,Bullish
488,2016-11-17,157.04082,156.2018,160.84698571428586,173.60837999999984,193.0239939999995,169.81977549999954,37.3379070901698,676.1904761904761,168.8013634739147,160.17888499999995,151.55640652608514,356.5584,47.8158,-4.633139641769617,-5.233394697233671,Bullish
489,2016-11-18,148.23116000000002,156.2018,159.98950000000016,172.75250599999993,191.97469399999954,170.30090149999953,37.3379070901698,695.2380952380953,165.18607594362533,159.27852499999997,153.37097405637456,356.5584,47.8158,-4.559718849974615,-5.0986595277818605,Bullish
490,2016-11-21,156.65443,156.2018,159.13201428571443,171.89663199999993,191.05590199999955,170.78202749999951,37.337907090169786,723.809523809524,164.02444844029802,158.79777499999994,153.57110155970187,356.5584,47.8158,-4.450232829622706,-4.968974188150028,Bullish
491,2016-11-22,156.45306000000002,152.5166,158.49867142857158,170.96705399999996,190.1002579999995,171.22975399999956,33.07232607104837,752.3809523809523,163.73019064619132,158.2575599999999,152.78492935380854,356.5584,47.8158,-4.607714348382643,-4.896722220196552,Bullish
492,2016-11-23,150.67882,160.1383,158.3471190476192,170.18990999999997,189.22083099999955,171.71558899999957,46.64782562082533,652.3809523809524,163.90020290194244,158.45438499999997,153.00856709805745,356.5584,47.8158,-4.070588879053446,-4.731495551967932,Bullish
493,2016-11-24,156.01692,168.1452,158.91585238095254,169.72215,188.4214729999996,172.24145849999957,56.60594933786341,685.7142857142858,165.8337401804491,159.05155499999995,152.26936981955083,356.5584,47.8158,-2.9646485383647128,-4.3781261492472865,Bullish
494,2016-11-25,156.3972,176.5458,159.88461428571443,169.563358,187.70612099999957,172.8093309999996,64.16350716629414,738.0952380952382,170.14073362259018,160.06875499999995,149.99677637740967,356.5584,47.8158,-1.394252561604418,-3.7813514317187136,Bullish
495,2016-11-28,151.62996,185.3651,161.273342857143,169.52904800000005,187.14019699999957,173.42129999999958,70.05906766554584,833.3333333333335,176.2893763871464,161.52691999999996,146.76446361285352,356.5584,47.8158,0.5555374778699331,-2.9139736498009836,Bullish
496,2016-11-29,172.7888,185.0971,162.64930952380968,169.4893780000001,186.63128999999955,174.03192899999962,69.68390686581921,900.0,180.74587322919098,162.82511499999995,144.9043567708089,356.5584,47.8158,2.0554409278527435,-1.9200907342702385,Bullish
497,2016-11-30,182.7888,180.0969,163.64758095238113,169.3497040000001,186.19032599999957,174.61755699999958,62.914633740684756,1504.7619047619046,183.18754689395615,163.78954499999998,144.39154310604368,356.5584,47.8158,2.8082787769520507,-0.9744168320257806,Bullish
498,2016-12-01,173.64311,178.5475,164.4923047619049,169.23923800000009,185.84588599999958,175.19543799999963,60.93917935379223,1533.333333333333,185.04603047601242,164.67650499999996,144.30697952398756,356.5584,47.8158,3.242506963261178,-0.1310320729683888,Bullish
499,2016-12-02,179.488,172.7936,165.0630333333335,169.00755800000013,185.5503699999996,175.7445494999996,54.140548978557256,1604.7619047619046,185.85891694648151,165.27576999999994,144.69262305351842,356.5584,47.8158,3.0867620156314506,0.512526744751579,Bullish
500,2016-12-05,177.56145,167.9274,165.40203809523825,168.57408200000015,185.3073479999996,176.2536119999996,49.14674055849478,1723.8095238095239,186.13961843310418,165.6317249999999,145.12383156689566,356.5584,47.8158,2.5413759510710463,0.9182965860154724,Bullish
501,2016-12-06,162.68674,162.0144,165.4594714285716,168.11620400000018,185.10129399999957,176.73310949999959,43.85356025819311,1761.904761904762,186.1498663610736,165.6920299999999,145.23419363892626,356.5584,47.8158,1.6134253198505633,1.0573223327824903,Bullish
502,2016-12-07,167.50052,162.0144,165.5169047619049,167.74455800000018,184.9865289999996,177.21260699999962,43.85356025819311,1838.095238095238,186.1479966890255,165.83357499999994,145.51915331097442,356.5584,47.8158,0.8680118586966046,1.0194602379653133,Bearish
503,2016-12-08,163.79758999999999,160.423,165.57592857142868,167.36513000000022,184.7691209999996,177.66764349999966,42.42727006219332,1838.095238095238,186.1478997486501,165.8009099999999,145.45392025134976,356.5584,47.8158,0.14715730242275527,0.8449996508568016,Bearish
504,2016-12-09,158.56682,154.2671,165.2516809523811,166.8625840000002,184.4048349999996,178.0919004999996,37.36479877288284,1771.428571428571,186.28994733063098,165.3482199999999,144.40649266936882,356.5584,47.8158,-0.9103607379903452,0.4939275730873722,Bearish
505,2016-12-12,160.0504,154.2671,164.82054761904774,166.41940400000018,184.0839959999996,178.51615749999962,37.36479877288284,1690.4761904761906,186.43080771107154,165.1463699999999,143.86193228892833,356.5584,47.8158,-1.7285260318981557,0.0494368520902666,Bearish
506,2016-12-13,156.44313,161.9725,164.99523333333346,166.18223800000018,183.7718889999996,178.9789414999997,46.61243244769352,1723.8095238095239,186.2823522176786,165.5354099999999,144.78846778232125,356.5584,47.8158,-1.7351646407216776,-0.3074834464721223,Bearish
507,2016-12-14,144.6599,167.2323,165.6162142857144,165.99471400000022,183.4158679999996,179.4680244999997,51.83954061349528,2061.904761904762,186.4968157043364,165.89848499999994,145.30015429566348,356.5584,47.8158,-1.3010066887660798,-0.5061880949309138,Bearish
508,2016-12-15,162.43405,166.2523,165.91533333333348,165.8469580000002,182.94864199999958,179.9352899999997,50.840749147696755,2261.904761904762,186.51322020464107,166.40100999999996,146.2887997953588,356.5584,47.8158,-1.0242047983306009,-0.6097914356108511,Bearish
509,2016-12-16,165.53906,162.5169,166.21605238095253,165.61487600000018,182.33759899999959,180.3838784999997,47.11456283321353,2490.4761904761904,186.37165445807562,166.71676499999995,147.06187554192425,356.5584,47.8158,-1.093645997581092,-0.7065623480048993,Bearish
510,2016-12-19,157.25484,162.5169,166.5167714285716,165.3827940000002,181.61478699999958,180.8324669999997,47.11456283321353,2471.428571428572,186.19839462503188,167.03251999999995,147.8666453749681,356.5584,47.8158,-1.1355882933177384,-0.7923675370674671,Bearish
511,2016-12-20,162.82072,162.5169,166.8174904761906,165.15071200000014,180.77465099999958,181.2693909999997,47.11456283321353,2452.3809523809523,185.65066040659494,167.532535,149.41440959340503,356.5584,47.8158,-1.155507889198958,-0.8649956074937653,Bearish
512,2016-12-21,161.83678,159.3677,167.1437333333335,164.85564600000015,179.88080199999953,181.6905689999997,43.73905442945924,2433.333333333333,185.6780225394205,167.49400499999996,149.3099874605794,356.5584,47.8158,-1.40916446273323,-0.9738293785416582,Bearish
513,2016-12-22,151.20558,159.3677,167.1070380952383,164.56058000000016,179.1113249999995,182.1117469999997,43.73905442945923,2447.6190476190477,185.57567546757386,167.05512999999996,148.5345845324261,356.5584,47.8158,-1.5918393911406383,-1.0974313810614542,Bearish
514,2016-12-23,159.35991,159.3677,166.6890619047621,164.09305000000015,178.4600009999995,182.5141874999997,43.73905442945923,2423.809523809524,184.46818400311614,166.19622499999997,147.92426599688378,356.5584,47.8158,-1.716820153953961,-1.2213091356399557,Bearish
515,2016-12-26,159.8028,159.3677,165.8710571428573,163.63215400000013,177.7736039999995,182.9166279999997,43.739054429459216,2328.5714285714284,181.11185482966886,164.89635499999994,148.68085517033106,356.5584,47.8158,-1.795174652979142,-1.336082239107793,Bearish
516,2016-12-27,154.5343,159.3677,164.63308571428587,163.27805200000014,177.19665499999945,183.31906849999973,43.739054429459216,2233.333333333333,177.05687722849532,163.6098849999999,150.16289277150454,356.5584,47.8158,-1.8361056746885824,-1.4360869262239508,Bearish
517,2016-12-28,159.09861999999998,161.7882,163.5231380952383,163.03968600000013,176.75236299999946,183.73361149999974,47.895193544574546,2166.6666666666665,173.81959672092503,162.6944499999999,151.56930327907483,356.5584,47.8158,-1.6541615387095019,-1.4797018487210611,Bearish
518,2016-12-29,157.61137,164.99599999999995,162.80404761904782,162.85542600000014,176.44321199999942,184.14450499999973,52.86473048293298,1633.333333333333,170.54494897127805,162.01687499999994,153.48880102872187,356.5584,47.8158,-1.2368689929856205,-1.4311352775739732,Bullish
519,2016-12-30,149.43286,160.3225,161.93619047619063,162.57769600000015,176.01626799999943,184.55267099999972,45.983586785843784,1642.857142857143,168.35890563872857,161.39331999999996,154.42773436127138,356.5584,47.8158,-1.268649830461385,-1.3986381881514554,Bullish
520,2017-01-02,160.76599,159.1332,161.28569523809543,162.44402400000016,175.53472999999943,184.95489049999972,44.399755073503506,1571.428571428571,167.2962271213214,160.95360999999994,154.61099287867847,356.5584,47.8158,-1.3739647335496556,-1.393703497231095,Bullish
521,2017-01-03,160.49059,159.1332,160.86692380952397,162.36027000000016,175.15683599999943,185.35760649999975,44.39975507350352,1457.142857142857,167.1800682082841,160.80954999999994,154.43903179171582,356.5584,47.8158,-1.4408186919971513,-1.4031265361843066,Bearish
522,2017-01-04,155.08366,160.8083,160.80949047619066,162.45240000000015,174.82612299999943,185.76869799999974,47.361375580460674,1419.047619047619,167.09578918388374,160.74924499999997,154.40270081611615,356.5584,47.8265,-1.343151352410473,-1.3911314994295398,Bullish
523,2017-01-05,160.58852,160.8083,160.7520571428573,162.54453000000015,174.4774999999994,186.19943699999973,47.36137558046068,1352.3809523809525,167.1133148713641,160.76850999999994,154.42370512863576,356.5584,47.8265,-1.25132478888915,-1.363170157321462,Bullish
524,2017-01-06,157.86616999999998,157.4665,160.61127142857163,162.56982400000015,174.0456269999994,186.59481199999973,42.16485770336814,1361.904761904762,166.74923380534784,160.92847999999995,155.10772619465206,356.5584,47.8265,-1.4317031247184389,-1.3768767508008573,Bearish
525,2017-01-09,148.85315,157.4665,160.763623809524,162.59511800000016,173.5392139999994,186.99018699999982,42.16485770336814,1428.571428571429,166.3134933167672,161.08844999999994,155.86340668323268,356.5584,47.8265,-1.5567094775793748,-1.412843296156561,Bearish
526,2017-01-10,157.12243999999998,157.4665,160.91597619047639,162.56178400000016,172.99971799999938,187.38556199999985,42.16485770336815,1471.428571428571,166.3005604849691,160.86314999999996,155.42573951503084,356.5584,50.2149,-1.6369086488797675,-1.457656366701202,Bearish
527,2017-01-11,157.91193,160.9842,160.86891428571448,162.56530200000014,172.4372759999994,187.7985254999998,49.455919987748395,1514.2857142857142,165.1403813169622,160.55074499999995,155.96110868303768,356.5584,52.0948,-1.4004742828173278,-1.4462199499244273,Bullish
528,2017-01-12,153.60884,159.1751,160.48523809523826,162.53263800000016,171.96486299999938,188.20244349999984,46.22820979582115,1290.4761904761906,163.9969939291249,160.1968849999999,156.39677607087498,356.5584,54.0286,-1.3435895312548212,-1.4256938661905059,Bullish
529,2017-01-13,158.88957,156.2018,160.00664285714305,162.44050800000016,171.51536799999937,188.59149499999984,41.441149650270134,1095.2380952380952,163.90079042154187,159.8811299999999,155.861469578458,356.5584,54.6987,-1.520896469133163,-1.4447343867790374,Bearish
530,2017-01-16,156.26814,156.2018,159.70592380952397,162.34837800000014,171.10401399999932,188.98054649999986,41.441149650270134,866.6666666666665,163.6977958613888,159.5653749999999,155.432954138611,356.5584,54.6987,-1.6424800077086843,-1.4842835109649668,Bearish
531,2017-01-17,146.1645,156.2018,159.4052047619049,162.25624800000014,170.6734239999993,189.36959799999988,41.441149650270134,842.8571428571429,163.39673040202447,159.24961999999988,155.10250959797528,356.5584,54.6987,-1.7190200449663282,-1.531230817765239,Bearish
532,2017-01-18,156.5033,159.1332,159.2440761904763,162.25524200000018,170.2665099999993,189.75374199999987,48.06367226472469,819.047619047619,163.3849297153181,159.2378949999999,155.0908602846817,356.5584,54.6987,-1.525553463957749,-1.530095347003741,Bullish
533,2017-01-19,158.11105,155.44799999999995,159.05742380952395,162.1426760000002,169.83518099999932,190.11945999999986,41.681800911771695,800.0,163.50436979295563,159.04190999999992,154.57945020704418,356.5584,54.6987,-1.650567926541271,-1.5541898629112467,Bearish
534,2017-01-20,151.41899999999998,155.7077,158.88313809523822,161.9904120000002,169.42303199999932,190.48647649999984,42.26360441787741,876.190476190476,163.54738041622,158.85890999999987,154.17043958377977,356.5584,54.6987,-1.7089870305421186,-1.5851492964374212,Bearish
535,2017-01-23,156.02546999999998,155.7831,158.712442857143,161.9399920000002,169.0404079999993,190.85386999999986,42.44314118211987,1195.2380952380952,163.54728816525989,158.6796799999999,153.81207183473992,356.5584,54.6987,-1.7292665333286266,-1.6139727438156624,Bearish
536,2017-01-24,154.3761,155.7831,158.54174761904775,161.97182000000018,168.60828399999932,191.22126349999985,42.44314118211989,1214.2857142857142,163.51527567136034,158.50044999999992,153.48562432863943,356.5584,54.6987,-1.72544829154225,-1.6362678533609798,Bearish
537,2017-01-25,145.06963000000002,154.5267,158.31122380952394,161.86293800000018,168.16359599999927,191.58237499999984,40.03715628034253,1233.3333333333333,163.1987444284891,158.13737499999988,153.0760055715107,356.5584,54.6987,-1.8030192041991315,-1.6696181235286103,Bearish
538,2017-01-26,154.45871,154.5267,157.96543809523826,161.8294360000002,167.71890799999926,191.94348649999984,40.03715628034253,1257.142857142857,161.823499704445,157.61390999999986,153.40432029555473,356.5584,54.6987,-1.8432469083696503,-1.704343880496818,Bearish
539,2017-01-27,154.99918,150.004,157.25153333333344,161.7054800000002,167.22899299999926,192.26142699999986,32.37523723426746,1209.5238095238094,162.27203420166404,157.09798499999988,151.92393579833572,356.5584,54.6987,-2.214543862823831,-1.8063838769622207,Bearish
540,2017-01-30,148.56017,147.4076,156.6365380952382,161.5295960000002,166.71311399999922,192.56638549999985,28.950065233502738,1171.4285714285713,163.09563850954157,156.51170499999986,149.92777149045816,356.5584,54.6987,-2.687329295939492,-1.9825729607576752,Bearish
541,2017-01-31,150.8829,147.4076,156.0781761904763,161.4274160000002,166.19723499999918,192.84975199999985,28.950065233502738,1180.952380952381,163.4868919124221,155.92542499999988,148.36395808757766,356.5584,54.6987,-3.027120398284353,-2.1914824482630104,Bearish
542,2017-02-01,148.89583000000002,147.4076,155.5198142857144,161.1728020000002,165.68135599999917,193.11049299999985,28.950065233502738,1185.7142857142858,163.3252208009373,155.25538999999986,147.1855591990624,356.5584,54.6987,-3.2588413998561805,-2.4049542385816443,Bearish
543,2017-02-02,138.29018,143.2283,154.68267142857152,160.6744640000002,165.19830699999918,193.32655349999987,23.872521087694462,1214.2857142857142,163.58480039679438,154.37638999999984,145.1679796032053,356.5584,54.6987,-3.736642852371318,-2.671291961339579,Bearish
544,2017-02-03,146.13287,138.5632,153.6233809523811,159.91481200000018,164.73908499999916,193.51928849999985,19.71572273448184,1509.5238095238094,164.8032571033516,153.43122499999987,142.0591928966481,356.5584,54.6987,-4.440550624542794,-3.0251436939802216,Bearish
545,2017-02-06,141.75394,139.0322,152.74555714285725,158.98815400000018,164.25860099999917,193.68940599999988,21.20123637331076,2466.6666666666665,165.32101168090236,152.50950999999986,139.69800831909737,356.5584,57.4286,-4.904027646904582,-3.4009204845650935,Bearish
546,2017-02-07,137.47171,138.7223,151.85297619047628,158.0606580000002,163.7750179999992,193.85797399999993,20.92571213846,3142.857142857143,165.4907843617452,151.57229999999987,137.65381563825454,356.5584,57.4286,-5.235985682693382,-3.767933524190752,Bearish
547,2017-02-08,140.4583,138.7223,150.96039523809534,157.23316600000018,163.29143499999918,194.00029699999988,20.92571213846,3104.761904761905,164.7447225856553,150.45920499999986,136.1736874143444,356.5584,57.4286,-5.436397412354778,-4.101626301823557,Bearish
548,2017-02-09,138.19405,133.1694,149.63588095238106,156.3256040000002,162.78242099999918,194.09855849999988,16.47611191566944,3019.0476190476197,164.7122847363704,149.15891999999985,133.6055552636293,356.5584,59.9766,-5.974428284170897,-4.476186698293025,Bearish
549,2017-02-10,129.04205,139.8279,148.71458571428582,155.6662900000002,162.3369239999992,194.20206849999988,34.46990685158969,3095.238095238096,164.04752469535396,148.34022499999986,132.63292530464577,356.5584,59.9766,-5.796715397027754,-4.740292438039972,Bearish
550,2017-02-13,137.30100000000002,135.7155,147.73904761904768,155.0220520000002,161.79806699999918,194.25544149999988,30.149750921220377,3461.904761904762,163.50350533753496,147.31590999999986,131.12831466246476,356.5584,59.9766,-5.919476919670245,-4.976129334366027,Bearish
551,2017-02-14,137.01698000000002,128.9314,146.44045714285724,154.36039200000022,161.23829799999922,194.24366499999988,24.65915920050593,3557.142857142857,163.4568959633157,145.95238999999987,128.447884036684,356.5584,62.9713,-6.489380939750049,-5.278779655442831,Bearish
552,2017-02-15,130.68094,129.1073,145.15024285714296,153.7022500000002,160.72340399999922,194.19996699999996,25.040331525565524,4028.571428571429,162.32277212560996,144.45109499999987,126.57941787438978,356.5584,62.9713,-6.847901970413716,-5.5926041184370066,Bearish
553,2017-02-16,131.10841000000002,129.1073,143.72043809523822,153.07593600000018,160.22053299999922,194.12181349999997,25.040331525565524,4109.523809523809,161.44685726316342,143.1340599999999,124.82126273683632,356.5584,62.9713,-7.050755746911848,-5.884234444131975,Bearish
554,2017-02-17,131.48293999999999,131.5697,142.58337619047632,152.6219880000002,159.74228599999918,194.01982049999995,30.730136253339577,4185.714285714285,159.94547604323026,141.9271599999999,123.90884395676954,356.5584,62.9713,-6.932905506311696,-6.093968656567919,Bearish
555,2017-02-20,121.32517,124.995,141.1208666666668,152.0365460000002,159.22797499999922,193.884954,25.22463758643715,4100.0,158.66678221191822,140.38775499999986,122.10872778808157,356.5584,62.9713,-7.286042719444794,-6.332383469143294,Bearish
556,2017-02-21,128.386,122.0049,139.51238095238108,151.2371940000002,158.70971599999922,193.6978275,23.189826347020244,3823.809523809524,157.2162883958384,138.69884499999986,120.18140160416132,356.5584,62.9713,-7.718211844042572,-6.609549144123149,Bearish
557,2017-02-22,124.67158,125.0368,138.0482714285715,150.3932840000002,158.19399899999922,193.4862345,29.40807469127698,4519.047619047619,155.15268689537785,137.22434999999987,119.29601310462186,356.5584,62.9713,-7.726988088738325,-6.833036933046183,Bearish
558,2017-02-23,121.58062,125.6315,136.67230952380964,149.58086800000018,157.71391299999922,193.235797,30.594958171393277,4638.095238095239,152.51519602798018,135.77958999999987,119.04398397201956,356.5584,62.9713,-7.598366763770741,-6.986102899191097,Bearish
559,2017-02-24,126.05233999999999,123.74700000000001,135.20660952380962,148.80547000000018,157.21017299999917,192.94454199999998,28.93477482962915,4700.0,150.64314519663637,134.46673999999987,118.29033480336338,356.5584,62.9713,-7.561334480519547,-7.101149215456786,Bearish
560,2017-02-27,123.39321000000001,117.6748,133.6671238095239,147.90862800000022,156.64571099999927,192.5774475,24.349806754591107,5209.523809523809,149.58541148193802,132.98009999999985,116.37478851806164,356.5584,66.1149,-7.930543552268404,-7.2670280828191105,Bearish
561,2017-02-28,115.33919499999999,111.7953,131.9713000000001,146.89419600000022,156.02245399999924,192.137301,20.89695299104344,5433.333333333333,148.8398537392659,131.19948499999987,113.55911626073386,356.5584,66.1149,-8.598453297344918,-7.5333131257242725,Bearish
562,2017-03-01,117.83108999999999,114.4922,130.4039000000001,145.99668600000024,155.42616599999926,191.710639,26.07519101484293,5528.571428571428,146.9788247479839,129.55371499999987,112.12860525201584,356.5584,66.1149,-8.808619014457932,-7.788374303471004,Bearish
563,2017-03-02,114.92171499999999,110.0197,128.62352380952393,145.00972600000026,154.78515299999927,191.211658,23.345788806718502,5666.666666666668,146.10105894436995,127.89328499999986,109.6855110556298,356.5584,69.4157,-9.229676268441537,-8.07663469646511,Bearish
564,2017-03-03,111.12746399999999,110.0197,127.042161904762,144.02276600000022,154.05790799999932,190.66023349999998,23.345788806718502,5800.0,145.5579749957456,126.46610999999987,107.37424500425415,356.5584,69.4157,-9.45438293445784,-8.352184344063655,Bearish
565,2017-03-06,112.30994399999999,108.4619,125.60876666666678,143.00465000000025,153.31840199999928,190.0669185,22.398694003181216,5657.142857142857,144.6455342266696,124.93759499999985,105.22965577333008,356.5584,69.4157,-9.646961855872815,-8.611139846425488,Bearish
566,2017-03-07,110.57991000000001,108.4619,124.15303809523814,141.98653400000026,152.63229299999932,189.41683049999997,22.398694003181216,4723.809523809524,143.3125622596422,123.42457499999985,103.53658774035749,356.5584,69.4157,-9.68790588996292,-8.826493055132975,Bearish
567,2017-03-08,102.50569,104.45,122.52102380952387,140.83977000000024,151.93972799999932,188.687067,19.97797622448364,4004.761904761905,141.93443529525504,121.71095999999984,101.48748470474465,356.5584,69.4157,-9.92961867006241,-9.04711817811886,Bearish
568,2017-03-09,107.73623,99.6342,120.65968571428577,139.53253400000023,151.19397999999927,187.870624,17.529014537920993,4223.809523809524,141.68969245803845,120.03419999999987,98.37870754196123,356.5584,72.7992,-10.390003114071293,-9.315695165309346,Bearish
569,2017-03-10,102.91141,104.5003,119.2944904761905,138.41609000000022,150.49689299999926,187.01280149999997,27.23521033197108,4519.047619047619,138.9168456013823,118.26781999999987,97.61879439861744,356.5584,72.7992,-10.24411966576973,-9.501380065401424,Bearish
570,2017-03-13,101.17000999999999,109.65899999999999,117.85787619047626,137.42660600000022,149.93531499999926,186.1117875,35.85426395770771,4623.809523809524,136.29194238560714,116.96499499999986,97.63804761439259,356.5584,72.7992,-9.601561184442076,-9.521416289209554,Bearish
571,2017-03-14,106.25251999999999,105.4037,116.41445714285723,136.35201600000022,149.35614299999926,185.11707099999995,32.440735052679464,4466.666666666667,134.92206518362386,115.78860999999986,96.65515481637593,356.5584,74.6605,-9.328166805231618,-9.482766392413966,Bullish
572,2017-03-15,104.566536,104.6945,115.26031904761913,135.22974000000022,148.84106999999926,184.04273399999997,31.89570776833761,4504.761904761905,133.2566728415708,114.56796999999986,95.87926715842896,356.5584,74.6605,-9.064239393539864,-9.399060992639146,Bullish
573,2017-03-16,98.59586,103.5715,114.04432857142864,134.08500400000023,148.31476699999925,182.8828935,31.007349965180346,4047.6190476190477,131.3093067119127,113.29117999999987,95.273053288087,356.5584,74.6605,-8.843746528043027,-9.287998099719923,Bullish
574,2017-03-17,104.60419499999999,103.5715,112.82833809523815,133.00710400000023,147.78846399999927,181.639185,31.00734996518033,3966.666666666666,128.28905873374504,111.89126999999986,95.4934812662547,356.5584,74.6605,-8.570212271280056,-9.14444093403195,Bullish
575,2017-03-20,104.19148,101.4861,111.3957857142858,131.8874960000002,147.24130699999927,180.3638235,29.25266141592211,3938.095238095238,126.54847342430423,110.71582499999987,94.88317657569551,356.5584,74.6605,-8.424595263602171,-9.000471799945995,Bullish
576,2017-03-21,100.25271,106.5604,110.51794761904767,130.86937400000022,146.71557899999922,179.11383349999997,38.38887023759953,4000.0,124.98528537232876,109.94359999999986,94.90191462767099,356.5584,74.6605,-7.809713616406086,-8.762320163238012,Bullish
577,2017-03-22,104.23194000000001,109.7603,109.9348714285715,129.8448960000002,146.20509899999922,177.87984299999997,43.35651809491745,4147.619047619048,122.53508730812763,109.17977499999986,95.82446269187211,356.5584,74.6605,-6.983706472689433,-8.406597425128298,Bullish
578,2017-03-23,104.58717,109.7603,109.20741904761913,128.85660000000018,145.69461899999922,176.71349499999997,43.35651809491745,3561.904761904762,119.4216564371706,108.38621499999986,97.35077356282915,356.5584,74.6605,-6.256963480060264,-7.97667063611469,Bullish
579,2017-03-24,100.86242,109.8279,108.45486666666677,127.9291220000002,145.18481499999922,175.5989409999999,43.4681951972408,3552.3809523809527,116.23827159508592,107.69025999999987,99.14224840491384,356.5584,74.6605,-5.610880924808811,-7.503512693853514,Bullish
580,2017-03-27,108.652596,111.8627,107.88894761904771,127.04234000000021,144.69535899999917,174.55536949999995,46.8641473697778,3471.4285714285716,114.9012775227638,107.39965499999987,99.89803247723593,356.5584,74.6605,-4.878428997762113,-6.978495954635234,Bullish
581,2017-03-28,110.89816,113.1376,107.67289047619059,126.18105600000021,144.21865199999917,173.51817249999996,48.934000940309495,3009.523809523809,115.14640451946468,107.46676999999984,99.78713548053506,356.5584,74.6605,-4.147274593406308,-6.4122516823894475,Bullish
582,2017-03-29,107.5798,115.1386,107.83209523809538,125.30116400000021,143.77820299999922,172.49098049999995,52.08861575535428,2857.142857142857,115.30118393661324,107.49908999999987,99.69699606338649,356.5584,74.6605,-3.367546503459096,-5.803310646603378,Bullish
583,2017-03-30,113.02696,111.4489,107.68717619047631,124.42118200000021,143.28192899999917,171.44534,46.3970293703779,2747.6190476190477,115.48899356689715,107.57054999999987,99.65210643310259,356.5584,74.6605,-3.0126068716946435,-5.245169891621631,Bullish
584,2017-03-31,111.74938999999999,111.4489,107.75523333333345,123.53600600000021,142.7632089999992,170.39969950000003,46.39702937037789,2614.285714285714,115.67257504834691,107.64200999999987,99.61144495165286,356.5584,78.3915,-2.7001885633698635,-4.736173625971277,Bullish
585,2017-04-03,105.09228999999999,111.8711,107.84339523809535,122.65776600000021,142.29887899999918,169.4362835,47.163196630722645,2452.3809523809523,116.04753800655122,107.81246999999986,99.5774019934485,356.5584,78.3915,-2.3909652327636053,-4.267131947329743,Bullish
586,2017-04-04,112.195435,111.8711,108.00573809523823,121.77952600000023,141.87567299999918,168.54898349999996,47.163196630722645,2295.2380952380954,116.40375313414377,107.98292999999987,99.56210686585597,356.5584,78.3915,-2.12144877450784,-3.8379953127653614,Bullish
587,2017-04-05,112.153275,111.8711,108.16808095238108,120.92641400000024,141.39467599999918,167.73398499999996,47.163196630722645,2266.6666666666665,116.7734142750292,108.35398499999987,99.93455572497056,356.5584,78.3915,-1.8861131018059467,-3.44761887057348,Bullish
588,2017-04-06,108.16606999999999,111.8711,108.5214666666668,120.07330200000023,140.95136899999918,166.9876814999999,47.163196630722645,2223.809523809524,116.49287866441843,108.96582999999987,101.4387813355813,356.5584,78.3915,-1.6802391348536787,-3.0941429234295192,Bullish
589,2017-04-07,111.94698000000001,111.8711,109.10417619047631,119.31064400000022,140.5080619999992,166.24137799999986,47.163196630722645,1957.142857142857,116.67011139324335,109.33436999999985,101.99862860675634,356.5584,78.3915,-1.4997938429696662,-2.7752731073375485,Bullish
590,2017-04-10,111.3157,111.8711,109.45516666666677,118.59991400000023,140.0647549999992,165.56032849999986,47.163196630722645,1661.904761904762,116.8632019320672,109.44497499999984,102.02674806793249,356.5584,78.3915,-1.341327658810158,-2.4884840176320706,Bullish
591,2017-04-11,104.75015,111.8711,109.56050476190487,117.88918400000023,139.6582999999992,164.87927899999985,47.163196630722645,1357.142857142857,117.01559647666673,109.76834499999985,102.52109352333294,356.5584,78.3915,-1.2018874557358004,-2.2311647052528167,Bullish
592,2017-04-12,112.33173000000001,111.8711,109.86847619047629,117.17845400000023,139.1756279999992,164.19822949999985,47.163196630722645,1133.3333333333333,117.0368170451181,110.12717499999981,103.21753295488155,356.5584,82.3044,-1.0789427102418043,-2.0007203062506145,Bullish
593,2017-04-13,112.07316000000002,111.8711,110.21021904761913,116.55131000000023,138.6128869999992,163.51717999999985,47.16319663072264,990.4761904761904,116.79253095109793,110.54215499999981,104.29177904890172,356.5584,82.3044,-0.9703228360201024,-1.794640812204512,Bullish
594,2017-04-14,108.28563999999999,109.7603,110.50492380952387,115.97525200000022,137.9450319999992,162.8255764999999,41.39927026369775,966.6666666666665,116.24496503162813,110.8515949999998,105.45822496837151,356.5584,82.3044,-1.0425468908490243,-1.6442220279334143,Bullish
595,2017-04-17,111.35136399999999,105.6823,110.60543809523816,115.30825400000029,137.1482039999992,162.1442004999999,33.00659014148706,957.1428571428572,115.14970320268449,111.0614049999998,106.97310679731513,356.5584,82.3044,-1.4125623538534595,-1.5978900931174236,Bullish
596,2017-04-18,109.88961,105.6823,110.80525714285723,114.64745400000028,136.3540559999992,161.4926729999999,33.00659014148706,928.5714285714287,115.31187032825224,111.01749999999979,106.7231296717474,356.5584,82.3044,-1.6863629319469309,-1.615584660883325,Bearish
597,2017-04-19,100.90235,106.2902,110.79239047619056,113.99881200000029,135.61598899999916,160.9031574999999,35.27506462709685,876.190476190476,115.58472946483441,110.8439949999998,106.10326053516519,356.5584,82.3044,-1.8331677959011048,-1.659101287886881,Bearish
598,2017-04-20,107.60043999999999,104.1625,110.52582857142865,113.41867400000028,134.87213899999918,160.3590124999999,31.282383840757863,709.5238095238095,116.11881522953242,110.56410499999978,105.00939477046722,356.5584,82.3044,-2.0970261047438186,-1.7466862512582684,Bearish
599,2017-04-21,105.427444,103.1494,110.21102380952387,112.68510400000028,134.17569699999916,159.86303349999991,29.566367766823284,595.2380952380953,116.65637269852448,110.2301799999998,103.80398730147516,356.5584,86.4159,-2.3606720606206717,-1.8694834131307487,Bearish
600,2017-04-24,101.492775,103.0058,109.88616190476195,112.03091000000029,133.52648099999917,159.4169144999999,29.320848906832627,619.047619047619,116.88781489851971,109.78733499999979,102.6868551014799,356.5584,86.4159,-2.5517853074116914,-2.0059437919869376,Bearish
601,2017-04-25,103.99261,108.1561,109.70965714285721,111.61540400000028,132.98789799999918,159.0445959999999,46.485085450723105,733.3333333333335,116.49929381530147,109.5382599999998,102.57722618469812,356.5584,90.7343,-2.2615875912803176,-2.057072551845613,Bearish
602,2017-04-26,104.56275,108.3503,109.48169047619055,111.20026400000029,132.45125699999917,158.71889299999987,47.007659274155685,700.0,115.67994596959427,109.19884499999979,102.71774403040537,356.5584,95.2594,-1.9929598924163516,-2.044250019959761,Bullish
603,2017-04-27,99.59037,107.5313,109.11943809523815,110.76874400000028,131.92233999999917,158.34573049999992,45.01140990736562,819.047619047619,115.43684296319374,109.0029649999998,102.5690870368059,356.5584,99.6342,-1.825118135273172,-2.000423643022443,Bullish
604,2017-04-28,107.62863999999999,108.2406,108.966661904762,110.30216200000028,131.46207499999917,157.9334549999999,47.10639099701073,852.3809523809523,115.18380967219179,108.8425499999998,102.50129032780781,356.5584,99.6342,-1.6162367798444848,-1.9235862703868516,Bullish
605,2017-05-01,107.89296000000002,108.2406,108.81388571428582,109.96707400000028,131.00180999999918,157.5429029999999,47.106390997010706,890.4761904761905,114.85116350149164,108.66102499999985,102.47088649850805,356.5584,99.6342,-1.4341646434847488,-1.8257019450064311,Bullish
606,2017-05-02,104.64698,113.1376,108.87419523809534,109.78972800000028,130.51346099999918,157.14267499999985,59.47018269668097,961.9047619047619,115.06854442405064,108.72434999999984,102.38015557594906,356.5584,99.6342,-0.8845279025364192,-1.6374671365124285,Bullish
607,2017-05-03,109.95302,113.7201,108.96224285714294,109.5633940000003,129.97833899999918,156.69710349999986,60.648494795553475,1057.142857142857,115.39142633007664,108.81679999999987,102.24217366992308,356.5584,99.6342,-0.3973534997702188,-1.3894444091639866,Bullish
608,2017-05-04,109.60033,119.3095,109.3164523809525,109.4369540000003,129.50891099999916,156.22877649999987,69.73956162723024,1119.047619047619,117.1150062927445,109.18871999999985,101.26243370725521,356.5584,99.6342,0.4347421548160781,-1.0246070963679736,Bullish
609,2017-05-05,105.61898000000001,125.2703,109.95450952380965,109.46742000000029,129.13644499999916,155.73702199999985,76.0848417988487,1347.6190476190475,120.40927426546837,109.85867999999986,99.30808573453136,356.5584,99.6342,1.557220036274671,-0.5082416698394446,Bullish
610,2017-05-08,118.88021,131.5266,110.89048571428584,109.74445600000031,128.82654199999917,155.22066449999986,80.66702096424642,1900.0,125.002720378702,110.84145499999987,96.6801896212978,356.5584,99.6342,2.917986239283252,0.1770039119850947,Bullish
611,2017-05-09,127.24226000000002,138.0954,112.13926190476208,110.2704580000003,128.58232699999914,154.67848899999987,84.10961873076606,2295.2380952380954,130.64612202682582,112.1526699999999,93.65921797317398,356.5584,99.6342,4.474867039483327,1.036576537484741,Bullish
612,2017-05-10,122.76625,144.9934,113.71651428571444,110.8804820000003,128.43858399999914,154.15969299999986,86.77319066510591,3576.190476190476,137.19090965429973,113.8087849999999,90.42666034570007,356.5584,99.6342,6.193917614688715,2.068044752925536,Bullish
613,2017-05-11,135.733,142.5196,115.17596666666685,111.53048000000031,128.27010299999912,153.69071399999987,81.49725864053677,5628.571428571428,141.8259547181903,115.3412099999999,88.85646528180952,356.5584,99.6342,7.272825984269133,3.1090009991942558,Bullish
614,2017-05-12,135.1851,135.3936,116.29608571428587,112.0379580000003,128.03036199999912,153.24518149999986,68.56480861365823,6923.809523809524,144.35483129153502,116.62287499999992,88.8909187084648,356.5584,99.6342,7.466787516170938,3.980558302589592,Bullish
615,2017-05-15,130.67473999999999,128.6307,117.19467619047636,112.44133400000031,127.72299199999912,152.74829799999986,58.99648648844325,7166.666666666668,145.49561637072532,117.77029499999992,90.04497362927452,356.5584,99.6342,6.994169485425387,4.583280539156752,Bullish
616,2017-05-16,133.70088,122.8134,118.01044285714303,112.72836400000031,127.35744899999912,152.27705199999986,52.242892990483334,7614.285714285716,145.85957583165515,118.62684999999992,91.39412416834469,356.5584,99.6342,6.080120948682578,4.882648621061915,Bullish
617,2017-05-17,127.498695,124.3584,118.89978095238114,113.12653200000031,126.98315099999908,151.86775699999987,53.756965923396464,8219.047619047618,146.26017403176778,119.53025999999993,92.80034596823208,356.5584,99.6342,5.417944790850655,4.989707855019664,Bullish
618,2017-05-18,125.03155,124.4344,119.76379047619068,113.62253600000031,126.57753499999909,151.51037349999984,53.834500624079325,8252.380952380952,146.38868645996482,120.54385499999994,94.69902354003506,356.5584,99.6342,4.843465524277505,4.960459388871231,Bearish
619,2017-05-19,126.37445,124.9579,120.7540476190478,114.0316880000003,126.22388899999909,151.12007849999986,54.40163612112803,8304.761904761906,146.26317669015813,121.63427999999996,97.00538330984176,356.5584,99.6342,4.379939426258346,4.844355396348655,Bearish
620,2017-05-22,124.115105,124.9579,121.79254761904781,114.33766600000034,125.88213599999908,150.70843299999987,54.40163612112803,8328.57142857143,145.85262983638398,122.73188499999996,99.61114016361591,356.5584,99.6342,3.966864113835811,4.668857139846087,Bearish
621,2017-05-23,116.44933,131.2058,123.13540476190498,114.85370800000034,125.60286199999908,150.37984899999984,61.028436300994606,8214.285714285714,146.27022938713262,123.88436999999996,101.49851061286724,356.5584,99.6342,4.096431158361342,4.554371943549136,Bearish
622,2017-05-24,127.28553000000001,130.7752,124.21250476190494,115.37532200000034,125.30253099999908,150.06432699999985,60.3771797907792,8466.666666666666,146.39096467133282,125.00561499999996,103.62026532866709,356.5584,99.6342,4.1169109663700985,4.46687974811333,Bearish
623,2017-05-25,130.0478,124.8904,125.00012857142879,115.80170000000037,124.94335199999908,149.71042599999984,52.181601480059086,8685.714285714286,145.7041553416507,125.87356999999993,106.04298465834916,356.5584,99.6342,3.616597300663344,4.2968232586233315,Bearish
624,2017-05-26,123.42663,119.0984,125.55094285714306,116.11223800000036,124.55967099999908,149.30264899999986,45.618233236166134,8542.857142857143,144.83029871672878,126.41645999999993,108.00262128327104,356.5584,99.6342,2.721358989347081,3.981730404768082,Bearish
625,2017-05-29,124.29313,115.4003,125.89188095238113,116.39052200000036,124.13900899999906,148.83911149999986,41.98696268392329,8552.380952380952,144.0010413592934,126.7744449999999,109.5478486407064,356.5584,99.6342,1.693943685730673,3.5241730609606003,Bearish
626,2017-05-30,123.661026,115.4003,126.23281904761923,116.56732000000036,123.71834699999904,148.35903249999984,41.98696268392329,8566.666666666666,143.78095001899098,126.88757999999987,109.99420998100884,356.5584,99.6342,0.8696844742280092,2.9932753436140818,Bearish
627,2017-05-31,110.70662,114.3534,126.29071428571446,116.65918200000034,123.25203899999904,147.84465749999984,40.91759714521166,8495.238095238094,143.71586869805432,126.91924499999986,110.1226213019455,356.5584,99.6342,0.13047301821619328,2.4207148785345045,Bearish
628,2017-06-01,117.43885,109.14399999999999,126.07280476190495,116.64685600000037,122.75172799999905,147.35829549999985,36.00370012900853,8538.095238095239,144.6511294543613,126.4109699999999,108.17081054563852,356.5584,99.6342,-0.8657328008040679,1.76342534266679,Bearish
629,2017-06-02,112.15846,108.8231,125.57345238095257,116.62676000000036,122.27794099999905,146.89665449999987,35.71913378035407,8638.095238095239,145.37761506998078,125.5886099999999,105.79960493001906,356.5584,99.6342,-1.661968894899104,1.078346495153611,Bearish
630,2017-06-05,108.39599,108.2152,124.76130476190495,116.55381000000034,121.79807499999905,146.45104449999985,35.152323714548565,8490.47619047619,145.38695275305568,124.4230399999999,103.45912724694408,356.5584,99.6342,-2.315354223379273,0.3996063514470341,Bearish
631,2017-06-06,110.14033,105.5472,123.52419047619068,116.40200200000034,121.29152899999904,145.98247649999985,32.699763847540886,7985.714285714284,144.30759332816987,122.79562999999986,101.2836666718299,356.5584,99.6342,-3.013711911238332,-0.2830573010900391,Bearish
632,2017-06-07,109.00538,107.2274,122.05428571428591,116.2437780000003,120.77247099999904,145.51949049999985,35.740393180169185,7652.380952380952,140.867981721437,120.90732999999993,100.94667827856286,356.5584,99.6342,-3.392480904162227,-0.9049420217044768,Bearish
633,2017-06-08,100.193054,106.2733,120.21047142857162,116.14026600000031,120.28072399999904,145.05795249999986,34.77947262436435,6423.809523809524,137.38989402133308,119.0950149999999,100.80013597866676,356.5584,99.6342,-3.726687027915574,-1.4692910229466962,Bearish
634,2017-06-09,107.45231000000001,105.8934,118.46636666666686,116.0291560000003,119.78258099999904,144.60280649999984,34.38307327605087,4661.904761904762,135.1621751487018,117.6200049999999,100.07783485129801,356.5584,99.6342,-3.97636547783155,-1.9707059139236671,Bearish
635,2017-06-12,106.4509,101.7394,116.86378571428591,115.82652200000031,119.24214399999904,144.14127599999983,30.314499266213893,3400.0,134.3499512112533,116.27543999999986,98.2009287887465,356.5584,99.6342,-4.458041010069636,-2.468172933152861,Bearish
636,2017-06-13,101.64658,98.7843,115.44252857142874,115.56478600000031,118.672155999999,143.64021999999986,27.794785399655428,3223.809523809524,134.40150399663358,115.07398499999987,95.74646600336618,356.5584,99.6342,-5.020352711850805,-2.9786088888924502,Bearish
637,2017-06-14,102.73274,100.9964,114.40362380952398,115.34729200000031,118.13685299999901,143.1502244999998,32.32918207376546,2795.238095238096,133.6667242441525,113.90588499999987,94.1450457558472,356.5584,98.7843,-5.227234498581353,-3.4283340108302305,Bearish
638,2017-06-15,102.64157,105.3868,113.50021428571445,115.2176060000003,117.645453999999,142.68218099999982,40.337420427850304,2166.6666666666665,132.4267608449284,112.95350499999986,93.48024915507135,343.0299,98.7843,-4.979520405580146,-3.7385712897802135,Bearish
639,2017-06-16,94.90765999999999,101.3172,112.3993952380954,115.0065280000003,117.158585999999,142.1937894999998,36.07572023914029,2638.095238095238,131.05562113984908,111.77146999999987,92.48731886015064,332.7387,98.7843,-5.053336197039812,-4.0015242712321335,Bearish
640,2017-06-19,103.336174,102.6934,111.33918095238113,114.8229740000003,116.711443999999,141.7122789999998,38.444140060998826,2666.6666666666665,129.32980865540995,110.65824499999987,91.98668134458981,320.577,98.7843,-4.943798869014898,-4.189979190788686,Bearish
641,2017-06-20,102.454895,97.56,110.03451904761923,114.5367520000003,116.212967999999,141.2051014999998,33.4636269281979,2676.190476190476,125.92232015250528,108.97595499999987,92.02958984749444,320.577,98.7843,-5.211141431171838,-4.3942116388653165,Bearish
642,2017-06-21,97.82854,95.6772,108.34268095238113,114.21287400000031,115.69566399999898,140.68850999999978,31.834604141059298,2738.095238095238,121.89042977324888,107.22105499999986,92.55168022675085,320.577,97.56,-5.511406499173177,-4.617650610926889,Bearish
643,2017-06-22,99.46016999999999,93.3807,106.56199047619066,113.84306600000029,115.19718799999895,140.1977474999998,29.92131018595509,2661.904761904762,119.10409440115671,105.64556999999986,92.187045598843,320.577,95.6772,-5.867045438499887,-4.8675295764414885,Bearish
644,2017-06-23,98.302666,93.3807,105.06152857142875,113.51547400000028,114.74536299999895,139.7422239999998,29.92131018595509,2438.095238095238,117.33687877774841,104.35968499999987,91.3824912222513,320.577,93.3807,-6.078819018445317,-5.109787464842254,Bearish
645,2017-06-26,89.275764,93.3807,103.8368761904764,113.26944200000028,114.28884799999895,139.27372449999982,29.92131018595509,2400.0,116.03710540513843,103.25870499999985,90.48030459486124,304.5543,93.3807,-6.1754641991040415,-5.322922811694612,Bearish
646,2017-06-27,94.83926,93.3807,102.78832380952402,113.02341000000023,113.83543199999895,138.80522499999978,29.92131018595509,2376.190476190476,114.34256064926672,102.15772499999984,89.97288935073297,289.3311,93.3807,-6.180807697351142,-5.494499788825919,Bearish
647,2017-06-28,93.6421,93.3807,101.73977142857164,112.76522000000023,113.38201599999896,138.3367254999998,29.92131018595509,2323.809523809524,112.49908623247295,101.10908999999985,89.71909376752672,274.8708,93.3807,-6.114557643871223,-5.6185113598349785,Bearish
648,2017-06-29,90.53331999999999,93.3807,100.74107142857164,112.54958400000022,112.98412899999894,137.8832749999998,29.92131018595509,2357.142857142857,111.55840000836538,100.32092499999985,89.08344999163431,261.1318,93.3807,-5.99297076272461,-5.693403240412906,Bearish
649,2017-06-30,93.61709,93.3807,99.9904380952383,112.35421000000021,112.51965699999896,137.42829049999986,29.92131018595509,2242.8571428571427,110.46082204773458,99.54880499999985,88.63678795226505,261.1318,93.3807,-5.829414422649919,-5.720605476860308,Bearish
650,2017-07-03,93.367805,92.0298,99.19075714285734,112.13469000000023,112.08279999999895,136.94043349999978,28.24383739840675,2104.7619047619046,109.35736204216083,98.73953499999985,88.12170795783882,248.7526,93.3807,-5.742604020338973,-5.725005185556041,Bearish
651,2017-07-04,87.47086,92.8741,98.46022857142876,111.82905000000021,111.72222699999895,136.48026249999984,30.85303094967801,2038.095238095238,108.53391823633902,98.10587999999984,87.67784176366064,248.7526,92.0298,-5.541795824564432,-5.688363313357719,Bullish
652,2017-07-05,93.49271999999999,92.0974,97.8197619047621,111.50399200000021,111.35212799999896,136.03776599999983,29.780236703019806,2019.047619047619,107.20000198130344,97.34937999999985,87.49875801869621,248.7526,92.0298,-5.383272072039489,-5.627345065094072,Bullish
653,2017-07-06,92.55022,88.0109,96.90469047619068,111.11358400000023,110.94116399999899,135.58084849999986,24.87872916657535,2076.190476190476,106.1940145055073,96.43625999999985,86.67850549449238,248.7526,92.0298,-5.523713324938285,-5.606618717062916,Bullish
654,2017-07-07,88.695854,88.0109,96.03505238095259,110.70899000000023,110.50557599999895,135.12393099999986,24.878729166575347,2042.857142857143,104.94031427884151,95.54213499999985,86.14395572115814,248.7526,88.0109,-5.570797345586199,-5.5994544427675725,Bullish
655,2017-07-10,89.75915,89.4969,95.25426666666687,110.33411600000022,110.15059499999894,134.68928499999978,29.754640943348278,1771.428571428571,104.22811412071951,94.93000999999985,85.63190587928018,248.7526,88.0109,-5.4256603549760465,-5.564695625209267,Bullish
656,2017-07-11,90.366066,86.9639,94.55067142857165,109.81064200000023,109.80018499999895,134.25495049999978,26.58682165542084,1838.095238095238,104.07439924171837,94.33898999999985,84.6035807582813,248.7526,88.0109,-5.452180828372917,-5.542192665841997,Bullish
657,2017-07-12,83.46908,86.9639,93.98779523809543,109.2755180000002,109.41945599999895,133.80672749999982,26.58682165542084,1952.3809523809525,103.37508811483728,93.63736499999985,83.89964188516242,248.7526,86.9639,-5.410825862192424,-5.5159193051120825,Bullish
658,2017-07-13,88.28963,89.4969,93.4402000000002,108.67926600000021,109.05810999999899,133.3860114999998,34.655197182386864,2114.285714285714,101.09618495585468,92.84286999999985,84.58955504414502,248.7526,86.9639,-5.114700736413496,-5.435675591372365,Bullish
659,2017-07-14,88.50149,89.4969,92.6835380952383,107.96379800000021,108.715608999999,132.9628909999998,34.655197182386864,2128.5714285714284,99.64078334570976,92.25185499999985,84.86292665428994,248.7526,86.9639,-4.82440668360762,-5.313421809819416,Bullish
660,2017-07-17,86.06988,85.3429,91.92285714285737,107.0401240000002,108.392289999999,132.51900049999978,28.663590043647357,1595.2380952380954,97.6554880299436,91.38432999999986,85.11317197005613,248.7526,86.9639,-4.873362548975024,-5.2254099576505375,Bullish
661,2017-07-18,87.89239,88.3148,91.23816190476211,106.04451200000021,108.15748499999901,132.0899694999998,37.04909664413175,1485.7142857142858,96.64302347826808,90.92206999999986,85.20111652173165,248.7526,85.3429,-4.619106744929823,-5.104149315106394,Bullish
662,2017-07-19,87.96392,88.3148,90.79791428571451,104.91094000000021,107.89571099999895,131.66093849999982,37.049096644131744,1476.1904761904761,95.94139637747021,90.55394999999987,85.16650362252953,248.7526,85.3429,-4.367264086547634,-4.9567722693946425,Bullish
663,2017-07-20,82.65798000000001,87.2763,90.39787142857165,103.80607400000021,107.66827699999895,131.22671499999979,35.364384023598156,1400.0,95.6526578555982,90.24872999999987,84.84480214440156,248.7526,85.3429,-4.2030253760026435,-4.8060228907162434,Bullish
664,2017-07-21,89.01131,84.7181,89.98536666666689,102.79256400000021,107.41526099999895,130.73658449999982,31.557548279154574,1138.095238095238,95.52592015775969,89.81559999999986,84.10527984224007,248.7526,85.3429,-4.230523532971631,-4.69092301916732,Bullish
665,2017-07-24,86.06560999999999,85.3598,89.60341904761928,101.9271460000002,107.18423999999895,130.25132099999982,33.49155103427731,1438.095238095238,95.1932443896468,89.41455499999987,83.63586561035295,248.7526,84.7181,-4.1526668350644655,-4.583271782346749,Bullish
666,2017-07-25,83.91843399999999,85.6553,89.2355428571431,101.18398400000021,106.95617399999895,129.7942334999998,34.410676524912354,1471.428571428571,94.72712447915808,89.02828499999987,83.32944552084167,248.7526,84.7181,-4.020771509523924,-4.470771727782184,Bullish
667,2017-07-26,86.17806999999999,85.6975,88.86967619047644,100.41076600000021,106.76864899999893,129.3541884999998,34.54978344268463,1490.4761904761906,94.15017424275156,88.64412499999989,83.13807575724823,248.7526,84.7181,-3.8682475762995807,-4.350266897485663,Bullish
668,2017-07-27,85.99435,86.5418,88.54401428571451,99.65291400000021,106.63772499999895,128.91585249999977,37.409941009185815,1476.1904761904761,93.42524531936891,88.30217999999986,83.17911468063083,248.7526,84.7181,-3.6373146078041567,-4.2076764395493615,Bullish
669,2017-07-28,80.5548,90.1723,88.39123333333357,98.95720200000021,106.49444499999895,128.4956689999998,47.944166513809535,1509.5238095238094,92.7983742899868,88.14175999999989,83.48514571001297,248.7526,84.7181,-3.125320805047864,-3.991205312649062,Bullish
670,2017-07-31,88.302185,89.9528,88.22800000000022,98.25710000000021,106.29738299999894,128.1163489999998,47.42446680464966,1847.619047619048,92.42807167398392,88.03790999999987,83.64774832601586,248.7526,84.7181,-2.7060798392980843,-3.7341802179788655,Bullish
671,2017-08-01,89.4011,85.4611,87.915204761905,97.3422060000002,106.09795699999896,127.72704999999979,38.2801505311874,2542.857142857143,91.58825949575537,87.66725999999989,83.74626050424439,248.7526,84.7181,-2.705088429217241,-3.5283618602265414,Bullish
672,2017-08-02,85.02946,85.2753,87.55335714285738,96.43220800000023,105.90376499999893,127.37241749999978,37.95414300796257,2604.761904761905,90.80866745597444,87.32615499999989,83.84364254402533,248.7526,84.7181,-2.6883061172824654,-3.360350711637726,Bullish
673,2017-08-03,86.7735,86.3814,87.2811666666669,95.66202800000023,105.73186399999895,127.0233154999998,41.16641747662547,3000.0,90.7355362792697,87.24467999999989,83.7538237207301,236.3154,84.7181,-2.556285717706416,-3.199537712851464,Bullish
674,2017-08-04,87.80502,82.06700000000002,86.99812380952405,94.92140000000023,105.51681899999895,126.65264149999979,33.81292993012477,3419.0476190476197,91.07992175199215,86.94748499999989,82.8150482480076,228.0074,84.7181,-2.7678881315120094,-3.1132077965835734,Bullish
675,2017-08-07,80.53344,82.3287,86.72754285714309,94.25996800000023,105.32524499999896,126.28327599999979,34.57633172577776,6585.714285714284,91.00834351454037,86.58907499999991,82.16980648545945,228.0074,82.06700000000002,-2.881254260487765,-3.0668170893644118,Bullish
676,2017-08-08,84.19283,81.9825,86.36971428571451,93.59161200000023,105.07946599999894,125.8975224999998,34.01736150637005,7261.904761904762,91.18745779853329,86.34000499999989,81.49255220146651,217.2284,82.06700000000002,-2.964856164836433,-3.0464249044588168,Bullish
677,2017-08-09,82.460075,77.8876,85.93750952380975,92.86229600000023,104.76073899999895,125.48291899999977,28.208503935426105,7347.619047619048,91.95947473560246,85.8861899999999,79.81290526439734,217.2284,81.9825,-3.32322738716276,-3.1017854009996046,Bearish
678,2017-08-10,79.5232,76.8829,85.45746190476214,92.21707400000021,104.43196499999895,125.06329199999978,26.99068748968148,9233.333333333334,92.24820466196829,85.25548999999991,78.2627753380315,217.2284,77.8876,-3.6462780327214124,-3.2106839273439665,Bearish
679,2017-08-11,79.37169,76.7056,84.84835238095262,91.57472400000023,104.10074199999895,124.64277849999976,26.77104110532277,10242.857142857143,92.2503271921567,84.61592499999989,76.98152280784309,217.2284,76.8829,-3.8719709540825136,-3.342941332691676,Bearish
680,2017-08-14,79.744514,76.7056,84.23924285714308,90.94453200000022,103.74917099999895,124.22226499999977,26.77104110532277,10419.047619047618,92.54749333265178,84.18405999999989,75.82062666734801,217.2284,76.7056,-4.004670867353084,-3.4752872396239574,Bearish
681,2017-08-15,72.96231999999999,72.8724,83.64540952380975,90.29103600000023,103.34651899999895,123.78258549999977,22.23419860107864,10614.285714285714,92.88508455361679,83.41193999999987,73.93879544638297,217.2284,76.7056,-4.368783097210623,-3.6539864111412905,Bearish
682,2017-08-16,76.23995,69.301,82.7399904761907,89.53250800000025,102.88814299999895,123.33317299999977,19.002944953614442,11323.809523809525,93.4676726763343,82.46124999999985,71.45482732366544,217.2284,72.8724,-4.889167515506856,-3.901022632014404,Bearish
683,2017-08-17,71.83239,67.3675,81.74250000000022,88.75439200000027,102.44732899999894,122.86462899999977,17.518585846822752,12352.380952380952,94.0397931981644,81.46580999999988,68.89182680183535,217.2284,69.301,-5.395398412855684,-4.1998977881826605,Bearish
684,2017-08-18,69.83663,66.0082,80.72973333333356,87.95668800000027,101.99292199999896,122.37806549999979,16.540403130344313,12647.619047619048,94.68222346568838,80.53031499999987,66.37840653431137,217.2284,67.3675,-5.8389662280109595,-4.527711476148321,Bearish
685,2017-08-21,69.335365,66.0082,79.83878571428593,87.24206400000027,101.53429299999895,121.91658599999977,16.540403130344313,12685.714285714286,94.86127247053032,79.56273499999988,64.26419752946943,217.2284,66.0082,-6.119949943839046,-4.846159169686465,Bearish
686,2017-08-22,69.11011500000001,64.9612,78.86742380952403,86.56560200000025,101.06519399999895,121.47043349999979,15.754573635652616,12361.904761904761,94.80623279405943,78.52802999999987,62.24982720594032,217.2284,66.0082,-6.3538722289597445,-5.147701781541121,Bearish
687,2017-08-23,62.773140000000005,65.814,77.92260000000022,85.86195400000025,100.60462299999895,120.99964949999979,19.124976746675287,12376.190476190475,94.35869979078551,77.53385499999987,60.709010209214256,217.2284,64.9612,-6.396706244607487,-5.397502674154394,Bearish
688,2017-08-24,66.64323,68.5242,77.10482380952405,85.12470200000025,100.17115399999895,120.56126149999979,28.86495441609624,12919.047619047617,93.361251215905,76.63297499999989,59.904698784094755,206.4164,64.9612,-6.141170430717737,-5.546236225467062,Bearish
689,2017-08-25,67.053,71.741,76.40002380952403,84.53317800000025,99.76985299999895,120.13895749999979,38.35463081341443,13223.809523809525,91.34987912417299,75.7114099999999,60.07294087582677,201.1513,64.9612,-5.61436863430022,-5.559862707233694,Bearish
690,2017-08-28,66.15514,68.5495,75.37036666666691,83.85030000000025,99.33663699999892,119.7006959999998,33.56974765188694,13742.857142857143,89.12143343737931,74.64124499999987,60.16105656262044,199.8246,64.9612,-5.392243367770249,-5.526338839341005,Bullish
691,2017-08-29,69.04125,69.2334,74.38372857142879,83.28376800000024,98.91025999999891,119.2842799999998,35.428730130748285,13523.809523809525,87.59494553455829,73.82985999999991,60.064774465441474,199.8246,64.9612,-5.102207408320608,-5.441512553136926,Bullish
692,2017-08-30,69.01007,68.0092,73.55268571428594,82.73040800000024,98.47164099999891,118.82363449999984,33.61533956583181,12819.047619047617,85.89221919531367,72.9665549999999,60.0408908046861,199.8246,64.9612,-4.914483424041592,-5.336106727317858,Bullish
693,2017-08-31,65.27344000000001,68.0092,72.7304904761907,82.22297800000024,98.03302199999891,118.32295449999985,33.61533956583181,12800.0,83.56405884131003,72.04794499999987,60.53183115868975,198.9955,64.9612,-4.711400719275503,-5.211165525709387,Bullish
694,2017-09-01,69.63671,68.0092,71.85562380952403,81.71554800000024,97.61551099999892,117.78027149999984,33.615339565831796,12380.952380952383,82.01420024289592,71.34505499999989,60.67590975710386,198.9955,64.9612,-4.498599161760467,-5.068652252919604,Bullish
695,2017-09-04,68.07672,68.0092,71.18620476190499,81.20811800000024,97.23877999999893,117.19349199999985,33.615339565831796,11847.619047619048,80.10946362253921,70.62907999999989,61.14869637746057,198.9955,64.9612,-4.280608207447997,-4.9110434438252835,Bullish
696,2017-09-05,66.47729,68.8282,70.54332380952403,80.71706800000022,96.87023899999892,116.61214749999985,36.538266483065364,8666.666666666666,77.90962187170788,69.97136499999989,62.033108128291865,198.9955,64.9612,-3.99570238048014,-4.727975231156254,Bullish
697,2017-09-06,68.54675999999999,67.6461,69.86063809523831,80.20237600000024,96.48379799999891,116.04989349999985,34.19779516051633,8066.666666666668,76.5666843951156,69.45928999999987,62.351895604884135,198.9955,64.9612,-3.821249070115228,-4.546629998948049,Bullish
698,2017-09-07,68.57701999999999,64.9866,69.24630476190498,79.63449400000022,96.09203899999892,115.48208899999985,29.603408301360002,7928.571428571428,75.35129468545594,68.86447499999987,62.37765531454379,198.9955,64.9612,-3.853175974300953,-4.407939194018629,Bullish
699,2017-09-08,63.730180000000004,64.7248,68.66734761904783,79.06137600000022,95.70779299999892,114.94174499999984,29.187704754551913,6100.0,73.90229294687241,68.26543499999987,62.628577053127316,198.9955,64.9612,-3.8551634237421695,-4.297384039963338,Bullish
700,2017-09-11,66.61233,64.7248,68.09683333333354,78.51527600000024,95.32498299999891,114.42573199999985,29.187704754551913,5195.238095238095,71.97901763849032,67.66639499999987,63.35377236150941,198.9955,64.7248,-3.8127870559397934,-4.200464643158629,Bullish
701,2017-09-12,65.03818000000001,65.2736,67.5524523809526,77.96326600000022,94.89615799999892,113.94202799999985,31.525386739875717,5000.0,70.99400033054154,67.28645499999986,63.57890966945818,198.9955,64.7248,-3.692356715856008,-4.0988430576981045,Bullish
702,2017-09-13,63.825630000000004,63.9649,67.12828571428592,77.4006160000002,94.45230399999892,113.45178049999984,29.061579870116418,4942.857142857143,70.87400078296173,67.01964999999987,63.16529921703799,198.9955,64.7248,-3.660322042390291,-4.011138854636542,Bullish
703,2017-09-14,64.96552,63.9649,66.87418571428591,76.91969600000022,94.01663999999892,112.96948999999985,29.06157987011643,4428.571428571428,70.92166227139964,66.84951999999986,62.77737772860008,191.5332,63.9649,-3.5935105797902054,-3.9276131996672743,Bullish
704,2017-09-15,65.0228,64.176,66.72220952380972,76.4429980000002,93.57599399999893,112.51903449999985,30.08379332701735,3371.4285714285716,70.98126779679203,66.75790999999985,62.53455220320768,189.6012,63.9649,-3.4833738432255785,-3.838765328378936,Bullish
705,2017-09-18,60.87607,64.176,66.63496190476211,75.9365800000002,93.13534799999893,112.06857899999984,30.08379332701735,3104.761904761905,71.02795339568874,66.66629999999985,62.30464660431096,189.6012,63.9649,-3.3573878092421694,-3.7424898245515834,Bullish
706,2017-09-19,65.09900999999999,63.9058,66.53484761904781,75.4754180000002,92.64302999999893,111.57824549999981,29.453754630245022,3085.714285714286,71.08068575064488,66.61352999999986,62.14637424935483,189.6012,63.9649,-3.2419743887794685,-3.64238673739716,Bullish
707,2017-09-20,63.991985,67.0973,66.63656666666687,75.0780860000002,92.17680199999891,111.07757049999985,44.293722314193964,3100.0,71.13392310794373,66.67769499999984,62.22146689205594,189.6012,63.9058,-2.860012599086147,-3.4859119097349573,Bullish
708,2017-09-21,63.190887,67.1142,66.69848095238115,74.6304320000002,91.65484899999892,110.58187999999984,44.360467364261865,3423.809523809524,70.9883226094201,66.60719499999985,62.22606739057961,189.6012,63.9058,-2.5268139023282856,-3.294092308253622,Bullish
709,2017-09-22,66.22115,67.1142,66.63133809523829,74.18277800000018,91.07328799999893,110.10486649999984,44.36046736426186,2852.3809523809527,70.08535987343302,66.37585499999985,62.66635012656665,189.6012,63.9058,-2.236965192306272,-3.0826668850641523,Bullish
710,2017-09-25,66.213646,67.1142,66.41101428571446,73.8182040000002,90.42916399999895,109.62785299999985,44.36046736426186,2542.857142857143,69.896291232633,66.30408999999983,62.71188876736666,189.6012,63.9058,-1.984383266308328,-2.8630101613129875,Bullish
711,2017-09-26,63.142776,67.1142,66.34266666666684,73.39419200000019,89.71935199999895,109.15083949999986,44.36046736426186,1971.4285714285716,69.5558202532138,66.19812999999985,62.840439746785876,185.3651,63.9058,-1.7638773896283624,-2.6431836069760624,Bullish
712,2017-09-27,67.90153000000001,63.7623,66.08213809523828,72.90314200000017,88.90704099999896,108.67281249999985,33.61564097884709,1833.333333333333,69.39523963222895,65.98578499999985,62.57633036777071,185.3651,63.9058,-1.8384032424901733,-2.4822275340788846,Bullish
713,2017-09-28,65.39708,62.8589,65.8368857142859,72.41479400000019,88.11043399999895,108.19026849999986,31.407578017314734,1942.857142857143,69.26320497769429,65.72826999999985,62.193335022305384,185.3651,63.7623,-1.9479080760145,-2.375363642466008,Bullish
714,2017-09-29,63.597954,62.8589,65.59163333333352,71.9776100000002,87.38508699999895,107.70772449999987,31.40757801731474,2276.190476190476,69.05358040769453,65.47075499999984,61.88792959230515,185.3651,62.8589,-2.011504078621712,-2.3025917296971485,Bullish
715,2017-10-02,64.2175,63.3233,65.36849523809542,71.5368800000002,86.73201299999896,107.22750249999987,33.9924850633886,2276.190476190476,68.73655047107691,65.23645999999985,61.73636952892278,185.3651,62.8589,-2.0013607293410733,-2.2423455296259336,Bullish
716,2017-10-03,64.69511999999999,62.3692,65.099923809524,71.0711580000002,86.12757099999895,106.74250999999987,31.376364346367712,2295.2380952380954,68.21465574530096,64.91350999999985,61.612364254698726,185.3651,62.8589,-2.0467166724478005,-2.203219758190307,Bullish
717,2017-10-04,59.74086,61.4489,64.74852857142875,70.5861860000002,85.49847599999894,106.24081349999986,29.05365013774511,2376.190476190476,67.98311818628466,64.60364999999986,61.22418181371507,185.3651,62.3692,-2.1323417939992453,-2.1890441653520947,Bullish
718,2017-10-05,63.047665,59.6336,64.36698095238114,70.04802200000019,84.85046799999894,105.71400149999987,25.105719620860782,2357.142857142857,68.34164706284898,64.33599999999986,60.33035293715074,185.3651,61.4489,-2.3199370682176266,-2.215222745925201,Bearish
719,2017-10-06,60.744236,59.6336,64.11207619047639,69.43724800000018,84.19722499999894,105.21055699999991,25.105719620860786,2366.6666666666665,68.57346463057706,64.08143999999986,59.589415369422646,185.3651,59.6336,-2.440475393394792,-2.2602732754191197,Bearish
720,2017-10-09,59.59016,59.6336,63.86963809523829,68.83086400000019,83.54398199999895,104.7130589999999,25.105719620860786,2185.714285714286,68.70468235582631,63.82687999999987,58.94907764417343,185.3651,59.6336,-2.507102566757005,-2.3096391336866966,Bearish
721,2017-10-10,60.455369999999995,56.9994,63.501761904762105,68.26163000000018,82.80191799999895,104.20238999999992,20.144580426134077,1900.0,69.0711403820809,63.41316999999986,57.75519961791883,185.3651,59.6336,-2.7408679867216317,-2.395884904293684,Bearish
722,2017-10-11,60.181366000000004,55.3023,63.026938095238286,67.66217000000019,82.04718899999894,103.67485999999991,17.715678892405172,2019.047619047619,69.64026399696124,62.98003999999989,56.31981600303851,185.3651,56.9994,-3.0281637660475202,-2.5223406766444514,Bearish
723,2017-10-12,54.943690000000004,55.353,62.616847619047824,67.04160200000018,81.35181499999894,103.14758349999991,18.03363893528916,1904.7619047619046,69.96950520608969,62.549444999999885,55.12938479391006,185.3651,55.3023,-3.2146996186128405,-2.660812465038129,Bearish
724,2017-10-13,57.077576,52.6259,62.07689523809545,66.45278000000019,80.68708999999895,102.62338049999991,14.735318959783664,1833.333333333333,70.50947232507464,61.97193999999988,53.43440767492512,185.3651,55.3023,-3.5417576271057527,-2.837001497451653,Bearish
725,2017-10-16,54.171375,53.5208,61.569504761904966,65.87662200000018,80.06829499999894,102.10365199999991,19.91181621361533,1938.095238095238,70.66235205165827,61.439179999999894,52.216007948341506,185.3651,52.6259,-3.6862497120833235,-3.006851140377988,Bearish
726,2017-10-17,53.44095600000001,53.1493,61.044423809524034,65.29995800000017,79.44578499999893,101.5820659999999,19.385657997778914,1928.571428571429,70.72161258368834,60.901354999999896,51.08109741631144,185.3651,52.6259,-3.7870825454750583,-3.1628974213974015,Bearish
727,2017-10-18,53.945415000000004,52.0646,60.480557142857364,64.78349800000018,78.82289699999895,101.03746799999992,17.898498382588514,1995.2380952380954,70.25503242537754,60.149719999999895,50.04440757462224,185.3651,52.6259,-3.909453767699638,-3.3122086906578487,Bearish
728,2017-10-19,54.017075,50.5114,59.69075238095261,64.25606800000018,78.23657099999895,100.4941494999999,16.00511617101191,2128.5714285714284,69.72339928363267,59.319579999999895,48.91576071636712,185.3651,52.0646,-4.084678471520036,-3.4667026468302864,Bearish
729,2017-10-20,49.84668,53.0278,59.01997142857165,63.782512000000175,77.67861799999895,99.97827949999993,29.09244931832439,1833.333333333333,68.71581780448204,58.61525999999989,48.514702195517756,185.3651,50.5114,-3.974675279681094,-3.568297173400448,Bearish
730,2017-10-23,52.964209999999994,55.6745,58.47522380952404,63.36189000000017,77.15321099999895,99.47564299999992,39.72932542045768,1966.666666666667,67.4238836290594,58.043274999999895,48.6626663709404,185.3651,50.5114,-3.6320622344547786,-3.581050185611314,Bearish
731,2017-10-24,53.775715000000005,58.4512,58.06270000000024,63.07346600000015,76.68225099999896,98.98688999999992,48.46390577230343,2028.571428571429,66.02572284279063,57.6101249999999,49.19452715720919,185.3651,50.5114,-3.1007390538990687,-3.484987959268865,Bullish
732,2017-10-25,53.399986,61.3669,57.789019047619284,62.914784000000154,76.22364599999895,98.49805849999993,55.72056347200941,2380.952380952381,65.61548440659942,57.490354999999894,49.36522559340036,185.3651,50.5114,-2.4165326981486004,-3.2712969070448117,Bullish
733,2017-10-26,57.560669999999995,63.7792,57.78982380952404,62.84301800000015,75.79870499999895,98.03971449999992,60.65651742258352,3633.333333333334,65.7919691639908,57.5363699999999,49.280770836009026,185.3651,50.5114,-1.6605005653167595,-2.949137638699201,Bullish
734,2017-10-27,58.54533000000001,62.4342,57.76960000000022,62.771538000000156,75.36411299999895,97.57334699999994,56.85125411015378,4357.142857142857,65.71787822877333,57.515134999999894,49.31239177122645,185.3651,50.5114,-1.1565380616414842,-2.590617723287658,Bullish
735,2017-10-30,58.33719,61.3755,57.69896190476214,62.67888400000015,74.96047399999895,97.10130899999993,53.98060379716851,4100.0,65.38521540672178,57.4177449999999,49.45027459327801,185.3651,50.5114,-0.8329704241563931,-2.2390882634614053,Bullish
736,2017-10-31,62.450127,58.3124,57.46034761904785,62.54590800000015,74.55575499999894,96.61395549999992,46.64233709311257,4152.380952380952,64.86818590494444,57.214904999999895,49.56162409505536,185.3651,50.5114,-0.8143203329739777,-1.95413467736392,Bullish
737,2017-11-01,59.994659999999996,56.5335,57.18245714285737,62.36029800000015,74.11112599999895,96.12398949999994,42.98746151478129,4185.714285714285,64.37444504490621,56.969134999999895,49.56382495509357,185.3651,50.5114,-0.9323349870849214,-1.7497747393081202,Bullish
738,2017-11-02,58.631347999999996,56.5335,56.9483904761907,62.120484000000154,73.62259299999894,95.63402349999996,42.98746151478129,4295.238095238095,64.1189634330424,56.81412999999989,49.50929656695738,185.3651,50.5114,-1.0141717105383992,-1.6026541335541762,Bullish
739,2017-11-03,58.34867,56.5335,56.80076666666688,61.816334000000154,73.17475599999892,95.16667099999997,42.987461514781295,4223.809523809524,63.848725385806866,56.65912499999988,49.4695246141929,185.3651,50.5114,-1.06673128919239,-1.4954695646818188,Bullish
740,2017-11-06,58.637913,56.5335,56.65314285714307,61.57601400000015,72.71315699999892,94.71230049999996,42.98746151478129,4171.428571428572,63.56300826448616,56.504119999999865,49.445231735513595,185.3651,50.5114,-1.0957539643293617,-1.4155264446113274,Bullish
741,2017-11-07,54.04693,56.5335,56.505519047619245,61.322016000000154,72.3028919999989,94.25792999999996,42.98746151478129,4119.047619047619,63.53609573070877,56.48082499999988,49.425554269291,185.3651,50.5114,-1.1060053028061532,-1.3536222162502924,Bullish
742,2017-11-08,57.29898000000001,56.4294,56.478376190476396,61.09042000000015,71.91041399999891,93.80303899999998,42.703812321540106,4123.809523809524,63.57187162156352,56.537179999999886,49.50248837843624,185.3651,50.5114,-1.109737202720375,-1.3048452135443092,Bullish
743,2017-11-09,56.398106000000006,58.0,56.606838095238295,60.89023600000015,71.5566069999989,93.3768975,48.25178915138565,4171.428571428572,63.709724041111144,56.66952999999987,49.629335958888596,185.3651,50.5114,-0.9747244496307133,-1.2388210607615897,Bullish
744,2017-11-10,55.631609999999995,58.0,56.73288571428592,60.69005200000015,71.20279999999892,92.9740815,48.25178915138565,4338.095238095239,63.74700610771104,56.938234999999864,50.12946389228871,185.3651,50.5114,-0.8578372561886098,-1.1626242998469938,Bullish
745,2017-11-13,57.67867,58.0,56.988795238095435,60.48986800000015,70.8489929999989,92.5689205,48.25178915138565,4380.952380952381,63.79909399410863,57.16219499999987,50.525296005891114,185.3651,50.5114,-0.7564830475808222,-1.0813960493937596,Bullish
746,2017-11-14,57.83264499999999,58.0,57.20209047619068,60.27330400000015,70.49518599999892,92.16530899999998,48.25178915138565,4461.9047619047615,63.78695951173773,57.404729999999866,51.022500488262004,185.3651,50.5114,-0.6684535901521471,-0.998807557545437,Bullish
747,2017-11-15,54.997980000000005,57.1757,57.39382380952401,60.063896000000156,70.13313599999893,91.75757599999996,45.16458481978882,4614.285714285715,63.55763299492113,57.66028499999987,51.76293700507862,185.3651,50.5114,-0.6576230626493142,-0.9305706585662123,Bullish
748,2017-11-16,58.45524,57.1757,57.63720952380973,59.90767800000015,69.77108599999892,91.37760749999998,45.16458481978882,4600.0,62.90880646085282,57.99349999999987,53.078193539146916,185.3651,50.5114,-0.6416433267123409,-0.8727851921954382,Bullish
749,2017-11-17,57.273937,57.1757,57.954557142857354,59.756696000000154,69.40903599999892,90.96434649999998,45.16458481978882,4442.857142857143,62.581569711731355,58.20089499999987,53.82022028826839,185.3651,50.5114,-0.6218114159159995,-0.8225904369395505,Bullish
750,2017-11-20,56.163963,57.8785,58.18554285714306,59.61977000000015,69.0675229999989,90.57516149999998,48.66233334621374,4333.333333333333,62.54027791612008,58.31109499999987,54.08191208387965,185.3651,50.5114,-0.543123606421247,-0.7666970708358898,Bullish
751,2017-11-21,57.78893299999999,55.0757,58.157028571428775,59.41581200000015,68.68953899999892,90.20588299999996,38.19797079412995,4319.047619047619,62.59896429975069,58.14231999999986,53.68567570024904,185.3651,50.5114,-0.6988693556043231,-0.7531315277895765,Bullish
752,2017-11-22,57.4996,54.2514,57.957038095238296,59.22154200000014,68.31107899999893,89.83160349999999,35.76227597038185,4261.9047619047615,62.2925014429761,57.78654499999988,53.280588557023655,185.3651,50.5114,-0.8786841806838908,-0.7782420583684393,Bearish
753,2017-11-23,53.299404,56.2211,57.7120000000002,59.066666000000154,67.99318099999893,89.46717249999998,44.81721739732082,3923.809523809524,61.01975278274376,57.408639999999885,53.797527217256004,185.3651,50.5114,-0.8524241811800337,-0.7930784829307582,Bearish
754,2017-11-24,56.40104300000001,56.8372,57.381428571428785,58.91989000000015,67.68144399999892,89.09350999999998,47.318646683837564,2871.4285714285716,59.911042596672964,57.12878999999989,54.34653740332681,185.3651,50.5114,-0.7729882934641309,-0.7890604450374328,Bullish
755,2017-11-27,56.203945,56.7331,57.10994761904782,58.771032000000154,67.35380599999893,88.7522005,46.93153737122404,2123.809523809524,58.88408432129737,56.896669999999865,54.909255678702365,185.3651,50.5114,-0.7102474892027857,-0.7732978538705033,Bullish
756,2017-11-28,54.831146,54.772,56.795495238095434,58.588356000000154,67.03188699999892,88.416036,40.250996383329785,2133.333333333333,58.79966384565117,56.71964999999987,54.63963615434857,185.0971,50.5114,-0.8094386255883137,-0.7805260082140654,Bearish
757,2017-11-29,55.98441999999999,54.772,56.62690476190495,58.34185000000015,66.70996799999892,88.064712,40.250996383329785,2528.5714285714284,58.87816497496234,56.631574999999856,54.38498502503738,180.0969,50.5114,-0.8779281070802439,-0.8000064279873011,Bearish
758,2017-11-30,56.412113,54.772,56.543023809524,58.095006000000154,66.36271899999892,87.71041450000001,40.250996383329785,2923.809523809524,58.932185368168824,56.54349999999986,54.1548146318309,178.5475,50.5114,-0.9215830785388164,-0.8243217580976042,Bearish
759,2017-12-01,52.703582999999995,54.772,56.45914285714304,57.848162000000144,66.01546999999893,87.36553950000003,40.250996383329785,3180.952380952381,58.96588539913124,56.455424999999856,53.944964600868474,172.7936,50.5114,-0.9452833202395324,-0.8485140705259899,Bearish
760,2017-12-04,55.806847,54.772,56.3752619047621,57.601318000000155,65.70976099999892,87.05102550000002,40.250996383329785,3628.571428571429,58.982105705244464,56.367349999999846,53.75259429475524,167.9274,50.5114,-0.9530794261846652,-0.869427141657725,Bearish
761,2017-12-05,54.675014000000004,55.4228,56.322371428571614,57.36749000000015,65.38084099999892,86.769163,44.07752080981546,4076.190476190476,58.95709846859202,56.311814999999854,53.66653153140769,167.2323,50.5114,-0.8964105128803084,-0.8748238159022417,Bearish
762,2017-12-06,53.784057999999995,55.4228,56.269480952381144,57.20070000000014,65.05192099999893,86.473816,44.077520809815454,4109.523809523809,58.93406736191228,56.26148499999986,53.58890263808743,167.2323,50.5114,-0.8417962872101725,-0.8682183101638279,Bullish
763,2017-12-07,55.430588,53.965,56.15212857142875,57.02282200000014,64.71880799999893,86.1935425,37.79011112104135,4142.857142857143,58.78556808755417,56.059734999999854,53.33390191244553,167.2323,50.5114,-0.9057059817739129,-0.8757158444858449,Bearish
764,2017-12-08,55.41271,53.965,55.959985714285885,56.84494400000014,64.41127699999893,85.913269,37.79011112104135,4019.047619047619,58.57681030906421,55.85798499999985,53.139159690935486,167.2323,50.5114,-0.9454562441042,-0.8896639244095159,Bearish
765,2017-12-11,52.022568,53.4097,55.74140000000018,56.646672000000144,64.09177599999893,85.63800800000001,35.54988481302586,3871.4285714285716,58.3602234216159,55.62846999999985,52.89671657838379,167.2323,50.5114,-1.0101226177919855,-0.91375566308601,Bearish
766,2017-12-12,54.744114,55.3708,55.616200000000184,56.506704000000155,63.788930999998925,85.37255250000003,47.40743175998461,3700.0,58.003361469309816,55.49700999999985,52.99065853068987,167.2323,50.5114,-0.8928347610768128,-0.9095714826841704,Bullish
767,2017-12-13,54.433414,57.6529,55.599671428571604,56.43078400000015,63.50848499999892,85.13856700000002,57.261398214622034,3595.238095238096,58.09875533579535,55.520869999999846,52.94298466420433,167.2323,50.5114,-0.6087199472848468,-0.8494011756043057,Bullish
768,2017-12-14,53.964293999999995,55.9695,55.54223333333351,56.35750200000015,63.20276199999892,84.92024350000001,49.84273135815226,4171.428571428572,57.93513166590803,55.460559999999845,52.985988334091644,166.2523,50.5114,-0.5134742105841852,-0.7822157826002816,Bullish
769,2017-12-15,56.106754,55.9695,55.48479523809541,56.284220000000154,62.86073399999892,84.67758950000002,49.84273135815226,4204.761904761905,57.76084710372492,55.40024999999985,53.039652896274745,164.99599999999995,50.5114,-0.4329999244445375,-0.7123726109691327,Bullish
770,2017-12-18,56.045506,56.1864,55.43768571428589,56.21527600000015,62.523069999998924,84.41022650000002,50.795334049629716,4204.761904761905,57.42254993710942,55.315644999999826,53.20874006289025,164.99599999999995,50.5114,-0.3477132338856137,-0.639440735552429,Bullish
771,2017-12-19,53.499603,56.1864,55.3571095238097,56.19901600000015,62.2303229999989,84.16414,50.795334049629716,4266.666666666667,57.50819661259674,55.371179999999825,53.23416338740292,164.99599999999995,50.5114,-0.276930633203996,-0.5669387150827424,Bullish
772,2017-12-20,57.117447,54.5638,55.33273333333349,56.18424600000015,61.923207999998894,83.9134865,43.609455451761214,4185.714285714285,57.49522479309059,55.386799999999816,53.27837520690907,164.99599999999995,50.5114,-0.3477564516647931,-0.5231022623991526,Bullish
773,2017-12-21,55.27774399999999,55.5964,55.39678095238111,56.18911400000015,61.61535799999889,83.673611,48.593473928793536,4223.809523809524,57.43189053835335,55.35556499999982,53.279239461646306,164.99599999999995,50.5114,-0.31691107921482603,-0.4818640257622873,Bullish
774,2017-12-22,54.425625,56.924,55.43025238095253,56.275076000000155,61.3639279999989,83.44037349999999,54.19844510463355,4280.952380952381,57.448924294793386,55.35990499999982,53.27088570520626,164.99599999999995,50.5114,-0.18322754149231454,-0.4221367289082928,Bullish
775,2017-12-25,56.252483,56.924,55.43438571428587,56.343140000000155,61.1098809999989,83.21756300000001,54.19844510463354,4257.142857142857,57.485054622352465,55.369449999999816,53.25384537764718,164.99599999999995,50.5114,-0.07640166388645042,-0.35298971590392425,Bullish
776,2017-12-26,56.555232999999994,56.924,55.44347619047634,56.418634000000154,60.85929599999889,82.96938100000001,54.19844510463354,4338.095238095239,57.677369912675864,55.47704999999983,53.27673008732378,164.99599999999995,50.5114,0.008164498498615558,-0.2807588730234163,Bullish
777,2017-12-27,53.784027,58.8764,55.63892380952397,56.55487000000014,60.6691839999989,82.71496150000002,61.84054772171551,4380.952380952381,58.306130459040254,55.682269999999825,53.058409540959424,164.99599999999995,50.5114,0.2300740046578724,-0.17859229748715855,Bullish
778,2017-12-28,58.245346,61.0371,55.937261904762074,56.765384000000154,60.5107259999989,82.47134550000001,68.17016421793046,3980.952380952381,59.46845625466264,55.995524999999844,52.52259374533704,164.99599999999995,50.5114,0.5736763356412453,-0.028138570861477752,Bullish
779,2017-12-29,59.42064,59.5359,56.16411428571446,56.89554600000015,60.339028999998895,82.2198855,60.6437197093146,3566.666666666666,59.980952633625705,56.23371999999985,52.486487366374,160.9842,50.5114,0.7165889729001194,0.12080693789084168,Bullish
780,2018-01-01,57.596382,59.5359,56.39096666666685,56.97277400000014,60.16733199999889,81.9582515,60.6437197093146,4561.904761904762,60.41759091892771,56.471914999999846,52.526239081072006,160.9842,50.5114,0.8203913072436748,0.26072381176140835,Bullish
781,2018-01-02,59.59384,60.7421,56.67525714285733,57.018592000000154,60.046028999998896,81.696274,64.31510590876857,4200.0,61.06363732820397,56.73787999999985,52.41212267179572,160.9842,50.5114,0.9885898164046479,0.4062970126900563,Bullish
782,2018-01-03,60.379673,59.0066,56.845914285714464,56.97138600000015,59.943084999998895,81.415614,56.19268015741085,3814.285714285714,61.30651999339496,56.917069999999846,52.52762000660472,160.9842,50.5114,0.9706588498908316,0.5191693801302114,Bullish
783,2018-01-04,56.99569,58.2256,56.979380952381135,56.86031400000015,59.85166599999889,81.14949750000002,52.95178863549653,4295.238095238095,61.33548355160529,57.13009999999985,52.92471644839439,160.9842,50.5114,0.8832467382359539,0.59198485175136,Bullish
784,2018-01-05,59.872930000000004,58.5727,57.19879523809541,56.78308400000015,59.77731099999888,80.88511650000002,54.21562345395882,4490.476190476191,61.346157988744785,57.36048499999985,53.374812011254924,160.9842,50.5114,0.8323848645663361,0.6400648543143552,Bullish
785,2018-01-08,58.58647,61.497,57.5574619047621,56.785514000000155,59.732198999998886,80.63324600000001,63.18768629482716,4557.142857142857,61.705910238832686,57.764849999999846,53.82378976116701,160.9842,50.5114,1.0163274437190208,0.7153173721952883,Bullish
786,2018-01-09,58.34705400000001,60.7421,57.90662380952399,56.83410800000015,59.69000799999889,80.377601,59.923147718081104,4909.523809523809,62.017126284870656,58.033414999999856,54.04970371512905,160.9842,50.5114,1.0886399778845757,0.7899818933331458,Bullish
787,2018-01-10,60.432182,59.9611,58.12520952380971,56.902660000000154,59.63147899999889,80.11805100000002,56.661594741230935,4976.190476190476,62.21464758437416,58.148824999999846,54.08300241562554,160.9842,50.5114,1.0705869493489288,0.8461029045363024,Bullish
788,2018-01-11,60.201446999999995,60.7421,58.272314285714465,56.986832000000156,59.55365799999889,79.86240600000002,59.06125117862301,5238.095238095239,62.473805417426945,58.387454999999854,54.301104582572755,159.1751,50.5114,1.106544411899648,0.8981912060089716,Bullish
789,2018-01-12,57.27150699999999,59.1368,58.423138095238286,57.03889800000015,59.42761599999889,79.59873449999999,52.61277360751816,5414.285714285715,62.488020419880506,58.54581999999986,54.60361958011922,159.1332,50.5114,0.9940479006570584,0.9173625449385888,Bullish
790,2018-01-15,60.880196,59.4839,58.59049047619065,57.09790600000015,59.336959999998896,79.3367985,53.78765928258277,5938.095238095239,62.5179033418182,58.710694999999845,54.90348665818151,159.1332,50.5114,0.922270316057798,0.9183440991624308,Bullish
791,2018-01-16,59.553608,59.0934,58.72891904761923,57.14910400000017,59.23555999999889,79.07291,52.219051358498966,6242.857142857143,62.484434235185745,58.856044999999845,55.22765576481394,159.1332,50.5114,0.8243731165448978,0.8995499026389242,Bearish
792,2018-01-17,58.183735,59.7789,58.89999047619065,57.216094000000155,59.153256999998895,78.81244899999999,54.71566237960454,6628.571428571428,62.17929809862939,59.116799999999856,56.054301901370316,159.1332,50.5114,0.7929622267094913,0.8782323674530377,Bearish
793,2018-01-18,59.895996,58.8331,59.10329047619065,57.23275600000015,59.0614959999989,78.54725899999998,50.773708534941434,8490.47619047619,61.8885365769197,59.27863499999986,56.668733423080006,155.7831,50.5114,0.6838675155654029,0.8393593970755108,Bearish
794,2018-01-19,59.792640000000006,58.8331,59.257419047619244,57.249418000000155,58.969734999998884,78.29262299999998,50.773708534941434,8666.666666666666,61.7628090508104,59.37408999999987,56.985370949189345,155.7831,50.5114,0.5906010892779747,0.7896077355160036,Bearish
795,2018-01-22,56.195274,59.8743,59.397909523809716,57.28690400000015,58.88838599999888,78.06358299999998,54.9202462979143,8814.285714285714,61.635461620019996,59.52160499999986,57.40774837997974,155.7831,50.5114,0.5938572955852308,0.7504576475298491,Bearish
796,2018-01-23,60.054276,59.1368,59.503280952381154,57.30964000000015,58.79147199999888,77.83085549999998,51.60444737378416,9480.952380952382,61.3927930970442,59.632244999999855,57.871696902955534,155.7831,50.5114,0.5308089410329657,0.7065279062304723,Bearish
797,2018-01-24,59.272569999999995,57.8438,59.54708095238115,57.32300200000015,58.693448999998886,77.58862349999998,46.323866536445216,9933.333333333334,61.481749857185285,59.58061499999987,57.679480142814434,154.5267,50.5114,0.3722176781668552,0.6396658606177489,Bearish
798,2018-01-25,57.519165,57.8438,59.49790952380973,57.336364000000174,58.62202099999888,77.35702999999998,46.323866536445216,9790.47619047619,61.34224582680639,59.42094999999987,57.49965417319335,154.5267,50.5114,0.2437234673382278,0.5604773819618447,Bearish
799,2018-01-26,58.625427,57.2711,59.31857619047639,57.338272000000174,58.54748399999888,77.12763849999997,44.01047751902804,9780.952380952382,61.44355006135976,59.30770999999986,57.171869938639965,150.004,50.5114,0.0945884193404325,0.4672995894375623,Bearish
800,2018-01-29,59.034169999999996,54.8328,59.094619047619226,57.277358000000184,58.44856399999888,76.88677349999998,35.810711552479894,9833.333333333334,61.95962462818897,59.072554999999845,56.18548537181074,147.4076,50.5114,-0.21784147204633086,0.3302713771407837,Bearish
801,2018-01-30,54.35273000000001,54.0171,58.83181904761923,57.256186000000184,58.335998999998864,76.61607849999997,33.558175627928314,8928.57142857143,62.262912964887065,58.73630499999986,55.20969703511265,147.4076,50.5114,-0.5252102875539535,0.15917504420183626,Bearish
802,2018-01-31,56.182686,54.6679,58.542571428571605,57.26451600000018,58.243028999998884,76.34766649999997,36.964944574931685,10071.42857142857,62.46202044513295,58.519369999999846,54.57671955486676,147.4076,50.5114,-0.7081253391618745,-0.0142850324709059,Bearish
803,2018-02-01,54.650112,53.722,58.290923809524,57.21453400000018,58.140599999998884,76.07861999999997,34.21865440002557,10261.90476190476,62.75819717110798,58.29418999999986,53.83018282889174,144.9934,50.5114,-0.9188214583514238,-0.1951923176470095,Bearish
804,2018-02-02,53.705864,53.7567,58.078119047619225,57.15292400000018,58.03640699999888,75.80620049999997,34.41116525013613,10976.190476190475,62.931675661962004,58.053389999999844,53.17510433803769,144.9934,50.5114,-1.070657774430401,-0.3702854090036879,Bearish
805,2018-02-05,54.33616,53.7567,57.848785714285896,57.09339600000018,57.932213999998865,75.53378099999998,34.41116525013613,10857.142857142857,62.61805830808898,57.666374999999846,52.714691691910716,144.9934,50.5114,-1.1774166229318157,-0.5317116517893135,Bearish
806,2018-02-06,54.513714,53.7567,57.48020000000018,57.07309000000018,57.83072299999886,75.23687649999998,34.411165250136136,10857.142857142857,62.33669704697035,57.31710499999985,52.297512953029354,144.9934,50.5114,-1.24764174215165,-0.6748976698617808,Bearish
807,2018-02-07,51.421659999999996,53.8522,57.1521095238097,57.05469400000018,57.698271999998866,74.93753699999998,35.064391041024216,10523.809523809525,62.09359753854818,57.01165999999985,51.92972246145152,144.9934,50.5114,-1.280825049322161,-0.7960831457538567,Bearish
808,2018-02-08,54.540962,52.9584,56.818647619047795,57.01842200000017,57.556713999998884,74.60578149999998,31.865658237293808,11642.857142857143,61.69423762216631,56.622474999999845,51.55071237783339,144.9934,50.5114,-1.3635273549478055,-0.9095719875926466,Bearish
809,2018-02-09,53.291515000000004,51.3791,56.37279047619065,56.950564000000185,57.399362999998885,74.23632549999998,27.15232954044284,11333.333333333336,61.65263274989614,56.234589999999855,50.81654725010356,144.9934,50.5114,-1.5387678809513972,-1.0354111662643968,Bearish
810,2018-02-12,51.940895000000005,53.3663,56.09800476190495,56.92245000000018,57.261883999998865,73.84552399999998,39.31544038789003,10714.285714285714,61.268630537957534,55.928709999999846,50.58878946204217,144.9934,50.5114,-1.5000056961285535,-1.1283300722372285,Bearish
811,2018-02-13,53.080338,53.5832,55.817019047619226,56.885658000000184,57.12657399999888,73.42296299999997,40.48351062823951,10595.238095238095,60.87894006090036,55.653199999999856,50.42745993909934,144.9934,50.5114,-1.4352398168955176,-1.189712021168886,Bearish
812,2018-02-14,53.607769999999995,52.2903,55.49306190476211,56.82300800000019,57.011853999998856,72.95944749999998,36.03143639469123,10357.142857142857,60.33891891762083,55.278769999999845,50.21862108237888,144.9934,50.5114,-1.4712786315488842,-1.2460253432448858,Bearish
813,2018-02-15,50.51192,52.0646,55.125714285714466,56.78500000000019,56.90391099999886,72.50717249999998,35.30159273754253,10142.857142857143,59.90889675619624,54.940344999999844,49.971793243803454,144.9934,50.5114,-1.5007520204476918,-1.296970678685447,Bearish
814,2018-02-16,53.088680000000004,52.9324,54.844728571428746,56.76434800000019,56.804645999998854,72.09486649999998,40.30811685538765,8261.904761904761,59.34786082648793,54.645309999999846,49.94275917351175,144.9934,50.5114,-1.437514908953048,-1.325079524738967,Bearish
815,2018-02-19,52.523678000000004,53.8001,54.605061904762074,56.77215600000019,56.70941399999886,71.72071349999999,44.899396191195116,8095.2380952380945,58.3936900686069,54.34159999999985,50.289509931392786,144.9934,50.5114,-1.3023699935774429,-1.3205376185066622,Bullish
816,2018-02-20,51.982929999999996,53.3663,54.29515714285732,56.73206600000019,56.61938499999886,71.37347799999998,43.11397322283478,7904.7619047619055,57.47036934371775,54.05307499999983,50.635780656281916,144.9934,50.5114,-1.2162505300372644,-1.2996802008127826,Bullish
817,2018-02-21,53.406193,53.8001,54.04102857142874,56.65501000000018,56.54289699999885,71.0206865,45.450011545784704,7404.7619047619055,56.79253335018753,53.85088999999985,50.90924664981215,144.9934,50.5114,-1.1003124827617654,-1.2598066572025792,Bullish
818,2018-02-22,53.625057,53.7567,53.84640476190493,56.61075400000018,56.484127999998854,70.66729799999997,45.24980607109925,6785.714285714284,55.94856237455511,53.64653499999985,51.344507625444564,144.9934,50.5114,-1.0004007650073277,-1.207925478763529,Bullish
819,2018-02-23,51.177,52.0646,53.57120476190492,56.53265600000018,56.40843799999885,70.3028315,38.186983664920675,8952.380952380952,55.08951942335877,53.38620999999985,51.682900576640904,144.9934,50.5114,-1.0457041113249872,-1.1754812052758206,Bullish
820,2018-02-26,53.860054000000005,52.4985,53.343938095238244,56.45889800000018,56.33708699999885,69.9405345,40.741228453927725,9333.333333333334,54.877554299280604,53.26949499999985,51.66143570071908,144.9934,50.5114,-1.0346682246926733,-1.1473186091591911,Bullish
821,2018-02-27,52.511272,50.3725,53.13154285714301,56.34262000000018,56.270817999998854,69.53636800000001,33.44812119230585,9500.0,55.09219816028335,53.08726499999983,51.08233183971632,144.9934,50.5114,-1.1838262254828251,-1.154620132423918,Bearish
822,2018-02-28,51.287964,51.1969,52.997247619047776,56.27528200000018,56.22976399999886,69.1384765,38.0771394899404,9261.90476190476,54.9420870401353,52.913714999999826,50.88534295986437,144.9934,50.3725,-1.2214329072929715,-1.1679826873977288,Bearish
823,2018-03-01,51.886204,50.76300000000001,52.81130000000015,56.17861400000018,56.183863999998856,68.76783950000001,36.6329095593125,8309.52380952381,54.9614850179449,52.76576499999983,50.570044982054775,144.9934,50.3725,-1.2715904738702335,-1.1887042446922298,Bearish
824,2018-03-02,51.971043,50.76300000000001,52.67039523809539,56.055394000000184,56.16523499999886,68.4261625,36.632909559312495,8142.857142857143,54.92635857508704,52.616079999999826,50.305801424912616,144.9934,50.3725,-1.2963966531102995,-1.2102427263758435,Bearish
825,2018-03-05,48.835953,50.3986,52.51048571428586,55.92488600000018,56.13401299999886,68.10115400000001,35.327800772265746,7000.0,54.886998374417104,52.44817499999985,50.00935162558257,144.9934,50.3725,-1.3301268886618018,-1.2342195588330354,Bearish
826,2018-03-06,51.32093,51.8477,52.419580952381104,55.82336000000018,56.12099699999886,67.78339100000001,43.88888671694787,7166.666666666668,54.72782145101101,52.35272499999983,49.97762854898865,144.9934,50.3725,-1.2257978494082875,-1.232535216948086,Bullish
827,2018-03-07,51.058876,51.1969,52.29768571428587,55.66977000000017,56.11231999999885,67.46760850000001,41.24801016168054,7238.095238095238,54.54118342778692,52.219959999999816,49.89873657221273,144.9934,50.3725,-1.1820050368944734,-1.2224291809373633,Bullish
828,2018-03-08,50.106421999999995,51.1969,52.171242857143014,55.47296600000017,56.119174999998855,67.17787300000002,41.24801016168053,7214.285714285716,54.467975966809426,52.13188499999982,49.79579403319021,144.9934,50.3725,-1.134224285929008,-1.2047882019356924,Bullish
829,2018-03-09,51.414776,51.1969,52.087361904762055,55.306186000000174,56.10086599999885,66.88974200000003,41.24801016168054,6047.619047619048,54.4719219463634,52.12277499999982,49.773628053636244,144.9934,50.3725,-1.0838635917431958,-1.1806032798971928,Bullish
830,2018-03-12,51.64734,51.1969,52.07868571428586,55.13940600000017,56.056089999998854,66.60465050000002,41.24801016168053,6023.809523809524,54.32376520316619,52.014304999999815,49.704844796833456,144.9934,50.3725,-1.0320554855663602,-1.1508937210310264,Bullish
831,2018-03-13,49.07282,50.8498,51.95885238095252,54.94156000000017,55.98007599999885,66.33116350000002,39.54118506328767,5714.285714285716,54.122143799094545,51.877634999999806,49.633126200905075,144.9934,50.3725,-1.0073926618031308,-1.1221935091854474,Bullish
832,2018-03-14,51.80018,52.4898,51.90678571428585,54.81122400000017,55.89130499999886,66.05747550000002,50.056832527539065,5238.095238095239,54.14112114124465,51.88760999999981,49.63409885875498,144.9934,50.3725,-0.8457634675521248,-1.066907500858783,Bullish
833,2018-03-15,51.578784999999996,54.233999999999995,51.999342857143,54.731392000000156,55.79585299999886,65.79727900000002,58.353314096750324,5285.714285714285,54.47117466778802,51.99607999999981,49.52098533221161,144.9934,50.3725,-0.5703541163007415,-0.9675968239471746,Bullish
834,2018-03-16,51.185806,52.0733,51.999757142857284,54.60140400000015,55.69224399999886,65.52817850000001,47.767320565862406,5261.904761904762,54.391273199683035,51.95312499999981,49.51497680031658,144.9934,50.3725,-0.5204413298069142,-0.8781657251191225,Bullish
835,2018-03-19,52.776928000000005,52.2416,51.966861904762055,54.41629600000015,55.60090499999885,65.28068950000001,48.550251906485045,5547.619047619048,54.167504006042996,51.8751999999998,49.582895993956605,144.9934,50.3725,-0.4619792739521316,-0.7949284348857243,Bullish
836,2018-03-20,52.804733,53.1801,51.937338095238246,54.26505600000015,55.54958199999886,65.05266850000001,52.799057752406355,5500.0,54.13529254510409,51.86588999999979,49.596487454895495,144.9934,50.3725,-0.3360448510009277,-0.7031517181087651,Bullish
837,2018-03-21,50.390254999999996,52.5072,51.896428571428736,54.115978000000155,55.509318999998854,64.81022250000001,49.63412190782293,5904.7619047619055,53.91488973032377,51.80124499999979,49.687600269675805,144.9934,50.3725,-0.2872273418397171,-0.6199668428549554,Bullish
838,2018-03-22,53.6221,53.9682,51.9044333333335,53.980500000000156,55.483665999998856,64.55312950000001,55.82559285553491,5571.428571428572,53.966216589889434,51.811819999999784,49.65742341011014,144.9934,50.3725,-0.12915975099443955,-0.5218054244828523,Bullish
839,2018-03-23,53.14102,53.9682,51.91450476190494,53.877128000000155,55.458012999998864,64.3163845,55.82559285553491,5595.2380952380945,54.25697938972477,51.90699999999978,49.55702061027478,144.9934,50.3725,-0.0038457154205673305,-0.4182134826703953,Bullish
840,2018-03-26,52.183475,52.4718,51.933895238095424,53.73688600000014,55.41739599999888,64.0652765,48.7124110984297,3428.5714285714284,54.25432873949821,51.90566499999977,49.557001260501345,144.9934,50.3725,-0.02499231757299469,-0.3395692496509152,Bullish
841,2018-03-27,53.512069999999994,53.2156,51.96804285714304,53.61933000000013,55.38421699999889,63.8435545,51.98718195659627,4000.0,54.35182871147051,52.04781999999978,49.743811288529045,144.9934,50.3725,0.0180591174081286,-0.2680435762391064,Bullish
842,2018-03-28,53.690056000000006,53.126999999999995,52.0992095238097,53.48629200000014,55.351192999998894,63.630803500000006,51.56482040664629,3904.761904761905,54.45934469918897,52.14432499999978,49.829305300810574,144.9934,50.3725,0.04451526598413125,-0.20553180779445887,Bullish
843,2018-03-29,50.850516999999996,53.126999999999995,52.19111904761923,53.372170000000146,55.302462999998895,63.42953500000001,51.56482040664629,3619.047619047619,54.52415041717946,52.26252499999978,50.000899582820104,144.9934,50.3725,0.0647357212390105,-0.15147830198776502,Bullish
844,2018-03-30,53.989536,53.126999999999995,52.30369047619065,53.258048000000144,55.253732999998896,63.22826650000001,51.56482040664627,3357.142857142857,54.56219535909978,52.38072499999978,50.19925464089978,144.9934,50.3725,0.07984022924510015,-0.10521459574119196,Bullish
845,2018-04-02,52.989340000000006,53.126999999999995,52.41626190476211,53.12310200000015,55.2050029999989,63.026998000000006,51.56482040664629,3285.714285714286,54.519641600254495,52.51714499999978,50.51464839974506,144.9934,50.3725,0.0907643853268496,-0.06601879952758365,Bullish
846,2018-04-03,52.08286,53.1182,52.54576666666686,53.00273000000014,55.15618499999891,62.82568550000002,51.50891443764974,3214.285714285714,54.57477958388213,52.58066999999978,50.586560416117436,144.9934,50.3725,0.09758685080027618,-0.033297669462011674,Bullish
847,2018-04-04,53.38360600000001,51.4092,52.52488571428591,52.874038000000134,55.09851999999889,62.61582800000002,41.988084526535346,3000.0,54.55788786515421,52.59128499999978,50.62468213484535,144.9934,50.3725,-0.03451049791199523,-0.03354023515200839,Bearish
848,2018-04-05,53.365134999999995,53.977,52.65727142857163,52.79670200000013,55.06653299999889,62.418809500000016,55.34405638771342,3261.904761904762,54.6759047038238,52.73028999999978,50.784675296175756,144.9934,50.3725,0.06722645677681527,-0.013386896766243654,Bullish
849,2018-04-06,50.50144,56.6688,52.917838095238295,52.78465600000013,55.06146399999891,62.23525000000002,64.55626978602965,6119.047619047618,55.4773673438291,53.003884999999784,50.53040265617045,144.9934,50.3725,0.36089926792300986,0.06147033617160705,Bullish
850,2018-04-09,55.163715,59.5022,53.313328571428784,52.87804400000013,55.077700999998925,62.07261200000003,71.27383829141098,7714.285714285716,57.05520767750409,53.41914999999978,49.78309232249546,144.9934,50.3725,0.8128982023774611,0.2117559094127779,Bullish
851,2018-04-10,57.147552000000005,61.1138,53.78556190476212,53.01997800000014,55.1380819999989,61.91381050000002,74.2618608927682,8214.285714285714,58.69560879142986,53.93234999999978,49.16909120856971,144.9934,50.3725,1.286325308261972,0.4266697891826168,Bullish
852,2018-04-11,55.824238,64.1686,54.41979047619069,53.209992000000135,55.237253999998906,61.77416650000002,78.76973602814027,13095.238095238095,60.986580822809714,54.51628999999978,48.04599917718985,144.9934,50.3725,1.8862727523793268,0.7185903818219588,Bullish
853,2018-04-12,60.683234999999996,67.3739,55.12855714285735,53.483030000000134,55.348781999998906,61.67098150000002,82.27722991377614,15285.714285714286,63.728153968326474,55.17328499999978,46.6184160316731,144.9934,50.3725,2.5905145077148215,1.0929752070005314,Bullish
854,2018-04-13,61.83814,70.7386,55.91449047619069,53.822668000000135,55.4877959999989,61.58462000000003,85.06636424164698,17071.428571428572,66.88781493664533,56.10654999999978,45.325285063354244,144.9934,50.3725,3.381158452690322,1.5506118561384894,Bullish
855,2018-04-16,62.271069999999995,74.2716,56.97155238095261,54.23296600000013,55.66318099999889,61.50849350000003,87.32244791876215,22619.04761904762,70.41368157270941,57.20804999999977,44.002418427290145,144.9934,50.3725,4.2439118745065665,2.0892718598121047,Bullish
856,2018-04-17,70.69489,70.6589,57.84856666666687,54.57101000000014,55.8220499999989,61.42696850000003,74.86715553001486,25785.714285714286,72.3744291775421,58.08198999999977,43.789550822457436,144.9934,50.3725,4.583302026932317,2.588077893236147,Bullish
857,2018-04-18,71.098816,70.4464,58.67077142857163,54.90289400000013,55.97879399999889,61.34438100000003,74.19676982887607,27523.809523809527,73.99280156774044,58.97894999999977,43.96509843225909,144.9934,50.3725,4.780023063426199,3.0264669272741576,Bullish
858,2018-04-19,68.7813,66.9489,59.35847142857163,55.182704000000136,56.1005629999989,61.23164100000002,64.03368850749455,36904.761904761916,74.84025802743555,59.62798499999978,44.41571197256401,144.9934,50.3725,4.600673185312566,3.3413081788818397,Bullish
859,2018-04-20,69.96394000000001,63.8232,59.82775714285735,55.43158600000013,56.191074999998904,61.10327250000003,56.57535282460496,37904.761904761916,75.20567361244522,60.12073499999978,45.03579638755433,144.9934,50.3725,4.158383985248463,3.5047233401551634,Bullish
860,2018-04-23,70.111176,63.7524,60.29367142857164,55.63930800000011,56.280878999998905,60.99532000000003,56.41506551029893,39476.190476190466,75.42313025484563,60.68476499999978,45.94639974515394,144.9934,50.3725,3.758824253172613,3.5555435227586534,Bullish
861,2018-04-24,62.525130000000004,65.178,60.898728571428784,55.87120400000011,56.378430999998905,60.87963600000002,58.93775437378343,41500.0,75.72824990509123,61.28288499999978,46.837520094908335,144.9934,50.3725,3.516666351937438,3.5477680885944105,Bearish
862,2018-04-25,66.17881,64.204,61.42198571428592,56.10947800000012,56.4662429999989,60.75908200000003,56.53031876280141,42500.0,75.83117884365595,61.836734999999784,47.84229115634361,144.9934,50.3725,3.209167525021705,3.480047975879869,Bearish
863,2018-04-26,64.53735,63.7524,61.92795714285735,56.3432340000001,56.564116999998895,60.64146250000002,55.40038359063772,43404.761904761916,75.79475162626946,62.36800499999979,48.94125837373009,144.9934,50.3725,2.8956528597740885,3.3631689526587127,Bearish
864,2018-04-27,62.56525,61.0872,62.3070142857145,56.506330000000105,56.63533899999889,60.52330800000002,49.15574982534599,43619.04761904762,75.52895881141127,62.76601499999979,50.00307118858832,144.9934,50.3725,2.4044142717906354,3.171418016485098,Bearish
865,2018-04-30,63.3657,60.2018,62.64390952380974,56.634364000000105,56.70325999999889,60.39751800000003,47.2503183432036,44119.04761904762,75.16654396893449,63.11975499999979,51.072966031065086,144.9934,50.3725,1.9215098023245003,2.9214363736529783,Bearish
866,2018-05-01,63.57046999999999,60.2018,62.98080476190498,56.771074000000105,56.75156999999889,60.27025050000003,47.250318343203595,44452.380952380954,74.7131530495461,63.47393499999979,52.234716950453475,144.9934,50.3725,1.5212682971607236,2.6414027583545274,Bearish
867,2018-05-02,58.190509999999996,58.5814,63.24095714285737,56.86670000000011,56.76085499999889,60.13467000000002,43.658304815505744,44785.714285714275,73.90634425639007,63.83254499999979,53.75874574360953,144.9934,50.3725,1.0610897014095002,2.3253401469655217,Bearish
868,2018-05-03,60.905806999999996,57.6162,63.53652857142878,56.9438900000001,56.7773219999989,59.99004200000002,41.628279523134864,45000.0,73.48293830620477,64.01450499999979,54.546071693794815,144.9934,50.3725,0.6114627138390603,1.9825646603402296,Bearish
869,2018-05-04,58.423781999999996,57.4834,63.70350000000022,57.0522660000001,56.792460999998895,59.82659750000002,41.343435841056774,44904.761904761916,73.40316437806277,64.05523499999978,54.7073056219368,144.9934,50.3725,0.2416288892315777,1.6343775061184993,Bearish
870,2018-05-07,57.256836,57.1115,63.724580952381174,57.144526000000106,56.8017119999989,59.66239100000003,40.507512427499584,42785.71428571428,73.57020542581938,63.93569999999979,54.30119457418022,144.9934,50.3725,-0.08054779830114711,1.29139244523457,Bearish
871,2018-05-08,58.155727,55.5709,63.537376190476415,57.24849400000011,56.7955569999989,59.51294000000003,37.15602518214944,41261.90476190476,73.90149448444708,63.658554999999794,53.4156155155525,144.9934,50.3725,-0.4549443734529817,0.9421250814970596,Bearish
872,2018-05-09,57.91245,54.65,63.229576190476415,57.3175560000001,56.79641899999889,59.35981350000003,35.27713019486318,41000.0,74.1457703187324,63.18262499999979,52.219479681267174,144.9934,50.3725,-0.8165525804984028,0.5903895490979671,Bearish
873,2018-05-10,53.480286,55.3406,62.80919523809546,57.4091080000001,56.79386099999889,59.20460950000002,37.81661940751784,37904.761904761916,73.873819079336,62.58095999999979,51.288100920663574,142.5196,50.3725,-1.0354678130211852,0.26521807667413666,Bearish
874,2018-05-11,56.286648,54.8979,62.21510000000022,57.4918060000001,56.7735999999989,59.068764000000016,36.81930560017517,36166.66666666666,72.90269360203762,61.78892499999979,50.67515639796196,135.3936,50.3725,-1.2304974930544643,-0.033925037271583636,Bearish
875,2018-05-14,55.0386,52.153,61.33007142857164,57.526894000000105,56.72588999999889,58.91788550000002,31.306363394688677,34476.190476190466,70.9800966781442,60.68299499999979,50.385893321855384,131.2058,50.3725,-1.5882421427323408,-0.3447884583637351,Bearish
876,2018-05-15,53.285990000000005,53.7468,60.35270000000022,57.564876000000105,56.6941179999989,58.776707000000016,37.187309766105045,29380.95238095238,69.47525987916615,59.83738999999978,50.19952012083343,131.2058,50.3725,-1.7232860461240378,-0.6204879759157957,Bearish
877,2018-05-16,53.990196,53.2156,59.52206666666689,57.605250000000105,56.637509999998905,58.65334700000002,36.07867073054909,26666.66666666667,67.70390436773488,58.97584999999979,50.24779563226469,131.2058,50.3725,-1.8518260154921864,-0.8667555838310739,Bearish
878,2018-05-17,54.531116000000004,52.4186,58.66360000000022,57.629684000000104,56.551324999998904,58.53102550000003,34.42061556494236,25261.904761904767,66.61314018168848,58.24933499999978,49.88552981831109,131.2058,50.3725,-1.9950088859032176,-1.0924062442455027,Bearish
879,2018-05-18,50.812607,52.4186,57.971680952381156,57.6541180000001,56.480151999998924,58.40959050000003,34.42061556494236,15595.238095238095,66.00007177231906,57.67910499999978,49.3581382276805,131.2058,50.3725,-2.0844540534799165,-1.2908158060923856,Bearish
880,2018-05-21,53.307809999999996,52.4186,57.428604761904964,57.6785520000001,56.40897899999892,58.28815550000004,34.42061556494236,14738.095238095239,65.24331519255189,57.11241499999977,48.98151480744765,131.2058,50.3725,-2.130777714077276,-1.4588081876893635,Bearish
881,2018-05-22,52.404724,53.126999999999995,56.92263333333354,57.7240960000001,56.33282799999892,58.18942850000004,37.60393297830503,13285.714285714286,63.91427221443954,56.50986499999976,49.10545778555998,131.2058,50.3725,-2.086278271934724,-1.5843022045384356,Bearish
882,2018-05-23,51.71338,54.0125,56.39094285714307,57.75455000000011,56.28288699999892,58.11298600000005,41.431074831029974,11714.285714285714,62.57250448096018,56.00028999999977,49.42807551903935,130.7752,50.3725,-1.9570006090374503,-1.6588418854382383,Bearish
883,2018-05-24,53.38448,55.5531,55.978995238095465,57.78093200000011,56.25616199999892,58.05391400000004,47.468143357218864,9738.09523809524,61.11686748763563,55.59032499999977,50.0637825123639,124.8904,50.3725,-1.710515823473635,-1.6691766730453181,Bearish
884,2018-05-25,53.907803,55.9693,55.608371428571644,57.858852000000105,56.23012799999892,58.003719500000045,48.99763132011096,8714.285714285714,60.26051772968351,55.33442999999977,50.40834227031604,119.0984,50.3725,-1.4647067655706607,-1.6282826915503863,Bullish
885,2018-05-28,52.15809,53.3307,55.239014285714504,57.880634000000114,56.14846499999892,57.94033200000004,40.872807562196385,9095.238095238095,59.44721304907564,54.99087499999977,50.53453695092389,115.4003,50.3725,-1.4659161160390397,-1.5958093764481172,Bullish
886,2018-05-29,55.20791,52.4806,54.871338095238315,57.866644000000115,56.065849999998925,57.877929000000044,38.649188518086426,9214.285714285714,58.489699523024896,54.60481499999977,50.719930476974646,115.4003,50.3725,-1.5179722610950181,-1.5802419533774974,Bullish
887,2018-05-30,53.25695,52.2416,54.49228095238117,57.861332000000104,55.9886549999989,57.810067000000046,38.02288684820538,9333.333333333334,57.843764888642156,54.28782499999977,50.731885111357386,114.3534,50.3725,-1.5605236880067324,-1.5762983003033444,Bullish
888,2018-05-31,52.535669999999996,54.8536,54.31476666666688,57.87904000000012,55.929769999998925,57.741714000000044,47.950017402741594,9309.52380952381,57.37720071588002,54.149694999999774,50.92218928411951,109.14399999999999,50.3725,-1.3677132824474612,-1.5345812967321677,Bullish
889,2018-06-01,54.02113000000001,54.2515,54.15454285714308,57.884706000000115,55.880916999998924,57.65426650000005,46.116322020653506,13261.904761904761,56.832690729109814,53.98809999999977,51.14350927088972,108.8231,50.3725,-1.2490952919671514,-1.4774840957791644,Bullish
890,2018-06-04,53.960304,54.0833,53.99263333333355,57.916936000000106,55.82691099999892,57.581935500000064,45.59179584121566,14547.619047619048,56.296503724601095,53.83668999999977,51.37687627539844,108.2152,50.3725,-1.1553439285769684,-1.4130560623387252,Bullish
891,2018-06-05,51.411507,53.126999999999995,53.80289523809545,57.915164000000104,55.76724699999893,57.501403500000066,42.62345349107413,14285.714285714286,56.057610917327864,53.71449499999977,51.37137908267168,107.2274,50.3725,-1.1450117330025904,-1.3594471964714985,Bullish
892,2018-06-06,54.27706,54.0125,53.72868571428592,57.932874000000105,55.70958299999892,57.43142000000007,46.121472008259175,14857.142857142857,55.9910514186337,53.68261999999977,51.37418858136585,107.2274,50.3725,-1.0532299645838847,-1.2982037500939756,Bullish
893,2018-06-07,53.700542000000006,53.0827,53.6540523809526,57.9319880000001,55.65207899999892,57.35678750000007,43.14690979892657,15476.190476190475,55.760632518732606,53.569724999999764,51.37881748126691,106.2733,50.3725,-1.0434906307563097,-1.2472611262264424,Bullish
894,2018-06-08,52.58268,53.0827,53.54653333333354,57.9311020000001,55.59457499999892,57.28215500000007,43.14690979892657,13857.142857142857,55.591251710945386,53.47896499999977,51.36667828905416,105.8934,50.3725,-1.0239684674354876,-1.2026025944682517,Bullish
895,2018-06-11,53.644282999999994,53.1713,53.4643142857145,57.9319880000001,55.52754499999892,57.207965500000064,43.54925895114396,13523.809523809525,55.559333304350574,53.529879999999764,51.500426695648954,105.3868,50.3725,-0.9899363626407052,-1.1600693481027422,Bullish
896,2018-06-12,53.81080600000001,53.4458,53.525876190476396,57.9385400000001,55.47063499999892,57.131053500000064,44.851455032253845,13976.190476190475,55.542088675289975,53.51482999999977,51.487571324709556,105.3868,50.3725,-0.9300942707058651,-1.1140743326233669,Bullish
897,2018-06-13,50.923836,54.0125,53.538528571428785,57.990606000000106,55.43232199999892,57.062885500000064,47.54184535920171,14357.142857142857,55.58815836792761,53.55467499999977,51.52119163207193,105.3868,50.3725,-0.8274032383272214,-1.0567401137641377,Bullish
898,2018-06-14,54.30603000000001,54.4109,53.59544761904784,57.9992840000001,55.397992999998934,57.010007000000066,49.41034804457928,14047.619047619048,55.65024916384506,53.65428999999978,51.65833083615449,105.3868,50.3725,-0.7057370079641601,-0.9865394926041422,Bullish
899,2018-06-15,53.94481,54.4109,53.690319047619276,57.9541260000001,55.36939099999892,56.958437500000066,49.41034804457928,15214.285714285714,55.691239812063344,53.75390499999978,51.81657018793622,102.6934,50.3725,-0.6023718758225698,-0.9097059692478278,Bullish
900,2018-06-18,52.86693199999999,54.4109,53.785190476190714,57.852300000000106,55.36517199999892,56.906868000000074,49.41034804457928,16571.428571428572,55.70913153761502,53.85351999999979,51.997908462384565,102.6934,50.3725,-0.5145231611723489,-0.8306694076327321,Bullish
901,2018-06-19,54.49276,54.1895,53.869519047619285,57.713814000000106,55.36689599999893,56.85144750000008,48.21827002841834,17928.571428571428,55.73667652050242,53.90664499999978,52.07661347949715,97.56,50.3725,-0.4574938472877363,-0.7560342955637329,Bullish
902,2018-06-20,54.79184300000001,55.3406,53.97492857142881,57.537254000000104,55.37362299999892,56.808326000000065,54.38074383529536,17976.190476190477,55.907056515534144,53.97304999999979,52.03904348446543,95.6772,50.3725,-0.31577351478795634,-0.6679821394085776,Bullish
903,2018-06-21,52.066204,54.0125,53.97492857142881,57.27002600000011,55.376527999998935,56.758564000000064,47.37533858261251,21095.23809523809,55.68979991362704,53.89601999999978,52.10224008637251,93.3807,50.3725,-0.3070858068204672,-0.5958028728909556,Bullish
904,2018-06-22,55.23568,54.0125,53.9015666666669,56.93550400000011,55.37908599999892,56.70774650000008,47.37533858261251,21357.14285714286,55.3221128208714,53.79817999999979,52.27424717912818,93.3807,50.3725,-0.2967796446599493,-0.5359982272447543,Bullish
905,2018-06-25,54.10069,52.9765,53.7590523809526,56.50960200000009,55.37128399999892,56.65174900000007,42.430372573574864,21595.23809523809,55.33367338672306,53.78046999999979,52.22726661327652,93.3807,50.3725,-0.3679667866178278,-0.502391939119369,Bullish
906,2018-06-26,52.848637,52.8614,53.736704761904996,56.15365200000009,55.36233099999893,56.59652700000007,41.90701565498404,21309.52380952381,55.296839691059596,53.79950999999978,52.302180308939974,93.3807,50.3725,-0.4287286011247957,-0.4876592715204543,Bullish
907,2018-06-27,53.812424,53.4635,53.783509523809755,55.81399400000009,55.358443999998926,56.528358000000075,45.68141265417688,20714.285714285714,55.18884806436439,53.86060499999978,52.53236193563517,93.3807,50.3725,-0.42341744609606735,-0.4748109064355769,Bullish
908,2018-06-28,54.012054000000006,53.8973,53.86235238095261,55.55296200000011,55.3678329999989,56.46227350000007,48.28827740403331,21309.52380952381,55.0610471977493,53.81278999999978,52.56453280225026,93.3807,50.3725,-0.37982588650266536,-0.4558139024489946,Bullish
909,2018-06-29,51.056442,53.5697,53.80121428571452,55.34789200000011,55.389738999998904,56.39455100000009,46.47434001510313,21833.33333333333,55.01434670360696,53.77869999999977,52.54305329639257,93.3807,50.3725,-0.3674777883995404,-0.4381466796391037,Bullish
910,2018-07-02,54.296127,53.5255,53.766642857143076,55.1433540000001,55.39133099999891,56.32660750000008,46.222054171744155,18166.666666666668,54.98287216715517,53.75080999999978,52.51874783284438,92.8741,50.3725,-0.3571414974253031,-0.4219456431963436,Bullish
911,2018-07-03,53.44234,53.9682,53.76116190476213,54.9191580000001,55.39518099999891,56.26087750000008,49.19675335153079,16690.47619047619,54.99392158445921,53.79286999999978,52.59181841554035,92.8741,50.3725,-0.30965817546628216,-0.3994881496503313,Bullish
912,2018-07-04,52.58811,53.126999999999995,53.76116190476213,54.697618000000105,55.40354799999892,56.20770100000008,44.19433640452915,16642.85714285714,54.97892540685596,53.74859499999978,52.518264593143606,92.0974,50.3725,-0.3360315480002001,-0.38679682932030507,Bullish
913,2018-07-05,53.8506,53.126999999999995,53.71899523809547,54.485110000000105,55.414171999998935,56.15904150000009,44.19433640452915,16023.809523809525,54.97648782216013,53.75080999999978,52.525132177839424,90.1723,50.3725,-0.352865027358682,-0.3800104689279805,Bullish
914,2018-07-06,53.9857,53.126999999999995,53.721104761904996,54.3259060000001,55.41611799999893,56.11038200000011,44.19433640452915,15214.285714285714,54.97401643634893,53.75302499999978,52.53203356365061,90.1723,50.3725,-0.3620323969146568,-0.37641485452531576,Bullish
915,2018-07-09,50.890762,50.4707,53.59672380952404,54.13128400000011,55.382823999998934,56.0461190000001,31.544207042853326,15095.238095238095,55.49014306306403,53.61799499999978,51.74584693693553,90.1723,50.3725,-0.5769876591375507,-0.4165294154477627,Bearish
916,2018-07-10,52.95918,49.5675,53.42511428571453,53.9185980000001,55.34483599999894,55.9821105000001,28.55159627973344,15452.380952380952,55.99893882846585,53.42407999999979,50.84922117153373,90.1723,50.3725,-0.8108746861311218,-0.4953984695844346,Bearish
917,2018-07-11,50.486453999999995,50.0279,53.26235714285739,53.7475280000001,55.30711399999893,55.9250055000001,32.088397617782014,15642.857142857143,56.1758985787477,53.22484999999979,50.27380142125188,90.1723,49.5675,-0.9481517051587788,-0.5859491166993034,Bearish
918,2018-07-12,50.054832,48.3013,52.99039523809547,53.561230000000116,55.25255999999893,55.86834400000009,26.742083401363697,14809.52380952381,56.51135296105757,52.91936999999979,49.327387038942,90.1723,49.5675,-1.182634250492029,-0.7052861434578486,Bearish
919,2018-07-13,50.192935999999996,48.3013,52.699461904762146,53.37758800000012,55.214926999998944,55.811682500000096,26.742083401363693,16714.285714285714,56.657335464913594,52.61388999999978,48.570444535085976,90.1723,48.3013,-1.3528683330124736,-0.8348025813687736,Bearish
920,2018-07-16,49.91479,48.257,52.406419047619295,53.20049800000012,55.17251199999893,55.7547995000001,26.610155934039213,17571.428571428572,56.67899678855946,52.30619499999979,47.93339321144013,90.1723,48.3013,-1.4743592143830568,-0.9627139079716304,Bearish
921,2018-07-17,46.703438,49.5852,52.17662380952405,53.080784000000115,55.16463899999894,55.71772850000009,36.694063520351854,17738.095238095237,56.512284194994706,52.07597999999979,47.63967580500486,90.1723,48.257,-1.4467892870878316,-1.0595289837948705,Bearish
922,2018-07-18,49.72387,50.205,51.986885714285954,52.991884000000105,55.15471999999893,55.69224200000009,40.783015052600796,16452.380952380954,56.06014512109394,51.81919999999978,47.57825487890562,90.1723,48.257,-1.3592585544538167,-1.1194748979266598,Bearish
923,2018-07-19,49.441593,50.0279,51.73390000000024,52.885630000000106,55.14736899999893,55.66561650000008,39.988226970494495,16404.761904761905,55.804044964497024,51.61996999999978,47.43589503550255,90.1723,48.257,-1.289317854476124,-1.1534434892365526,Bearish
924,2018-07-20,48.544693,52.4629,51.66010952380978,52.8369300000001,55.164367999998944,55.6648015000001,53.42728095030778,13476.190476190475,55.60201422627715,51.54248999999978,47.48296577372241,90.1723,48.257,-1.0255829145565585,-1.1278713743005535,Bullish
925,2018-07-23,50.767109999999995,52.4629,51.586319047619284,52.84312800000011,55.185010999998944,55.6595120000001,53.42728095030778,13619.047619047617,55.546109327641325,51.51680999999978,47.48751067235825,90.1723,48.257,-0.8072654212912909,-1.0637501836987011,Bullish
926,2018-07-24,51.381268,52.5957,51.56818571428595,52.820106000000116,55.19249099999894,55.6567440000001,54.0777459210665,15238.095238095239,55.516723646918685,51.50352499999978,47.49032635308088,90.1723,48.257,-0.6164256140744442,-0.9742852697738498,Bullish
927,2018-07-25,49.651092999999996,52.5957,51.55553333333358,52.807708000000105,55.20647899999894,55.659399500000106,54.0777459210665,15238.095238095239,55.40582903999199,51.46013499999979,47.51444096000758,90.1723,48.257,-0.4598824532740764,-0.8714047064738951,Bullish
928,2018-07-26,52.98101,52.0645,51.48891428571452,52.80062600000011,55.215154999998944,55.667165000000104,50.78714313295736,15523.809523809525,55.165863386399366,51.36849499999979,47.57112661360021,90.1723,48.257,-0.3743687808148266,-0.7719975213420814,Bullish
929,2018-07-27,52.213375,52.6754,51.430728571428816,52.805762000000115,55.22993999999894,55.665403000000104,54.23601793476093,14690.47619047619,55.03653482391796,51.32377999999979,47.61102517608162,90.1723,48.257,-0.2543718148616847,-0.6684723800460021,Bullish
930,2018-07-30,51.434345,54.9068,51.494400000000226,52.85552600000011,55.26703899999894,55.661564500000104,64.12555620711761,14285.714285714286,55.31248283505872,51.3928449999998,47.47320716494088,89.9528,48.257,0.02054514495758042,-0.5306688750452856,Bullish
931,2018-07-31,53.52195699999999,55.0307,51.56607619047643,52.893600000000106,55.30884799999895,55.644462000000104,64.58321301716651,16047.619047619048,55.52917692844758,51.4459699999998,47.36276307155201,86.3814,48.257,0.2455855534204545,-0.3754179893521376,Bullish
932,2018-08-01,53.907955,55.7922,51.65293333333358,52.929194000000116,55.34187199999894,55.616588500000105,67.34088407851218,19190.47619047619,56.030557507667965,51.57922999999981,47.12790249233165,86.3814,48.257,0.4798470067355751,-0.204364990134595,Bullish
933,2018-08-02,52.031209999999994,57.1912,51.846466666666906,52.961956000000114,55.37144399999894,55.5836485000001,71.70046803326653,19642.85714285714,56.82910844816671,51.7824399999998,46.7357715518329,86.3814,48.257,0.7695179800538554,-0.0095883960969049,Bullish
934,2018-08-03,56.503365,59.1746,52.13444761904787,53.0260620000001,55.44245699999894,55.5673505000001,76.49162600393691,26309.52380952381,58.0572872742945,52.08481999999981,46.112352725705115,82.3287,48.257,1.1459186801743968,0.22151301915735547,Bullish
935,2018-08-06,57.673992000000005,57.7933,52.35665238095263,53.115314000000104,55.49797399999894,55.549439500000105,67.87330579838773,30285.714285714286,58.86425123587828,52.45094999999981,46.03764876412134,82.3287,48.257,1.3175714374748324,0.4407247028208509,Bullish
936,2018-08-07,55.95644,57.0938,52.67203809523835,53.207578000000105,55.537110999998944,55.543346500000105,63.94419523991552,34547.619047619046,59.40087399880886,52.82726499999981,46.253656001190755,81.9825,48.257,1.381241587069475,0.6288280796705756,Bullish
937,2018-08-08,57.702698,55.7922,52.96845238095264,53.278590000000115,55.56996099999894,55.539640000000105,57.29750468184396,35142.857142857145,59.678325629338076,53.115479999999806,46.552634370661536,77.8876,48.257,1.311553623508928,0.7653731884382461,Bullish
938,2018-08-09,57.96764399999999,58.5814,53.37576190476215,53.353146000000116,55.61609299999893,55.5498795000001,65.5591262084122,34738.09523809524,60.21387021573751,53.62948499999981,47.045099784262106,76.8829,48.257,1.4645085965197993,0.9052002700545568,Bullish
939,2018-08-10,54.66112,61.5034,54.004433333333594,53.498184000000116,55.69144499999893,55.574729000000104,71.72972504260541,40023.809523809534,61.24178178617238,54.28958999999981,47.33739821382723,76.7056,48.257,1.8007495742745263,1.0843101308985506,Bullish
940,2018-08-13,59.823685,61.9549,54.65460476190501,53.65561600000014,55.786275999998935,55.601836000000105,72.54816487865537,49476.190476190466,62.1109836544681,54.9744849999998,47.83798634553152,76.7056,48.257,2.079681969104876,1.2833844985398155,Bullish
941,2018-08-14,60.816722999999996,61.9549,55.306885714285954,53.83217400000014,55.87366899999892,55.628943000000106,72.54816487865537,58523.80952380952,62.89611168125808,55.5929699999998,48.28982831874151,74.2716,48.257,2.2745186662613652,1.481611332084125,Bullish
942,2018-08-15,58.827904000000004,60.1132,55.80821904761928,53.95418800000014,55.943530999998906,55.64736200000011,63.80901357776884,68261.90476190476,63.20417973372836,56.0883799999998,48.97258026627125,74.2716,48.257,2.2543318202584786,1.636155429718996,Bullish
943,2018-08-16,61.1128,58.971000000000004,56.22564761904786,54.07195400000013,56.001970999998896,55.65221700000011,59.05756215231078,69547.61904761905,63.180144207563025,56.5355349999998,49.89092579243657,74.2716,48.257,2.1217098546407414,1.7332663147033451,Bullish
944,2018-08-17,61.478497,61.9195,56.79191428571453,54.24869000000013,56.089895999998895,55.6718145000001,66.07940873202256,69714.28571428571,63.77125664050625,57.0083649999998,50.24547335949335,74.2716,48.257,2.2288327037477416,1.8323795925122244,Bullish
945,2018-08-20,57.563538,63.0086,57.29409047619073,54.44543600000014,56.188711999998894,55.69685750000011,68.24576836996494,78976.19047619047,64.44165456516865,57.53564999999981,50.62964543483097,74.2716,48.257,2.374240831068072,1.9407518402233936,Bullish
946,2018-08-21,62.57985,63.0086,57.79626666666692,54.636692000000146,56.28761599999889,55.721900500000096,68.24576836996494,96833.33333333331,64.96416220558794,58.05629499999979,51.14842779441165,74.2716,48.257,2.4611077019763807,2.0448230125739912,Bullish
947,2018-08-22,62.510180000000005,63.0086,58.292119047619295,54.81661400000014,56.40360999999889,55.7510650000001,68.24576836996494,113214.28571428572,65.32792436361261,58.57693999999979,51.82595563638698,74.2716,48.257,2.5011189803008307,2.136082206119359,Bullish
948,2018-08-23,60.577071999999994,63.0086,58.78797142857167,54.98856800000015,56.49392599999889,55.7802295000001,68.24576836996494,131166.66666666663,65.43473956390933,59.12414499999979,52.81355043609025,74.2716,48.257,2.503964067531655,2.209658578401818,Bullish
949,2018-08-24,63.12023000000001,62.7607,59.29731428571453,55.155564000000155,56.55484499999889,55.80815450000009,66.9369465066966,149119.04761904766,65.3846340251527,59.62840999999979,53.87218597484687,74.2716,48.257,2.4578824228545884,2.2593033472923723,Bullish
950,2018-08-27,63.460319999999996,63.9206,59.832800000000226,55.34575800000015,56.59902899999889,55.838365000000096,69.85044271778996,150309.52380952382,65.69581504744062,60.07909999999979,54.46238495255896,74.2716,48.257,2.4862961494141023,2.3047019077167183,Bullish
951,2018-08-28,59.84483,62.8758,60.212276190476416,55.519484000000155,56.616648999998894,55.877365500000096,64.34977011769887,160047.61904761905,65.7057670634554,60.47135499999979,55.23694293654418,74.2716,48.257,2.396877887893325,2.32313710375204,Bullish
952,2018-08-29,63.95685600000001,62.0081,60.54453333333357,55.652834000000155,56.59504399999889,55.9161490000001,60.115721739975754,163071.42857142858,65.58903196840171,60.78214999999979,55.97526803159787,74.2716,48.257,2.2302877640477803,2.304567235811188,Bearish
953,2018-08-30,62.52688199999999,62.6279,60.870042857143076,55.825142000000156,56.54758399999889,55.94818300000008,62.03719257041225,161238.09523809527,65.62704867999047,61.053984999999784,56.48092132000908,74.2716,48.257,2.1237947865158304,2.2684127459521166,Bearish
954,2018-08-31,61.17569399999999,63.5753,61.174047619047855,56.01639800000015,56.47595099999892,55.98187350000008,64.82660564074335,166380.95238095234,65.88750437588655,61.27401999999978,56.66053562411301,74.2716,48.257,2.09173339629546,2.2330768760207853,Bearish
955,2018-09-03,63.317875,62.8493,61.34903333333356,56.213854000000154,56.361727999998905,56.012454500000075,61.120407173935156,162023.80952380953,65.89738355617354,61.52681999999978,57.156256443826024,74.2716,48.257,1.9848621259370989,2.183433926004048,Bearish
956,2018-09-04,63.29766,62.1586,61.556904761904995,56.39979800000015,56.27672499999889,56.049387500000094,57.738376982622526,167880.95238095234,65.6523719370414,61.78005999999978,57.907748062958184,74.2716,48.257,1.8234129867567648,2.1114297381545915,Bearish
957,2018-09-05,59.44925,61.8487,61.78332857142878,56.567502000000154,56.19074799999889,56.084771000000075,56.2348420436166,169380.95238095234,64.8138256125469,62.08288499999977,59.35194438745263,74.2716,48.257,1.651420493247883,2.01942788917325,Bearish
958,2018-09-06,63.024980000000006,60.7419,62.019028571428784,56.70439400000015,56.12867799999889,56.11462050000009,51.11528917143472,168547.61904761905,64.49719006533512,62.19090999999977,59.884629934664424,74.2716,48.257,1.4095571949916632,1.8974537503369329,Bearish
959,2018-09-07,61.415836,60.2637,62.09913809523832,56.838274000000155,56.09308299999889,56.142079000000074,49.0380575894079,169714.2857142857,64.56856695234889,62.12892499999977,59.68928304765064,74.2716,48.257,1.1658528194918674,1.7511335641679195,Bearish
960,2018-09-10,59.956306000000005,60.7596,62.06371904761926,56.982956000000144,56.0631549999989,56.17201700000007,51.250507336902544,165357.14285714287,64.58043829715446,62.06915999999977,59.55788170284506,74.2716,48.257,1.0011892453026618,1.6011447003948682,Bearish
961,2018-09-11,61.172516,61.3617,62.03547142857165,57.13082600000014,56.0249919999989,56.201711500000066,53.86916062667556,156238.09523809527,64.5694187109787,62.03949999999977,59.50958128902085,74.2716,48.257,0.9088005276865871,1.4626758658532115,Bearish
962,2018-09-12,61.545692,61.9195,62.033785714285926,57.30667600000015,56.00214699999891,56.234195000000064,56.215664268333924,152285.7142857143,64.50228526309313,62.12981499999977,59.757344736906404,74.2716,48.257,0.8705563696946612,1.3442519666215016,Bearish
963,2018-09-13,58.056076000000004,61.5388,62.10167142857164,57.474912000000145,55.9800109999989,56.272064000000064,54.1896825020817,141166.66666666663,64.16527513139572,62.25820499999977,60.35113486860382,74.2716,48.257,0.8003028969694199,1.2354621526910852,Bearish
964,2018-09-14,62.198143,62.2029,62.25557142857164,57.65643000000014,55.99116799999892,56.313253500000066,57.09454753367167,140261.90476190473,64.17336969848354,62.27237499999977,60.37138030151603,74.2716,48.257,0.7891173796266315,1.1461931980781943,Bearish
965,2018-09-17,61.81321,61.9727,62.258104761904974,57.88647000000015,56.008876999998925,56.35606850000007,55.774306109316846,140428.57142857142,64.09477463411794,62.22057999999978,60.346385365881616,74.2716,48.257,0.7529974742483603,1.0675540533122276,Bearish
966,2018-09-18,60.332786999999996,61.9727,62.20877619047641,58.13457400000014,56.02658599999892,56.38907800000007,55.774306109316846,130880.95238095238,64.00997169157993,62.168784999999794,60.32759830841964,74.2716,48.257,0.7161172352853455,0.9972666897068512,Bearish
967,2018-09-19,62.240883,60.6976,62.098728571428786,58.347968000000144,56.04774799999893,56.40430150000007,48.560706843484354,113785.71428571428,63.958065815912,62.05323499999979,60.14840418408758,74.2716,48.257,0.5773442020774553,0.9132821921809721,Bearish
968,2018-09-20,62.202847,60.6976,61.98868095238115,58.59589400000014,56.07856199999893,56.427942000000066,48.560706843484354,96619.04761904762,63.87675127562094,61.93768499999978,59.998618724378616,74.2716,48.257,0.4620394700532913,0.8230336477554359,Bearish
969,2018-09-21,58.1559,60.6976,61.87863333333354,58.84382000000014,56.11070399999893,56.451582500000065,48.560706843484326,79452.38095238095,63.80671296021189,61.83452999999978,59.862347039787686,74.2716,48.257,0.3664355977260598,0.7317140377495607,Bearish
970,2018-09-24,61.67878,60.2018,61.756780952381156,59.08271600000013,56.141606999998935,56.471659500000065,45.69083030678214,62285.714285714275,63.496300674252645,61.64858999999978,59.800879325746926,74.2716,48.257,0.2478053775525808,0.6349323057101647,Bearish
971,2018-09-25,60.46576999999999,60.1929,61.579271428571644,59.29487000000013,56.18782699999893,56.491692000000064,45.638689284133775,64880.952380952374,63.37580284040797,61.51444499999978,59.6530871595916,74.2716,48.257,0.15132750844170315,0.5382113462564724,Bearish
972,2018-09-26,59.034325,59.7679,61.431276190476396,59.486128000000136,56.239005999998945,56.517712500000066,43.10880814585526,58738.09523809524,63.39637905268828,61.402434999999784,59.408490947311286,74.2716,48.257,0.040111770438116416,0.4385914310928012,Bearish
973,2018-09-27,60.446180000000005,58.971000000000004,61.286652380952596,59.66499000000013,56.27530999999893,56.53458550000007,38.769174318852755,54619.04761904762,63.39309087364726,61.21958999999979,59.04608912635232,74.2716,48.257,-0.11105055159247712,0.3286630345557455,Bearish
974,2018-09-28,60.541385999999996,58.971000000000004,61.112514285714504,59.795152000000115,56.31604099999893,56.544820500000064,38.769174318852755,53690.47619047619,63.090200490050506,60.98937499999979,58.888549509949065,74.2716,48.257,-0.2282170369259333,0.21728702025940974,Bearish
975,2018-10-01,56.46951,58.4397,60.867961904762105,59.91468800000013,56.37890799999892,56.552399000000065,35.969384486744104,48166.66666666666,62.96601273422542,60.76889499999978,58.571777265774145,74.2716,48.257,-0.35979628284900395,0.10187035963772703,Bearish
976,2018-10-02,59.73111,59.6439,60.71532380952402,60.05565200000014,56.43787899999892,56.56599850000005,45.564770089078245,45833.33333333334,62.795125596785596,60.64315999999978,58.49119440321397,74.2716,48.257,-0.3627236546366035,0.008951556782860914,Bearish
977,2018-10-03,59.115334,59.2632,60.57744761904783,60.18900200000013,56.498354999998924,56.56793250000007,43.35288918894434,36309.52380952382,62.67126776836647,60.51388499999979,58.35650223163311,74.2716,48.257,-0.3912528074088115,-0.07108931605547357,Bearish
978,2018-10-04,57.75070600000001,57.0584,60.349338095238295,60.288880000000134,56.54475299999892,56.548039000000045,33.27763492604537,33047.619047619046,62.955789937043974,60.32970999999978,57.70363006295559,74.2716,48.257,-0.5850274677584366,-0.1738769463960662,Bearish
979,2018-10-05,58.788864000000004,55.7834,60.113219047619246,60.35104000000011,56.57840099999892,56.529276500000044,29.07024866960807,33142.857142857145,63.396360649081686,60.105694999999784,56.81502935091788,74.2716,48.257,-0.8318876436134701,-0.30547908583954697,Bearish
980,2018-10-08,58.62489300000001,54.64100000000001,59.84547142857164,60.34572400000012,56.60062499999892,56.50480200000005,25.909359288395862,32261.904761904767,63.84218601880085,59.79976499999979,55.75734398119872,74.2716,48.257,-1.1069480361652635,-0.4657728759046903,Bearish
981,2018-10-09,53.970215,57.368,59.68396666666687,60.39247000000013,56.643034999998925,56.487931500000045,42.094951877190375,31928.571428571428,63.70817436485375,59.60007999999978,55.491985635145824,74.2716,48.257,-1.0922979387495388,-0.59107788847366,Bearish
982,2018-10-10,57.354282,60.2331,59.63022380952401,60.48128800000011,56.70524099999892,56.494064000000044,53.57103290910498,31738.09523809524,63.497242248829615,59.51575999999979,55.53427775116996,74.2716,48.257,-0.8398171166859498,-0.640825734116118,Bearish
983,2018-10-11,58.211987,62.6377,59.664423809524024,60.590218000000114,56.77608699999893,56.51612450000004,60.624339645226776,27309.52380952381,63.690278860248796,59.57070499999978,55.45113113975078,74.2716,48.257,-0.4406139983547988,-0.6007833869638541,Bullish
984,2018-10-12,57.4121,60.9978,59.63866190476212,60.62668200000013,56.82637199999893,56.528250000000035,54.53918525692252,32523.809523809527,63.507698560465535,59.51044999999978,55.513201439534036,74.2716,48.257,-0.253645013926068,-0.5313557123562969,Bullish
985,2018-10-15,60.382874,61.7256,59.61593333333354,60.705328000000144,56.91032099999892,56.52939300000003,56.6202747019134,33523.809523809534,63.466246756428006,59.49809499999978,55.529943243571566,74.2716,48.257,-0.04621068123773142,-0.4343267061325838,Bullish
986,2018-10-16,60.861553,61.4769,59.59232380952402,60.792990000000145,57.00028399999892,56.53306700000004,55.682240548269384,33261.90476190476,63.38510382535475,59.47330499999978,55.56150617464481,74.2716,48.257,0.09699639629572232,-0.3280620856469226,Bullish
987,2018-10-17,58.325480000000006,61.7164,59.580119047619256,60.91147400000013,57.09503199999892,56.54184350000003,56.430824371337785,33285.71428571428,63.52403323215018,59.52424499999978,55.52445676784939,74.2716,48.257,0.22719571463337476,-0.21701052559086312,Bullish
988,2018-10-18,62.569176,61.2557,59.606695238095455,60.96496000000014,57.159052999998906,56.54441150000003,54.52299417985358,32214.285714285717,63.59188093635575,59.55214999999978,55.51241906364381,74.2716,48.257,0.2898636054719006,-0.11563569937831038,Bullish
989,2018-10-19,61.37100600000001,61.2281,59.63195714285736,60.95945400000014,57.2288189999989,56.55486800000004,54.40432653742898,31238.09523809524,63.654943180044825,59.578674999999784,55.502406819954736,74.2716,48.257,0.3334573819924316,-0.02581708310416199,Bullish
990,2018-10-22,59.99298,61.6795,59.678714285714506,60.95394600000014,57.304780999998904,56.565846000000036,56.08768313124288,30333.33333333333,63.82379033237774,59.65255999999978,55.48132966762182,74.2716,48.257,0.39982108289036944,0.0593105500947443,Bullish
991,2018-10-23,61.72205699999999,59.1552,59.6288761904764,60.89795200000013,57.365062999998905,56.56615500000004,45.88552038785266,29357.142857142862,63.76954465539218,59.60067499999978,55.43180534460736,74.2716,48.257,0.2458904088600917,0.09662652184781377,Bullish
992,2018-10-24,61.622437,62.0941,59.71940952380973,60.93757000000014,57.445878999998904,56.577731000000036,55.935065430029404,27571.42857142857,64.02548856217211,59.71698499999978,55.408481437827426,74.2716,48.257,0.3569294487638857,0.14868710723102815,Bullish
993,2018-10-25,57.75865,61.4676,59.80034761904782,60.987502000000134,57.529727999998904,56.59090350000004,53.64785447519779,26738.09523809524,64.20100124071664,59.84181499999977,55.482628759282896,74.2716,48.257,0.3898810675060176,0.19692589928602605,Bullish
994,2018-10-26,61.980415,61.2926,59.91090000000021,60.97496400000014,57.611826999998904,56.60320100000004,52.995976025993656,33380.95238095238,64.34171731460822,59.95789499999977,55.57407268539132,74.2716,48.257,0.3972946597682992,0.23699965138248066,Bullish
995,2018-10-29,61.328117000000006,61.7717,60.04426666666687,60.950226000000136,57.69783099999891,56.61268800000004,54.621658379275,36952.38095238096,64.51811200083785,60.12449499999978,55.7308779991617,74.2716,48.257,0.4367942587228768,0.2769585728505599,Bullish
996,2018-10-30,59.660045999999994,61.8822,60.208195238095456,60.927698000000134,57.7821949999989,56.62641500000005,55.00816342195654,52476.190476190466,64.6889914471776,60.23640999999977,55.783828552821944,74.2716,48.257,0.4715783404254879,0.3158825263655455,Bullish
997,2018-10-31,62.029785,63.9643,60.413928571428784,60.946812000000136,57.8817129999989,56.65701750000004,61.638376846277104,53642.857142857145,65.18256713869857,60.47146499999978,55.760362861300976,74.2716,48.257,0.6595501612417749,0.38461605334079135,Bullish
998,2018-11-01,62.47449,65.3739,60.7049142857145,60.994118000000135,57.99134299999889,56.694668000000036,65.3601413411715,71833.33333333331,65.78417569548843,60.88723999999978,55.990304304511106,74.2716,48.257,0.9117520133201538,0.4900432453366638,Bullish
999,2018-11-02,60.010296,65.337,61.09913333333355,61.04564400000013,58.1006039999989,56.73499750000003,65.18186494173382,92142.85714285713,66.03584097327189,61.36491999999978,56.693999026727674,74.2716,48.257,1.096012130893584,0.6112370224480479,Bullish
1000,2018-11-05,65.32258,63.476000000000006,61.46544761904784,61.03675200000014,58.191254999998904,56.778213500000035,56.771481614568046,144261.90476190473,65.39638338807815,61.806669999999784,58.216956611921425,74.2716,48.257,1.0794294636830983,0.7048755106950579,Bullish
1001,2018-11-06,64.112495,63.172,61.871685714285924,61.04267600000014,58.281079999998894,56.823988000000035,55.511444235379976,160976.19047619047,65.09380926807836,62.09686999999978,59.09993073192121,74.2716,48.257,1.0298854427782091,0.7698774971116882,Bullish
1002,2018-11-07,62.486557,63.3563,62.15684285714307,61.06964000000014,58.361236999998894,56.86743000000004,56.14690664994721,171952.38095238095,65.1696386910225,62.25302999999978,59.33642130897706,74.2716,48.257,0.9940343102427178,0.8147088597378941,Bullish
1003,2018-11-08,64.040215,62.8864,62.283190476190704,61.074810000000134,58.44997599999889,56.913252000000035,54.0279369869528,180595.23809523808,65.19063594359379,62.26546499999979,59.340294056405796,74.2716,48.257,0.9171328894785304,0.8351936656860214,Bullish
1004,2018-11-09,64.26688399999999,64.5355,62.373561904762134,61.09401400000014,58.5552059999989,56.967146000000035,59.76661326420767,183690.47619047613,65.46570719129413,62.44234999999978,59.418992808705454,74.2716,48.257,0.9779829684868916,0.8637515262461954,Bullish
1005,2018-11-12,60.142821999999995,62.2692,62.434104761904976,61.08241200000014,58.6481329999989,57.009708500000045,50.44681384241596,437333.33333333326,65.47635286950086,62.46952999999978,59.462707130498686,74.2716,48.257,0.8337249623710791,0.8577462134711722,Bearish
1006,2018-11-13,63.946484,62.3152,62.462180952381175,61.085544000000134,58.7426709999989,57.052501000000035,50.615145891585094,492857.1428571429,65.48493738876728,62.51144499999978,59.53795261123227,74.2716,48.257,0.7148706845040351,0.8291711076777448,Bearish
1007,2018-11-14,62.59345,62.6469,62.51789523809546,61.101508000000145,58.83450499999889,57.096474500000035,51.88441388877994,496119.0476190476,65.50928309497264,62.55796999999977,59.6066569050269,74.2716,48.257,0.6400649604258177,0.7913498782273594,Bearish
1008,2018-11-15,61.227173,62.2415,62.542900000000216,61.13150000000015,58.917946999998904,57.14289000000005,50.186674857017906,497738.0952380953,65.50232134472957,62.60725999999978,59.712198655269994,74.2716,48.257,0.541822698422358,0.7414444422663591,Bearish
1009,2018-11-16,63.003569999999996,63.4668,62.6481904761907,61.19556200000015,59.016917999998924,57.20332850000004,54.98145646895443,508809.52380952385,65.56500029095922,62.71919499999977,59.87338970904031,74.2716,48.257,0.5564223769276566,0.7044400291986186,Bearish
1010,2018-11-19,63.026835999999996,63.4208,62.752604761904976,61.24878600000015,59.115870999998926,57.253601000000046,54.768322428315784,514547.61904761905,65.62593077399976,62.80625999999978,59.98658922599979,74.2716,48.257,0.5578503600651104,0.6751220953719169,Bearish
1011,2018-11-20,59.716454000000006,64.1209,62.868861904762134,61.30397000000014,59.2173979999989,57.30628950000005,57.470499412452746,522880.9523809524,65.37479700141111,63.05454499999978,60.73429299858846,74.2716,48.257,0.6084603142603839,0.6617897391496104,Bearish
1012,2018-11-21,64.355225,64.1209,63.10532380952405,61.34799800000015,59.32733699999889,57.365442500000036,57.470499412452746,538023.8095238096,65.47653616836841,63.15588499999978,60.83523383163116,74.2716,48.257,0.6411779670998712,0.6576673847396626,Bearish
1013,2018-11-22,63.874947,62.2692,63.11366190476215,61.362606000000156,59.41875899999889,57.41646550000005,48.56991792820609,551071.4285714285,65.42445709764105,63.19596499999979,60.96747290235852,74.2716,48.257,0.5117906242578698,0.628492032643304,Bearish
1014,2018-11-23,61.887234,64.4802,63.257119047619284,61.40815200000015,59.53229099999889,57.47420450000005,57.111151443968275,551619.0476190476,65.46954965756096,63.355344999999794,61.24114034243861,74.2716,48.257,0.5809624710425396,0.6189861203231511,Bearish
1015,2018-11-26,63.842705,66.7005,63.51463809523833,61.502708000000155,59.69458899999889,57.538706500000046,63.641252369563986,560738.0952380953,66.04378351295115,63.60178499999978,61.15978648704843,74.2716,48.257,0.8056542316739197,0.6563197425933048,Bullish
1016,2018-11-27,64.78959,68.7549,63.847171428571656,61.638352000000154,59.88646299999889,57.615649500000046,68.43082506440902,656571.4285714285,67.14081371761347,63.94541999999977,60.750026282386074,74.2716,48.257,1.1363973007534938,0.7523352542253426,Bullish
1017,2018-11-28,62.367380000000004,71.095,64.28587619047642,61.846300000000156,60.097133999998896,57.70212400000005,72.822511010232,715785.7142857143,68.76573139785711,64.30195499999977,59.83817860214243,74.2716,48.257,1.569250733214659,0.915718350023206,Bullish
1018,2018-11-29,69.01861,72.7072,64.70220476190501,62.086492000000156,60.341192999998896,57.796876500000046,75.3651629884599,736238.0952380953,70.4381383790816,64.66861999999978,58.89910162091797,74.2716,48.257,2.019106263111979,1.1363959326409605,Bullish
1019,2018-11-30,71.070305,76.0975,65.21285238095261,62.394490000000154,60.61915499999889,57.91704100000005,79.67214487599556,737952.380952381,72.83317579519479,65.20664499999978,57.58011420480477,74.2716,48.257,2.618998700916308,1.43291648629603,Bullish
1020,2018-12-03,69.680824,73.5548,65.60417619047642,62.661550000000155,60.8721329999989,58.022322500000065,69.81375426363455,734523.8095238096,74.10626614171,65.71058499999977,57.31490385828954,76.0975,48.257,2.856317292347996,1.717596647506423,Bullish
1021,2018-12-04,73.58595,75.1578,66.1604523809526,62.960848000000155,61.12785899999889,58.14624900000007,72.15312503940251,696404.7619047619,75.56254808985184,66.30987499999976,57.057201910147676,76.0975,48.257,3.137574681163727,2.001592254237884,Bullish
1022,2018-12-05,73.889854,74.9367,66.72067619047641,63.264224000000155,61.375175999998895,58.26494800000007,71.33199071780541,695714.2857142857,76.75857602453533,66.88889499999976,57.019213975464204,76.0975,48.257,3.3045395905645023,2.2621817215032074,Bullish
1023,2018-12-06,70.40393,76.6779,67.35503809523831,63.618362000000154,61.641675999998895,58.394522500000065,73.85538921217041,693642.8571428572,78.13638074676123,67.57846999999975,57.020559253238275,76.0975,48.257,3.536593128236745,2.517064002849915,Bullish
1024,2018-12-07,76.65185,79.6444,68.15303809523833,64.03183000000017,61.91349099999889,58.538929500000044,77.4906216271571,695047.6190476189,80.01518594169471,68.33391499999975,56.65264405830478,76.6779,48.257,3.9147422745242584,2.7965996571847835,Bullish
1025,2018-12-10,77.80296,82.9242,69.02869047619069,64.52152000000017,62.21810399999888,58.701557500000035,80.68781627944956,699166.6666666665,82.30517071871728,69.36666499999976,56.42815928128224,79.6444,48.257,4.428036992846117,3.1228871243170504,Bullish
1026,2018-12-11,76.26479,82.1411,69.97497142857165,64.97146400000015,62.51355799999889,58.853024500000046,77.84473442519521,454666.66666666674,84.00225819777417,70.35795999999975,56.71366180222533,82.9242,48.257,4.717259498735358,3.441761599200712,Bullish
1027,2018-12-12,80.82437,83.2466,70.97170476190496,65.45113200000016,62.82006699999889,59.01327300000005,78.97121027689742,412214.2857142858,85.64468782064762,71.38794499999975,57.13120217935187,82.9242,48.257,4.978288419318275,3.749066963224225,Bullish
1028,2018-12-13,80.892815,86.37899999999998,72.10180476190496,66.03754400000017,63.16321199999889,59.18918350000004,81.79559901264206,423595.2380952381,87.61625074299484,72.59481999999973,57.573389257004635,83.2466,48.257,5.375943688500684,4.074442308279517,Bullish
1029,2018-12-14,78.15887,90.3497,73.4402904761907,66.72887000000017,63.53995499999888,59.384947500000045,84.61623681596026,433000.0,90.21162555017722,73.93896499999973,57.666304449822285,86.37899999999998,48.257,5.942983643689175,4.448150575361448,Bullish
1030,2018-12-17,87.54417,91.4092,74.77088095238115,67.46423400000018,63.90497899999888,59.58600900000004,85.27198011240638,435595.2380952381,92.5395895866939,75.33838499999975,58.1371804133056,90.3497,48.257,6.404037926031278,4.8393280454954155,Bullish
1031,2018-12-18,89.875046,91.0407,76.0861142857145,68.13768800000017,64.26507899999888,59.78696350000004,83.9319340741647,446690.47619047615,94.36998576807078,76.68437499999975,58.99876423192874,91.4092,48.257,6.662886290532569,5.204039694502844,Bullish
1032,2018-12-19,86.2414,92.0172,77.41450952380974,68.77337000000017,64.62732899999888,59.984600500000035,84.62160789342235,459904.7619047619,95.98029936181871,78.07918999999976,60.1780806381808,91.4092,48.257,6.867654823511843,5.536762720304644,Bullish
1033,2018-12-20,90.92005999999999,93.915,78.83327619047641,69.39891600000017,64.99456699999888,60.183005500000036,85.8892405034784,451333.33333333326,97.28528687361828,79.66147999999976,62.037673126381215,92.0172,48.257,7.101213590677801,5.849652894379276,Bullish
1034,2018-12-21,91.66431,98.5859,80.56264285714308,70.15067800000017,65.38867999999887,60.415568500000035,88.4194021299868,455357.1428571429,99.380622526174,81.36676499999976,63.35290747382553,93.915,48.257,7.575883125173334,6.194898940538088,Bullish
1035,2018-12-24,87.71786999999999,102.1973,82.35869523809545,70.96011200000017,65.83271999999887,60.66534700000005,89.9237748385341,468380.9523809524,102.00058712359541,83.14160499999976,64.28262287640415,98.5859,48.257,8.149529249063875,6.5858250022432445,Bullish
1036,2018-12-25,98.555824,102.1973,84.04901904761927,71.77452000000015,66.28375499999889,60.91043300000005,89.9237748385341,462119.0476190476,104.19685456660211,84.81372499999978,65.43059543339744,102.1973,48.257,8.506094967222396,6.9698789952390765,Bullish
1037,2018-12-26,101.128815,105.9561,85.820504761905,72.65931400000017,66.78539399999886,61.17767750000005,91.28962839958368,372904.7619047619,106.9359868017033,86.55677999999979,66.17757319829626,102.1973,48.257,8.988367310882523,7.373576658367765,Bullish
1038,2018-12-27,97.92638000000001,108.3422,87.5941809523812,73.60104400000016,67.28300199999886,61.44954750000005,92.02834658459864,322238.0952380953,109.76683532955411,88.33852999999979,66.91022467044544,105.9561,48.257,9.45412863641815,7.7896870539778424,Bullish
1039,2018-12-28,104.99233000000001,110.581,89.39769523809548,74.58810200000015,67.77377799999888,61.73261150000005,92.65755450276636,323309.5238095238,112.784018404425,90.06270499999977,67.34139159557452,108.3422,48.257,9.889895730368638,8.209728789256001,Bullish
1040,2018-12-31,105.28551499999999,113.7962,91.19287142857165,75.63043600000016,68.29219099999888,62.039233500000044,93.45636246310244,349214.2857142857,115.7014114844367,92.07477499999978,68.44813851556282,110.581,48.257,10.375086522149005,8.642800335834602,Bullish
1041,2019-01-01,102.272125,108.1119,92.83844761904786,76.60957000000015,68.75376099999889,62.313715000000066,77.41991935078131,389761.9047619047,116.99390650381818,93.72247999999978,70.45105349618134,113.7962,48.257,10.18353872058492,8.950948012784666,Bullish
1042,2019-01-02,110.22163,102.7132,94.15060952380976,77.42195200000015,69.17976099999889,62.561646000000046,65.86083812673566,383357.1428571429,117.00718258419649,95.11130499999977,73.215427415803,113.7962,48.257,9.4867484063044,9.058108091488613,Bullish
1043,2019-01-03,106.1284,97.5817,95.22894285714308,78.14423400000015,69.5658679999989,62.783919500000046,57.12967371376851,369000.0,116.36348025139559,96.15649499999977,75.94950974860393,113.7962,48.257,8.423368548605367,8.931160182911963,Bearish
1044,2019-01-04,101.79113000000001,93.0122,96.00676666666688,78.77862600000016,69.87679499999889,62.98334550000005,50.68588911981801,359785.7142857142,115.63931388140163,96.82488499999977,78.01045611859789,113.7962,48.257,7.1297248589710165,8.570873118123776,Bearish
1045,2019-01-07,100.36725600000001,88.5624,96.43143333333357,79.31444000000015,70.1323329999989,63.16052250000005,45.32459430652194,366452.38095238095,115.23612935408264,97.10679499999979,78.9774606459169,113.7962,48.257,5.679966129383189,7.992691720375657,Bearish
1046,2019-01-08,98.54816,84.5917,96.5108380952383,79.76863000000016,70.34816399999889,63.31789000000007,41.14258091049084,389166.66666666674,114.9816156951112,97.22932499999978,79.47703430488832,113.7962,48.257,4.162635316978097,7.226680439696145,Bearish
1047,2019-01-09,85.64945,87.3463,96.75870476190498,80.23627000000015,70.59154099999887,63.497575500000046,44.938162612650544,396071.4285714286,114.62172593340382,97.43430999999977,80.2468940665957,113.7962,48.257,3.1461461013675205,6.410573572030421,Bearish
1048,2019-01-10,89.29881999999999,87.7425,96.97279523809546,80.68364200000015,70.83887999999891,63.666403000000045,45.482730263716924,417285.7142857143,114.52396952754091,97.5024849999998,80.48100047245866,113.7962,48.257,2.3455035979533387,5.597559577215004,Bearish
1049,2019-01-11,87.612335,85.7802,96.94428095238119,81.09250600000016,71.06907499999889,63.811960000000035,43.203662089233305,407595.2380952381,114.78891961129445,97.27400999999979,79.75910038870514,113.7962,48.257,1.5349534474384825,4.7850383512597,Bearish
1050,2019-01-14,84.428566,85.5683,96.71659523809545,81.53435200000015,71.28555199999889,63.94229050000004,42.953363613780375,411380.9523809524,115.06390150075468,96.98196499999978,78.90002849924484,113.7962,48.257,0.8655109825343743,4.0011328775146335,Bearish
1051,2019-01-15,86.18315,85.1721,96.41959047619068,81.97435400000015,71.50851499999891,64.06258200000005,42.458066209997355,414142.85714285716,115.32846201866948,96.68853499999977,78.04860798133005,113.7962,48.257,0.2995499518256537,3.2608162923768385,Bearish
1052,2019-01-16,86.57981,84.4904,96.10767142857165,82.39703600000016,71.73333799999888,64.16419100000005,41.569865735095135,398642.85714285716,115.60662366316929,96.31219499999978,77.01776633683025,113.7962,48.257,-0.20166111157094235,2.5683208115872818,Bearish
1053,2019-01-17,80.31959,84.0482,95.72819523809544,82.82027200000014,71.94754099999888,64.24756250000004,40.97112499778621,379714.2857142858,115.82468529804369,95.81885499999977,75.81302470195583,113.7962,48.257,-0.6273249235019307,1.92919166456944,Bearish
1054,2019-01-18,85.41071,85.2274,95.31450000000021,83.23411000000014,72.16406199999888,64.32000650000003,43.31576355485449,377428.5714285714,115.62904580416088,95.15092999999978,74.67281419583864,113.7962,48.257,-0.8596059736073869,1.3714321369340745,Bearish
1055,2019-01-21,84.918724,83.0071,94.57265238095259,83.64886800000015,72.36563999999888,64.36368400000003,40.08708544105635,375357.1428571429,115.05370282107755,94.19141999999977,73.32913717892194,113.7962,48.257,-1.2089144205719862,0.8553628254328621,Bearish
1056,2019-01-22,81.85951999999999,83.9745,93.70490000000021,84.08205400000016,72.58379899999888,64.43026200000004,42.1117284819309,376357.1428571429,114.25579925580448,93.28027999999978,72.30476074419501,113.7962,48.257,-1.3916408172471222,0.4059620968968653,Bearish
1057,2019-01-23,84.20962,86.7383,92.96875714285736,84.56388200000015,72.83269499999888,64.51172150000004,47.563605527522675,366880.9523809524,112.63449245142333,92.31938999999973,72.00428754857616,113.7962,48.257,-1.2984692953573074,0.06507581844603066,Bearish
1058,2019-01-24,84.7425,84.9971,91.97070952380972,85.01899400000015,73.07524699999887,64.60196250000004,44.70695390355994,370428.5714285714,110.29973403437836,91.15213499999977,72.00453596562113,113.7962,48.257,-1.3495734386589362,-0.21785403297496275,Bearish
1059,2019-01-25,80.22511999999999,83.5783,90.7914761904764,85.42122400000015,73.30839299999887,64.70073800000004,42.46870326603043,346595.2380952381,106.98674692837272,89.80199999999975,72.61725307162678,113.7962,48.257,-1.4874131698649506,-0.4717658603529604,Bearish
1060,2019-01-28,85.1589,83.3111,89.49290952380974,85.81903000000015,73.53390799999887,64.79853150000004,42.04181418914028,325238.0952380953,101.66819471635088,88.27774499999973,74.8872952836486,113.7962,48.257,-1.5997717835464298,-0.6973670449916543,Bearish
1061,2019-01-29,83.78676999999999,82.353,87.9956142857145,86.18367200000016,73.74382099999887,64.88440650000004,40.470915628679926,279809.5238095238,97.04020865160335,86.98979999999975,76.93939134839614,113.7962,48.257,-1.7460006485840864,-0.9070937657101408,Bearish
1062,2019-01-30,81.51430500000001,83.0255,86.80102380952403,86.56176400000015,73.95488099999885,64.97851400000005,42.10609598744696,221857.1428571429,93.13512271752406,86.00541499999973,78.87570728247545,113.7962,48.257,-1.7870232562508193,-1.0830796638182765,Bearish
1063,2019-01-31,83.46495,85.4024,85.97670000000019,87.02442800000016,74.19351699999885,65.08676400000004,47.58616127628381,219976.19047619047,90.15250184898376,85.39644999999975,80.64039815101575,113.7962,48.257,-1.6091882821292955,-1.1883013874804802,Bearish
1064,2019-02-01,83.71363000000001,86.25,85.43709523809544,87.45982400000015,74.43398799999886,65.21257800000005,49.424631794683606,221523.80952380953,88.33072989269668,85.05833999999975,81.78595010730281,113.7962,48.257,-1.3839057436337472,-1.2274222587111336,Bearish
1065,2019-02-04,79.48093,87.2358,85.16202857142876,87.87053000000016,74.68661899999887,65.34774800000005,51.553062802709704,231761.9047619048,88.02244166031366,84.99200999999974,81.96157833968579,113.7962,48.257,-1.1129920084177627,-1.2045362086524594,Bullish
1066,2019-02-05,86.58224,87.2358,85.09885714285733,88.24014800000019,74.93924999999885,65.48291800000004,51.553062802709704,216880.9523809524,88.30045058530054,85.12421499999974,81.94797941469892,113.7962,48.257,-0.8880539878534677,-1.1412397644926608,Bullish
1067,2019-02-06,86.92641,87.853,85.25415714285734,88.57530800000015,75.21080399999886,65.62927600000005,52.98961304705377,188261.9047619048,88.40341327466646,85.14954999999975,81.89568672533304,113.7962,48.257,-0.6524648949571912,-1.043484790585567,Bullish
1068,2019-02-07,84.34199,86.4803,85.21291904761924,88.8507700000002,75.46863099999888,65.77359650000004,49.47577682371653,171357.14285714287,88.18179068995913,85.08643999999973,81.99108931004034,113.7962,48.257,-0.5699541823466348,-0.9487786689377806,Bullish
1069,2019-02-08,87.292885,85.4577,85.10411904761924,89.03797400000019,75.71623199999884,65.91346800000005,46.97665353652402,137357.14285714287,88.15438082960411,85.07031499999974,81.98624917039537,113.7962,48.257,-0.5803887615566339,-0.8751006874615512,Bullish
1070,2019-02-11,87.04155,83.6981,85.00497142857162,89.24084000000019,75.95119499999885,66.04640100000005,42.95587225031426,134142.85714285713,88.10785634900756,84.97680499999976,81.84575365099195,113.7962,48.257,-0.7223168363045716,-0.8445439172301553,Bullish
1071,2019-02-12,80.65992,84.0482,84.9325857142859,89.41864800000019,76.18974799999886,66.18878750000003,43.983201141766436,121904.76190476194,88.07587297791821,84.92060999999975,81.7653470220813,113.7962,48.257,-0.7973543098386529,-0.8351059957518548,Bullish
1072,2019-02-13,85.59395,82.8966,84.82422857142876,89.57784600000019,76.42103499999885,66.33002050000003,41.345525989249595,109261.90476190476,88.11392926406027,84.84091999999976,81.56791073593924,113.7962,48.257,-0.9389232214697644,-0.8558694408954367,Bearish
1073,2019-02-14,83.67151,83.0163,84.75403333333355,89.70461400000019,76.66148799999887,66.46839900000003,41.73664340278496,110071.42857142855,88.14225030422605,84.78932499999976,81.43639969577345,113.7962,48.257,-1.0295903377451907,-0.8906136202653875,Bearish
1074,2019-02-15,81.30875999999999,83.2835,84.71761904761925,89.77739600000021,76.90461299999886,66.61032700000004,42.65586871004536,109095.23809523806,88.1008600375095,84.69212999999976,81.28339996249001,113.7962,48.257,-1.0675775047673,-0.92600639716577,Bearish
1075,2019-02-18,83.50992600000001,83.0716,84.61496190476211,89.78034400000018,77.15093199999886,66.76492000000003,42.08875295071344,105190.47619047617,88.09781839320931,84.69535499999975,81.29289160679019,113.7962,48.257,-1.1020771085052132,-0.9612205394336586,Bearish
1076,2019-02-19,83.53560999999999,82.9426,84.6118904761907,89.79637400000021,77.38391899999887,66.91089900000003,41.7250612882542,88476.19047619047,88.11890209750112,84.64375999999976,81.16861790249841,113.7962,48.257,-1.12683802757617,-0.9943440370621608,Bearish
1077,2019-02-20,78.124954,82.9979,84.56538571428592,89.79140000000021,77.62126599999887,67.05981050000003,41.956608827174776,70738.09523809524,87.86277261021057,84.45673999999975,81.05070738978895,113.7962,48.257,-1.128984753029755,-1.0212721802556797,Bearish
1078,2019-02-21,83.7567,83.7165,84.4214904761907,89.7381500000002,77.88784699999887,67.21630000000003,45.01404154315146,70000.0,87.80384647393663,84.39270999999977,80.98157352606289,113.7962,48.257,-1.0604765208007478,-1.0291130483646933,Bearish
1079,2019-02-22,83.474304,83.9745,84.37279523809545,89.61064600000022,78.16975799999888,67.37407950000002,46.111572596208326,55928.571428571435,87.80907847743201,84.41251999999976,81.01596152256755,113.7962,48.257,-0.9741355807831412,-1.018117554848383,Bullish
1080,2019-02-25,80.99240999999999,88.1663,84.59127142857164,89.54578800000021,78.50501099999887,67.55281800000003,60.060318074891455,55928.571428571435,88.38038771315568,84.65527999999978,80.93017228684387,113.7962,48.257,-0.5609996809883313,-0.9266939800763726,Bullish
1081,2019-02-26,85.32159399999999,90.2023,84.91942380952403,89.52902000000022,78.83335399999888,67.73819450000002,64.82308465093357,67000.0,89.33191351980835,85.04774499999976,80.76357648019118,113.7962,48.257,-0.06850859504098139,-0.7550569030692944,Bullish
1082,2019-02-27,85.78828399999999,93.869,85.46780476190496,89.56605600000022,79.16971299999885,67.93747700000003,71.43059904309958,112357.14285714287,91.23999061642729,85.58991999999976,79.93984938357225,113.7962,48.257,0.6106272540065589,-0.4819200716541237,Bullish
1083,2019-02-28,83.616905,98.0792,86.18464761904781,89.64934000000021,79.52412799999887,68.15010750000003,76.8156248748818,121142.85714285714,94.0663154267603,86.22375999999977,78.38120457323923,113.7962,48.257,1.4716114405366056,-0.09121376921597783,Bullish
1084,2019-03-01,93.79533,98.0147,86.78523333333355,89.6379160000002,79.89429699999886,68.36033450000002,76.57748647283931,121904.76190476194,96.18891930758132,86.81199499999977,77.43507069241822,113.7962,48.257,2.1242559007463337,0.3518801647764846,Bullish
1085,2019-03-04,96.91091,99.0281,87.3937142857145,89.5745320000002,80.26732199999886,68.58882150000002,77.74487590179864,120642.85714285714,98.1880296198653,87.40160999999978,76.6151903801342,113.7962,48.257,2.6922200117283666,0.8199481341668611,Bullish
1086,2019-03-05,93.29436,100.2995,88.01579523809545,89.53657600000021,80.65554799999886,68.82791600000002,79.14896862979926,112119.04761904762,100.21645032886488,88.05479499999977,75.89313967113469,113.7962,48.257,3.2079477908541345,1.297548065504316,Bullish
1087,2019-03-06,98.66399,98.6043,88.55715238095259,89.38954000000021,81.02442699999888,69.05972950000002,72.57432531163552,111404.76190476194,101.59236856637449,88.59235999999977,75.59235143362505,113.7962,48.257,3.4402205774529198,1.7260825678940366,Bullish
1088,2019-03-07,98.65183,97.1395,88.99936666666687,89.16548600000021,81.38326499999886,69.27115900000001,67.36698324148422,108190.47619047617,102.60057874432873,89.12531999999977,75.65006125567079,113.7962,48.257,3.4661457455579097,2.074095203426811,Bullish
1089,2019-03-08,92.59446,97.9835,89.54713809523831,88.9135360000002,81.75081899999887,69.48981900000001,68.75796432221757,105523.80952380953,103.64465951620824,89.75160999999977,75.85856048379131,113.7962,48.257,3.514284885861727,2.3621331399137944,Bullish
1090,2019-03-11,98.58842,96.2861,90.0627761904764,88.56333400000021,82.09688499999885,69.70083300000002,62.94678855336315,128023.80952380953,104.26060519106441,90.38100999999979,76.50141480893515,113.7962,48.257,3.3765467777138696,2.565015867473809,Bullish
1091,2019-03-12,97.28148,94.8637,90.59447142857164,88.29837000000023,82.45396999999886,69.90951650000001,58.48596647627672,132547.61904761905,104.61380521957754,90.92178499999977,77.229764780422,113.7962,48.257,3.116685333692459,2.6753497607175394,Bullish
1092,2019-03-13,93.8369,94.8637,91.10949523809549,88.14138000000023,82.78166599999885,70.11377250000001,58.48596647627672,132714.2857142857,104.79667278479825,91.52013999999977,78.24360721520131,113.7962,48.257,2.8775724036621,2.7157942893064515,Bullish
1093,2019-03-14,95.81772600000001,93.5172,91.61523809523831,88.06009000000023,83.10216199999886,70.315945,54.26406919980706,134000.0,104.75338017308948,92.04518499999978,79.33698982691004,113.7962,48.257,2.550027260149278,2.682640883475017,Bearish
1094,2019-03-15,95.60701999999999,91.3457,92.01187619047644,88.02676000000022,83.40269299999885,70.50726,48.21886303726426,133023.80952380953,104.51447355470934,92.44829499999977,80.38211644529021,113.7962,48.257,2.0911183612700057,2.5643363790340152,Bearish
1095,2019-03-18,88.09715,93.8396,92.51454761904785,88.13230400000025,83.72337199999885,70.7106015,54.489532895457586,132309.52380952382,104.26658111512207,92.98669499999977,81.70680888487747,113.7962,48.257,1.9066875332447069,2.4328066098761534,Bearish
1096,2019-03-19,93.90507,94.0766,93.0385952380955,88.32200200000025,84.04531599999885,70.91375550000001,55.046665101351394,135333.33333333337,103.84179200721043,93.54339499999979,83.24499799278914,113.7962,48.257,1.7593677958089984,2.2981188470627223,Bearish
1097,2019-03-20,93.856064,94.3896,93.58369047619072,88.46286800000027,84.34956899999888,71.115641,55.81596037782198,136000.0,103.20478907469109,94.11297999999977,85.02117092530844,113.7962,48.257,1.6488652346179578,2.1682681245737694,Bearish
1098,2019-03-21,90.87079,93.7637,94.09634761904785,88.58329200000027,84.63346699999886,71.31240499999998,53.832070632336254,136285.7142857143,102.36508644732565,94.61533999999978,86.8655935526739,113.7962,48.257,1.4935693221791837,2.033328364094852,Bearish
1099,2019-03-22,93.87911,93.6499,94.56936666666691,88.74068600000027,84.91659599999886,71.50859999999999,53.460013028231145,138428.57142857142,101.15413733634121,95.09910999999977,89.04408266365832,113.7962,48.257,1.345799939816274,1.8958226792391364,Bearish
1100,2019-03-25,93.91176999999999,93.6594,95.03055238095259,88.90250800000027,85.21842999999886,71.70484249999998,53.488912614113985,139904.7619047619,100.58561655634178,95.37376499999976,90.16191344365777,113.7962,48.257,1.215447290502695,1.7597476014918483,Bearish
1101,2019-03-26,88.036026,93.1189,95.2663904761907,89.0614440000003,85.51789899999885,71.89948949999999,51.52840367431326,139809.52380952382,100.28891405769986,95.51959499999977,90.7502759422997,113.7962,48.257,1.0563510861629624,1.6190682984260711,Bearish
1102,2019-03-27,94.304146,93.6973,95.43281904761929,89.24558200000028,85.82130899999885,72.09127299999999,53.49285818724732,128809.52380952383,100.29278461909662,95.51100999999977,90.72923538090292,113.7962,48.257,0.965805044743945,1.4884156476896455,Bearish
1103,2019-03-28,93.671265,93.9154,95.43502857142879,89.44292600000028,86.13159899999886,72.29078749999998,54.24586186637102,84380.95238095237,99.98064753878694,95.30281999999978,90.6249924612126,113.7962,48.257,0.9012563793046128,1.3709837940126393,Bearish
1104,2019-03-29,90.76241999999999,96.0206,95.33700000000023,89.65879000000028,86.44644999999886,72.50082799999997,60.83719961959078,75000.0,99.72798948813005,95.20311499999978,90.6782405118695,113.7962,48.257,1.0083495174441026,1.2984569386989318,Bearish
1105,2019-04-01,94.707275,94.6361,95.17611428571452,89.89137000000028,86.77011899999884,72.70912599999997,55.20467231447393,73547.61904761905,99.15721739060385,94.98351499999978,90.80981260939572,113.7962,48.257,0.9703187907164192,1.2328293091024292,Bearish
1106,2019-04-02,94.22468,93.4698,94.91143333333359,90.08127600000029,87.08166499999885,72.91216799999998,50.927211979484646,72119.04761904763,98.07126766173198,94.64202999999979,91.21279233826758,113.7962,48.257,0.8364266966623575,1.1535487866144147,Bearish
1107,2019-04-03,88.74338,93.5741,94.59117619047643,90.21799200000028,87.39093699999887,73.11272099999998,51.29069223815094,71666.66666666669,97.32221234515369,94.3905199999998,91.45882765484586,113.7962,48.257,0.7303137831252826,1.0689017859165884,Bearish
1108,2019-04-04,94.37706999999999,93.5456,94.35028571428595,90.38896200000029,87.70397799999886,73.31096249999997,51.1791399932593,68357.14285714286,96.87485551554,94.21082499999979,91.54679448445957,113.7962,48.257,0.636580716586252,0.9824375720505212,Bearish
1109,2019-04-05,93.83856999999999,96.3525,94.31280952380976,90.64444600000029,88.03283499999887,73.52487649999998,60.330116543876656,81738.09523809524,96.39669556260796,94.1292749999998,91.86185443739159,113.7962,48.257,0.7798008984535443,0.9419102373311256,Bearish
1110,2019-04-08,91.593636,96.6843,94.25094285714307,90.91191000000029,88.36546999999888,73.74067049999998,61.254635650051505,129880.95238095238,96.49755935459902,94.14918499999979,91.80081064540052,113.7962,48.257,0.909592198794556,0.9354466296238118,Bearish
1111,2019-04-09,95.65501400000001,97.0542,94.28751904761928,91.20593400000028,88.69480299999887,73.95610049999998,62.309223312242906,105809.52380952383,96.91438228773606,94.25870999999977,91.60303771226349,113.7962,48.257,1.0304225087620722,0.9544418054514638,Bullish
1112,2019-04-10,95.25645,95.7645,94.33041428571451,91.46071400000028,89.01123899999888,74.16928799999998,56.531671903170526,99476.19047619047,97.02859109963016,94.3037499999998,91.57890890036941,113.7962,48.257,1.0104653725968828,0.9656465188805476,Bullish
1113,2019-04-11,90.47304,95.9542,94.38234285714307,91.67175000000029,89.34808899999888,74.38342399999998,57.16088147575986,96571.42857142855,97.21601828195055,94.42559999999979,91.635181718049,113.7962,48.257,0.998446928335298,0.9722066007714976,Bullish
1114,2019-04-12,96.79859,97.936,94.59276190476211,91.90547000000029,89.68264699999888,74.60746899999998,63.16037705748311,93023.80952380953,97.56928245723391,94.75511499999978,91.94094754276564,113.7962,48.257,1.1357447634199789,1.0049142333011938,Bullish
1115,2019-04-15,97.18169,98.4671,94.93187619047642,92.13009600000026,90.00031299999884,74.84745099999998,64.59151887000239,103547.61904761904,98.19484376787676,94.98648999999978,91.77813623212279,113.7962,48.257,1.2727382836325491,1.058479043367465,Bullish
1116,2019-04-16,94.26748,97.5473,95.10843333333356,92.33632600000028,90.28823699999886,75.08734999999997,60.22771083482663,105619.04761904762,98.524403980399,95.16002499999978,91.79564601960054,113.7962,48.257,1.2921908902534227,1.1052214127446565,Bullish
1117,2019-04-17,97.75963,97.3671,95.265123809524,92.52660800000028,90.55095799999886,75.32404599999998,59.38129098342447,103261.90476190476,98.78538039491914,95.30889999999977,91.83241960508036,113.7962,48.257,1.2783307855802803,1.1398432873117812,Bullish
1118,2019-04-18,97.26957,96.6654,95.37349523809546,92.73031000000027,90.79053999999886,75.56586649999998,56.076444239329795,102285.71428571428,98.90249295988008,95.45398499999978,92.00547704011944,113.7962,48.257,1.1969277886360032,1.1512601875766255,Bullish
1119,2019-04-19,91.44845,100.1739,95.67874285714308,93.02463400000026,91.03130399999884,75.82522949999998,66.20430566945869,102476.19047619047,99.6880176951597,95.78018499999978,91.87235230483982,113.7962,48.257,1.3993906509886642,1.2008862802590332,Bullish
1120,2019-04-22,99.085335,100.1645,95.98896190476214,93.35396200000028,91.29740099999886,76.084767,66.16028985771524,107380.95238095238,100.32360203029718,96.10543999999977,91.88727796970235,113.7962,48.257,1.5413180713391623,1.268972638475059,Bullish
1121,2019-04-23,99.73342,98.7705,96.23234761904786,93.64840800000027,91.53352799999884,76.33069350000001,59.80970472585314,112071.42857142855,100.52445685007244,96.38801999999978,92.25158314992711,113.7962,48.257,1.5237476106868255,1.3199276329174123,Bullish
1122,2019-04-24,95.83403,98.4766,96.48747619047644,93.96000800000027,91.76892699999884,76.5720515,58.53401185101285,114833.33333333331,100.6650700894146,96.62698499999979,92.58889991058494,113.7962,48.257,1.4691719208801572,1.3497764905099614,Bullish
1123,2019-04-25,98.85423,98.5145,96.7168666666669,94.26997200000022,91.98729299999884,76.81448449999998,58.65647524137857,116357.14285714286,100.77313942212497,96.85693999999977,92.94074057787456,113.7962,48.257,1.4126938514204568,1.3623599626920604,Bullish
1124,2019-04-26,99.10891,98.6283,96.9412904761907,94.57686800000023,92.17713199999883,77.0453115,59.04756971082585,116380.95238095238,100.95674148756471,96.98732499999977,93.01790851243484,113.7962,48.257,1.3614236391495211,1.3621726979835524,Bearish
1125,2019-04-29,92.56345,100.43,97.15126190476214,94.92403600000027,92.35218999999887,77.285147,64.73530309149024,117047.61904761904,101.36178742430224,97.2770199999998,93.19225257569731,113.7962,48.257,1.4494652262403918,1.3796312036349203,Bullish
1126,2019-04-30,99.96969,99.9464,97.40413333333356,95.26411200000022,92.53024299999886,77.5219005,62.23671476123883,144547.61904761905,101.44688620968991,97.6008499999998,93.7548137903097,113.7962,48.257,1.4633477776507249,1.3963745184380811,Bullish
1127,2019-05-01,99.99658000000001,99.9464,97.71254285714308,95.60308200000023,92.69724099999887,77.758654,62.23671476123882,151761.90476190473,101.4185091982554,97.91946499999979,94.42042080174414,113.7962,48.257,1.4575480925431492,1.4086092332590947,Bullish
1128,2019-05-02,96.53203,98.8748,97.96495714285736,95.90624800000023,92.82219899999886,77.9927055,56.620508299280615,158476.19047619047,101.06962064270307,98.18592499999978,95.30222935729651,113.7962,48.257,1.3509101843529552,1.397069423477867,Bearish
1129,2019-05-03,99.63125,97.8886,98.17176666666691,96.18453000000022,92.89758799999883,78.2187715,51.97230258817147,164880.95238095234,101.02633190921983,98.26272999999979,95.4991280907797,113.7962,48.257,1.1732957527583352,1.3523146893339604,Bearish
1130,2019-05-06,99.31225,96.9309,98.19930952380976,96.35982200000024,92.95280499999883,78.42889199999998,47.863064976670074,152666.66666666663,101.01245901618825,98.27505999999978,95.53766098381136,113.7962,48.257,0.9443705342410738,1.270725858315383,Bearish
1131,2019-05-07,92.26405,97.0826,98.21827619047642,96.49742800000023,93.01322399999884,78.6391515,48.556901554686746,117261.90476190475,101.01137262140828,98.2764799999998,95.54158737859129,113.7962,48.257,0.7663525364370543,1.1698511939397174,Bearish
1132,2019-05-08,98.34886999999999,95.1292,98.12660952380976,96.52263200000023,93.04434399999883,78.8358365,40.992032232506425,127904.76190476194,101.1073479078911,98.24471499999979,95.38208209210848,113.7962,48.257,0.4623196032693784,1.0283448758056497,Bearish
1133,2019-05-09,96.30736999999999,95.2335,98.10132380952405,96.46571800000022,93.05752899999884,79.026048,41.51595309108849,128666.66666666669,101.2009474416957,98.20867999999979,95.21641255830387,113.7962,48.257,0.22716879120616795,0.8681096588857532,Bearish
1134,2019-05-10,93.32493000000001,95.2051,98.06565238095259,96.40952600000027,93.02372099999883,79.2062005,41.4081429782621,133476.19047619047,101.33840412261158,98.07213499999979,94.80586587738804,113.7962,48.257,0.03807947929104216,0.7021036229668111,Bearish
1135,2019-05-13,95.793274,93.9534,97.87600476190501,96.30803200000028,92.94128199999882,79.387001,36.86435812038852,137952.38095238095,101.56483341678421,97.84644999999979,94.12806658321541,113.7962,48.257,-0.21035208393921326,0.5196124815856061,Bearish
1136,2019-05-14,95.37355,93.8396,97.65564761904785,96.17883400000028,92.85770499999882,79.57073000000001,36.472504123455614,161976.19047619047,101.76983319513084,97.6610649999998,93.55229680486877,113.7962,48.257,-0.4116730855134705,0.3333553681657908,Bearish
1137,2019-05-15,88.62021999999999,93.1284,97.44522380952404,96.06931600000028,92.72942799999882,79.75741099999998,34.03744910220129,203642.85714285716,102.00917798446491,97.44912999999978,92.88908201553471,113.7962,48.257,-0.6214456869119545,0.14239515715024176,Bearish
1138,2019-05-16,94.51443499999999,93.0525,97.23976666666692,95.98757600000026,92.57653099999884,79.9297665,33.77826092101982,203261.9047619048,102.20880196203021,97.26848499999979,92.3281680379694,113.7962,48.257,-0.7847701388690353,-0.043037902053613686,Bearish
1139,2019-05-17,93.44055,96.0016,97.2081571428574,95.94793800000024,92.43073699999884,80.1022575,49.780003340320285,204214.2857142857,101.84164405035223,97.05986999999979,92.27809594964735,113.7962,48.257,-0.6685318019252122,-0.1681366820279334,Bearish
1140,2019-05-20,91.20707,93.2991,96.88078571428595,95.88819800000023,92.22576599999884,80.2589785,40.19486910983321,210023.80952380953,101.54308511944491,96.71659999999979,91.89011488055469,113.7962,48.257,-0.7854273293689431,-0.2915948114961353,Bearish
1141,2019-05-21,94.42763000000001,91.7155,96.47845238095263,95.82523400000022,92.06180199999882,80.4077815,35.839994222583655,211785.7142857143,101.55574055722715,96.36384999999979,91.17195944277245,113.7962,48.257,-0.9943884710485804,-0.4321535434066244,Bearish
1142,2019-05-22,93.448524,93.4034,96.2228761904764,95.79602800000026,91.9687039999988,80.5742325,42.93656993615363,206714.2857142857,101.35980563391348,96.11018999999979,90.8605743660861,113.7962,48.257,-1.0121251094465862,-0.5481478566146167,Bearish
1143,2019-05-23,87.21793000000001,93.2801,95.97542380952405,95.79128600000027,91.9256879999988,80.74577799999999,42.566187615940215,205142.85714285716,101.11441867394579,95.84846999999979,90.5825213260538,113.7962,48.257,-1.0243230442661542,-0.6433828941449242,Bearish
1144,2019-05-24,94.33062,91.8956,95.6602380952383,95.80228400000027,91.9145219999988,80.8956585,38.54540929796643,210333.3333333333,100.88365668592043,95.51183499999979,90.14001331407916,113.7962,48.257,-1.1326510781644998,-0.7412365309488393,Bearish
1145,2019-05-27,92.68239,91.1939,95.30621904761928,95.74937000000023,91.9408369999988,81.036585,36.655554788623746,215547.61904761905,100.23603577830562,95.0500299999998,89.86402422169397,113.7962,48.257,-1.2605918331769883,-0.8451075913944692,Bearish
1146,2019-05-28,89.31266,90.3121,94.82441428571451,95.67408000000023,91.99804099999879,81.1731025,34.37469856720827,222666.66666666663,99.63400023196293,94.56831499999979,89.50262976803663,113.7962,48.257,-1.4168076174953086,-0.9594475966146372,Bearish
1147,2019-05-29,91.71767,93.35600000000001,94.51058571428595,95.65340800000023,92.05813799999879,81.3248395,46.703059973750975,191380.9523809524,98.68131849753249,94.2387949999998,89.79627150246708,113.7962,48.257,-1.2802347121322128,-1.0236050197181523,Bearish
1148,2019-05-30,92.035706,93.8016,94.21797619047639,95.65416600000022,92.1187289999988,81.47880450000002,48.236124089776744,193928.57142857145,97.88620675854528,93.98513499999979,90.08406324145427,113.7962,48.257,-1.1230971399858447,-1.0435034437716908,Bearish
1149,2019-05-31,86.78636,93.8016,93.97639523809545,95.65720000000022,92.19894299999882,81.63400899999999,48.23612408977672,203857.1428571429,97.24642410315545,93.7807849999998,90.31514589684411,113.7962,48.257,-0.9871848297288608,-1.0322397209631249,Bullish
1150,2019-06-03,94.035545,94.0387,93.79306666666687,95.6647860000002,92.2836469999988,81.7845995,49.13893996880747,215523.80952380953,96.79143494360588,93.6361749999998,90.48091505639368,113.7962,48.257,-0.8505368962827475,-0.9958991560270494,Bullish
1151,2019-06-04,93.835396,94.0387,93.65534285714308,95.68318200000022,92.3723129999988,81.940414,49.13893996880747,231523.80952380953,96.2262141728268,93.48397999999979,90.74174582717279,113.7962,48.257,-0.7337838214029517,-0.9434760891022298,Bullish
1152,2019-06-05,90.96225,94.0387,93.5103952380955,95.69001000000021,92.46779599999878,82.10056700000001,49.13893996880747,235095.23809523808,96.08052071818209,93.42945499999979,90.7783892818175,113.7962,48.257,-0.6339484057973834,-0.8815705524412605,Bullish
1153,2019-06-06,94.22365,94.0387,93.45846666666691,95.69247600000023,92.56770099999878,82.25762100000001,49.13893996880748,242428.57142857145,95.90687762650215,93.36971499999979,90.8325523734974,113.7962,48.257,-0.5485052920802218,-0.8149575003690528,Bullish
1154,2019-06-07,93.95342,94.0387,93.40157142857166,95.65283800000023,92.65581399999876,82.40993800000003,49.13893996880747,259809.52380952387,95.72787381640005,93.31139499999979,90.89491618359956,113.7962,48.257,-0.4753119090587461,-0.7470283821069914,Bullish
1155,2019-06-10,88.25884,93.0525,93.2990666666669,95.62116600000023,92.75626799999876,82.56095400000002,44.46632008726389,273047.61904761905,95.6668134765443,93.26634999999979,90.86588652345526,113.7962,48.257,-0.491221231089682,-0.6958669519035295,Bullish
1156,2019-06-11,94.369934,92.6353,93.23630000000023,95.60447600000023,92.84287599999875,82.71333750000005,42.61997919985252,267952.3809523809,95.60647731419428,93.20613499999979,90.8057926858053,113.7962,48.257,-0.5313687485658818,-0.662967311236,Bullish
1157,2019-06-12,93.16376,92.3698,93.16630952380974,95.58039000000024,92.89919099999877,82.86594300000004,41.44071042725601,232476.1904761905,95.5960787994622,93.16820499999979,90.74033120053736,113.7962,48.257,-0.5779473591405093,-0.6459633208169018,Bullish
1158,2019-06-13,90.23583,91.962,93.11076666666688,95.54871800000024,92.96883999999876,83.02204350000005,39.62703917734082,187714.2857142857,95.59782730936311,93.11367999999979,90.62953269063644,113.7962,48.257,-0.6403853319936701,-0.6448477230522555,Bullish
1159,2019-06-14,92.82245999999999,92.7017,93.09406190476211,95.47570200000023,93.06007399999876,83.18423350000005,44.381928205957664,188523.80952380953,95.05297195127727,92.94868499999978,90.84439804872228,113.7962,48.257,-0.6229987257447931,-0.6404779235907629,Bullish
1160,2019-06-17,92.56371,92.6637,92.93511428571449,95.39529000000023,93.15359999999872,83.34375400000005,44.18938485415856,189023.80952380953,95.01826489883166,92.91691499999979,90.81556510116792,113.7962,48.257,-0.6053083792450167,-0.6334440147216137,Bullish
1161,2019-06-18,86.84249,92.3698,92.89086190476212,95.30160200000027,93.25376799999874,83.49879450000005,42.64830614291874,183833.3333333333,94.99476512429355,92.94962999999979,90.90449487570605,113.7962,48.257,-0.6079953342181881,-0.6283542786209286,Bullish
1162,2019-06-19,93.24087,92.7775,92.94143333333356,95.24186200000022,93.35128799999876,83.65308450000003,45.488331073584135,182261.9047619048,94.95387042669171,92.91833499999979,90.88279957330788,113.7962,48.257,-0.5706486996904089,-0.6168131628348247,Bullish
1163,2019-06-20,92.73774,92.6258,92.90440476190498,95.17529400000024,93.42352199999874,83.80851950000007,44.60327216783843,183500.0,94.91787587724754,92.88561999999979,90.85336412275205,113.7962,48.257,-0.5469868213602069,-0.6028478945399012,Bullish
1164,2019-06-21,89.81083000000001,92.76799999999999,92.88001904761929,95.07193400000023,93.48870199999874,83.96134500000005,45.67037814965684,184095.23809523808,94.91145898533169,92.9292399999998,90.94702101466791,113.7962,48.257,-0.5108712549036625,-0.5844525666126534,Bullish
1165,2019-06-24,92.92723000000001,91.7819,92.87460476190499,94.93823000000026,93.53416299999873,84.11039100000008,39.9266675314156,176428.57142857142,94.85250681100037,92.95863999999979,91.0647731889992,113.7962,48.257,-0.5554169363989274,-0.5786454405699082,Bullish
1166,2019-06-25,92.49835999999999,91.175,92.87370476190495,94.81078400000023,93.57355499999872,84.25640250000008,36.854601637881224,170309.52380952382,94.67949923946806,93.00178499999978,91.32407076053153,113.7962,48.257,-0.6324015365858173,-0.58939665977309,Bearish
1167,2019-06-26,86.43542,91.2319,92.91750476190498,94.68808000000023,93.60734399999872,84.40907400000006,37.34137648123285,166738.09523809527,94.73161158758877,92.8955799999998,91.05954841241079,113.7962,48.257,-0.6809712200760032,-0.6077115718336726,Bearish
1168,2019-06-27,92.2405,91.5069,92.82945238095259,94.58491000000024,93.65760999999875,84.56312050000008,39.75843826253275,172738.09523809527,94.6622985577903,92.78084499999979,90.89939144220928,113.7962,48.257,-0.6893267131799803,-0.6240346001029342,Bearish
1169,2019-06-28,91.596725,95.6507,92.91750476190498,94.49444600000028,93.75953999999874,84.73788600000006,62.95052199687826,162952.38095238095,95.09692343310049,92.87329999999977,90.64967656689907,113.7962,48.257,-0.3574579204474162,-0.5707192641718306,Bullish
1170,2019-07-01,89.72577,95.7456,93.0100761904764,94.40606800000029,93.88001499999876,84.91560500000007,63.29899855823226,157833.33333333337,95.46738096102345,92.95864499999979,90.4499090389761,113.7962,48.257,-0.08580279314473671,-0.4737359699664118,Bullish
1171,2019-07-02,94.33330500000001,96.1154,93.10896666666687,94.35296600000028,94.00068699999876,85.09521750000008,64.69261237189592,151642.85714285713,95.89273545819285,93.06247999999977,90.2322245418067,113.7962,48.257,0.15750994526214868,-0.3474867869206997,Bullish
1172,2019-07-03,93.85146999999999,96.324,93.21779047619069,94.30991400000026,94.13496099999875,85.27799800000008,65.48869471910585,133690.47619047618,96.32238030024277,93.17674499999977,90.03110969975677,113.7962,48.257,0.3629850543243833,-0.20539241867168306,Bullish
1173,2019-07-04,89.72122,94.9585,93.26159047619068,94.23879400000023,94.25438299999878,85.45793550000008,56.50702760297482,115928.57142857145,96.44343337354208,93.22273499999977,90.00203662645742,113.7962,48.257,0.4109044696372592,-0.08213304100989459,Bullish
1174,2019-07-05,96.34724,95.262,93.31984285714304,94.17146800000023,94.3741679999988,85.63939050000006,57.88942672277274,97738.09523809524,96.60903066754341,93.28389999999978,89.95876933245613,113.7962,48.257,0.4679763252853917,0.027888832249162682,Bullish
1175,2019-07-08,95.48816,95.3852,93.38396190476207,94.07057200000023,94.49730399999879,85.82411800000007,58.46652440533201,79523.80952380953,96.84646915627012,93.40053499999978,89.95460084372938,113.7962,48.257,0.5171855987956206,0.1257481855584543,Bullish
1176,2019-07-09,92.56912,95.51799999999999,93.50136666666685,93.98200400000023,94.62305799999879,86.00348850000006,59.116914461454314,61523.80952380952,97.09022740337734,93.54466999999977,89.99911259662218,113.7962,48.257,0.5604397521293265,0.21268649887262875,Bullish
1177,2019-07-10,95.77202,95.9068,93.65715238095257,93.90121200000023,94.7521469999988,86.18670650000006,61.04045928330436,60547.61904761905,97.36648108822142,93.72151999999977,90.0765589117781,113.7962,48.257,0.6189569406143818,0.2939405872209794,Bullish
1178,2019-07-11,95.30747,94.7499,93.77049047619069,93.81871400000023,94.8624809999988,86.37516400000004,53.04317707173528,60238.09523809524,97.43867245814822,93.86091499999976,90.28315754185131,113.7962,48.257,0.5654617812723046,0.3482448260312444,Bullish
1179,2019-07-12,89.66413,95.4516,93.93666190476209,93.76997400000023,94.9772519999988,86.57350500000004,56.74488727589427,60357.142857142855,97.59869176672865,93.99840999999977,90.39812823327087,113.7962,48.257,0.5730816788672826,0.393212196598452,Bullish
1180,2019-07-15,95.98139,94.2473,94.0102619047621,93.71630200000023,95.0380619999988,86.77153650000004,49.528399239253844,58833.33333333334,97.62625876445922,94.07758999999977,90.52892123554028,113.7962,48.257,0.4764513230927747,0.4098600218973166,Bullish
1181,2019-07-16,94.905754,93.8775,94.06806190476209,93.65220000000024,95.07481399999878,86.95408400000004,47.52955121243939,59119.047619047626,97.61635720122204,94.15297499999977,90.68959279877751,113.7962,49.5852,0.3658144195874797,0.4010509014353492,Bearish
1182,2019-07-17,91.882195,94.7499,94.18140000000021,93.6446140000002,95.0836229999988,87.12666800000004,52.40913231243021,58023.80952380952,97.66465671203323,94.25159499999977,90.83853328796629,113.7962,50.0279,0.3445574220310448,0.3897522055544883,Bearish
1183,2019-07-18,94.65843000000001,94.7499,94.275323809524,93.63494200000021,95.0503299999988,87.28722900000004,52.40913231243021,50404.761904761916,97.6931998171506,94.35779999999977,91.02240018284895,113.7962,50.0279,0.323976498908138,0.3765970642252182,Bearish
1184,2019-07-19,94.61697,94.1809,94.34937619047639,93.61445800000021,95.01199199999878,87.45314450000004,48.964706067253964,48000.0,97.685083602939,94.42844499999977,91.17180639706055,113.7962,52.0645,0.25876949077584754,0.3530315495353441,Bearish
1185,2019-07-22,88.7069,94.5318,94.43336666666687,93.62602600000021,94.9670289999988,87.61717550000004,51.09913757807336,45928.571428571435,97.58775598610006,94.56593999999977,91.54412401389948,113.7962,52.0645,0.2327244617174955,0.3289701319717744,Bearish
1186,2019-07-23,95.01331,94.5318,94.56431428571449,93.63987000000022,94.90935199999882,87.78245000000004,51.09913757807336,45476.190476190466,97.32592758118601,94.73377999999977,92.14163241881351,113.7962,52.0645,0.20966668155249124,0.3051094418879178,Bearish
1187,2019-07-24,94.65628000000001,94.2094,94.70880952380972,93.66149000000021,94.86540299999879,87.94491500000002,48.919065814204025,44857.142857142855,96.94006506854298,94.88265499999977,92.82524493145657,113.7962,52.0645,0.16349358676164627,0.2767862708626635,Bearish
1188,2019-07-25,91.56873,94.0008,94.84066190476211,93.6804560000002,94.8340159999988,88.10864050000002,47.50679840457042,39714.28571428572,96.43812954355221,95.00734999999979,93.57657045644736,113.7962,52.0645,0.10881445452652372,0.24319190759543555,Bearish
1189,2019-07-26,94.43696,93.8016,94.9499333333335,93.63645600000021,94.7921969999988,88.27150800000003,46.137026982137726,32166.66666666667,96.40517187432421,94.91489499999977,93.42461812567535,113.7962,52.6754,0.04884402950440858,0.20432233197723013,Bearish
1190,2019-07-29,94.20519,93.8585,94.86459047619068,93.64764400000021,94.76792099999882,88.43240300000002,46.61056546110628,31166.66666666667,96.32735572126153,94.8205399999998,93.31372427873804,113.7962,54.64100000000001,0.005841057997002963,0.16462607718118472,Bearish
1191,2019-07-30,88.18543000000001,93.3939,94.75260476190499,93.68121200000022,94.7532229999988,88.60359650000002,43.26583113565412,17976.190476190477,96.19050479008759,94.68446499999979,93.17842520991198,113.7962,54.64100000000001,-0.06497940182217121,0.11870498138051352,Bearish
1192,2019-07-31,94.44270999999999,94.949,94.69706190476211,93.71212400000022,94.75407599999882,88.76787100000001,54.92519618233449,6285.714285714284,95.9293475016308,94.6157149999998,93.30208249836876,113.7962,54.64100000000001,0.004328550192127523,0.09582969514283632,Bearish
1193,2019-08-01,94.44272,95.2145,94.64422857142877,93.7508120000002,94.77104899999884,88.9366055,56.56634319231139,7380.952380952382,95.96012431707977,94.6285149999998,93.29690568291984,113.7962,54.64100000000001,0.0797598111698079,0.09261571834823064,Bearish
1194,2019-08-02,91.469185,95.7266,94.68080476190498,93.82743200000021,94.81485799999882,89.10877550000002,59.620226597005356,7452.380952380952,96.0416810870677,94.65174499999979,93.26180891293188,113.7962,54.64100000000001,0.17880071579709522,0.10985271783800356,Bullish
1195,2019-08-05,95.26273,94.2284,94.63158571428593,93.8881220000002,94.81874599999881,89.27105900000002,48.80796678005386,7404.7619047619055,95.9528727752358,94.5939049999998,93.23493722476377,113.7962,54.64100000000001,0.13484472123674607,0.11485111851775208,Bullish
1196,2019-08-06,94.63139,94.3042,94.58010952380975,93.9679640000002,94.82102199999883,89.43316899999998,49.30885297890032,7476.190476190476,95.8286129285677,94.53321499999979,93.23781707143186,113.7962,54.64100000000001,0.1049162956269356,0.11286415393958878,Bearish
1197,2019-08-07,88.871895,94.7309,94.54262857142879,93.99546200000015,94.82443499999884,89.587002,52.14730284780647,9690.47619047619,95.61226757618331,94.4744199999998,93.33657242381628,113.7962,54.64100000000001,0.1143112180622552,0.11315356676412205,Bullish
1198,2019-08-08,95.26725,93.8775,94.44599523809545,93.99698000000015,94.82557299999884,89.72952,46.53497221794117,9666.666666666666,95.58975260482451,94.43079999999979,93.27184739517507,113.7962,54.64100000000001,0.0522917274567476,0.10098119890264716,Bearish
1199,2019-08-09,94.42622,94.0387,94.4121285714288,94.00172200000016,94.82946099999883,89.8730285,47.680413374104994,9761.90476190476,95.43045880272362,94.36015499999979,93.28985119727595,113.7962,54.64100000000001,0.01596430060106968,0.08397781924233166,Bearish
1200,2019-08-12,91.32743,94.0387,94.34484761904785,94.00172200000016,94.83325399999882,90.02584200000003,47.68041337410501,9619.047619047618,95.4282584968074,94.3497249999998,93.2711915031922,113.7962,54.64100000000001,-0.012679287967927166,0.06464639780027989,Bearish
1201,2019-08-13,94.3227,94.0387,94.33491428571452,94.00172200000016,94.8424519999988,90.18017550000002,47.68041337410501,9619.047619047618,95.42442583426849,94.3577849999998,93.29114416573113,113.7962,54.64100000000001,-0.03497635265340193,0.04472184770954353,Bearish
1202,2019-08-14,94.13888,94.0387,94.34259047619072,94.00172200000016,94.8458659999988,90.33358750000004,47.68041337410501,7761.904761904762,95.38160067827893,94.32222499999979,93.2628493217207,113.7962,54.64100000000001,-0.05204697196363384,0.025368083774908054,Bearish
1203,2019-08-15,88.24606,94.0387,94.30872380952404,94.00172200000016,94.84709899999879,90.48934900000003,47.68041337410501,7809.523809523808,95.33390655634405,94.28666499999979,93.23942344365557,113.7962,54.64100000000001,-0.06482826091651361,0.00732881483662372,Bearish
1204,2019-08-16,94.73833,94.0387,94.27485714285736,94.00172200000016,94.8272799999988,90.63686500000004,47.68041337410502,7761.904761904762,95.33149261703498,94.27955499999979,93.22761738296462,113.7962,54.64100000000001,-0.07410330769251061,-0.008957609669203146,Bearish
1205,2019-08-19,94.18504,94.3516,94.28298571428594,94.02770400000016,94.8244349999988,90.79727700000004,50.86768337034279,7714.285714285716,95.31675751098469,94.27054499999979,93.22433248901493,113.7962,54.64100000000001,-0.055564916332485836,-0.018279071001859687,Bearish
1206,2019-08-20,91.24163,96.7507,94.38864761904784,94.11001200000015,94.8572439999988,90.96945450000004,67.31085482670754,7428.571428571428,95.8854542202657,94.38148999999979,92.8775257797339,113.7962,54.64100000000001,0.15097387936363305,0.01557151907123886,Bullish
1207,2019-08-21,95.23433,98.6093,94.5828142857145,94.23480200000016,94.9075959999988,91.14926650000004,74.44595743048579,8119.047619047618,96.97577850783169,94.60148499999978,92.22719149216795,113.7962,54.64100000000001,0.4593359115544615,0.1043243975678834,Bullish
1208,2019-08-22,95.37260400000001,100.0317,94.86006666666692,94.39619600000016,94.9724569999988,91.33821750000004,78.34208978688251,8023.809523809524,98.23452134902729,94.90302999999979,91.57153865097229,113.7962,54.64100000000001,0.8091633053044802,0.2452921791152028,Bullish
1209,2019-08-23,91.511375,99.586,95.12602857142879,94.53388200000019,95.00479199999876,91.51881350000004,74.50866922050066,7595.2380952380945,99.05329309354877,95.19224999999979,91.33120690645084,113.7962,54.64100000000001,1.0384689465011692,0.403927532592396,Bullish
1210,2019-08-26,99.25442,99.5576,95.40012380952405,94.67176000000019,95.03352499999878,91.69949750000004,74.25932305638291,7666.666666666668,99.72436106896366,95.47720499999978,91.23004893103595,113.7962,54.64100000000001,1.2040244323789009,0.563946912549697,Bullish
1211,2019-08-27,99.59566,99.5576,95.67150952380976,94.81551600000016,95.05855899999877,91.87668100000003,74.25932305638291,8071.428571428572,100.2709574583978,95.7853899999998,91.29982254160178,113.7962,54.64100000000001,1.3200120702332043,0.7151599440863985,Bullish
1212,2019-08-28,96.32285999999999,98.6188,95.92031428571451,94.93234200000019,95.08710199999878,92.04917050000005,65.81534398922715,8619.047619047618,100.60044279268972,95.96887999999979,91.33731720730991,113.7962,54.64100000000001,1.3209526745893356,0.8363184901869859,Bullish
1213,2019-08-29,99.55046,95.9068,95.96592380952404,94.99796200000016,95.08662799999878,92.21735850000003,48.617029983896856,8261.904761904761,100.6223188825634,96.00349499999979,91.3846711174362,113.7962,54.64100000000001,1.0902941432491104,0.8871136207994108,Bullish
1214,2019-08-30,98.60849,97.1964,96.06030000000023,95.08653000000015,95.0792319999988,92.38093950000004,54.68139426477589,7500.0,100.7225421503686,96.0769849999998,91.43142784963102,113.7962,54.64100000000001,1.0000278392845416,0.9096964644964368,Bullish
1215,2019-09-02,91.332115,98.2964,96.18267142857168,95.21682000000015,95.0775249999988,92.53891900000004,59.114036297366745,6904.7619047619055,100.94058052007651,96.2803849999998,91.62018947992313,113.7962,54.64100000000001,1.0056593351609138,0.9288890386293324,Bullish
1216,2019-09-03,98.489876,97.1964,96.324004761905,95.33724800000016,95.07401599999879,92.68112650000003,53.48067408427972,7666.666666666668,101.00981008265535,96.4249949999998,91.84017991734426,113.7962,54.64100000000001,0.9108616828115146,0.9252835674657688,Bearish
1217,2019-09-04,97.72144,95.5844,96.38496666666691,95.42429800000015,95.0561889999988,92.80357350000004,46.488956240236796,7571.428571428572,101.00425165766251,96.46766999999979,91.93108834233708,113.7962,54.64100000000001,0.697617235155306,0.8797503010036761,Bearish
1218,2019-09-05,93.76443,96.9119,96.48882380952404,95.53239800000016,95.05865399999878,92.92459700000003,52.04854864968629,5333.333333333333,100.99959196290472,96.6193899999998,92.23918803709488,113.7962,54.64100000000001,0.6284927563915517,0.8294987920812512,Bearish
1219,2019-09-06,96.86097,97.1869,96.64641428571451,95.56312200000015,95.0287839999988,93.03004400000003,53.13480616995891,5357.142857142857,100.99811246749748,96.7767999999998,92.55548753250211,113.7962,54.64100000000001,0.589110412557929,0.7814211161765867,Bearish
1220,2019-09-09,97.00366,97.1869,96.79632857142879,95.59194800000013,94.9990079999988,93.14820450000003,53.13480616995891,5333.333333333333,100.96590510204359,96.9342099999998,92.902514897956,113.7962,54.64100000000001,0.551541790892756,0.7354452511198206,Bearish
1221,2019-09-10,90.94816,97.1869,96.94624285714308,95.61337800000014,94.9831719999988,93.25835000000002,53.13480616995891,5380.952380952381,100.8983809037933,97.09161999999979,93.28485909620626,113.7962,54.64100000000001,0.5158223090651289,0.6915206627088823,Bearish
1222,2019-09-11,97.53779,96.6749,97.0717761904764,95.62039600000013,94.9651549999988,93.36704100000004,50.475880130509225,5428.571428571428,100.77203537121962,97.2234299999998,93.67482462877994,113.7962,54.64100000000001,0.4411153382991557,0.6414395978269369,Bearish
1223,2019-09-12,97.062485,95.4137,97.13725238095259,95.62950000000015,94.9341469999988,93.46072000000004,44.56058130803855,5452.380952380952,100.63885257595543,97.29217999999977,93.94550742404414,113.7962,54.64100000000001,0.27694873341643245,0.5685414249448362,Bearish
1224,2019-09-13,93.63164499999999,93.337,97.1038380952383,95.59100000000015,94.88123399999878,93.52918300000003,36.893689116069325,8071.428571428572,100.75094056701502,97.2570949999998,93.76324943298454,113.7962,54.64100000000001,-0.020490614949423502,0.4507350169659842,Bearish
1225,2019-09-16,95.54456,90.2457,96.92321904761927,95.4882100000002,94.77939099999878,93.56579050000003,28.917703190608517,9476.190476190475,101.54422967983366,97.05179999999977,92.55937032016588,113.7962,54.64100000000001,-0.4998930603648546,0.26060940149981643,Bearish
1226,2019-09-17,94.75939,90.0371,96.71776666666688,95.37859200000015,94.68029799999876,93.60527050000003,28.470418554674573,9809.52380952381,102.15250401464144,96.71611999999979,91.27973598535813,113.7962,54.64100000000001,-0.88643693571467,0.031200134056919158,Bearish
1227,2019-09-18,86.37794,90.0276,96.39761904761927,95.2610080000002,94.58110999999876,93.63917550000004,28.448837200636397,9857.142857142857,102.37376230302284,96.28703499999978,90.2003076969767,113.7962,54.64100000000001,-1.1799406906387022,-0.2110280308822051,Bearish
1228,2019-09-19,91.73550999999999,89.3259,95.95555238095258,95.1525280000002,94.48562099999876,93.65391000000004,26.83100198894877,9261.90476190476,102.29308160883993,95.75174499999977,89.21040839115959,113.7962,54.64100000000001,-1.4524232257998335,-0.4593070698657308,Bearish
1229,2019-09-20,89.965065,89.1362,95.43671904761923,95.0262200000002,94.39809699999876,93.64784250000008,26.394007819772085,9333.333333333334,102.12199656472949,95.22925499999977,88.33651343527006,113.7962,54.64100000000001,-1.6644876254183885,-0.7003431809762624,Bearish
1230,2019-09-23,86.98145,86.3389,94.80590476190494,94.86805200000019,94.29217699999876,93.62249100000008,20.970265208176095,9571.42857142857,102.17248427351886,94.56831999999977,86.96415572648064,113.7962,54.64100000000001,-2.034812865855514,-0.9672371179521126,Bearish
1231,2019-09-24,88.71621999999999,86.3863,94.1787000000002,94.7182280000002,94.18521399999878,93.59921900000003,21.265510327536923,9409.809523809525,101.94088133035817,93.90975499999978,85.87862866964134,113.7962,54.64100000000001,-2.2979837765585955,-1.2333864496734093,Bearish
1232,2019-09-25,88.46590400000001,84.9449,93.4828571428573,94.52212800000021,94.08337099999879,93.56385750000004,18.947406735089587,9743.142857142857,101.843944821339,93.22605999999978,84.60817517866049,113.7962,54.64100000000001,-2.5929674384876904,-1.5053026474362654,Bearish
1233,2019-09-26,81.50837,83.4277,92.75947142857163,94.29568400000021,93.9653129999988,93.51142100000004,16.863630382861274,9243.142857142857,102.11393751398857,92.60210499999974,83.09027248601092,113.7962,54.64100000000001,-2.915560707081852,-1.7873542593653826,Bearish
1234,2019-09-27,86.14144,85.2958,92.25418571428592,94.11798200000021,93.8662199999988,93.44497050000004,27.444335712808925,10076.47619047619,101.78018219330148,92.00707499999973,82.23396780669802,113.7962,54.64100000000001,-2.986056735671795,-2.027094754626665,Bearish
1235,2019-09-30,84.89044,86.7276,91.75567142857163,93.9618980000002,93.7939619999988,93.36762200000004,34.3416562314264,33290.761904761916,101.01188613629827,91.42863499999973,81.84538386370122,113.7962,54.64100000000001,-2.8930418664967164,-2.200284177000676,Bearish
1236,2019-10-01,82.94318,85.4759,91.14517142857163,93.7807800000002,93.7103249999988,93.28401500000004,31.52063341259893,34076.47619047618,100.37668516835602,90.84260999999974,81.30853483164346,113.7962,54.64100000000001,-2.8870485431658466,-2.3376370502337096,Bearish
1237,2019-10-02,85.905846,84.7932,90.55454285714303,93.59245600000023,93.6269729999988,93.17820050000006,30.06975956617204,34219.333333333336,99.92366573550557,90.30304999999973,80.68243426449395,113.7962,54.64100000000001,-2.9039124802352063,-2.4508921362340095,Bearish
1238,2019-10-03,85.239075,85.8173,90.08944285714304,93.42878600000022,93.5546209999988,93.06557600000004,34.90978422118712,34290.761904761916,99.0550034364698,89.74831999999974,80.4416365635297,113.7962,54.64100000000001,-2.802337359930746,-2.5211811809733566,Bearish
1239,2019-10-04,80.256996,88.8992,89.70788571428591,93.33073800000021,93.4835969999988,92.95716700000007,46.83506694200511,34219.333333333336,97.99448944791868,89.33393499999973,80.67338055208079,113.7962,54.64100000000001,-2.4449706718297506,-2.5059390791446354,Bullish
1240,2019-10-07,87.73846999999999,91.5069,89.43740952380972,93.28370600000021,93.4656749999988,92.84572050000006,54.44097635406217,35600.28571428572,97.00563250966923,89.04993499999975,81.09423749033024,113.7962,54.64100000000001,-1.9290979598209503,-2.3905708552798983,Bullish
1241,2019-10-08,89.72211999999999,90.7008,89.12854761904781,93.22984400000021,93.4555279999988,92.75866500000004,51.96605390933257,35457.95238095238,95.80909377845212,88.72562999999977,81.6421662215474,113.7962,57.368,-1.56724443377621,-2.2259055709791613,Bullish
1242,2019-10-09,86.161705,90.0845,88.7903380952383,93.13255400000021,93.42233899999884,92.69552150000008,50.09112666850323,35434.142857142855,94.51756833995803,88.39610999999977,82.2746516600415,113.7962,59.1552,-1.3150441562907105,-2.0437332880414707,Bullish
1243,2019-10-10,90.03475,92.0758,88.57133333333356,93.06978000000021,93.41029599999884,92.66799200000007,55.6579752527495,35362.71428571428,93.72644578116122,88.22921499999975,82.7319842188383,113.7962,59.1552,-0.9436149456534508,-1.823709619563867,Bullish
1244,2019-10-11,90.589035,92.9387,88.4534761904764,93.01402200000021,93.42072699999883,92.66762450000006,57.8518825999148,35315.09523809524,93.63478763746099,88.20929999999977,82.78381236253851,113.7962,59.1552,-0.5730203795341993,-1.5735717715579332,Bullish
1245,2019-10-14,86.01256,93.7536,88.4733142857145,93.00452600000021,93.44632399999884,92.69358050000008,59.871124213607565,37029.38095238096,94.26953399407084,88.38469499999977,82.49985600592869,113.7962,59.1552,-0.2111320969104753,-1.3010838366284416,Bullish
1246,2019-10-15,93.47184,95.0398,88.70160476190496,93.01923800000021,93.49360099999883,92.74582100000003,62.89285982248434,35553.190476190466,95.1688223453152,88.63482999999977,82.10083765468433,113.7962,59.1552,0.17740752163416573,-1.0053855649759202,Bullish
1247,2019-10-16,94.21535,97.1605,89.04081428571449,93.06783000000021,93.53164599999886,92.79489200000006,67.26920383461163,35577.0,96.4970543567012,88.99147499999977,81.4858956432983,113.7962,59.1552,0.6489698151191874,-0.6745144889568987,Bullish
1248,2019-10-17,91.61721999999999,94.2544,89.24209047619068,93.07536800000021,93.53617399999884,92.82745150000008,57.29679060433893,37815.09523809524,97.08698454867441,89.23789999999977,81.38881545132514,113.7962,59.1552,0.7792061440305957,-0.38377036235939976,Bullish
1249,2019-10-18,95.29500999999999,94.2544,89.47678095238115,93.0796820000002,93.54070199999883,92.86982250000008,57.29679060433893,37862.71428571428,97.64102758711763,89.49380999999977,81.3465924128819,113.7962,59.1552,0.8723633117642464,-0.13254362753467053,Bullish
1250,2019-10-21,94.788795,92.2907,89.62699523809546,93.0447220000002,93.52322199999884,92.90343450000007,51.333096077427356,37886.52380952382,97.89058159397837,89.79139999999977,81.69221840602115,113.7962,59.1552,0.7787598014499935,0.04971705826226228,Bullish
1251,2019-10-22,88.582375,92.2907,89.9104142857145,93.00976200000021,93.50574199999883,92.93902750000008,51.333096077427356,37553.238095238084,98.09776735819014,90.08661999999977,82.07547264180941,113.7962,59.1552,0.6965489622983796,0.17908343906948576,Bullish
1252,2019-10-23,94.236305,92.4478,90.19905714285736,92.9779440000002,93.48983299999884,92.9788145000001,51.798591308408824,37548.238095238084,98.1717017181156,90.46176499999977,82.75182828188393,113.7962,61.2926,0.6367330745038231,0.27061336615635323,Bullish
1253,2019-10-24,92.65632,90.3271,90.45535238095259,92.90371200000021,93.45271699999887,93.01020900000007,45.47527909627077,36643.47619047618,97.81209864804468,90.80673499999978,83.80137135195486,113.7962,61.2926,0.4134399080037667,0.2991786745258359,Bullish
1254,2019-10-25,89.41955,89.8166,90.75958571428593,92.81927000000022,93.41049599999887,93.03315500000008,44.080285329868936,37714.90476190476,97.58965963096279,91.03277499999977,84.47589036903672,113.7962,61.2926,0.19305990680852855,0.27795492098237445,Bearish
1255,2019-10-28,91.144356,88.6776,90.920623809524,92.7057900000002,93.36674699999888,93.06150750000008,41.05429099176047,37524.42857142857,97.48300469389872,91.13027499999977,84.77754530610082,113.7962,61.7717,-0.07266299904880212,0.20783133697613915,Bearish
1256,2019-10-29,90.91279,88.6776,91.01348095238116,92.5443280000002,93.32716999999892,93.08502300000008,41.05429099176047,13810.142857142857,97.21179541194651,91.29035999999977,85.36892458805299,113.7962,61.8822,-0.2800223925376173,0.11026059107338786,Bearish
1257,2019-10-30,84.002144,88.3635,91.15098571428592,92.33941200000021,93.28710699999887,93.09314900000008,40.17230031612727,13191.095238095239,96.77986466255362,91.46887499999977,86.15788533744593,113.7962,62.2415,-0.46434872769223995,-0.0046612726797377185,Bearish
1258,2019-10-31,89.57942,88.3635,91.32100000000021,92.10604800000021,93.25112199999887,93.10998100000006,40.17230031612727,12357.761904761905,96.46264065410358,91.59618499999978,86.72972934589592,113.7962,62.2415,-0.6034722241502237,-0.12442346297383493,Bearish
1259,2019-11-01,88.60759,88.2751,91.4380380952383,91.87983000000021,93.20685599999891,93.13346500000006,39.892562572307504,12357.761904761905,96.50761807320005,91.56497999999978,86.62234192679949,113.7962,62.2415,-0.7126467900457811,-0.24206812838822414,Bearish
1260,2019-11-04,85.79018,88.3635,91.41252857142875,91.65594800000021,93.1638539999989,93.15872700000006,40.33995908784531,13357.761904761905,96.54396436565729,91.40780999999977,86.2716556343422,113.7962,62.2415,-0.7830092358038883,-0.350256349871357,Bearish
1261,2019-11-05,88.63758,88.3536,91.26237142857158,91.43186800000021,93.12369199999891,93.18873000000004,40.30377832172066,12000.619047619048,96.59051182098513,91.29044999999977,85.99038817901437,113.7962,62.2415,-0.8300030695368434,-0.4462056938044543,Bearish
1262,2019-11-06,88.45724,86.7926,91.07626666666685,91.1953440000002,93.06384299999891,93.20756550000006,34.97686555501943,12262.0,96.75946459724493,91.12585499999977,85.49224540275456,113.7962,62.2415,-0.9818870923243423,-0.553341973508432,Bearish
1263,2019-11-07,82.77305,86.3998,90.90080476190495,91.0052040000002,93.00158299999892,93.21255250000006,33.76743441133065,12404.857142857143,96.81717235501232,90.84205499999977,84.86693764498717,113.7962,62.2415,-1.1210294225159885,-0.6668794633099433,Bearish
1264,2019-11-08,87.88408000000001,84.9271,90.56039047619065,90.75981800000021,92.92317399999891,93.20593800000006,29.630599501952247,12952.47619047619,96.8585089363116,90.44147499999973,84.02444106368787,113.7962,62.2415,-1.3347491464836168,-0.8004533999446779,Bearish
1265,2019-11-11,85.94151,84.554,90.16111904761921,90.4849700000002,92.85089499999891,93.19252900000005,28.67224226270455,13333.428571428569,96.6949468774004,89.98149499999974,83.26804312259908,113.7962,62.2415,-1.516745521142198,-0.943711824184182,Bearish
1266,2019-11-12,83.46169,84.2104,89.70668095238113,90.22525000000022,92.78124899999891,93.17740200000007,27.781096071673,10523.90476190476,96.18105568319478,89.44002499999974,82.69899431680469,113.7962,62.2415,-1.669460110733482,-1.088861481494042,Bearish
1267,2019-11-13,85.21261,87.7646,89.36024285714304,90.06885400000023,92.74657599999891,93.17696000000008,46.354578852292725,10976.285714285714,94.73208111267755,88.97022999999975,83.20837888732194,113.7962,62.2415,-1.4865571810886706,-1.168400621412968,Bearish
1268,2019-11-14,85.71826999999999,86.93,88.87307619047638,89.86921600000022,92.70080699999892,93.17920850000007,43.5238947409758,13833.428571428569,93.88704672747593,88.60400999999975,83.32097327252356,113.7962,62.2415,-1.3928941201864546,-1.2132993211676653,Bearish
1269,2019-11-15,81.1155,88.3635,88.5925571428573,89.69274800000025,92.62793499999891,93.19373750000008,49.25568348251294,11619.142857142857,92.9126853529018,88.30946499999973,83.70624464709768,113.7962,62.2692,-1.1892846665430028,-1.2084963902427328,Bullish
1270,2019-11-18,87.965164,89.3453,88.35879047619066,89.53591600000027,92.56393199999891,93.22197350000008,52.789727520415326,12238.190476190475,92.422174836826,88.16219499999973,83.90221516317348,113.7962,62.2692,-0.9378882607933718,-1.1543747643528606,Bullish
1271,2019-11-19,88.55396999999999,89.1489,88.20918095238113,89.37515600000027,92.49426699999891,93.24747700000007,52.00941308431089,12476.285714285714,91.85666647324291,88.00510499999973,84.15354352675656,113.7962,62.2692,-0.7459043159947356,-1.0726806746812356,Bullish
1272,2019-11-20,85.88801,88.3635,88.02217142857158,89.20892800000027,92.41466199999891,93.27481150000007,48.896735195630725,12642.904761904761,91.07898279000332,87.80088999999974,84.52279720999613,113.7962,62.2692,-0.6496422017964251,-0.9880729801042736,Bullish
1273,2019-11-21,88.79458000000001,88.3046,87.82487619047636,89.06674600000028,92.34812299999888,93.30125300000007,48.661529914979006,12690.47619047619,90.77862593179985,87.69976499999973,84.62090406819962,113.7962,62.2692,-0.5715184120194436,-0.9047620664873076,Bullish
1274,2019-11-22,88.79621,88.7464,87.74960476190492,88.97493400000026,92.28296699999888,93.32856750000006,50.58174429542635,12761.904761904761,90.61118707985695,87.64625499999973,84.68132292014249,113.7962,64.4802,-0.4685539794361091,-0.8175204490770678,Bullish
1275,2019-11-25,83.21488000000001,89.1489,87.71780952380968,88.95299800000026,92.22060399999887,93.35895400000008,52.33105592704371,11976.190476190475,90.67439233207537,87.66981999999972,84.66524766792408,113.7962,66.7005,-0.3504359313501908,-0.7241035455316924,Bullish
1276,2019-11-26,89.65834,87.6664,87.6696571428573,88.90558400000026,92.14208799999888,93.38257300000005,45.887993483923076,11238.095238095239,90.58811632489395,87.61925999999973,84.65040367510551,113.7962,68.7549,-0.37216183747830195,-0.6537152039210143,Bullish
1277,2019-11-27,88.39156,88.7562,87.67340000000017,88.88015600000027,92.07058199999885,93.41136450000008,50.69384918883632,12690.47619047619,90.63227329586478,87.63889499999974,84.6455167041347,113.7962,71.095,-0.2980067857270683,-0.5825735202822251,Bullish
1278,2019-11-28,85.83919499999999,90.5726,87.77859523809539,88.90509000000027,92.02880899999886,93.44564500000007,57.47321425342408,12714.285714285714,90.99401129484392,87.74934999999974,84.50468870515554,113.7962,72.7072,-0.09161400403336016,-0.4843816170324521,Bullish
1279,2019-11-29,89.43445600000001,95.0595,88.09745238095257,89.02355600000028,92.02488799999884,93.50107000000007,68.86239925654962,12976.190476190475,92.63828670290106,88.08856999999973,83.53885329709841,113.7962,73.5548,0.4290631212712128,-0.3016926693717191,Bullish
1280,2019-12-02,90.14126,98.7216,88.59490476190494,89.27121000000028,92.06963099999884,93.55384650000008,74.79544409323465,15857.142857142857,95.10448760507794,88.60647499999973,82.10846239492153,113.7962,73.5548,1.1242447650708556,-0.016505182483204206,Bullish
1281,2019-12-03,87.56933000000001,99.6544,89.13256666666685,89.5365720000003,92.12739999999884,93.60110700000007,76.04739762932404,22904.761904761905,97.25517921972994,89.17151499999973,81.08785078026955,113.7962,74.9367,1.7305022379615025,0.33289630160573713,Bullish
1282,2019-12-04,97.42114000000001,98.4762,89.61459523809542,89.80719800000028,92.16466299999881,93.62414300000007,71.2344161048274,24023.809523809527,98.70913832657264,89.75569499999975,80.80225167342688,113.7962,74.9367,2.0917819989104633,0.6846734410666824,Bullish
1283,2019-12-05,98.341415,100.0962,90.24810000000019,90.14056800000029,92.2181259999988,93.63422800000008,73.69920326015139,23771.42857142857,100.31072452935342,90.44051499999978,80.57030547064608,113.7962,76.6779,2.4802287404071137,1.0437845009347686,Bullish
1284,2019-12-06,95.4009,99.1634,90.85589047619068,90.41792000000028,92.26795099999882,93.63997150000007,69.98090690622236,23914.285714285717,101.37644410972382,91.15232999999974,80.92821589027567,113.7962,79.6444,2.6818912445380083,1.3714058496554165,Bullish
1285,2019-12-09,99.51953,94.3722,91.3056571428573,90.57081200000029,92.2663549999988,93.6166920000001,54.71210177246239,24152.380952380958,101.4887699309815,91.64323999999974,81.79771006901797,113.7962,82.1411,2.4271220811700545,1.582549095958344,Bullish
1286,2019-12-10,98.394264,93.194,91.71708571428587,90.72517400000028,92.2529769999988,93.58116450000007,51.72346914381141,24509.52380952381,101.3422285469193,92.09241999999972,82.84261145308015,113.7962,82.1411,2.1058696360108944,1.6872132039688539,Bullish
1287,2019-12-11,90.20981,94.6962,92.2164095238097,90.92323400000029,92.2578449999988,93.56162400000008,55.091752830459264,22938.09523809524,101.53231711952559,92.43899999999974,83.34568288047387,113.7962,82.353,1.950011228709428,1.7397728089169688,Bullish
1288,2019-12-12,95.765755,94.598,92.5418095238097,91.09884800000029,92.2638169999988,93.54891650000008,54.822475580101035,23104.761904761905,101.59524868194248,92.82239999999972,84.04955131805698,113.7962,82.353,1.7978439725192883,1.7513870416374329,Bullish
1289,2019-12-13,94.81163000000001,94.2544,92.89059047619064,91.20595200000031,92.2683449999988,93.5302710000001,53.83102275280305,19914.285714285714,101.6638516875778,93.11694499999972,84.57003831242166,113.7962,82.353,1.6307266752475869,1.7272549683594636,Bearish
1290,2019-12-16,91.4641,96.8267,93.2936000000002,91.31234800000028,92.29802699999878,93.53297400000014,59.706008876436904,20914.285714285714,101.9996750412377,93.49101499999978,84.9823549587618,113.7962,82.353,1.6864082608581017,1.7190856268591912,Bearish
1291,2019-12-17,95.21464499999999,97.6809,93.6905333333335,91.45195000000031,92.3408969999988,93.54706000000007,61.4598591753904,21890.47619047619,102.3680339354937,93.91761499999977,85.46719606450581,113.7962,82.353,1.7789564175517256,1.7310597849976983,Bullish
1292,2019-12-18,95.48793,94.7551,93.95749523809543,91.54536200000031,92.33895799999878,93.54651700000008,52.95733107190632,22319.04761904762,102.2976969830126,94.23719499999977,86.1766930169869,113.7962,82.353,1.5977954985219185,1.7044069277025422,Bearish
1293,2019-12-19,90.513275,92.2416,94.14216666666687,91.54867800000031,92.30922899999878,93.5401390000001,46.948411941419465,23461.904761904767,102.08741260662521,94.43404499999977,86.7806773933743,113.7962,82.353,1.2371446873330711,1.6109544796286481,Bearish
1294,2019-12-20,94.77541,90.9751,94.26933333333356,91.50940600000031,92.26171399999878,93.53828600000007,44.22537943812091,24438.09523809524,101.92432568605669,94.54547999999977,87.16663431394285,113.7962,82.353,0.8394536564890132,1.456654315000721,Bearish
1295,2019-12-23,92.359764,89.198,94.2908380952383,91.4182940000003,92.21140999999878,93.51507800000007,40.661623231115364,25342.857142857138,101.91962631755608,94.5479349999998,87.17624368244348,113.7962,82.353,0.3765429781184366,1.2406320476242643,Bearish
1296,2019-12-24,89.66301,89.198,94.29317619047642,91.30145800000031,92.16034799999878,93.49068500000007,40.661623231115364,24985.714285714286,101.73588835578322,94.62451499999979,87.51314164421633,113.7962,82.353,0.009572583633016052,0.9944201548260144,Bearish
1297,2019-12-25,90.77029399999999,89.198,94.36610952380975,91.14220800000034,92.10501899999878,93.4647270000001,40.661623231115364,24985.714285714286,101.68732001725078,94.6466049999998,87.60588998274878,113.7962,82.353,-0.27804892297103834,0.7399263392666038,Bearish
1298,2019-12-26,90.36774,88.5598,94.35675714285738,91.02831600000034,92.05184199999876,93.43870750000008,39.243218974657566,23414.285714285717,101.86863459444044,94.5459649999998,87.22329540555911,113.7962,82.353,-0.5511353008178475,0.4817140112497135,Bearish
1299,2019-12-27,83.835915,88.3635,94.25156190476211,90.91049800000036,91.99508999999875,93.41227550000008,38.79494998795853,23580.95238095238,102.00635305965204,94.2111649999998,86.41597694034753,113.7962,82.353,-0.7744703797483368,0.23047713305010345,Bearish
1300,2019-12-30,89.43256,88.0689,93.91867619047642,90.82606200000036,91.93539199999876,93.38432300000008,38.091713008983824,24795.23809523809,101.622511105255,93.67852999999977,85.73454889474452,113.7962,82.353,-0.9641229871184008,-0.008442890983597462,Bearish
1301,2019-12-31,88.41858,90.3271,93.5189380952383,90.78679000000038,91.8982759999988,93.37036400000008,46.14973893348599,21866.666666666668,100.78455317714392,93.21216499999977,85.63977682285561,108.1119,82.353,-0.9215827451762236,-0.19107086182212274,Bearish
1302,2020-01-01,86.31809,90.3271,93.07478095238119,90.7443760000004,91.8611599999988,93.35351300000006,46.14973893348599,13652.380952380952,100.071049622661,92.80470999999977,85.53837037733854,102.7132,82.353,-0.8777511283249311,-0.3284069151226844,Bearish
1303,2020-01-02,89.84289,91.5544,92.74517142857164,90.7689220000004,91.8363169999988,93.34170800000004,50.23275571227321,12590.47619047619,98.8390097711444,92.3776199999998,85.91623022885517,100.43,82.353,-0.7355029826058086,-0.4098261286193092,Bearish
1304,2020-01-03,89.68343,91.5544,92.33841904761928,90.8036780000004,91.81147399999884,93.31937700000006,50.23275571227321,12642.857142857143,97.66257070574328,91.99716999999978,86.3317692942563,100.43,82.353,-0.6156732048189753,-0.4509955438592425,Bearish
1305,2020-01-06,85.33255,88.8544,91.84751428571451,90.8072140000004,91.75650199999883,93.29046850000006,42.09026285698006,12300.0,97.43438345982314,91.7212799999998,86.00817654017645,100.43,82.353,-0.7301578723099879,-0.5068280095493916,Bearish
1306,2020-01-07,91.065315,88.2653,91.55670952380974,90.7989680000004,91.67164799999884,93.26444600000006,40.54597562981851,11519.047619047617,97.33586957068226,91.47484499999977,85.61382042931729,100.43,82.353,-0.8585266816284758,-0.5771677439652084,Bearish
1307,2020-01-08,89.11185,88.3144,91.32434761904786,90.79798600000038,91.56869899999882,93.23814750000004,40.74112940827045,10776.190476190475,96.97525602827929,91.15575499999977,85.33625397172027,100.43,82.353,-0.9453999461186982,-0.6508141843959063,Bearish
1308,2020-01-09,86.6917,89.0213,91.05411428571449,90.8111420000004,91.45859499999882,93.21552600000004,43.61093057576261,16171.428571428569,96.54233842149759,90.87691999999977,85.21150157850194,100.43,82.353,-0.946298373327636,-0.7099110221822522,Bearish
1309,2020-01-10,89.33766,90.8278,90.87458095238115,90.86219600000038,91.37101299999884,93.18790250000004,50.242571906463134,15952.380952380952,96.15522836780382,90.70558999999977,85.25595163219573,100.43,82.353,-0.7921099801343274,-0.7263508137726673,Bearish
1310,2020-01-13,89.09668,90.8082,90.7104761904764,90.9110900000004,91.28351899999882,93.15852200000003,50.17362665107772,16371.428571428569,95.07851171906825,90.40466499999977,85.7308182809313,100.43,82.353,-0.6638437463773528,-0.7138494002936044,Bullish
1311,2020-01-14,84.48559,95.3442,90.63988095238115,91.0509020000004,91.2413849999988,93.14997200000003,62.8717307844943,15795.238095238095,94.297982557279,90.28782999999977,86.2776774427205,100.43,82.353,-0.1939389336460806,-0.6098673069640996,Bullish
1312,2020-01-15,92.77595500000001,100.10600000000001,90.75536190476211,91.3171700000004,91.2562569999988,93.17167950000002,71.1762259895033,15566.666666666664,96.13058749852877,90.55537499999977,84.98016250147074,100.43,82.353,0.556288927424248,-0.3766360600864301,Bullish
1313,2020-01-16,96.96708000000001,102.5507,91.12658095238115,91.64018800000038,91.3226959999988,93.20466200000004,74.3484331250202,18909.52380952381,98.70163024615114,91.07082999999977,83.44002975384835,100.43,82.353,1.3327536171240837,-0.03475812464432737,Bullish
1314,2020-01-17,93.92941,100.322,91.51136190476211,91.9480860000004,91.35395199999878,93.21659200000002,67.09849655764945,27047.61904761905,100.16780207350406,91.53817499999977,82.90854792649544,102.5507,82.353,1.7481187886310892,0.32181725801075595,Bullish
1315,2020-01-20,99.50036999999999,98.4762,91.86855714285734,92.22653000000038,91.35574999999879,93.21663750000002,61.72973050888017,27309.52380952381,101.06528354407705,92.00208499999977,82.93888645592244,102.5507,82.353,1.906382455325968,0.6387302974737983,Bullish
1316,2020-01-21,99.074776,95.786,92.18227142857162,92.4580420000004,91.34164599999878,93.20783100000004,54.84223335225534,27119.04761904762,101.44184033979677,92.33148499999973,83.22112966020272,102.5507,82.353,1.7940502003965833,0.8697942780583553,Bullish
1317,2020-01-22,92.95004,94.7551,92.44689523809544,92.5978520000004,91.3333529999988,93.19477100000002,52.428171370477685,28038.09523809524,101.65924591651975,92.60933999999978,83.55943408347974,102.5507,82.353,1.6033585453904209,1.0165071315247685,Bullish
1318,2020-01-23,97.70418000000001,97.7202,92.8527142857145,92.81365600000038,91.3414359999988,93.20004499999999,58.136122240772856,28447.61904761905,102.17812785797213,93.06735999999977,83.95659214202739,102.5507,82.353,1.6722165530592008,1.147649015831655,Bullish
1319,2020-01-24,96.91329,97.1605,93.26227142857162,92.98959600000036,91.34117199999879,93.18497800000002,56.75188254785056,29266.66666666667,102.51596785576841,93.50720999999973,84.49845214423107,102.5507,82.353,1.6624601026223897,1.250611233189802,Bullish
1320,2020-01-27,93.93011,94.2838,93.54419047619066,93.08836600000036,91.31214099999876,93.1555745,50.14338361560643,31014.285714285717,102.47688354562138,93.81795499999973,85.15902645437811,102.5507,82.353,1.4063904038172268,1.2817670673152872,Bullish
1321,2020-01-28,96.2228,93.41,93.79852857142876,93.17358800000036,91.27437199999876,93.12877200000004,48.30344714780344,30047.61904761905,102.48550546222596,93.97209999999977,85.45869453777354,102.5507,82.353,1.1200339115474522,1.24942043616172,Bearish
1322,2020-01-29,95.42031,94.2544,93.98554285714306,93.29140600000036,91.25016699999875,93.10766100000002,50.20494683799146,30138.09523809524,102.51607360183064,94.16846499999977,85.82085639816889,102.5507,82.8966,0.95027615935264,1.189591580799904,Bearish
1323,2020-01-30,88.71391,95.5504,94.23427142857165,93.43632200000036,91.25153399999876,93.09284050000002,53.05879193461024,30261.904761904767,102.64704334667464,94.36826499999977,86.08948665332487,102.5507,82.8966,0.9098303288939888,1.133639330418721,Bearish
1324,2020-01-31,95.90711,94.706,94.38434761904782,93.55551400000034,91.26522399999878,93.073229,51.00759685790465,30204.761904761905,102.7037475933409,94.52584499999978,86.34794240665859,102.5507,82.8966,0.8004140192310274,1.066994268181182,Bearish
1325,2020-02-03,94.9989,91.5053,94.38200952380971,93.60264200000034,91.2778199999988,93.0286055,44.0552876730545,30280.95238095238,102.54505588996076,94.65838999999977,86.77172411003876,102.5507,82.8966,0.4502409672816157,0.9436436080012688,Bearish
1326,2020-02-04,90.89064,95.1675,94.68263333333356,93.75266400000034,91.3291239999988,93.004711,52.10001556788468,30247.61904761905,102.32474401043049,95.00349999999978,87.68225598956903,102.5507,82.8966,0.4628992204006721,0.8474947304811495,Bearish
1327,2020-02-05,94.02545,95.1675,95.01130952380971,93.8808900000003,91.3805229999988,92.9808165,52.10001556788468,30314.285714285717,101.99352526967596,95.34615499999977,88.69878473032354,102.5507,82.8966,0.4675414503896605,0.7715040744628517,Bearish
1328,2020-02-06,94.519775,96.3555,95.39421904761923,93.9965480000003,91.4508189999988,92.96822,54.558399358871604,30390.476190476187,101.70057106470928,95.71286499999977,89.72515893529027,102.5507,82.8966,0.5606196482398502,0.7293271892182515,Bearish
1329,2020-02-07,89.02278000000001,93.95,95.62891904761923,93.97435800000031,91.4989569999988,92.948527,49.06706376707261,25447.61904761905,101.49071042420506,95.86897499999976,90.24723957579448,102.5507,82.8966,0.4352635964331313,0.6705144706612274,Bearish
1330,2020-02-10,95.033394,90.5136,95.61395714285734,93.8101980000003,91.54070399999878,92.9164405,42.48797914005152,25066.66666666667,101.53022604702306,95.85424499999976,90.1782639529765,102.5507,82.8966,0.057961121696436635,0.5480038008682693,Bearish
1331,2020-02-11,92.65849,91.8096,95.66164285714306,93.65330200000031,91.5949369999988,92.8900755,45.45821362038078,25395.23809523809,101.61987381863158,95.67751499999977,89.73515618136797,102.5507,82.8966,-0.13492214052401152,0.4114186125898131,Bearish
1332,2020-02-12,90.212654,94.2544,95.60974761904785,93.56886600000028,91.68803199999878,92.8857015,50.63730947429981,24866.66666666667,100.99314072780315,95.38493499999977,89.77672927219636,102.5507,82.8966,-0.08947715063376904,0.31123945994509666,Bearish
1333,2020-02-13,93.46347,96.3849,95.43255238095259,93.49464000000029,91.81760399999877,92.89145850000004,54.67629998051381,23538.09523809524,99.65945516213385,95.07664499999977,90.49383483786569,102.5507,82.9426,0.11710199700826253,0.2724119673577298,Bearish
1334,2020-02-14,93.35383,95.8547,95.11369523809546,93.42846600000028,91.92319299999878,92.89470650000004,53.50303714686481,19523.809523809523,98.78022606413825,94.85327999999978,90.92633393586134,102.5507,82.9426,0.23532210416929897,0.26499399472004365,Bearish
1335,2020-02-17,89.02709,99.4874,95.07395238095259,93.53077000000029,92.05079099999875,92.92237650000004,59.858716066868496,10385.714285714286,99.03670630631304,94.90383999999979,90.77097369368653,102.5507,82.9426,0.6150509960570645,0.3350053949874478,Bullish
1336,2020-02-18,97.19366,99.0947,95.10340476190494,93.64878400000026,92.18697899999876,92.94865200000004,58.921101659305656,10085.714285714286,99.57794766540334,95.06927499999979,90.5606023345962,102.5507,82.9426,0.8742237632505407,0.4428490686400664,Bullish
1337,2020-02-19,98.66918000000001,99.2125,95.26657142857164,93.73911000000022,92.33117199999876,92.97907250000006,59.12792172364462,9295.238095238095,100.14425449486392,95.29214499999979,90.44003550513563,102.5507,82.9979,1.0767138371115266,0.5696220223343584,Bullish
1338,2020-02-20,95.29735600000001,98.9671,95.46714285714307,93.82649200000027,92.46266999999877,93.00864550000006,58.46752856039394,8623.809523809523,100.35942632205679,95.35448999999979,90.34955367794277,102.5507,83.4277,1.2035135948417943,0.6964003368358457,Bullish
1339,2020-02-21,98.83223000000001,98.9671,95.52651904761926,93.92074600000024,92.56334899999877,93.02347300000008,58.46752856039394,8190.476190476192,100.63852824465931,95.4448199999998,90.25111175534028,102.5507,83.4277,1.2891428797319833,0.8149488454150732,Bullish
1340,2020-02-24,98.99039,98.6725,95.59851904761926,93.95766200000023,92.63500499999876,93.05034000000006,57.57226517676094,7309.523809523808,101.01177672526137,95.66425499999978,90.3167332747382,102.5507,83.4277,1.3180394091504295,0.9155669581621444,Bullish
1341,2020-02-25,92.82069,98.2602,95.78787142857165,93.96924800000023,92.71059899999877,93.08306350000008,56.27357408777574,5442.857142857143,101.2632747936389,95.9067649999998,90.55025520636066,102.5507,83.4277,1.2927687195591773,0.9910073104415512,Bullish
1342,2020-02-26,99.31745,94.5489,95.84210476190498,93.96512400000023,92.75524299999876,93.08879100000007,46.17620576418414,4842.857142857143,101.26134274327356,95.92148999999979,90.581637256726,102.5507,83.4277,0.96217921951407,0.9852416922560548,Bearish
1343,2020-02-27,96.574104,96.7875,95.96272857142877,94.05604200000023,92.80235999999876,93.10632800000008,51.79485839841446,4780.952380952381,101.33322128475193,95.98334499999977,90.63346871524764,102.5507,83.4277,0.8707831243845447,0.9623499786817528,Bearish
1344,2020-02-28,94.17428000000001,94.2544,95.9010142857145,94.12162800000023,92.81551699999876,93.1181220000001,45.949642827835895,5090.476190476191,101.33576871621719,95.9607649999998,90.58576128378236,102.5507,83.4277,0.5871823874667257,0.8873164604387475,Bearish
1345,2020-03-02,96.228874,97.3078,96.02490952380974,94.28382400000021,92.85105899999876,93.1486915000001,52.85610160850227,5114.285714285715,101.24555133705341,96.25088999999977,91.25622866294613,102.5507,83.4277,0.6018726091126894,0.8302276901735358,Bearish
1346,2020-03-03,96.16909,96.97399999999999,96.28532380952402,94.4393440000002,92.87040099999876,93.18200100000007,52.072753652382346,5247.619047619048,101.31955189954351,96.34121499999979,91.36287810045604,102.5507,83.4277,0.5798951746858734,0.7801611870760033,Bearish
1347,2020-03-04,90.42294,96.6696,96.35685238095259,94.58877600000021,92.86549199999874,93.19856900000008,51.325724290945246,5985.714285714284,101.3668069662145,96.41631999999977,91.46583303378503,102.5507,83.4277,0.5317852739276958,0.7304860044463418,Bearish
1348,2020-03-05,97.66006999999999,96.4045,96.41575714285734,94.7456700000002,92.88699299999875,93.21158350000009,50.64431571035283,6261.904761904762,101.36918264145388,96.41876999999977,91.46835735854565,102.5507,83.4277,0.4668845223487637,0.6777657080268262,Bearish
1349,2020-03-06,96.58247,97.0722,96.44988571428593,94.91984400000021,92.91517099999876,93.22793650000014,52.35985976268528,6219.047619047618,101.3993523113165,96.57487999999977,91.750407688683,102.5507,83.4277,0.4639795514838028,0.6350084767182216,Bearish
1350,2020-03-09,93.879036,94.7944,96.49009523809544,95.05435400000022,92.94020799999876,93.2317150000001,46.430752405150784,6200.0,100.83595340172327,96.78891999999978,92.74188659827627,102.5507,83.4277,0.2747112175983375,0.5629490248942448,Bearish
1351,2020-03-10,96.43549,94.49,96.67944761904785,95.13761200000015,92.96220099999876,93.2339715000001,45.68620953424786,6323.809523809524,100.44500118826151,96.92293999999977,93.400878811738,102.5507,83.4277,0.0990108281712736,0.4701613855496506,Bearish
1352,2020-03-11,95.85427,95.1,96.83613333333355,95.23307000000015,92.98872299999876,93.23927800000007,47.50293329420961,5857.142857142857,100.376695563839,96.96521999999977,93.55374443616051,102.5507,83.4277,0.008886468042717866,0.377906402048264,Bearish
1353,2020-03-12,89.25032,93.0,96.77640000000021,95.26198200000016,93.01545199999876,93.23408450000008,42.26206076389565,6847.619047619048,100.61707820611359,96.79597499999977,92.97487179388594,102.5507,83.4277,-0.2293464234317213,0.2564558369522669,Bearish
1354,2020-03-13,95.3332,95.44,96.73140476190494,95.33969400000015,93.07168599999878,93.24109100000008,49.26593082826453,7071.428571428572,100.62097060235241,96.77523999999977,92.9295093976471,102.5507,83.4277,-0.2187386156304143,0.16141694643573068,Bearish
1355,2020-03-16,94.7794,88.29,96.37118095238115,95.32840600000016,93.06780999999876,93.21727850000006,35.62753080502397,7033.333333333332,101.35973812414026,96.21536999999977,91.07100187585924,102.5507,83.4277,-0.778305277716214,-0.026527498394658292,Bearish
1356,2020-03-17,90.04745,81.67,95.5227333333335,95.19650000000016,92.99773399999876,93.16245200000004,27.92064659218532,7180.952380952382,103.34936898367356,95.34413499999977,87.33890101632593,102.5507,83.4277,-1.7359337989775554,-0.3684087585112378,Bearish
1357,2020-03-18,88.89437,75.55,94.40155714285734,94.94121200000015,92.86959899999876,93.07835300000004,22.973091223112146,7100.0,105.7305103606837,94.16100999999978,82.59150963931583,102.5507,81.67,-2.9546349618008065,-0.8856539991691516,Bearish
1358,2020-03-19,87.68445600000001,69.89,93.00524761904781,94.55858600000015,92.68486399999875,92.96799300000004,19.526840549521857,7095.2380952380945,108.15368361383938,92.70715499999973,77.26062638616011,102.5507,75.55,-4.327296727980837,-1.5739825449314888,Bearish
1359,2020-03-20,75.10481999999999,72.1,91.7258619047621,94.18403000000015,92.52311299999876,92.86498450000003,24.301839483097872,7147.619047619048,108.92712601622648,91.36379999999973,73.80047398377302,102.5507,69.89,-5.1771337615637085,-2.294612788257933,Bearish
1360,2020-03-23,75.55594,72.1,90.44647619047636,93.80986600000016,92.36047799999876,92.76216600000002,24.301839483097872,7509.523809523808,109.13870404936044,90.03517499999974,70.93164595063902,102.5507,69.89,-5.783961821931328,-2.992482594992612,Bearish
1361,2020-03-24,72.35878000000001,66.7,88.92397619047638,93.23698200000015,92.14394199999876,92.63381700000002,20.803723861798826,7909.523809523808,109.67885746561987,88.45716499999975,67.23547253437961,102.5507,69.89,-6.62425204789534,-3.718836485573157,Bearish
1362,2020-03-25,69.286385,66.7,87.42110952380972,92.56886200000015,91.94301599999876,92.50342950000002,20.80372386179883,7680.952380952382,110.08335630840551,87.06471999999975,64.04608369159399,102.5507,66.7,-7.207109039201683,-4.416490996298863,Bearish
1363,2020-03-26,68.65767,67.49,86.13259047619066,91.86764800000016,91.75391799999878,92.37775050000002,22.69181599097085,7642.857142857143,109.66229759457434,85.59984499999976,61.53739240542519,102.5507,66.7,-7.518611137356758,-5.036915024510441,Bearish
1364,2020-03-27,69.77868000000001,69.5,84.83318571428592,91.25120800000015,91.59964699999875,92.26141050000004,27.43222564169721,9185.714285714286,109.05492879033005,84.36212499999975,59.669321209669434,102.5507,66.7,-7.516641429217786,-5.53286030545191,Bearish
1365,2020-03-30,64.4901,74.71,83.9025000000002,90.77588400000015,91.50120699999876,92.176051,38.03799573507403,8761.904761904761,107.51685063503409,83.23223499999975,58.94761936496541,102.5507,66.7,-7.013825943590746,-5.829053433079678,Bearish
1366,2020-03-31,71.42438,78.39,83.00165238095258,90.42796400000016,91.44300299999875,92.112126,44.23722324789893,8942.857142857143,105.82347574581358,82.30303499999977,58.78259425418595,102.5507,66.7,-6.246391293101298,-5.912521005084001,Bearish
1367,2020-04-01,75.21048,78.37,82.11574761904781,90.10026200000013,91.34905699999877,92.0478165,44.211334407295475,9266.666666666666,104.00832233171245,81.38805499999975,58.76778766828704,102.5507,66.7,-5.57553632427792,-5.845124068922784,Bullish
1368,2020-04-02,72.41459,78.76,81.26290952380974,89.72105800000016,91.26735699999875,91.984082,44.88864077695093,8780.952380952382,102.06611341382921,80.50582999999975,58.9455465861703,102.5507,66.7,-4.955287715378943,-5.667156798214017,Bullish
1369,2020-04-03,77.23416999999999,80.13,80.48793333333354,89.38044800000016,91.18502199999877,91.9064785,47.308661370842074,8885.714285714286,99.83580517399471,79.65871999999975,59.48163482600477,102.5507,66.7,-4.303579686009344,-5.394441375773082,Bullish
1370,2020-04-06,78.15981,79.05,79.62973333333355,89.07577200000016,91.08206899999874,91.82300050000002,45.60841902174602,8928.57142857143,97.81595172076084,78.87149999999973,59.92704827923863,102.5507,66.7,-3.8300924301099712,-5.081571586640458,Bullish
1371,2020-04-07,74.652985,79.7,78.9109523809526,88.80157200000015,90.98757999999874,91.74092350000002,46.84657597311134,8719.047619047618,95.68348381192408,78.13199999999975,60.58051618807543,102.5507,66.7,-3.363627002495249,-4.7379826698114185,Bullish
1372,2020-04-08,80.14095,76.83,78.0700000000002,88.45308400000015,90.87224499999874,91.64345350000004,42.271057111093775,8590.47619047619,92.94977747515223,77.21849999999975,61.48722252484727,102.5507,66.7,-3.1887765734239366,-4.428141450533921,Bullish
1373,2020-04-09,78.16789,78.41,77.27523809523831,88.11027600000016,90.77329899999876,91.56071100000004,45.430925250855246,8342.857142857143,90.48246976272252,76.48899999999975,62.495530237276974,102.5507,66.7,-2.8894062763062607,-4.1203944156883905,Bullish
1374,2020-04-10,76.47094,77.66,76.54476190476213,87.76935600000016,90.66243499999877,91.47270100000004,44.194321150544866,7347.619047619048,86.60463902180477,75.59999999999975,64.59536097819475,102.5507,66.7,-2.68175825119917,-3.8326671827905456,Bullish
1375,2020-04-13,78.36854,76.6,75.64761904761927,87.47125000000017,90.53694599999876,91.37877500000002,42.436215258708884,6928.571428571428,84.38183861229831,75.01549999999975,65.64916138770118,102.5507,66.7,-2.5730681090075933,-3.580747368033955,Bullish
1376,2020-04-14,78.297905,77.45,75.13142857142878,87.11690000000017,90.43478199999876,91.28843500000002,44.34807699552447,6947.619047619048,83.74201078322314,74.80449999999975,65.86698921677636,102.5507,66.7,-2.3907830333987192,-3.342754501106908,Bullish
1377,2020-04-15,72.72413,77.81,74.94761904761927,86.76975000000019,90.32531999999875,91.19795100000003,45.178550749565524,6533.333333333332,83.94653510903741,74.91749999999975,65.8884648909621,102.5507,66.7,-2.1920037515581607,-3.1126043511971586,Bullish
1378,2020-04-16,78.389015,78.91,75.10761904761927,86.4208400000002,90.20869399999876,91.11875150000004,47.74452561833407,5790.476190476192,84.24784293741581,75.36849999999973,66.48915706258367,102.5507,66.7,-1.9235356104972252,-2.8747906030571717,Bullish
1379,2020-04-17,78.35507,84.0,75.77952380952401,86.22184000000021,90.09809899999875,91.06149350000004,57.62764920031541,5795.2380952380945,85.46037164282151,75.96349999999975,66.466628357178,102.5507,66.7,-1.2852368035634782,-2.556879843158433,Bullish
1380,2020-04-20,77.1104,82.9,76.29380952380974,86.06956800000017,89.93988299999876,91.00475700000004,55.19799042857127,5695.2380952380945,86.28418765477282,76.50349999999976,66.72281234522671,102.5507,66.7,-0.8582478601987162,-2.2171534465664897,Bullish
1381,2020-04-21,81.728165,79.61,76.6514285714288,85.8255760000002,89.73943899999875,90.93341950000006,48.59830281348747,5361.904761904762,85.90705435015317,77.14899999999975,68.39094564984633,102.5507,66.7,-0.7763819033152259,-1.9289991379162368,Bullish
1382,2020-04-22,80.82328000000001,74.18,77.00761904761927,85.4240880000002,89.49647699999878,90.83057000000008,40.080592582386046,5414.285714285715,85.01103605762094,77.52299999999975,70.03496394237858,102.5507,66.7,-1.136556644750485,-1.7705106392830865,Bullish
1383,2020-04-23,75.029526,76.5,77.47428571428594,85.02639000000019,89.26051499999878,90.73932050000006,44.55215473157958,6842.857142857143,83.91790669875788,77.97349999999975,72.02909330124163,102.5507,66.7,-1.2207213949376552,-1.6605527904140005,Bullish
1384,2020-04-24,78.3343,74.95,77.82952380952403,84.6082960000002,89.01838099999878,90.64316600000008,42.281899684965225,7176.190476190476,82.99017706248786,78.24599999999975,73.50182293751165,102.5507,66.7,-1.3963978072502528,-1.607721793781251,Bullish
1385,2020-04-27,75.844666,75.01,78.09190476190498,84.1187480000002,88.82475899999879,90.54555700000006,42.40424874004404,5685.714285714284,82.96206328400699,78.26099999999975,73.55993671599252,102.5507,66.7,-1.5133363319139759,-1.5888447014077958,Bullish
1386,2020-04-28,74.00733000000001,76.48,78.1761904761907,83.6664540000002,88.6576189999988,90.45529800000006,45.4549168806102,5761.904761904762,82.92938276516506,78.16549999999975,73.40161723483445,102.5507,66.7,-1.4704438787939296,-1.5651645368850224,Bullish
1387,2020-04-29,75.71798000000001,78.46,78.17952380952403,83.25140400000019,88.4952569999988,90.37655100000003,49.34666814748675,5547.619047619048,82.93481689052521,78.16999999999976,73.40518310947432,102.5507,66.7,-1.2621327673318492,-1.5045581829743877,Bullish
1388,2020-04-30,76.60064,79.38,78.22761904761927,82.85966200000018,88.34307699999876,90.30344700000003,51.09277109057847,5057.142857142857,82.98877986129679,78.20099999999975,73.41322013870271,102.5507,66.7,-1.0111524632822864,-1.4058770390359674,Bullish
1389,2020-05-01,72.995926,79.38,78.25714285714308,82.46792000000019,88.19433299999876,90.23133900000006,51.09277109057847,6023.809523809524,82.90174978238194,78.16349999999973,73.42525021761756,102.5507,66.7,-0.8029923679353885,-1.2853001048158517,Bullish
1390,2020-05-04,79.279,77.17,78.1161904761907,82.0378700000002,87.99776599999878,90.14789650000006,46.615945857799424,6747.619047619048,82.80826555658136,78.06949999999975,73.33073444341814,102.5507,66.7,-0.8070493602654807,-1.1896499559057774,Bullish
1391,2020-05-05,78.09552,77.19,78.02761904761927,81.61646600000019,87.7928569999988,90.06687700000006,46.66149434237464,7604.7619047619055,82.63610997316042,77.94399999999976,73.25189002683909,102.5507,66.7,-0.799435330207686,-1.1116070307661592,Bullish
1392,2020-05-06,75.896385,77.44,77.92000000000024,81.2742880000002,87.6197059999988,89.97933200000006,47.26716729207532,7471.428571428572,82.64512940086568,77.97449999999976,73.30387059913384,102.5507,66.7,-0.7644165279663042,-1.0421689302061885,Bullish
1393,2020-05-07,78.00415,76.57,77.90761904761929,80.86993800000019,87.4629899999988,89.88610950000006,45.33777106020157,7700.0,82.5875520720009,77.88249999999975,73.17744792799859,102.5507,66.7,-0.7976705543815541,-0.9932692550412614,Bullish
1394,2020-05-08,78.017845,77.57,77.86761904761927,80.5362500000002,87.3289389999988,89.79532650000004,47.96687174034293,7580.952380952382,82.58406672288501,77.87799999999973,73.17193327711449,102.5507,66.7,-0.7348619362808932,-0.9415877912891878,Bullish
1395,2020-05-11,72.595055,76.5,77.81238095238115,80.1200940000002,87.2019589999988,89.70668450000004,45.448016133907636,7561.904761904762,82.58469650977666,77.87299999999975,73.16130349022285,102.5507,66.7,-0.7626345353612152,-0.9057971401035932,Bullish
1396,2020-05-12,77.70852,75.08,77.7400000000002,79.6822140000002,87.0607789999988,89.61056350000005,42.27525509899804,7604.7619047619055,82.61950760536287,77.75449999999975,72.88949239463662,102.5507,66.7,-0.8889790556052191,-0.9024335232039185,Bullish
1397,2020-05-13,76.002945,77.41,77.73809523809545,79.2970220000002,86.94289899999876,89.52395900000006,48.61421089124664,7680.952380952382,82.60171881573382,77.73449999999976,72.86728118426569,102.5507,66.7,-0.791967166273821,-0.8803402518178991,Bullish
1398,2020-05-14,74.37368000000001,79.69,77.82761904761927,78.96273200000019,86.85420099999878,89.45302150000006,53.9439505187696,7804.7619047619055,82.69002021253203,77.77349999999976,72.85697978746748,102.5507,66.7,-0.5250550915409775,-0.8092832197625147,Bullish
1399,2020-05-15,78.01433,77.08,77.74047619047641,78.56288800000019,86.74136599999878,89.36822800000006,47.82835503852717,9942.857142857143,81.4319518976053,77.42749999999975,73.4230481023942,102.5507,66.7,-0.5181575390689089,-0.7510580836237936,Bullish
1400,2020-05-18,77.50213000000001,75.99,77.35904761904783,78.18680000000019,86.62057699999878,89.27798450000006,45.508000078577965,10476.190476190475,80.2413961448741,77.08199999999974,73.92260385512537,102.5507,66.7,-0.5938001114732003,-0.7196064891936749,Bullish
1401,2020-05-19,72.72316,78.0,77.12571428571451,77.85700000000018,86.49730599999876,89.19779100000005,50.29660773614175,10514.285714285714,79.97576478314181,77.00149999999975,74.02723521685769,102.5507,66.7,-0.4859554019725891,-0.6728762717494577,Bullish
1402,2020-05-20,77.894035,78.0,77.04904761904784,77.51500000000019,86.37403499999876,89.11759750000006,50.29660773614175,10642.857142857143,79.89574897119104,77.19249999999974,74.48925102880844,102.5507,66.7,-0.3959237304040499,-0.6174857634803762,Bullish
1403,2020-05-21,77.88768,76.25,77.14761904761927,77.18000000000019,86.22099099999876,89.02865400000006,46.19735255375579,10385.714285714286,79.8982126480911,77.17999999999975,74.46178735190841,102.5507,66.7,-0.4604752842417668,-0.5860836676326543,Bullish
1404,2020-05-22,74.99381,76.25,77.1357142857145,76.79620000000018,86.06794699999874,88.93971050000006,46.1973525537558,9209.52380952381,79.80433194412933,77.24499999999975,74.68566805587017,102.5507,66.7,-0.5058022818725476,-0.5700273904806329,Bullish
1405,2020-05-25,76.86680600000001,76.25,77.19761904761927,76.55540000000019,85.94190299999875,88.84920250000003,46.197352553755806,9147.619047619048,79.70152792847347,77.30699999999975,74.91247207152603,102.5507,66.7,-0.5355507582855807,-0.5631320640416225,Bullish
1406,2020-05-26,77.38365999999999,76.25,77.25666666666687,76.44700000000019,85.82174999999877,88.74669900000004,46.197352553755806,9257.142857142857,79.70794668339781,77.29549999999975,74.88305331660166,102.5507,66.7,-0.5527548266059341,-0.5610566165544848,Bullish
1407,2020-05-27,72.02051999999999,76.25,77.2457142857145,76.4610000000002,85.70110599999877,88.63490250000004,46.1973525537558,9409.52380952381,79.57633017382355,77.18499999999975,74.79366982617594,102.5507,66.7,-0.5599345972089793,-0.5608322126853837,Bullish
1408,2020-05-28,77.036354,76.0,77.12857142857162,76.58320000000019,85.57089299999878,88.51474400000004,45.431146926702134,9633.333333333334,79.23443548480596,77.01599999999974,74.79756451519351,102.5507,66.7,-0.5791217724995903,-0.564490124648225,Bearish
1409,2020-05-29,76.17505,76.55,76.99380952380974,76.67220000000019,85.42811499999875,88.39956400000004,47.49434852134586,10266.666666666666,78.815401594684,76.87449999999973,74.93359840531545,102.5507,66.7,-0.543680137499365,-0.560328127218453,Bullish
1410,2020-06-01,74.135796,75.0,76.7852380952383,76.7302000000002,85.27003299999878,88.27677600000004,42.60540289180445,9109.52380952381,78.86487970123451,76.76599999999972,74.66712029876493,102.5507,66.7,-0.6333634133538908,-0.5749351844455406,Bearish
1411,2020-06-02,76.181465,75.11,76.68714285714306,76.8984000000002,85.06769099999877,88.15453800000004,43.053411803081566,8323.809523809523,78.8698369505586,76.66199999999972,74.45416304944084,102.5507,66.7,-0.6876353427173569,-0.5974752160999038,Bearish
1412,2020-06-03,76.162254,79.0,76.77333333333353,77.1444000000002,84.8566309999988,88.05644400000004,56.102890543318026,7447.619047619048,79.15296498115033,76.73999999999971,74.3270350188491,102.5507,66.7,-0.41200639458084254,-0.5603814517960916,Bullish
1413,2020-06-04,71.55315,79.78,76.8847619047621,77.39020000000022,84.6289239999988,87.97581000000004,58.17263008379627,8728.57142857143,79.65039072514901,76.90049999999971,74.15060927485041,102.5507,66.7,-0.12914033670088546,-0.4741332287770503,Bullish
1414,2020-06-05,79.034904,78.33,76.96857142857162,77.5668000000002,84.4090039999988,87.88147800000004,53.15517590070079,8828.57142857143,79.74477350774167,76.93849999999972,74.13222649225777,102.5507,66.7,-0.02171946130546587,-0.38365047528273344,Bullish
1415,2020-06-08,78.568794,79.01,77.03714285714305,77.6528000000002,84.2143419999988,87.78504600000004,55.110570432938545,8961.904761904761,80.00201565691229,77.06399999999971,74.12598434308711,102.5507,66.7,0.11693472268018468,-0.2835334356901498,Bullish
1416,2020-06-09,75.98781,80.0,77.20380952380972,77.68500000000022,84.0564819999988,87.69906400000004,57.86794873117189,9276.190476190475,80.36395481306653,77.30999999999972,74.25604518693291,102.5507,66.7,0.3032086876526279,-0.16618501102159428,Bullish
1417,2020-06-10,79.53443,83.6,77.609523809524,77.78960000000022,83.9449309999988,87.63914200000004,66.03758650745279,10985.714285714286,81.7248987626375,77.6194999999997,73.51410123736191,102.5507,66.7,0.7328739458201879,0.013626780346762207,Bullish
1418,2020-06-11,80.317215,82.0,77.82809523809544,77.8544000000002,83.7877289999988,87.56458250000004,60.42918497374171,11680.952380952383,82.18261733968484,77.7349999999997,73.28738266031456,102.5507,66.7,0.9335191031216112,0.19760524490173198,Bullish
1419,2020-06-12,76.78504000000001,80.26,77.85523809523829,77.8570000000002,83.61872399999879,87.47994800000002,54.96245092225857,11933.333333333336,82.46231434998317,77.8939999999997,73.32568565001623,102.5507,66.7,0.9412779117979682,0.3463397782809792,Bullish
1420,2020-06-15,81.87631999999999,77.5,77.87523809523829,77.8260000000002,83.4508859999988,87.38151350000004,47.60572010034958,10161.90476190476,82.45867575956449,77.9694999999997,73.48032424043494,102.5507,66.7,0.7164589965239259,0.42036362192956855,Bullish
1421,2020-06-16,79.15785,77.29,77.93714285714304,77.7778000000002,83.28968599999881,87.28202900000002,47.08926145704422,9733.333333333334,82.43286830216854,77.9339999999997,73.43513169783088,102.5507,66.7,0.5154019090981166,0.4393712793632781,Bullish
1422,2020-06-17,77.39912,77.35,77.90619047619066,77.78820000000022,83.12064199999881,87.1854045,47.26529263315803,9471.42857142857,82.40737738406945,77.9014999999997,73.39562261592995,102.5507,66.7,0.3567913487605381,0.4228552932427301,Bearish
1423,2020-06-18,78.519035,80.0,78.00142857142876,77.82000000000022,82.96513799999883,87.108336,54.470091359360254,9457.142857142857,82.61642266640398,78.0889999999997,73.56157733359541,102.5507,66.7,0.4398538288520655,0.4262550003645972,Bullish
1424,2020-06-19,78.85214,80.0,78.18000000000019,77.86680000000024,82.8180779999988,87.041651,54.470091359360254,9390.47619047619,82.7943458362663,78.2764999999997,73.75865416373311,102.5507,66.7,0.49991869127303795,0.44098773854628537,Bullish
1425,2020-06-22,74.31428000000001,80.0,78.35857142857161,77.93480000000022,82.7030249999988,86.99042250000002,54.47009135936025,9242.857142857143,82.94094717416553,78.4639999999997,73.98705282583387,102.5507,66.7,0.541280977314841,0.4610463862999965,Bullish
1426,2020-06-23,80.343575,80.0,78.53714285714305,77.98580000000022,82.5513499999988,86.940237,54.470091359360254,9095.238095238095,83.05535410751409,78.6514999999997,74.2476458924853,102.5507,66.7,0.5675188825918696,0.4823408855583711,Bullish
1427,2020-06-24,79.90338,80.0,78.71571428571447,78.02960000000024,82.39967499999881,86.89009899999998,54.470091359360254,8823.809523809523,83.13592401611538,78.8389999999997,74.54207598388403,102.5507,66.7,0.5816081943320911,0.5021943473131151,Bullish
1428,2020-06-25,77.70876,80.0,78.89428571428591,78.05140000000024,82.23611999999882,86.8434695,54.470091359360254,8552.380952380952,83.15739240484294,79.0389999999997,74.92060759515647,102.5507,66.7,0.5860188152757644,0.5189592409056449,Bullish
1429,2020-06-26,80.27029,79.6,79.06571428571445,77.96340000000023,82.0926199999988,86.79578849999999,52.772416522064674,8280.952380952382,83.1528193509573,79.1914999999997,75.23018064904213,102.5507,66.7,0.5508873209692382,0.5253448569183636,Bullish
1430,2020-06-29,80.22123,80.38,79.24809523809543,77.91300000000022,81.99128399999881,86.76599399999998,55.67361861134317,7880.952380952382,82.94925034937485,79.4604999999997,75.97174965062459,102.5507,66.7,0.5793069499772939,0.5361372755301497,Bullish
1431,2020-06-30,75.21354000000001,81.8,79.57190476190493,77.95680000000024,81.8911879999988,86.7430625,60.438317259641344,7961.904761904762,82.8005116037493,79.7949999999997,76.78948839625012,102.5507,66.7,0.7082476057530869,0.5705593415747371,Bullish
1432,2020-07-01,81.494225,82.25,79.91190476190494,78.11820000000024,81.77114399999883,86.729588,61.83825971261777,8671.42857142857,83.12080128193091,79.9574999999997,76.79419871806851,102.5507,66.7,0.8370957251699878,0.6238666182937872,Bullish
1433,2020-07-02,81.7941,82.5,80.07857142857159,78.23820000000023,81.6322949999988,86.72494950000002,62.62944312874172,9095.238095238095,83.44298518436355,80.09349999999971,76.74401481563586,102.5507,66.7,0.9484485739989594,0.6887830094348216,Bullish
1434,2020-07-03,79.14083000000001,82.5,80.20809523809541,78.38920000000024,81.49874799999883,86.7109705,62.62944312874172,8342.857142857143,83.70514912988996,80.30199999999971,76.89885087010946,102.5507,66.7,1.0248823037196644,0.7560028682917902,Bullish
1435,2020-07-06,82.36367,83.7,80.46380952380972,78.56300000000024,81.3408739999988,86.69583250000002,66.4962543563712,8642.857142857143,84.18847083781607,80.53649999999972,76.88452916218337,102.5507,66.7,1.1688132053103146,0.8385649356954951,Bullish
1436,2020-07-07,82.70974,83.7,80.68714285714304,78.70740000000022,81.1869269999988,86.68695300000002,66.4962543563712,8690.47619047619,84.61302553637529,80.72149999999972,76.82997446362414,102.5507,66.7,1.2682597725928986,0.9245039030749758,Bullish
1437,2020-07-08,78.24105,82.0,80.78238095238115,78.77820000000024,81.01480199999881,86.672987,56.83418633994064,8576.190476190477,84.35473726689494,80.64149999999972,76.92826273310449,102.5507,66.7,1.1961081113744854,0.9788247447348776,Bullish
1438,2020-07-09,83.63656,81.01,80.65904761904781,78.81080000000024,80.83523099999883,86.64895050000001,52.08763178873858,7219.047619047618,84.2575673503911,80.59199999999973,76.92643264960836,102.5507,66.7,1.0469738114298792,0.992454558073878,Bullish
1439,2020-07-10,81.83223000000001,81.35,80.62809523809544,78.85020000000024,80.65905999999883,86.6112045,53.523230850248574,7090.476190476192,84.32309774795367,80.64649999999972,76.96990225204577,102.5507,66.7,0.9453218805737862,0.9830280225738596,Bearish
1440,2020-07-13,79.72525,83.0,80.7585714285716,78.96680000000022,80.50233499999885,86.56867,59.81583217719768,7195.2380952380945,84.43469953891803,80.92149999999972,77.40830046108144,102.5507,66.7,0.9865310871045097,0.9837286354799896,Bullish
1441,2020-07-14,82.49605600000001,83.33,81.03619047619065,79.08960000000022,80.35303299999885,86.53181600000002,60.95445645394378,8547.619047619048,84.46392759528152,81.22349999999972,77.98307240471792,102.5507,66.7,1.033899769291196,0.9937628622422308,Bullish
1442,2020-07-15,82.36616,83.02,81.30904761904779,79.2012000000002,80.23774399999884,86.49649350000001,59.255863839825956,13971.428571428569,84.30406346017791,81.50699999999972,78.70993653982153,102.5507,66.7,1.0345003063971063,1.001910351073206,Bullish
1443,2020-07-16,77.84335,84.85,81.66619047619065,79.3668000000002,80.11836899999885,86.46036450000003,65.38767319043319,29114.285714285717,84.81042453357912,81.7494999999997,78.6885754664203,102.5507,66.7,1.1691645413786915,1.035361189134303,Bullish
1444,2020-07-17,84.21327,91.21,82.20000000000019,79.6396000000002,80.08792499999885,86.45172100000002,77.85897814166427,54828.571428571435,87.34990872935862,82.30999999999972,77.27009127064082,102.5507,66.7,1.7686973233001169,1.182028415967466,Bullish
1445,2020-07-20,87.83195500000001,97.41,83.02904761904782,80.0578000000002,80.08894699999884,86.47000300000002,83.93562698670544,78976.19047619047,91.36000970414837,83.18049999999972,75.0009902958511,102.5507,66.7,2.712847539069898,1.4881922405879524,Bullish
1446,2020-07-21,86.39765,96.87,83.83238095238114,80.4936000000002,80.08790699999885,86.47915400000002,81.82912846385737,114147.61904761904,93.99975941972623,84.02399999999973,74.04824058027323,102.5507,66.7,3.378573804541148,1.8662685533785917,Bullish
1447,2020-07-22,93.54835,96.83,84.63380952380972,80.8820000000002,80.08951099999885,86.47750150000002,81.66563324052177,154747.61904761905,96.10131323270636,84.86549999999973,73.62968676729308,102.5507,66.7,3.858461063191939,2.264707055341261,Bullish
1448,2020-07-23,93.004036,94.82,85.339523809524,81.18460000000022,80.07366599999885,86.48032950000002,73.6972671896327,158138.09523809527,97.40187922240169,85.60649999999973,73.81112077759778,102.5507,66.7,4.030128162554334,2.617791276783876,Bullish
1449,2020-07-24,90.22,93.15,85.9657142857145,81.5060000000002,80.03444399999884,86.47480750000003,67.77980671607226,159361.90476190473,98.1777048895734,86.28399999999974,74.39029511042607,102.5507,66.7,3.985478418037076,2.891328705034516,Bullish
1450,2020-07-27,95.64265,91.9,86.55142857142876,81.82420000000022,80.00549999999885,86.47285400000001,63.65953667472086,160371.42857142858,98.6697231127686,86.85999999999973,75.05027688723091,102.5507,66.7,3.8053627672838095,3.0741355174843745,Bullish
1451,2020-07-28,93.10155999999999,91.49,87.0804761904764,82.09400000000022,79.97549999999885,86.4688505,62.32133783441786,160819.04761904766,99.07894753707066,87.34449999999973,75.6100524629288,102.5507,66.7,3.5881740065251786,3.1769432152925354,Bullish
1452,2020-07-29,90.472305,92.76,87.60238095238117,82.38920000000022,79.95209999999885,86.4704115,64.79035107063598,161885.7142857143,99.58611710423948,87.86999999999975,76.15388289576,102.5507,66.7,3.4784315414689786,3.2372408805278234,Bullish
1453,2020-07-30,92.8157,92.17,88.07476190476211,82.70760000000024,79.94379999999884,86.479626,62.733694475453774,161452.38095238095,99.94068822666931,88.35349999999973,76.76631177333016,102.5507,66.7,3.3057452051261578,3.2509417454474905,Bullish
1454,2020-07-31,92.37594,92.17,88.5352380952383,83.02600000000022,79.91109999999884,86.49139299999999,62.733694475453795,161095.2380952381,100.21189709844714,88.83699999999975,77.46210290155237,102.5507,66.7,3.132777332434472,3.227308862844887,Bearish
1455,2020-08-03,86.537056,92.3,89.00190476190498,83.34700000000022,79.95119999999885,86.50950499999998,63.03355537506889,160619.04761904766,100.4816958942392,89.26699999999973,78.05230410576027,102.5507,66.7,2.971930397050002,3.1762331696859105,Bearish
1456,2020-08-04,92.77282,93.16,89.45238095238115,83.68520000000022,80.06609999999884,86.53191699999998,65.03776205779059,161142.85714285713,100.7721022475437,89.73999999999975,78.70789775245579,102.5507,66.7,2.88064655426102,3.1171158466009317,Bearish
1457,2020-08-05,92.89477,93.0,89.8952380952383,84.02020000000022,80.24059999999885,86.5550995,64.33886305631562,163000.0,100.80861587853936,90.28999999999976,79.77138412146014,102.5507,66.7,2.7635364602894725,3.04639996933864,Bearish
1458,2020-08-06,89.827065,97.04,90.61142857142879,84.44100000000022,80.51209999999885,86.59848199999999,72.40298385313734,164428.57142857142,101.08952435485477,91.09149999999973,81.09347564514471,102.5507,66.7,2.9625694469466453,3.029633864860241,Bearish
1459,2020-08-07,94.383156,98.93,91.46476190476211,84.88860000000022,80.78039999999885,86.65175649999999,75.22547330866014,168214.2857142857,101.46676131697386,91.97049999999977,82.47423868302566,102.5507,66.7,3.2355147276957434,3.070810037427342,Bullish
1460,2020-08-10,94.68464,99.55,92.3314285714288,85.37960000000022,81.05489999999885,86.70768900000002,76.08939683496178,169119.04761904766,101.89941439559124,92.79799999999977,83.69658560440827,102.5507,66.7,3.4619474721265675,3.149037524367187,Bullish
1461,2020-08-11,91.41913000000001,100.0,93.14095238095258,85.87740000000024,81.38789999999885,86.76592100000002,76.72383154305113,174523.80952380953,102.14631127214628,93.63149999999978,85.11668872785323,102.5507,66.7,3.6357970870267735,3.2463894368991033,Bullish
1462,2020-08-12,99.036674,100.0,93.93476190476211,86.29740000000022,81.72089999999885,86.83195800000001,76.72383154305113,176000.0,101.91081486548686,94.48049999999976,87.05018513451266,102.5507,66.7,3.7305704652303286,3.3432256425653493,Bullish
1463,2020-08-13,99.922714,99.9,94.73857142857166,86.69980000000022,82.04499999999885,86.89945900000002,76.20272830001227,171261.90476190473,101.57882098709624,95.23299999999978,88.88717901290327,102.5507,66.7,3.7543322804584136,3.425446970143962,Bullish
1464,2020-08-14,96.61086,99.9,95.4552380952383,87.1312000000002,82.34899999999885,86.97432350000004,76.20272830001227,156380.95238095234,102.04194546609985,95.66749999999978,89.29305453389965,102.5507,66.7,3.730164673808517,3.4863905108768733,Bullish
1465,2020-08-17,100.07339,97.25,95.74285714285736,87.49600000000021,82.57439999999886,87.03780350000002,63.04303303272179,130785.71428571428,102.02557406493752,95.65949999999977,89.293425935062,102.5507,66.7,3.457324928726038,3.4805773944467058,Bearish
1466,2020-08-18,99.33349,97.0,95.72333333333357,87.83600000000023,82.76049999999887,87.10175150000003,61.95601289066638,107238.09523809524,102.03726800568606,95.66599999999977,89.2947319943135,102.5507,66.7,3.184218861453715,3.421305687848108,Bearish
1467,2020-08-19,92.17031,96.3,95.6961904761907,88.09000000000022,82.93979999999884,87.14442850000003,58.89395144710005,72523.80952380953,101.99557260816637,95.63949999999977,89.28342739183313,102.5507,66.7,2.8781190211525565,3.3126683545089977,Bearish
1468,2020-08-20,97.901474,95.99,95.6561904761907,88.36980000000021,83.11209999999885,87.18972850000004,57.537727276306754,32666.66666666667,102.04435517445049,95.69799999999977,89.35164482554903,102.5507,66.7,2.5807687870573237,3.1662884410186627,Bearish
1469,2020-08-21,96.571884,94.0,95.61714285714308,88.64460000000021,83.25079999999885,87.21791100000004,49.635818055546274,30261.904761904767,102.02915478463196,95.74049999999977,89.45184521536757,102.5507,66.7,2.159645170178635,2.964959786850657,Bearish
1470,2020-08-24,92.94413,96.75,95.78857142857166,89.02960000000022,83.42779999999884,87.25493450000003,58.1825679187825,29428.571428571428,102.02997312713428,95.98299999999978,89.93602687286524,102.5507,66.7,2.024466892906972,2.77686120806192,Bearish
1471,2020-08-25,95.99976,97.04,96.03333333333357,89.42460000000021,83.60119999999887,87.29439000000004,58.973240024571616,28642.857142857138,101.95645461711962,96.26049999999977,90.56454538287987,102.5507,66.7,1.918621041564137,2.6052131747623632,Bearish
1472,2020-08-26,95.98404000000001,96.7,96.28142857142879,89.81160000000021,83.79989999999887,87.33607250000004,57.5982054684729,28738.09523809524,101.92344868255114,96.45749999999977,90.99155131744837,102.5507,66.7,1.7867062458788467,2.44151178898566,Bearish
1473,2020-08-27,90.52586,98.1,96.53571428571449,90.1736000000002,83.99679999999887,87.38504950000004,61.57145936315847,28000.0,101.89092281431981,96.75399999999978,91.61707718567969,102.5507,66.7,1.774673784918818,2.3081441881722915,Bearish
1474,2020-08-28,97.39572,98.05,96.81571428571449,90.53460000000021,84.20069999999888,87.43156750000004,61.350350688119285,28476.190476190477,101.75709163218201,97.04799999999977,92.3389083678175,102.5507,66.7,1.7410338364752818,2.1947221178328897,Bearish
1475,2020-08-31,97.9807,98.5,97.11714285714308,90.90460000000022,84.41969999999887,87.47832300000003,62.65034115315986,28333.33333333333,101.56562450799478,97.35799999999978,93.15037549200471,102.5507,66.7,1.7307343459685145,2.1019245634600146,Bearish
1476,2020-09-01,94.81518,101.04,97.53333333333354,91.32540000000022,84.65559999999887,87.54519100000003,68.99044085498869,29785.714285714286,101.7856018643758,97.75199999999974,93.71839813562369,102.5507,66.7,1.9055625588652845,2.0626521625410685,Bearish
1477,2020-09-02,99.15131,106.19,98.15380952380971,91.84920000000021,84.93939999999887,87.63236000000003,77.3760705712302,30333.33333333333,103.33631989521412,98.41149999999972,93.48668010478535,102.5507,66.7,2.4316466281278224,2.1364510556584198,Bullish
1478,2020-09-03,99.95812,106.67,98.8047619047621,92.38260000000021,85.21699999999888,87.71284700000004,77.97392559505413,35285.71428571428,104.94203661753559,98.89299999999973,92.84396338246391,106.19,66.7,2.8544002820727883,2.2800409009412927,Bullish
1479,2020-09-04,97.20438399999999,106.45,99.25285714285734,92.91960000000022,85.44149999999887,87.76979950000003,76.9699682079912,43666.66666666666,106.15715766372105,99.26899999999978,92.38084233627846,106.67,66.7,3.1355388966214406,2.4511405000773228,Bullish
1480,2020-09-07,105.53488999999999,108.7,99.71809523809543,93.4860000000002,85.69949999999889,87.81969150000003,79.8302620824228,40238.09523809524,107.75036758367091,99.72649999999977,91.7026324163286,106.67,66.7,3.499558735408882,2.660824147143635,Bullish
1481,2020-09-08,107.47426000000002,108.29,100.13428571428592,94.0158000000002,85.9862999999989,87.86286950000004,77.93088262981598,79595.23809523809,108.99238158709026,100.14099999999978,91.28961841290923,108.7,66.7,3.7121718998673288,2.8710936976883734,Bullish
1482,2020-09-09,104.00851,111.0,100.65809523809544,94.59080000000021,86.35449999999891,87.92548850000004,81.12720466144305,74500.0,110.72676384737495,100.69099999999978,90.65523615262455,108.7,66.7,4.052627548376165,3.107400467825932,Bullish
1483,2020-09-10,109.03797,108.86,101.08000000000021,95.1180000000002,86.6780999999989,87.96930750000006,72.23075211046185,71690.47619047617,111.77549923613455,101.13899999999974,90.50250076386493,111.0,66.7,4.1024702638930535,3.306414427039356,Bullish
1484,2020-09-11,108.20606000000001,106.51,101.39476190476212,95.59820000000019,86.99369999999891,88.00604050000004,63.93885369442553,72119.04761904763,112.33967474561929,101.46949999999971,90.59932525438015,111.0,66.7,3.907304639139696,3.426592469459424,Bullish
1485,2020-09-14,101.983475,104.5,101.61380952380972,96.01420000000022,87.28859999999891,88.05667950000004,57.82442305678336,72166.66666666669,112.5981982147968,101.83199999999974,91.0658017852027,111.0,66.7,3.5495275298413134,3.4511794815358017,Bullish
1486,2020-09-15,106.77658999999998,102.01,101.8404761904764,96.38040000000021,87.54389999999891,88.10075950000002,51.28192678075961,73000.0,112.61799785251276,102.08249999999971,91.54700214748671,111.0,66.7,3.030134894011056,3.366970564030853,Bearish
1487,2020-09-16,103.9905,102.0,102.07857142857165,96.78040000000018,87.77929999999891,88.13727850000004,51.25684436413165,72571.42857142858,112.56483862340048,102.36749999999974,92.17016137659898,111.0,66.7,2.58787416914106,3.2111512850528943,Bearish
1488,2020-09-17,101.01969,100.13,102.26095238095259,97.1628000000002,87.98679999999891,88.16493850000002,46.660806730545644,72928.57142857142,112.40715472801152,102.57449999999973,92.74184527198796,111.0,66.7,2.0627083685262164,2.981462701747559,Bearish
1489,2020-09-18,102.46413000000001,100.3,102.46619047619072,97.5418000000002,88.19599999999892,88.19516650000001,47.12497377742219,73095.23809523809,111.97874963901259,102.88949999999973,93.80025036098692,111.0,66.7,1.6413082869216993,2.7134318187823867,Bearish
1490,2020-09-21,101.656364,100.1,102.7566666666669,97.8838000000002,88.42529999999891,88.211533,46.6110689673007,72428.57142857142,111.80455988835114,103.05699999999977,94.30944011164837,111.0,66.7,1.2764927439332894,2.4260440038125672,Bearish
1491,2020-09-22,94.31512,100.0,102.9114285714288,98.2172000000002,88.65339999999891,88.2231285,46.33896642991046,72666.66666666669,111.63473190559992,103.20499999999973,94.77526809439956,111.0,66.7,0.9681444667322978,2.1344640963965134,Bearish
1492,2020-09-23,101.13897,103.54,103.22095238095258,98.62760000000021,88.9143999999989,88.26705300000002,56.10736051415851,72904.76190476191,111.4306516919689,103.54699999999977,95.66334830803059,111.0,66.7,0.9979212356861497,1.907155524254441,Bearish
1493,2020-09-24,102.04186999999999,102.0,103.47333333333357,98.97060000000019,89.1686999999989,88.31584500000002,51.698332894211376,73261.90476190476,111.26161062823627,103.74199999999978,96.22238937176323,111.0,66.7,0.8870292884484456,1.7031302770932415,Bearish
1494,2020-09-25,98.243225,102.5,103.6828571428574,99.1964000000002,89.41799999999893,88.37346950000001,52.989990156140564,73952.38095238095,111.04794965396587,103.96449999999977,96.88105034603369,111.0,66.7,0.8299255772115117,1.5284893371168955,Bearish
1495,2020-09-28,102.19685,100.4,103.79476190476214,99.25620000000019,89.65699999999892,88.42947950000001,47.27223822943226,73119.04761904763,110.893835300545,104.05949999999977,97.22516469945455,111.0,66.7,0.6082069934536634,1.3444328683842492,Bearish
1496,2020-09-29,101.46432,101.2,103.92333333333357,99.34280000000015,89.91819999999892,88.48948950000002,49.507427694062926,73642.85714285714,110.88803920157943,104.06749999999977,97.24696079842009,111.0,66.7,0.491382382321973,1.173822771171794,Bearish
1497,2020-09-30,95.030365,104.66,104.09571428571451,99.49940000000015,90.19069999999891,88.56679950000002,57.83307056166112,73023.80952380953,110.7486294660397,103.99099999999977,97.23337053395984,111.0,66.7,0.6702647253689804,1.0731111620112312,Bearish
1498,2020-10-01,103.07786,101.21,103.85857142857165,99.62720000000016,90.40589999999891,88.63005050000002,49.13353661882592,71523.80952380953,110.46179892940809,103.71799999999978,96.97420107059143,111.0,66.7,0.5275626895753902,0.964001467524063,Bearish
1499,2020-10-02,102.42708,100.15,103.5480952380955,99.76720000000016,90.63659999999891,88.68898300000002,46.803976401745345,65428.57142857143,110.19529592997084,103.40299999999976,96.61070407002865,111.0,66.7,0.3251885852974965,0.8362388910787497,Bearish
1500,2020-10-05,98.32058,100.45,103.26238095238119,99.9382000000002,90.88119999999891,88.75088850000004,47.56175809788743,56214.285714285725,109.43930291219229,102.99049999999973,96.54169708780718,111.0,66.7,0.1868591465008933,0.7063629421631784,Bearish
1501,2020-10-06,100.99123,101.5,102.91952380952404,100.1384000000002,91.11619999999891,88.80675300000004,50.23385187991581,57476.19047619048,108.64711507563793,102.65099999999977,96.65488492436155,111.0,66.7,0.16011261585967418,0.5971128769024776,Bearish
1502,2020-10-07,101.47523000000001,102.51,102.64428571428594,100.3334000000002,91.3612999999989,88.86766750000004,52.72910254201764,17380.95238095238,106.84119511455549,102.22649999999977,97.61180488544399,111.0,66.7,0.21790251218509127,0.5212708039590004,Bearish
1503,2020-10-08,94.92998,105.27,102.37142857142881,100.59540000000021,91.65149999999892,88.93624550000004,58.80727558030432,16666.666666666668,105.81773520686448,102.04699999999977,98.276264793135,111.0,66.7,0.4808672171444925,0.5131900865960988,Bearish
