,Date,Open,High,Low,Close,Volume,21 SMA,50 SMA,100 SMA,200 SMA,14 RSI,Upper BBand,Middle BBand,Lower BBand,MACD,MACD Signal,MACD Trend,52-week high,52-week low,21-avg volume,First Resistance,Second Resistance,Third Resistance,First Support,Second Support,Third Support
0,2001-01-02,3.1264,3.239,3.1264,3.1264,16212088,,,,,,,,,,,NaN,NaN,NaN,NaN,3.2014666666666662,3.276533333333333,3.3140666666666663,3.088866666666666,3.051333333333333,2.976266666666666
1,2001-01-03,3.1264,3.264,3.1014,3.239,17850684,,,,,,,,,,,NaN,NaN,NaN,NaN,3.3015333333333334,3.3640666666666665,3.4641333333333333,3.1389333333333336,3.038866666666667,2.9763333333333337
2,2001-01-04,3.239,3.2765,3.1764,3.1889,10635165,,,,,,,,,,,NaN,NaN,NaN,NaN,3.2514666666666665,3.314033333333333,3.3515666666666664,3.1513666666666666,3.1138333333333335,3.051266666666667
3,2001-01-05,3.1889,3.2515,3.1514,3.1889,6735556,,,,,,,,,,,NaN,NaN,NaN,NaN,3.243133333333334,3.297366666666667,3.343233333333334,3.1430333333333342,3.0971666666666673,3.0429333333333344
4,2001-01-08,3.1889,3.2515,3.1389,3.1389,8963695,,,,,,,,,,,NaN,NaN,NaN,NaN,3.2139666666666664,3.2890333333333333,3.3265666666666664,3.1013666666666664,3.063833333333333,2.9887666666666663
5,2001-01-09,3.1389,3.1514,3.0639,3.1014,5229918,,,,,,,,,,,NaN,NaN,NaN,NaN,3.1472333333333338,3.193066666666667,3.234733333333334,3.0597333333333334,3.0180666666666665,2.972233333333333
6,2001-01-10,3.1014,3.1264,3.0139,3.0764,6769891,,,,,,,,,,,NaN,NaN,NaN,NaN,3.1305666666666663,3.184733333333333,3.243066666666666,3.0180666666666665,2.9597333333333333,2.9055666666666666
7,2001-01-11,3.0764,3.0639,2.9388,2.9388,4964002,,,,,,,,,,,NaN,NaN,NaN,NaN,3.0221999999999993,3.1055999999999995,3.147299999999999,2.8970999999999996,2.8554,2.772
8,2001-01-12,2.9388,2.9763,2.8138,2.8138,4463584,,,,,,,,,,,NaN,NaN,NaN,NaN,2.9221333333333344,3.0304666666666673,3.0846333333333344,2.7596333333333343,2.705466666666667,2.597133333333334
9,2001-01-15,2.8138,2.8138,2.7387,2.7763,3475167,,,,,,,,,,,NaN,NaN,NaN,NaN,2.8138333333333327,2.8513666666666664,2.8889333333333327,2.738733333333333,2.7011666666666665,2.663633333333333
10,2001-01-16,2.7763,2.9013,2.7387,2.8763,7246932,,,,,,,,,,,NaN,NaN,NaN,NaN,2.9388333333333327,3.0013666666666663,3.1014333333333326,2.776233333333333,2.6761666666666666,2.613633333333333
11,2001-01-17,2.8763,2.8638,2.7637,2.8513,4827392,,,,,,,,,,,NaN,NaN,NaN,NaN,2.8888333333333334,2.9263666666666666,2.988933333333333,2.7887333333333335,2.726166666666667,2.6886333333333337
12,2001-01-18,2.8513,2.9013,2.7888,2.7888,4067633,,,,,,,,,,,NaN,NaN,NaN,NaN,2.8637999999999995,2.9387999999999996,2.9762999999999993,2.7512999999999996,2.7138,2.6388
13,2001-01-19,2.7888,2.8263,2.7888,2.8138,2760701,,,,,,,,,,,NaN,NaN,NaN,NaN,2.830466666666667,2.8471333333333333,2.8679666666666668,2.7929666666666675,2.772133333333334,2.755466666666668
14,2001-01-22,2.8138,2.8888,2.8263,2.8763,4370806,,,,,35.293425849700114,,,,,,NaN,NaN,NaN,NaN,2.9013,2.9263,2.9638,2.8388,2.8013,2.7763
15,2001-01-23,2.8763,2.8888,2.8388,2.8638,1416512,,,,,34.74338537167488,,,,,,NaN,NaN,NaN,NaN,2.8888,2.9137999999999997,2.9387999999999996,2.8388,2.8138,2.7888
16,2001-01-24,2.8638,2.8763,2.8013,2.8013,1987062,,,,,32.05351595853266,,,,,,NaN,NaN,NaN,NaN,2.8512999999999997,2.9013,2.9263,2.7762999999999995,2.7512999999999996,2.7012999999999994
17,2001-01-25,2.8013,2.8138,2.7512,2.7512,4560015,,,,,30.045440491139185,,,,,,NaN,NaN,NaN,NaN,2.792933333333332,2.8346666666666662,2.8555333333333324,2.730333333333332,2.709466666666666,2.6677333333333317
18,2001-01-26,2.7512,2.7763,2.7012,2.7387,2590486,,,,,29.54805825201719,,,,,,NaN,NaN,NaN,NaN,2.7762666666666673,2.8138333333333336,2.8513666666666673,2.7011666666666674,2.6636333333333337,2.6260666666666674
19,2001-01-29,2.7387,2.7637,2.6887,2.7387,1486644,,,,,29.54805825201719,3.2723487807021323,2.93445,2.5965512192978677,,,NaN,NaN,NaN,NaN,2.772033333333333,2.8053666666666666,2.847033333333333,2.6970333333333327,2.655366666666666,2.6220333333333325
20,2001-01-30,2.7387,2.7888,2.6887,2.7888,1650284,2.927514285714286,,,,34.581976903158136,3.249096277088227,2.9175700000000004,2.586043722911774,,,NaN,NaN,NaN,NaN,2.822166666666668,2.855533333333334,2.922266666666668,2.7220666666666675,2.6553333333333335,2.6219666666666672
21,2001-01-31,2.7888,2.8263,2.7763,2.8138,2262475,2.912628571428572,,,,37.000966918339586,3.19562908659485,2.8963100000000006,2.5969909134051514,,,NaN,NaN,NaN,5822105.571428572,2.8346333333333327,2.855466666666666,2.8846333333333325,2.784633333333333,2.7554666666666665,2.734633333333333
22,2001-02-01,2.8138,2.8513,2.7763,2.8013,3752771,2.8917857142857146,,,,36.27862606344142,3.1466950392470645,2.8769300000000007,2.607164960752937,,,NaN,NaN,NaN,5157838.285714285,2.8429666666666655,2.884633333333333,2.9179666666666657,2.7679666666666654,2.7346333333333326,2.692966666666665
23,2001-02-02,2.8013,2.8138,2.7637,2.8013,1255063,2.873328571428572,,,,36.27862606344141,3.087658152832465,2.8575500000000007,2.6274418471675363,,,NaN,NaN,NaN,4486509.095238095,2.822166666666667,2.8430333333333335,2.872266666666667,2.772066666666667,2.7428333333333335,2.721966666666667
24,2001-02-05,2.8013,2.8138,2.7637,2.8013,1255063,2.854871428571429,,,,36.27862606344141,3.0320107233183085,2.8406700000000003,2.649329276681692,,,NaN,NaN,NaN,4039837.5714285714,2.822166666666667,2.8430333333333335,2.872266666666667,2.772066666666667,2.7428333333333335,2.721966666666667
25,2001-02-06,2.8013,2.9388,2.8263,2.8388,7058453,2.840580952380953,,,,40.622025672916244,2.976960070940863,2.8275400000000004,2.6781199290591378,,,NaN,NaN,NaN,3778861.714285714,2.909633333333333,2.9804666666666666,3.022133333333333,2.7971333333333326,2.755466666666666,2.6846333333333323
26,2001-02-07,2.8388,2.8638,2.8263,2.8513,808705,2.828671428571429,,,,42.04021703498252,2.9139901948463875,2.8162850000000006,2.7185798051536136,,,NaN,NaN,NaN,3688135.904761905,2.8679666666666668,2.8846333333333334,2.905466666666667,2.8304666666666667,2.809633333333333,2.7929666666666666
27,2001-02-08,2.8513,2.8638,2.8388,2.8513,588083,2.8179523809523817,,,,42.04021703498252,2.893842701651867,2.8119100000000006,2.729977298348134,,,NaN,NaN,NaN,3477601.9523809524,2.8637999999999995,2.8762999999999996,2.8887999999999994,2.8387999999999995,2.8263,2.8137999999999996
28,2001-02-09,2.8513,2.8638,2.8138,2.8138,1321542,2.8120000000000007,,,,38.814720752186915,2.893842701651867,2.8119100000000006,2.729977298348134,,,NaN,NaN,NaN,3183230.1428571427,2.8471333333333333,2.8804666666666665,2.897133333333333,2.7971333333333335,2.780466666666667,2.7471333333333336
29,2001-02-12,2.8138,2.9388,2.8388,2.8763,5759558,2.814976190476191,,,,46.2206652797356,2.9016954209163623,2.816910000000001,2.7321245790836395,,,NaN,NaN,NaN,3009779.6666666665,2.9304666666666668,2.9846333333333335,3.030466666666667,2.8304666666666667,2.7846333333333333,2.7304666666666666
30,2001-02-13,2.8763,2.8888,2.7888,2.7888,3877693,2.8155714285714293,,,,39.087474518060155,2.8935572506473406,2.812535000000001,2.731512749352661,,,NaN,NaN,NaN,3071492.714285714,2.8554666666666666,2.922133333333333,2.9554666666666662,2.755466666666667,2.7221333333333337,2.6554666666666673
31,2001-02-14,2.8013,2.8388,2.7888,2.8013,1392404,2.8120000000000007,,,,40.50017463343198,2.8891823631902436,2.8100350000000005,2.7308876368097574,,,NaN,NaN,NaN,3090660.619047619,2.830466666666667,2.8596333333333335,2.880466666666667,2.7804666666666673,2.759633333333334,2.7304666666666675
32,2001-02-15,2.7262,2.8263,2.6762,2.7262,6184000,2.8060428571428577,,,,35.215779458518305,2.893741593092841,2.8069050000000004,2.72006840690716,,,NaN,NaN,NaN,2811873.5714285714,2.8096,2.893,2.9596999999999998,2.6595000000000004,2.5928000000000004,2.5094000000000007
33,2001-02-16,2.7512,2.7512,2.7012,2.7512,1872368,2.804252380952381,,,,38.110713176849266,2.8938444593076746,2.8037750000000004,2.713705540692326,-0.062421339851824964,-0.07432660682310728,Bullish,NaN,NaN,2876473.9523809524,2.7678666666666665,2.784533333333333,2.8178666666666663,2.7178666666666667,2.6845333333333334,2.667866666666667
34,2001-02-19,2.7512,2.7763,2.7387,2.7763,2069613,2.8024666666666667,,,,40.96311820838443,2.8831047545352866,2.798775,2.7144452454647134,-0.059257810207552275,-0.07131284749999628,Bullish,NaN,NaN,2771937.523809524,2.7888333333333333,2.8013666666666666,2.826433333333333,2.7512333333333334,2.726166666666667,2.7136333333333336
35,2001-02-20,2.7763,2.8263,2.7512,2.7512,2683995,2.7965095238095237,,,,39.02609214349802,2.874334567679509,2.793145,2.711955432320491,-0.05810623786280811,-0.06867152557255865,Bullish,NaN,NaN,2739028.5714285714,2.801266666666667,2.8513333333333333,2.8763666666666667,2.726166666666667,2.7011333333333334,2.651066666666667
36,2001-02-21,2.7512,2.8513,2.7387,2.8513,4495728,2.795914285714286,,,,49.31889334463174,2.8806735005158757,2.7956450000000004,2.710616499484125,-0.0485566442837313,-0.06464854931479318,Bullish,NaN,NaN,2658704.238095238,2.888833333333333,2.9263666666666666,3.001433333333333,2.776233333333333,2.7011666666666665,2.663633333333333
37,2001-02-22,2.8513,2.9263,2.8513,2.8638,8395337,2.7988904761904765,,,,50.44388024966505,2.8886649736810615,2.8012750000000004,2.7138850263189394,-0.03952426590372804,-0.05962369263258015,Bullish,NaN,NaN,2805333.5714285714,2.9096333333333337,2.9554666666666667,2.9846333333333335,2.834633333333334,2.805466666666667,2.7596333333333343
38,2001-02-23,2.8638,2.8638,2.7763,2.8013,3348053,2.801276190476191,,,,45.05831809784285,2.886956159289153,2.804405,2.721853840710847,-0.03698295217690273,-0.05509554454144466,Bullish,NaN,NaN,3110489.523809524,2.8513,2.9013,2.9388,2.7638000000000003,2.7263,2.6763000000000003
39,2001-02-26,2.8013,2.8388,2.6887,2.7512,7005855,2.801871428571429,,,,41.255970982252336,2.885750854802126,2.80503,2.724309145197874,-0.03856701746583546,-0.051789839126322824,Bullish,NaN,NaN,3052777.0476190476,2.8304333333333336,2.909666666666667,2.9805333333333337,2.6803333333333335,2.6094666666666666,2.5302333333333333
40,2001-02-27,2.7512,2.7763,2.7387,2.7637,2216451,2.803061904761905,,,,42.55841823896376,2.886228062405145,2.803775,2.7213219375948547,-0.03837143309145663,-0.04910615791934959,Bullish,NaN,NaN,3263032.714285714,2.7804333333333333,2.7971666666666666,2.818033333333333,2.7428333333333335,2.721966666666667,2.7052333333333336
41,2001-02-28,2.7637,2.7512,2.7012,2.7262,957004,2.8000809523809522,,,,39.71367892911236,2.8883064497688467,2.7993949999999996,2.7104835502311526,-0.040772369173166734,-0.047439400170113014,Bullish,NaN,NaN,3297785.4285714286,2.7512,2.7762,2.8011999999999997,2.7012,2.6762,2.6512000000000002
42,2001-03-01,2.7262,2.7637,2.7012,2.7012,1255794,2.7947190476190475,,,,37.89509471469842,2.8930448103236532,2.79439,2.6957351896763466,-0.04418310406142156,-0.046788140948374725,Bullish,NaN,NaN,3264772.095238095,2.742866666666667,2.7845333333333335,2.805366666666667,2.680366666666667,2.6595333333333335,2.617866666666667
43,2001-03-02,2.7012,2.7387,2.7137,2.7387,1650284,2.7917380952380952,,,,42.1727132672531,2.892770145305718,2.7912600000000003,2.6897498546942824,-0.04336036810137722,-0.04610258637897523,Bullish,NaN,NaN,3216834.904761905,2.747033333333334,2.755366666666667,2.7720333333333342,2.7220333333333335,2.7053666666666665,2.697033333333333
44,2001-03-05,2.7012,2.7387,2.7137,2.7387,1650284,2.788757142857143,,,,42.1727132672531,2.8920408868213197,2.78813,2.684219113178681,-0.04222163915146915,-0.04532639693347401,Bullish,NaN,NaN,3116716.476190476,2.747033333333334,2.755366666666667,2.7720333333333342,2.7220333333333335,2.7053666666666665,2.697033333333333
45,2001-03-06,2.7012,2.7387,2.7137,2.7387,1650284,2.7857761904761906,,,,42.1727132672531,2.886432538447016,2.7831250000000005,2.679817461552985,-0.04084831431434477,-0.044430780409648166,Bullish,NaN,NaN,3135536.523809524,2.747033333333334,2.755366666666667,2.7720333333333342,2.7220333333333335,2.7053666666666665,2.697033333333333
46,2001-03-07,2.7012,2.7387,2.7137,2.7387,1650284,2.7810095238095243,,,,42.1727132672531,2.8775490349010537,2.7774950000000005,2.6774409650989472,-0.039306839706177765,-0.043405992268954086,Bullish,NaN,NaN,3154356.5714285714,2.747033333333334,2.755366666666667,2.7720333333333342,2.7220333333333335,2.7053666666666665,2.697033333333333
47,2001-03-08,2.7012,2.7387,2.7137,2.7387,1650284,2.7756476190476196,,,,42.1727132672531,2.867235839882966,2.7718650000000005,2.676494160117035,-0.0376511904866037,-0.04225503191248401,Bullish,NaN,NaN,2896824.714285714,2.747033333333334,2.755366666666667,2.7720333333333342,2.7220333333333335,2.7053666666666665,2.697033333333333
48,2001-03-09,2.7387,2.7387,2.6637,2.6637,861304,2.766714285714286,,,,35.15741017447676,2.868564230240357,2.7643600000000004,2.6601557697596436,-0.04190786200418373,-0.04218559793082395,Bullish,NaN,NaN,2936899.904761905,2.7137000000000007,2.7637000000000005,2.788700000000001,2.6387000000000005,2.6137,2.5637000000000003
49,2001-03-12,2.6637,2.6887,2.5887,2.5887,1322273,2.7559952380952386,2.838531999999999,,,29.816072701078323,2.8670122963971436,2.7499800000000003,2.632947703602857,-0.05074818456634267,-0.043898115257927695,Bearish,NaN,NaN,2949910.4285714286,2.655366666666666,2.722033333333333,2.7553666666666663,2.555366666666666,2.522033333333333,2.455366666666666
50,2001-03-13,2.5887,2.6012,2.5136,2.6012,2425385,2.7428952380952385,2.8280279999999993,,,31.67910390623384,2.872775338092968,2.7406,2.608424661907032,-0.0560988853251132,-0.04633826927136479,Bearish,NaN,NaN,2949945.238095238,2.6303999999999994,2.6595999999999997,2.7179999999999995,2.5427999999999993,2.4843999999999995,2.455199999999999
51,2001-03-14,2.6012,2.6387,2.5762,2.6262,1661973,2.735152380952381,2.8157719999999995,,,35.3740176100905,2.869846064850921,2.7318450000000003,2.5938439351490796,-0.05765742426346465,-0.048602100269784766,Bearish,NaN,NaN,2791175.095238095,2.6512000000000002,2.6762,2.7137000000000002,2.5887000000000002,2.5512,2.5262000000000002
52,2001-03-15,2.6262,2.6262,2.5512,2.5637,1525362,2.7238380952380954,2.803268,,,30.878030750563596,2.880015893740019,2.72372,2.567424106259981,-0.0632071921010513,-0.051523118636038076,Bearish,NaN,NaN,2685664.619047619,2.609533333333333,2.655366666666666,2.6845333333333325,2.534533333333333,2.5053666666666667,2.4595333333333333
53,2001-03-16,2.5637,2.5887,2.5261,2.5762,877376,2.7166952380952383,2.791014,,,32.71983046681091,2.883266037980665,2.71497,2.546673962019335,-0.06583783992706849,-0.05438606289424416,Bearish,NaN,NaN,2691995.9523809524,2.6012333333333326,2.626266666666666,2.6638333333333324,2.538633333333333,2.5010666666666665,2.476033333333333
54,2001-03-19,2.5762,2.6387,2.5887,2.6012,1295974,2.709552380952381,2.78026,,,36.371509505279356,2.878996379494381,2.7062150000000003,2.5334336205056194,-0.06515429802520645,-0.056539709920436616,Bearish,NaN,NaN,2439299.5714285714,2.6303666666666667,2.6595333333333335,2.680366666666667,2.5803666666666665,2.559533333333333,2.530366666666666
55,2001-03-20,2.6012,2.6137,2.5762,2.6137,340430,2.701809523809524,2.7705059999999997,,,38.178273141356165,2.8753269813366384,2.6993400000000003,2.523353018663362,-0.06287910937816132,-0.05780758981198156,Bearish,NaN,NaN,2411852.238095238,2.6262,2.6387,2.6637,2.5887,2.5637,2.5511999999999997
56,2001-03-21,2.6137,2.6137,2.5512,2.5762,430287,2.693476190476191,2.760502,,,34.97013562767883,2.8547858897729883,2.6855850000000006,2.516384110227013,-0.06337143611477059,-0.05892035907253936,Bearish,NaN,NaN,2329510.1904761903,2.609533333333333,2.6428666666666665,2.672033333333333,2.547033333333333,2.5178666666666665,2.484533333333333
57,2001-03-22,2.5762,2.5637,2.4886,2.5011,2483097,2.6768000000000005,2.751748,,,29.60484931626256,2.83408809288387,2.6674500000000005,2.500811907116131,-0.06902586377319953,-0.060941460012671395,Bearish,NaN,NaN,2222190.761904762,2.5469999999999997,2.5928999999999998,2.6220999999999997,2.4718999999999998,2.4427,2.3968
58,2001-03-23,2.5762,2.5637,2.4886,2.5011,2483097,2.659528571428572,2.7454940000000003,,,29.604849316262555,2.822199693684849,2.652440000000001,2.4826803063151526,-0.07266935138281516,-0.06328703828670015,Bearish,NaN,NaN,2126351.1904761903,2.5469999999999997,2.5928999999999998,2.6220999999999997,2.4718999999999998,2.4427,2.3968
59,2001-03-26,2.5011,2.5386,2.4511,2.5011,1152788,2.645233333333334,2.7399900000000006,,,29.60484931626255,2.815499532579831,2.639935000000001,2.4643704674201707,-0.07469579493584355,-0.06556878961652883,Bearish,NaN,NaN,1844815.9523809524,2.5427666666666666,2.5844333333333336,2.630266666666667,2.4552666666666663,2.409433333333333,2.367766666666666
60,2001-03-27,2.5011,2.5887,2.5011,2.5887,2621169,2.637495238095239,2.734238000000001,,,42.46499673789697,2.798451568984856,2.631185000000001,2.4639184310151463,-0.068444196067865,-0.06614387090679606,Bearish,NaN,NaN,1740279.5238095238,2.6178999999999997,2.6470999999999996,2.7054999999999993,2.5303,2.4719,2.4427000000000003
61,2001-03-28,2.5887,2.6137,2.5637,2.5762,1038094,2.628566666666668,2.7287360000000005,,,41.3054165133933,2.786633473757724,2.623685000000001,2.460736526242278,-0.0637633799055699,-0.06566777270655083,Bullish,NaN,NaN,1531484.9523809524,2.605366666666667,2.6345333333333336,2.655366666666667,2.5553666666666666,2.534533333333333,2.5053666666666663
62,2001-03-29,2.5762,2.5762,2.5011,2.5136,1086309,2.618442857142858,2.7232320000000003,,,36.00317495127634,2.779901781067661,2.6143050000000008,2.4487082189323406,-0.06436315778518997,-0.06540684972227866,Bullish,NaN,NaN,1475372.7142857143,2.5595,2.6054,2.6346,2.4844,2.4552,2.4093
63,2001-03-30,2.5136,2.5512,2.4886,2.5261,1762056,2.6101047619047626,2.717478000000001,,,37.722292156303276,2.7631475916888872,2.603675000000001,2.4442024083111145,-0.06310243495258216,-0.06494596676833936,Bullish,NaN,NaN,1481530.0952380951,2.5553333333333335,2.584566666666667,2.6179333333333337,2.4927333333333332,2.4593666666666665,2.430133333333333
64,2001-04-02,2.5261,2.5637,2.5261,2.5637,596119,2.6017714285714293,2.7112260000000017,,,42.70775426050742,2.742568176272965,2.594925000000001,2.4472818237270366,-0.05839614287629313,-0.06363600198993011,Bullish,NaN,NaN,1505637.8095238095,2.576233333333333,2.5887666666666664,2.613833333333333,2.5386333333333333,2.5135666666666667,2.5010333333333334
65,2001-04-03,2.5637,2.6012,2.5637,2.5762,1031519,2.594033333333334,2.7054740000000015,,,44.304013956176355,2.718975338092888,2.5868000000000007,2.4546246619071135,-0.05304624289770432,-0.06151805017148495,Bullish,NaN,NaN,1455439.4761904762,2.597033333333334,2.617866666666667,2.634533333333334,2.559533333333334,2.542866666666667,2.522033333333334
66,2001-04-04,2.5637,2.6012,2.5637,2.5762,1031519,2.5862952380952384,2.7009720000000015,,,44.304013956176355,2.6909870986357807,2.5786750000000005,2.4663629013642203,-0.048250210231884694,-0.058864482183564895,Bullish,NaN,NaN,1425974.4761904762,2.597033333333334,2.617866666666667,2.634533333333334,2.559533333333334,2.542866666666667,2.522033333333334
67,2001-04-05,2.5637,2.6012,2.5637,2.5762,1031519,2.5785571428571434,2.697472000000001,,,44.30401395617635,2.6555768781031914,2.5705500000000003,2.4855231218968092,-0.043942774835793674,-0.05588014071401065,Bullish,NaN,NaN,1396509.4761904762,2.597033333333334,2.617866666666667,2.634533333333334,2.559533333333334,2.542866666666667,2.522033333333334
68,2001-04-06,2.5762,2.5762,2.5512,2.5637,401065,2.5702238095238097,2.693972000000002,,,42.81414182803262,2.639058979043177,2.5655500000000004,2.492041020956824,-0.04106438214842001,-0.05291698900089252,Bullish,NaN,NaN,1367044.4761904762,2.5762000000000005,2.5887000000000002,2.6012000000000004,2.5512000000000006,2.5387000000000004,2.5262000000000007
69,2001-04-09,2.5637,2.6012,2.5011,2.5261,3275000,2.563671428571429,2.689720000000002,,,38.608333367899164,2.6370421039637337,2.5624200000000004,2.487797896036267,-0.04134069121502559,-0.050601729443719136,Bullish,NaN,NaN,1307557.857142857,2.5845000000000002,2.6429,2.6846,2.4844000000000004,2.4427000000000003,2.3843000000000005
70,2001-04-10,2.5261,2.5762,2.5136,2.5386,1491758,2.5612857142857144,2.684716000000002,,,40.6941059566804,2.6323787925743667,2.5592900000000003,2.486201207425634,-0.04008890269210941,-0.04849916409339719,Bullish,NaN,NaN,1422495.761904762,2.5720000000000005,2.6054000000000004,2.6346000000000007,2.5094000000000003,2.4802,2.4468
71,2001-04-11,2.5386,2.5762,2.5261,2.5512,593196,2.5589047619047625,2.679464000000002,,,42.80356785935572,2.6218982820752204,2.5555400000000006,2.489181717924781,-0.03764617490131039,-0.04632856625497983,Bullish,NaN,NaN,1430566.4761904762,2.576233333333333,2.6012666666666666,2.626333333333333,2.526133333333333,2.5010666666666665,2.476033333333333
72,2001-04-12,2.5512,2.6512,2.5512,2.6387,3335634,2.5595000000000008,2.6762120000000023,,,54.821458041296204,2.634900657978687,2.5592900000000007,2.4836793420213144,-0.02832328361334735,-0.04272750972665333,Bullish,NaN,NaN,1343319.380952381,2.6761999999999992,2.7136999999999993,2.776199999999999,2.5761999999999996,2.5137,2.4762
73,2001-04-13,2.6387,2.6887,2.6262,2.6887,3217287,2.5654523809523817,2.6739600000000023,,,59.99428513887835,2.659162594664129,2.5649150000000005,2.470667405335872,-0.016707647605817222,-0.03752353730248611,Bullish,NaN,NaN,1423017.5238095238,2.709533333333333,2.7303666666666664,2.772033333333333,2.647033333333333,2.6053666666666664,2.584533333333333
74,2001-04-16,2.6887,2.7763,2.7012,2.7387,3930292,2.5731904761904767,2.6727080000000023,,,64.38570342274438,2.6920832732947733,2.571790000000001,2.4514967267052286,-0.0034280735531275752,-0.030704444552614403,Bullish,NaN,NaN,1503585.380952381,2.7762666666666673,2.8138333333333336,2.8513666666666673,2.7011666666666674,2.6636333333333337,2.6260666666666674
75,2001-04-17,2.7387,2.8138,2.7137,2.7763,3535802,2.581528571428572,2.6714580000000026,,,67.29322543912058,2.7289826123478993,2.5799200000000004,2.4308573876521016,0.010014647696736212,-0.02256062610274428,Bullish,NaN,NaN,1648962.3333333333,2.8221666666666665,2.8680333333333334,2.922266666666667,2.722066666666666,2.667833333333333,2.621966666666666
76,2001-04-18,2.7763,2.7888,2.7262,2.7387,1413590,2.587480952380953,2.669206000000002,,,61.85498931256879,2.7523467038864196,2.5880450000000006,2.4237432961135816,0.01743313702131033,-0.014561873477933357,Bullish,NaN,NaN,1755620.8095238095,2.776266666666667,2.8138333333333336,2.838866666666667,2.7136666666666667,2.688633333333333,2.6510666666666665
77,2001-04-19,2.7387,2.8138,2.7262,2.7387,2692761,2.5952190476190484,2.666954000000002,,,61.85498931256879,2.7715583635980274,2.5999250000000007,2.428291636401974,0.023046675528925142,-0.007040163676561658,Bullish,NaN,NaN,1806723.6666666667,2.7929333333333335,2.847166666666667,2.8805333333333336,2.7053333333333334,2.6719666666666666,2.6177333333333332
78,2001-04-20,2.7387,2.7763,2.7387,2.7637,1668548,2.60772380952381,2.665952000000002,,,64.09263723924234,2.7924417272124105,2.6130550000000006,2.4336682727875907,0.029176408826584233,0.00020315082406751998,Bullish,NaN,NaN,1914460.5238095238,2.7804333333333333,2.7971666666666666,2.818033333333333,2.7428333333333335,2.721966666666667,2.7052333333333336
79,2001-04-23,2.7637,2.8013,2.7512,2.7763,1109686,2.620828571428572,2.6639520000000023,,,65.2006391310809,2.81186971920483,2.6268150000000006,2.441760280795171,0.03465153994211123,0.007092828647676262,Bullish,NaN,NaN,1875672.4761904762,2.801333333333334,2.826366666666667,2.851433333333334,2.751233333333334,2.726166666666667,2.701133333333334
80,2001-04-24,2.7763,2.7763,2.7387,2.7387,740765,2.6321428571428576,2.6629500000000017,,,59.3183294148106,2.8246655952183413,2.6343150000000004,2.4439644047816595,0.03554685303898131,0.012783633525937272,Bullish,NaN,NaN,1810271.9523809524,2.7637666666666667,2.7888333333333333,2.8013666666666666,2.726166666666667,2.7136333333333336,2.688566666666667
81,2001-04-25,2.7387,2.7512,2.6387,2.7137,1933002,2.6380952380952385,2.6611980000000015,,,55.718886344300955,2.832577595209223,2.641190000000001,2.4498024047907787,0.03384891483238084,0.016996689787225985,Bullish,NaN,NaN,1790651.8095238095,2.7637,2.8137,2.8762,2.6512000000000002,2.5887000000000002,2.5387000000000004
82,2001-04-26,2.7137,2.7512,2.7137,2.7262,697663,2.6452380952380956,2.6611980000000015,,,57.119945317131595,2.837202637806169,2.6518200000000007,2.4664373621938323,0.03313002974365009,0.020223357778510805,Bullish,NaN,NaN,1757881.9523809524,2.747033333333333,2.7678666666666665,2.784533333333333,2.709533333333333,2.6928666666666663,2.672033333333333
83,2001-04-27,2.7262,2.7262,2.6512,2.6762,1114800,2.652980952380953,2.6596980000000014,,,50.26855156240101,2.835674639920169,2.659325000000001,2.4829753600798328,0.028200646500414983,0.02181881552289164,Bullish,NaN,NaN,1741670.9523809524,2.717866666666666,2.759533333333333,2.7928666666666664,2.642866666666666,2.609533333333333,2.567866666666666
84,2001-04-30,2.6762,2.6887,2.6387,2.6762,117617,2.6601285714285723,2.6576960000000014,,,50.26855156240101,2.8358322928216193,2.664950000000001,2.4940677071783828,0.02401721921297506,0.022258496260908325,Bullish,NaN,NaN,1743027.6666666667,2.6970333333333336,2.7178666666666667,2.7470333333333334,2.647033333333334,2.617866666666667,2.597033333333334
85,2001-05-01,2.6762,2.6887,2.6387,2.6762,117617,2.6654857142857153,2.656196000000001,,,50.26855156240101,2.8359342100923435,2.669950000000001,2.5039657899076584,0.020465904737482887,0.021899977956223237,Bearish,NaN,NaN,1664721.0476190476,2.6970333333333336,2.7178666666666667,2.7470333333333334,2.647033333333334,2.617866666666667,2.597033333333334
86,2001-05-02,2.6762,2.7512,2.6637,2.7137,367460,2.6720333333333346,2.653444000000001,,,55.29189343022334,2.838028894183652,2.6768250000000013,2.5156211058163507,0.020441759154262495,0.021608334195831087,Bearish,NaN,NaN,1641935.238095238,2.7553666666666667,2.7970333333333333,2.8428666666666667,2.667866666666667,2.6220333333333334,2.580366666666667
87,2001-05-03,2.7137,2.7512,2.7137,2.7262,420790,2.6791761904761917,2.6506920000000007,,,56.85627501402063,2.839966239714863,2.684325000000001,2.5286837602851393,0.02118703815140588,0.021524074986946046,Bearish,NaN,NaN,1610313.380952381,2.747033333333333,2.7678666666666665,2.784533333333333,2.709533333333333,2.6928666666666663,2.672033333333333
88,2001-05-04,2.7262,2.7512,2.7012,2.7262,414945,2.686319047619049,2.649190000000001,,,56.85627501402063,2.838739979150924,2.6924500000000013,2.546160020849079,0.021529498469379682,0.021525159683432774,Bullish,NaN,NaN,1581231.0476190476,2.7512,2.7762,2.8011999999999997,2.7012,2.6762,2.6512000000000002
89,2001-05-07,2.7262,2.7262,2.6762,2.7137,884681,2.693461904761906,2.6484400000000003,,,54.6389560227315,2.8267486471267205,2.7018300000000015,2.5769113528732825,0.020555306428255093,0.021331189032397238,Bearish,NaN,NaN,1551870.380952381,2.734533333333333,2.7553666666666663,2.7845333333333326,2.684533333333333,2.6553666666666667,2.634533333333333
90,2001-05-08,2.7137,2.7262,2.6637,2.7262,532562,2.7029904761904775,2.6476900000000008,,,56.46726830643091,2.811423290535631,2.7112100000000012,2.6109967094643713,0.020554953046425073,0.021175941835202806,Bearish,NaN,NaN,1574899.7142857143,2.747033333333333,2.7678666666666665,2.809533333333333,2.684533333333333,2.6428666666666665,2.622033333333333
91,2001-05-09,2.7267,2.7181,2.6174,2.6606,792157,2.7088000000000014,2.6463780000000003,,,45.99076254719447,2.78958167624944,2.716680000000001,2.643778323750562,0.0150873832681091,0.019958230121784066,Bearish,NaN,NaN,1444307.4285714286,2.713333333333334,2.766066666666667,2.814033333333334,2.6126333333333336,2.5646666666666667,2.5119333333333334
92,2001-05-10,2.6606,2.6606,2.6318,2.6606,467544,2.714009523809525,2.645566,,,45.99076254719448,2.786496725094518,2.7177750000000014,2.649053274905485,0.010631738760674914,0.018092931849562236,Bearish,NaN,NaN,1410993.0952380951,2.6702000000000004,2.6798,2.6990000000000003,2.6414000000000004,2.6222000000000003,2.6126000000000005
93,2001-05-11,2.6606,2.6606,2.5743,2.6174,1132651,2.7129952380952393,2.6431400000000003,,,40.28271381025541,2.794942865674181,2.7142100000000013,2.6334771343258216,0.0035735359270936407,0.015189052665068517,Bearish,NaN,NaN,1405009.6666666667,2.660566666666667,2.7037333333333335,2.746866666666667,2.574266666666667,2.5311333333333335,2.487966666666667
94,2001-05-14,2.6174,2.6318,2.5455,2.5887,816932,2.7082333333333346,2.64014,,,36.997440010878975,2.8032677319533112,2.7067100000000015,2.6101522680466918,-0.004286577813485515,0.011293926569357711,Bearish,NaN,NaN,1300105.7142857143,2.6318333333333332,2.6749666666666667,2.7181333333333333,2.545533333333333,2.5023666666666666,2.459233333333333
95,2001-05-15,2.5887,2.5887,2.5168,2.5455,1796487,2.6990333333333347,2.6362760000000005,,,32.677407838331334,2.8092747255812114,2.6951700000000014,2.5810652744187914,-0.013842090541135832,0.006266723147259003,Bearish,NaN,NaN,1185803.0952380951,2.5838666666666663,2.622233333333333,2.655766666666666,2.5119666666666665,2.4784333333333333,2.4400666666666666
96,2001-05-16,2.5455,2.7037,2.5599,2.7037,2969159,2.6955761904761917,2.6355760000000004,,,53.904190335349625,2.805862066860996,2.693420000000001,2.580977933139006,-0.008550915720449748,0.0033031953737172525,Bearish,NaN,NaN,1084193.3333333333,2.7516333333333334,2.7995666666666668,2.8954333333333335,2.6078333333333332,2.5119666666666665,2.464033333333333
97,2001-05-17,2.7037,2.7181,2.6606,2.7037,1594478,2.6939095238095248,2.634876,,,53.904190335349625,2.8023137906073776,2.691670000000001,2.5810262093926246,-0.004307962049308944,0.0017809638891120132,Bearish,NaN,NaN,1057210.3333333333,2.7276666666666665,2.7516333333333334,2.7851666666666666,2.6701666666666664,2.636633333333333,2.6126666666666662
98,2001-05-18,2.7037,2.7325,2.6606,2.6893,1382939,2.691557142857144,2.6353880000000003,,,52.16778497768737,2.7935442896181772,2.687950000000001,2.582355710381825,-0.002083334961671124,0.0010081041189553856,Bearish,NaN,NaN,1065824.0476190476,2.7276666666666665,2.766033333333333,2.7995666666666663,2.6557666666666666,2.6222333333333334,2.5838666666666668
99,2001-05-21,2.6893,2.7181,2.6893,2.7037,290309,2.6887000000000008,2.6376880000000007,2.7381100000000003,,53.77148528901263,2.78222768304873,2.684320000000001,2.586412316951272,0.000832066146440269,0.0009728965244523623,Bearish,NaN,NaN,1003451.5714285715,2.7181,2.7325000000000004,2.7469000000000006,2.6893,2.6748999999999996,2.6604999999999994
100,2001-05-22,2.7037,2.7037,2.6462,2.6462,586971,2.682504761904763,2.6385880000000004,2.7333080000000005,,46.995819395358325,2.7756092424250673,2.679695000000001,2.5837807575749347,-0.001480164508417925,0.0004822843178783049,Bearish,NaN,NaN,937821.1428571428,2.684533333333334,2.722866666666667,2.742033333333334,2.6270333333333338,2.6078666666666668,2.5695333333333337
101,2001-05-23,2.6462,2.6606,2.6174,2.6606,1664355,2.6787857142857154,2.6392759999999997,2.7275240000000007,,48.73792881971688,2.7719768295235228,2.6770400000000008,2.5821031704764787,-0.002126155311985567,-3.940360809446945e-05,Bearish,NaN,NaN,912929.9523809524,2.675,2.6894,2.7182,2.6317999999999997,2.6029999999999998,2.5885999999999996
102,2001-05-24,2.6606,2.7037,2.6462,2.7037,1014494,2.6783095238095247,2.6420759999999994,2.722672000000001,,53.648464716902566,2.7690103763619884,2.6759150000000007,2.582819623638013,0.0008301328654130025,0.00013450368660702493,Bullish,NaN,NaN,956910.4285714285,2.722866666666666,2.742033333333333,2.780366666666666,2.665366666666666,2.627033333333333,2.607866666666666
103,2001-05-25,2.7037,2.7181,2.6606,2.7037,1610359,2.677238095238096,2.6446259999999997,2.7178200000000015,,53.648464716902566,2.7711706241989256,2.6772900000000006,2.5834093758010757,0.0031368528577861987,0.0007349735208428597,Bullish,NaN,NaN,913171.9523809524,2.7276666666666665,2.7516333333333334,2.7851666666666666,2.6701666666666664,2.636633333333333,2.6126666666666662
104,2001-05-28,2.7037,2.8044,2.7037,2.7756,1685318,2.681971428571429,2.648113999999999,2.7141870000000017,,60.89578282073664,2.785446731705133,2.6822600000000003,2.579073268294868,0.01064397703576736,0.0027167742238277596,Bullish,NaN,NaN,956633.6666666666,2.8187666666666664,2.861933333333333,2.919466666666666,2.7180666666666666,2.6605333333333334,2.617366666666667
105,2001-05-29,2.7756,2.8907,2.7612,2.8332,3548507,2.6894476190476193,2.6525039999999995,2.711505000000001,,65.54371637102474,2.8123811887567434,2.6901100000000002,2.567838811243257,0.02099919994403443,0.006373259367869094,Bullish,NaN,NaN,983801.1904761905,2.895533333333334,2.957866666666667,3.025033333333334,2.7660333333333345,2.6988666666666674,2.6365333333333347
106,2001-05-30,2.8332,2.8907,2.8332,2.8907,3166086,2.6996619047619053,2.658794,2.7096480000000014,,69.44771818037839,2.8492028886835614,2.6989600000000005,2.5487171113164395,0.033459853790180905,0.011790578252331456,Bullish,NaN,NaN,1147176.9047619049,2.9098666666666664,2.929033333333333,2.967366666666666,2.8523666666666667,2.8140333333333336,2.794866666666667
107,2001-05-31,2.8907,2.9194,2.8475,2.9051,2157309,2.7087761904761907,2.6668739999999995,2.7093110000000014,,70.35364316846963,2.8828427314931986,2.7079050000000002,2.532967268506802,0.04398988339852705,0.018230439281570573,Bullish,NaN,NaN,1292342.0952380951,2.9338333333333333,2.9625666666666666,3.005733333333333,2.8619333333333334,2.818766666666667,2.7900333333333336
108,2001-06-01,2.9051,2.9914,2.8907,2.9626,6747626,2.7200333333333337,2.6761039999999996,2.710799000000001,,73.7063083837527,2.9269720204851724,2.7197250000000004,2.5124779795148284,0.0563254919703251,0.02584944981932148,Bullish,NaN,NaN,1377573.0,3.0057666666666663,3.0489333333333333,3.1064666666666665,2.905066666666666,2.847533333333333,2.804366666666666
109,2001-06-04,2.9626,3.0345,2.977,3.0057,5665160,2.7333428571428575,2.6861959999999994,2.713093000000001,,75.90581469244985,2.976084730931328,2.734325,2.492565269068672,0.06878643325056188,0.03443684650556956,Bullish,NaN,NaN,1678850.9047619049,3.0344666666666673,3.0632333333333337,3.0919666666666674,2.976966666666667,2.9482333333333335,2.919466666666667
110,2001-06-05,2.9626,3.0345,2.977,3.0057,5665160,2.747247619047619,2.6945359999999994,2.7143870000000008,,75.90581469244987,3.0173394766572166,2.7483,2.4792605233427834,0.07776538800572652,0.04310255480560095,Bullish,NaN,NaN,1928861.142857143,3.0344666666666673,3.0632333333333337,3.0919666666666674,2.976966666666667,2.9482333333333335,2.919466666666667
111,2001-06-06,3.0057,3.0201,2.9051,2.9194,2260220,2.756447619047619,2.701399999999999,2.715068000000001,,63.559031784286965,3.0369740196638677,2.76124,2.485505980336132,0.07702963588506417,0.049887971021493595,Bullish,NaN,NaN,2156503.0,2.9913,3.0631999999999997,3.1062999999999996,2.8763,2.8332,2.7613000000000003
112,2001-06-07,2.9194,2.9626,2.8619,2.8907,1799028,2.767404761904762,2.7089419999999995,2.7160870000000013,,60.060213234754414,3.0499201899070183,2.772745,2.4955698100929817,0.07328590261804857,0.05456755734080459,Bullish,NaN,NaN,2238772.4285714286,2.948233333333333,3.0057666666666667,3.0489333333333333,2.847533333333333,2.8043666666666662,2.7468333333333326
113,2001-06-08,2.8907,2.8907,2.8188,2.8188,1345460,2.7749380952380953,2.7147959999999993,2.716137000000001,,52.29371387406818,3.05117719014605,2.7828150000000003,2.5144528098539505,0.06378199874653445,0.056410445621950564,Bullish,NaN,NaN,2286718.6666666665,2.866733333333333,2.9146666666666663,2.9386333333333328,2.794833333333333,2.7708666666666666,2.722933333333333
114,2001-06-11,2.8188,2.9338,2.8332,2.9051,1584314,2.7886380952380954,2.7216239999999994,2.716425000000001,,59.12581297892312,3.0564562037439726,2.798635,2.5408137962560273,0.06249339031447576,0.057627034560455606,Bullish,NaN,NaN,2328524.1904761903,2.9482000000000004,2.9913000000000003,3.0488000000000004,2.8476000000000004,2.7901000000000002,2.7470000000000003
115,2001-06-12,2.9051,2.9914,2.8907,2.9482,2698542,2.805757142857143,2.7290639999999997,2.7172690000000004,,62.04897705756021,3.0564853179750684,2.81877,2.581054682024932,0.06420979806355298,0.058943587261075084,Bullish,NaN,NaN,2350031.9523809524,2.9961666666666673,3.044133333333334,3.0968666666666675,2.895466666666667,2.8427333333333333,2.794766666666667
116,2001-06-13,2.9482,2.977,2.9051,2.9482,554573,2.824933333333333,2.736504,2.718738,,62.04897705756021,3.068929810189642,2.8309950000000006,2.5930601898103594,0.06482282637905712,0.06011943508467149,Bullish,NaN,NaN,2439632.4285714286,2.981766666666667,3.0153333333333334,3.053666666666667,2.9098666666666673,2.8715333333333337,2.8379666666666674
117,2001-06-14,2.9482,2.9914,2.9338,2.9338,1574150,2.835890476190476,2.7436559999999997,2.7205640000000004,,60.37587627943486,3.076927993208991,2.8425000000000002,2.6080720067910095,0.06341567960198402,0.060778683988134,Bullish,NaN,NaN,2380493.6666666665,2.9721999999999995,3.0105999999999997,3.0297999999999994,2.9145999999999996,2.8954,2.8569999999999998
118,2001-06-15,2.9338,3.1208,2.9338,3.1064,12061492,2.8550666666666666,2.75451,2.7242410000000006,,70.60649385469989,3.1132576888610606,2.8633550000000003,2.61345231113894,0.07535918933958241,0.06369478505842369,Bullish,NaN,NaN,2314064.6666666665,3.173533333333333,3.2406666666666664,3.3605333333333327,2.986533333333333,2.8666666666666667,2.799533333333333
119,2001-06-18,3.1064,3.1783,3.0633,3.0776,7386687,2.8735571428571425,2.765539999999999,2.727630000000001,,67.47589643744384,3.1372667353446526,2.8820500000000004,2.6268332646553483,0.08156040991075386,0.06726791002888972,Bullish,NaN,NaN,2812493.904761905,3.1495000000000006,3.2214000000000005,3.264500000000001,3.0345000000000004,2.9914,2.9195
120,2001-06-19,3.0776,3.092,2.9626,2.9626,4066871,2.885885714285714,2.7740199999999993,2.7293680000000013,,56.670730864442106,3.1309088559875566,2.89787,2.6648311440124437,0.07631566352166308,0.06907746072744439,Bullish,NaN,NaN,3098386.6666666665,3.048866666666667,3.1351333333333335,3.178266666666667,2.919466666666667,2.8763333333333336,2.790066666666667
121,2001-06-20,2.9626,3.0345,2.9051,3.0201,3324899,2.903690476190476,2.7833979999999996,2.731431000000001,,60.11025754925026,3.1273711919952256,2.915845,2.7043188080047744,0.07592373215104598,0.0704467150121647,Bullish,NaN,NaN,3278222.9523809524,3.068033333333333,3.1159666666666666,3.197433333333333,2.938633333333333,2.8571666666666666,2.8092333333333332
122,2001-06-21,3.0201,3.0345,2.9338,2.9626,2924056,2.9180714285714284,2.789876,2.733044000000001,,55.37628414820864,3.117228699846895,2.9287900000000002,2.7403513001531055,0.07016454110966741,0.07039028023166524,Bearish,NaN,NaN,3408600.476190476,3.0201333333333324,3.077666666666666,3.1208333333333322,2.9194333333333327,2.8762666666666665,2.818733333333333
123,2001-06-22,2.9626,2.9626,2.8907,2.9482,3550412,2.9297142857142857,2.7950659999999994,2.7345130000000006,,54.22454930299365,3.0986652112272086,2.9410150000000006,2.7833647887727926,0.06370404053753687,0.06905303229283957,Bearish,NaN,NaN,3468586.238095238,2.9769666666666676,3.005733333333334,3.048866666666668,2.9050666666666674,2.8619333333333334,2.833166666666667
124,2001-06-25,2.9482,3.0057,2.9482,2.9626,1831426,2.9420428571428574,2.7995439999999996,2.7361260000000005,,55.22737609074843,3.088656927096196,2.9503650000000006,2.812073072903805,0.0590651407669216,0.06705545398765597,Bearish,NaN,NaN,3589344.238095238,2.996133333333333,3.0296666666666665,3.053633333333333,2.9386333333333328,2.9146666666666663,2.8811333333333327
125,2001-06-26,2.9626,2.977,2.8619,2.9051,2729669,2.948209523809524,2.80212,2.7367890000000004,,50.47251054469506,3.08333239891098,2.953960000000001,2.8245876010890214,0.05017067353049187,0.06367849789622315,Bearish,NaN,NaN,3599871.238095238,2.9674333333333336,3.0297666666666667,3.0825333333333336,2.8523333333333336,2.7995666666666668,2.7372333333333336
126,2001-06-27,2.9051,2.9338,2.8907,2.9338,409736,2.9530000000000003,2.806022,2.737614000000001,,52.66320310718504,3.0826043714902114,2.9561150000000005,2.8296256285097896,0.04491978696598986,0.05992675571017649,Bearish,NaN,NaN,3649602.238095238,2.9481666666666673,2.962533333333334,2.9912666666666676,2.905066666666667,2.876333333333333,2.8619666666666665
127,2001-06-28,2.9338,2.9482,2.9051,2.9338,1395644,2.955052380952381,2.8099239999999996,2.7384390000000014,,52.663203107185055,3.082331448941692,2.9575500000000003,2.8327685510583085,0.0402939380967533,0.05600019218749185,Bearish,NaN,NaN,3500136.9523809524,2.952966666666666,2.972133333333333,2.9960666666666658,2.909866666666666,2.885933333333333,2.866766666666666
128,2001-06-29,2.9338,2.9482,2.8475,2.8763,1447735,2.9536809523809526,2.8121759999999996,2.7390640000000013,,47.755135709032885,3.082892799996734,2.9532350000000003,2.8235772000032666,0.03162361276505221,0.05112487630300393,Bearish,NaN,NaN,3415830.1904761903,2.9338333333333333,2.9913666666666665,3.034533333333333,2.8331333333333335,2.789966666666667,2.7324333333333337
129,2001-07-02,2.9338,2.9482,2.8475,2.8763,1447735,2.9495714285714287,2.8141759999999993,2.7390640000000013,,47.75513570903288,3.0782069457402774,2.9467650000000005,2.8153230542597236,0.02447023978135432,0.045793948998674006,Bearish,NaN,NaN,3382040.9523809524,2.9338333333333333,2.9913666666666665,3.034533333333333,2.8331333333333335,2.789966666666667,2.7324333333333337
130,2001-07-03,2.8763,2.9051,2.8332,2.8619,2369483,2.9427238095238097,2.816639999999999,2.7397950000000013,,46.49653534071426,3.0730513930438272,2.9395750000000005,2.8060986069561737,0.017438164198327666,0.040122792038604735,Bearish,NaN,NaN,3129665.1904761903,2.9002666666666657,2.9386333333333328,2.9721666666666655,2.828366666666666,2.794833333333333,2.756466666666666
131,2001-07-04,2.8619,2.8907,2.8332,2.8619,722279,2.9358761904761908,2.8196039999999996,2.740401000000001,,46.49653534071426,3.0742069452790957,2.9367000000000005,2.7991930547209054,0.011729977753525134,0.03444422918158881,Bearish,NaN,NaN,2972728.1904761903,2.890666666666666,2.9194333333333327,2.9481666666666655,2.833166666666666,2.8044333333333333,2.7756666666666665
132,2001-07-05,2.8619,2.8763,2.7037,2.7181,3119078,2.926290476190476,2.819441999999999,2.740320000000001,,35.62312943683018,3.094636036153825,2.9280700000000004,2.7615039638461756,-0.004347148124921318,0.026685953720286787,Bearish,NaN,NaN,2737352.904761905,2.8283666666666663,2.938633333333333,3.0009666666666663,2.655766666666666,2.593433333333333,2.483166666666666
133,2001-07-06,2.7181,2.7325,2.675,2.675,1746302,2.9160190476190473,2.8194179999999993,2.739558000000001,,33.12291839029661,3.1157090491687818,2.92088,2.726050950831218,-0.02033182340718076,0.017282398294793277,Bearish,NaN,NaN,2778250.904761905,2.713333333333333,2.7516666666666665,2.770833333333333,2.655833333333333,2.6366666666666663,2.5983333333333327
134,2001-07-09,2.675,2.7756,2.7037,2.7325,431970,2.9119095238095234,2.8205439999999995,2.7391200000000016,,39.24887842099354,3.123692791317173,2.9122500000000002,2.7008072086828276,-0.02803683311941052,0.008218552011952518,Bearish,NaN,NaN,2775740.1428571427,2.7708333333333335,2.8091666666666666,2.8427333333333333,2.6989333333333336,2.665366666666667,2.6270333333333338
135,2001-07-10,2.7325,2.8188,2.7181,2.7756,2941843,2.9057428571428567,2.8225319999999994,2.7393640000000015,,43.431652848041516,3.1224494093580724,2.90362,2.684790590641928,-0.03031583693247475,0.0005116742230670632,Bearish,NaN,NaN,2732240.619047619,2.823566666666667,2.8715333333333333,2.9242666666666666,2.722866666666667,2.6701333333333337,2.622166666666667
136,2001-07-11,2.7756,2.8044,2.7181,2.7756,1652285,2.897523809523809,2.8237699999999997,2.738607000000002,,43.43165284804152,3.1196425130062146,2.89499,2.6703374869937853,-0.03175590160729769,-0.005941840943005887,Bearish,NaN,NaN,2796884.8571428573,2.813966666666666,2.8523333333333327,2.9002666666666657,2.7276666666666665,2.6797333333333335,2.641366666666667
137,2001-07-12,2.7756,2.8044,2.7469,2.79,780087,2.8899904761904756,2.825045999999999,2.7378690000000017,,44.90160659027485,3.1161972504212914,2.8878,2.6594027495787085,-0.03137354884133492,-0.011028182522671695,Bearish,NaN,NaN,2747063.095238095,2.8139666666666665,2.837933333333333,2.871466666666666,2.756466666666667,2.7229333333333336,2.698966666666667
138,2001-07-13,2.79,2.79,2.7181,2.7181,978285,2.879719047619047,2.824883999999999,2.7370370000000013,,39.39679840522713,3.084856617308146,2.868385,2.6519133826918537,-0.0364520639239414,-0.016112958802925636,Bearish,NaN,NaN,2757801.8571428573,2.766033333333333,2.8139666666666665,2.837933333333333,2.6941333333333333,2.670166666666667,2.6222333333333334
139,2001-07-16,2.7181,2.7756,2.7181,2.7325,306826,2.8619142857142856,2.8252599999999988,2.736850000000002,,40.958002344455814,3.0526437325345235,2.8511300000000004,2.6496162674654773,-0.03886683142257663,-0.020663733326855834,Bearish,NaN,NaN,2729427.3333333335,2.766033333333333,2.7995666666666663,2.823533333333333,2.7085333333333335,2.684566666666667,2.651033333333334
140,2001-07-17,2.7325,2.7037,2.6318,2.6606,908408,2.8420571428571426,2.823947999999999,2.735819000000002,,35.97474942688149,3.0469114083792093,2.83603,2.625148591620791,-0.046051428962275764,-0.02574127245393982,Bearish,NaN,NaN,2169681.3333333335,2.6989333333333336,2.7372666666666667,2.7708333333333335,2.6270333333333338,2.593466666666667,2.555133333333334
141,2001-07-18,2.6606,2.675,2.6462,2.675,175964,2.8283619047619046,2.824235999999999,2.735307000000002,,37.61192050949402,3.02295582059782,2.818775,2.61459417940218,-0.05000686659067499,-0.030594391281286853,Bearish,NaN,NaN,1861191.857142857,2.6846,2.6942,2.7134,2.6558,2.6366,2.6270000000000002
142,2001-07-19,2.675,2.6893,2.6318,2.6318,595229,2.8098714285714284,2.8236599999999994,2.7346130000000017,,34.74179450552663,3.0106824156711958,2.802235,2.5937875843288043,-0.05598213121018247,-0.03567193926706598,Bearish,NaN,NaN,1675910.5714285714,2.6701333333333332,2.7084666666666664,2.727633333333333,2.6126333333333336,2.593466666666667,2.555133333333334
143,2001-07-20,2.6318,2.6318,2.5743,2.5743,1574785,2.791380952380952,2.8227979999999993,2.7329690000000015,,31.31636111013929,3.003044053721109,2.78354,2.564035946278891,-0.06461252792107697,-0.04146005699786818,Bearish,NaN,NaN,1545926.2857142857,2.612633333333333,2.6509666666666667,2.6701333333333332,2.555133333333333,2.5359666666666665,2.497633333333333
144,2001-07-23,2.5743,2.6462,2.5311,2.6462,352564,2.7769999999999997,2.8239479999999992,2.732044000000002,,39.36679903499148,2.978767147339186,2.7677199999999997,2.5566728526608133,-0.06490229710572537,-0.046148505019439616,Bearish,NaN,NaN,1481675.2857142857,2.6845666666666665,2.722933333333333,2.7996666666666665,2.5694666666666666,2.4927333333333332,2.4543666666666666
145,2001-07-24,2.6462,2.675,2.6174,2.675,411007,2.7633047619047613,2.8265379999999993,2.731407000000002,,42.28492320661677,2.9610470900151995,2.756215,2.5513829099848007,-0.06209226102981491,-0.04933725622151468,Bearish,NaN,NaN,1329396.8095238095,2.6941999999999995,2.7133999999999996,2.7517999999999994,2.6365999999999996,2.5982,2.5789999999999997
146,2001-07-25,2.675,2.6606,2.5887,2.5887,188034,2.748238095238095,2.8242379999999994,2.7299070000000025,,36.600535374137024,2.9391354570370702,2.73896,2.53878454296293,-0.06606739218367608,-0.05268328341394696,Bearish,NaN,NaN,1261757.8095238095,2.6366333333333327,2.6845666666666665,2.708533333333333,2.5647333333333324,2.540766666666666,2.492833333333332
147,2001-07-26,2.5887,2.675,2.5455,2.5743,641603,2.7311190476190474,2.821649999999999,2.7282630000000023,,35.73724751203255,2.9123168298140674,2.720985,2.529653170185933,-0.06957762437335457,-0.05606215160582848,Bearish,NaN,NaN,1140727.5714285714,2.651033333333334,2.7277666666666667,2.7805333333333335,2.521533333333334,2.468766666666667,2.3920333333333343
148,2001-07-27,2.5743,2.6031,2.5455,2.5743,311908,2.714,2.8193499999999987,2.727369000000002,,35.73724751203255,2.8934338658989818,2.7058850000000003,2.518336134101019,-0.07153489888807885,-0.059156701062278556,Bearish,NaN,NaN,1151768.857142857,2.603100000000001,2.6319000000000004,2.6607000000000007,2.545500000000001,2.5167000000000006,2.487900000000001
149,2001-07-30,2.5743,2.5599,2.4161,2.5168,1643392,2.6968809523809525,2.815611999999999,2.726650000000002,,32.21806077360208,2.875592038565225,2.68791,2.500227961434775,-0.0768400581359332,-0.06269337247700948,Bearish,NaN,NaN,1100162.380952381,2.5790999999999995,2.6413999999999995,2.722899999999999,2.4353,2.3538,2.2915
150,2001-07-31,2.5168,2.5311,2.4736,2.5024,967486,2.6790761904761906,2.812735999999999,2.725662000000002,,31.38454021937428,2.856376500476674,2.669935,2.4834934995233264,-0.08126956970464017,-0.06640861192253562,Bearish,NaN,NaN,1109479.380952381,2.5311333333333335,2.5598666666666667,2.5886333333333336,2.4736333333333334,2.4448666666666665,2.4161333333333332
151,2001-08-01,2.5024,2.5887,2.4449,2.5743,2582927,2.6653809523809526,2.8110099999999987,2.7251430000000023,,39.76413724875138,2.8240554270023925,2.6555550000000006,2.4870545729976086,-0.07807822327323244,-0.06874253419267498,Bearish,NaN,NaN,1086610.380952381,2.6270333333333338,2.6797666666666666,2.7708333333333335,2.483233333333334,2.392166666666667,2.3394333333333344
152,2001-08-02,2.5743,2.6174,2.5455,2.5887,1621158,2.652371428571429,2.8087099999999987,2.7253930000000026,,41.310043762385575,2.817419467949949,2.6490850000000004,2.4807505320500516,-0.0735393823566226,-0.06970190382546451,Bearish,NaN,NaN,1096774.380952381,2.6222333333333334,2.6557666666666666,2.6941333333333333,2.5503333333333336,2.511966666666667,2.4784333333333337
153,2001-08-03,2.5887,2.6318,2.5887,2.6174,2133170,2.6475761904761907,2.8069839999999986,2.7258050000000025,,44.374183578571035,2.8146383277590474,2.6462050000000006,2.4777716722409537,-0.0668557960845595,-0.0691326822772835,Bullish,NaN,NaN,1139578.142857143,2.6365666666666665,2.6557333333333335,2.679666666666667,2.593466666666666,2.569533333333333,2.550366666666666
154,2001-08-06,2.6174,2.6606,2.5599,2.5599,860129,2.6420952380952385,2.8026699999999987,2.725392000000003,,39.88167594063638,2.805122675304643,2.6375750000000004,2.4700273246953577,-0.06544437326645225,-0.06839502047511725,Bullish,NaN,NaN,1092630.142857143,2.6270333333333333,2.694166666666667,2.7277333333333336,2.526333333333333,2.4927666666666664,2.425633333333333
155,2001-08-07,2.5599,2.5887,2.5311,2.5887,1281299,2.6352476190476195,2.7977799999999986,2.725142000000003,,42.99470362421317,2.7844045190483615,2.6282300000000007,2.47205548095164,-0.061295316947235,-0.0669750797695408,Bullish,NaN,NaN,1050431.4285714286,2.6078999999999994,2.6270999999999995,2.6654999999999993,2.5502999999999996,2.5119,2.4926999999999997
156,2001-08-08,2.5887,2.6031,2.488,2.5455,1371505,2.6242904761904766,2.7908759999999986,2.7248350000000032,,39.675919100596666,2.761245889493483,2.6167250000000006,2.4722041105065182,-0.06079226351255196,-0.06573851651814303,Bullish,NaN,NaN,1090875.6666666667,2.6030666666666664,2.660633333333333,2.7181666666666664,2.4879666666666664,2.4304333333333332,2.3728666666666665
157,2001-08-09,2.5455,2.5887,2.488,2.5311,1873988,2.6126476190476198,2.7833959999999984,2.725135000000003,,38.60616445386947,2.728989737640407,2.603780000000001,2.478570262359595,-0.06085406194962317,-0.06476162560443906,Bullish,NaN,NaN,1016097.6666666666,2.583866666666666,2.6366333333333327,2.6845666666666657,2.483166666666666,2.435233333333333,2.3824666666666663
158,2001-08-10,2.5311,2.6031,2.488,2.6031,2751903,2.6037476190476196,2.7762059999999984,2.726155000000003,,46.389437046366915,2.711746790316941,2.5980300000000005,2.48431320968306,-0.05446539620146362,-0.06270237972384397,Bullish,NaN,NaN,1026654.9523809524,2.6414666666666666,2.6798333333333333,2.7565666666666666,2.5263666666666666,2.4496333333333333,2.4112666666666667
159,2001-08-13,2.6031,2.7325,2.6174,2.7181,1556998,2.6037476190476196,2.7704539999999986,2.7283250000000026,,55.98713614597261,2.707747129625804,2.5973100000000007,2.486872870374197,-0.03966555384947057,-0.058095014548969294,Bullish,NaN,NaN,1120550.9523809524,2.7612666666666668,2.8044333333333333,2.8763666666666667,2.646166666666667,2.5742333333333334,2.531066666666667
160,2001-08-14,2.6031,2.7325,2.6174,2.7181,1556998,2.6030619047619052,2.7647019999999984,2.7296190000000022,,55.987136145972606,2.7196848623429637,2.6001850000000006,2.4806851376570376,-0.027618206663726497,-0.05199965297192073,Bullish,NaN,NaN,1148108.7142857143,2.7612666666666668,2.8044333333333333,2.8763666666666667,2.646166666666667,2.5742333333333334,2.531066666666667
161,2001-08-15,2.7181,2.8763,2.7469,2.8188,6910250,2.6105952380952386,2.7626899999999988,2.732045000000003,,62.75808804279335,2.757416592566831,2.6073750000000007,2.4573334074331705,-0.009831616057645487,-0.04356604558906568,Bullish,NaN,NaN,1207640.7142857143,2.8811,2.9434,3.0105,2.7517,2.6846,2.6223
162,2001-08-16,2.8188,2.8619,2.79,2.8188,2709341,2.617442857142858,2.761251999999999,2.7350970000000028,,62.75808804279335,2.7927465313533495,2.616725000000001,2.4407034686466527,0.004215788161451073,-0.03400967883896233,Bullish,NaN,NaN,1493442.7142857143,2.8571333333333335,2.8954666666666666,2.9290333333333334,2.7852333333333337,2.751666666666667,2.713333333333334
163,2001-08-17,2.8188,2.8475,2.7756,2.8188,3006003,2.6263476190476203,2.761251999999999,2.7380240000000033,,62.75808804279335,2.8243794297181957,2.628950000000001,2.4335205702818064,0.01517354601787746,-0.024173033867594375,Bullish,NaN,NaN,1614079.7142857143,2.852333333333334,2.8858666666666672,2.9242333333333344,2.7804333333333338,2.7420666666666667,2.7085333333333335
164,2001-08-20,2.8188,2.8907,2.7469,2.79,2882765,2.6366190476190488,2.7589499999999987,2.7402870000000035,,59.4890198445129,2.843778593715077,2.636140000000001,2.428501406284925,0.021288330138805822,-0.015080761066314336,Bullish,NaN,NaN,1728878.4761904762,2.8715,2.953,3.0153,2.7277000000000005,2.6654000000000004,2.5839000000000008
165,2001-08-21,2.79,2.79,2.7181,2.7612,1552551,2.6420952380952394,2.755209999999999,2.742137000000003,,56.32912958287957,2.8546122328982646,2.6404500000000013,2.426287767101738,0.023539077468435643,-0.00735679335936434,Bullish,NaN,NaN,1791163.238095238,2.7947666666666664,2.828333333333333,2.8666666666666663,2.7228666666666665,2.6845333333333334,2.6509666666666667
166,2001-08-22,2.7612,2.7756,2.7181,2.7325,844883,2.6448333333333345,2.7508959999999987,2.7437000000000027,,53.291285527229896,2.8640139947405125,2.6476400000000013,2.43126600525949,0.022744773211382796,-0.0013364800452149118,Bullish,NaN,NaN,1848305.4761904762,2.766033333333333,2.7995666666666663,2.823533333333333,2.7085333333333335,2.684566666666667,2.651033333333334
167,2001-08-23,2.7325,2.7469,2.7037,2.7181,600947,2.650995238095239,2.7465819999999983,2.7451190000000025,,51.78232033663733,2.8705337143861174,2.6548300000000014,2.4391262856138853,0.020714537417835466,0.003073723447395164,Bullish,NaN,NaN,1868966.238095238,2.7420999999999993,2.7661,2.7852999999999994,2.698899999999999,2.6796999999999995,2.655699999999999
168,2001-08-24,2.7181,2.7325,2.6893,2.7325,328424,2.6585285714285725,2.739103999999998,2.7468070000000027,,53.209138883197184,2.877652376563024,2.662740000000001,2.4478276234369782,0.02003655168308649,0.00646628909453343,Bullish,NaN,NaN,1888628.761904762,2.7468999999999997,2.7613,2.7901,2.7036999999999995,2.6748999999999996,2.6604999999999994
169,2001-08-27,2.7325,2.7612,2.7181,2.7181,318260,2.6653761904761915,2.731913999999998,2.748727000000003,,51.56586692077837,2.8780739988770105,2.672805000000001,2.467536001122992,0.01812831155833372,0.008798693587293488,Bullish,NaN,NaN,1873715.4761904762,2.7468333333333335,2.7755666666666667,2.7899333333333334,2.7037333333333335,2.689366666666667,2.6606333333333336
170,2001-08-28,2.7181,2.7181,2.675,2.675,522176,2.672909523809525,2.726161999999998,2.7500910000000034,,46.89742779983228,2.871252926181817,2.6814350000000013,2.4916170738181855,0.012988484548247303,0.009636651779484251,Bullish,NaN,NaN,1874017.9523809524,2.703733333333334,2.7324666666666673,2.7468333333333343,2.6606333333333336,2.6462666666666665,2.6175333333333333
171,2001-08-29,2.675,2.675,2.6606,2.6606,217256,2.6804428571428582,2.7189719999999977,2.751185000000003,,45.417955421626196,2.869455214950366,2.6857500000000014,2.502044785049637,0.007664819687943414,0.009242285361176083,Bearish,NaN,NaN,1820626.7142857143,2.6702,2.6797999999999997,2.6845999999999997,2.6558,2.6510000000000002,2.6414000000000004
172,2001-08-30,2.6606,2.6893,2.6606,2.675,509471,2.685238095238096,2.713219999999998,2.751548000000003,,47.21137885244806,2.86842559290091,2.690065000000001,2.511704407099092,0.004555226766759901,0.008304873642292846,Bearish,NaN,NaN,1784901.4761904762,2.6893333333333334,2.7036666666666664,2.718033333333333,2.6606333333333336,2.646266666666667,2.631933333333334
173,2001-08-31,2.675,2.6893,2.6318,2.6462,755948,2.687976190476191,2.707179999999998,2.7511230000000033,,44.091064807315824,2.867950441709234,2.691505000000001,2.515059558290768,-0.00023041129703615937,0.006597816654427045,Bearish,NaN,NaN,1686165.4761904762,2.679733333333333,2.7132666666666663,2.7372333333333327,2.6222333333333334,2.598266666666667,2.5647333333333338
174,2001-09-03,2.6462,2.6462,2.5887,2.6031,472626,2.687295238095239,2.699989999999998,2.7497670000000034,,39.84669344351974,2.8645844111269008,2.693665000000001,2.5227455888731014,-0.007415393696910577,0.0037951745841595204,Bearish,NaN,NaN,1644965.0,2.6366333333333327,2.6701666666666664,2.694133333333333,2.5791333333333326,2.555166666666666,2.5216333333333325
175,2001-09-04,2.6031,2.6031,2.5311,2.5599,1183471,2.687295238095239,2.693085999999998,2.747603000000004,,36.0959885997216,2.867097054657023,2.692225000000001,2.517352945342979,-0.01640630134698995,-0.00024512060207037417,Bearish,NaN,NaN,1565891.4761904762,2.5983000000000005,2.6367000000000003,2.6703000000000006,2.5263000000000004,2.4927,2.4543000000000004
176,2001-09-05,2.5599,2.5887,2.5311,2.5743,1018306,2.6866095238095244,2.685895999999998,2.7459590000000036,,38.184707320329416,2.864098438913755,2.693665000000001,2.5232315610862472,-0.022114775416459675,-0.004619051564948235,Bearish,NaN,NaN,1581288.7142857143,2.5983000000000005,2.6223,2.6559000000000004,2.5407000000000006,2.5071000000000003,2.4831000000000008
177,2001-09-06,2.5743,2.6174,2.5743,2.5743,710210,2.6879809523809532,2.678705999999998,2.744315000000004,,38.18470732032942,2.8588986628029605,2.695825000000001,2.5327513371970416,-0.026335206377822384,-0.008962282527523065,Bearish,NaN,NaN,1568765.238095238,2.6030333333333333,2.6317666666666666,2.6461333333333332,2.5599333333333334,2.5455666666666668,2.5168333333333335
178,2001-09-07,2.5743,2.5887,2.5599,2.5743,195022,2.690038095238096,2.672665999999998,2.7424210000000038,,38.18470732032942,2.861174703219261,2.6943850000000014,2.5275952967807416,-0.029341695519883526,-0.013038165125995158,Bearish,NaN,NaN,1537275.0,2.5887000000000002,2.6031,2.6175,2.5599000000000003,2.5455,2.5311000000000003
179,2001-09-10,2.5743,2.6318,2.5887,2.6174,268076,2.6907190476190483,2.6674879999999983,2.7408320000000037,,44.915277163843484,2.8590269224142433,2.689350000000001,2.5196730775857588,-0.0279246520212717,-0.016015462505050468,Bearish,NaN,NaN,1457324.238095238,2.6365666666666665,2.6557333333333335,2.679666666666667,2.593466666666666,2.569533333333333,2.550366666666666
180,2001-09-11,2.6174,2.675,2.6174,2.6606,859493,2.6879809523809532,2.663461999999998,2.740051000000004,,50.70848646396702,2.8560544666224876,2.686475000000001,2.5168955333775145,-0.0230500492571597,-0.017422379855472313,Bearish,NaN,NaN,1339046.761904762,2.6845999999999997,2.7085999999999997,2.7421999999999995,2.627,2.5934,2.5694
181,2001-09-12,2.6606,2.5743,2.488,2.5168,2741739,2.678395238095239,2.6565599999999985,2.7380820000000035,,36.82518368991014,2.8448716728786527,2.671375000000001,2.4978783271213496,-0.03043946248462559,-0.020025796381302967,Bearish,NaN,NaN,1305832.238095238,2.5647333333333333,2.6126666666666667,2.6510333333333334,2.4784333333333333,2.4400666666666666,2.3921333333333332
182,2001-09-13,2.5168,2.5311,2.4305,2.4449,1178389,2.660590476190477,2.651095999999998,2.7352690000000037,,32.093801820948066,2.8387295697387316,2.652680000000001,2.4666304302612705,-0.04161761287668986,-0.024344159680380346,Bearish,NaN,NaN,1362248.4761904762,2.507166666666666,2.569433333333333,2.607766666666666,2.406566666666666,2.368233333333333,2.305966666666666
183,2001-09-14,2.4449,2.4305,2.1572,2.2004,2150321,2.6311428571428577,2.6416039999999983,2.7305110000000035,,21.824803576239336,2.8790196462719537,2.621760000000001,2.3645003537280482,-0.06940542172657871,-0.03335641208962002,Bearish,NaN,NaN,1089302.7142857143,2.3682000000000003,2.536,2.6415,2.0949000000000004,1.9894000000000003,1.8216000000000006
184,2001-09-17,2.4449,2.4305,2.1572,2.2004,2150321,2.6016952380952385,2.6309619999999985,2.7257530000000036,,21.824803576239336,2.896507142773248,2.592280000000001,2.288052857226754,-0.09038555205937993,-0.044762240083572005,Bearish,NaN,NaN,1062682.7142857143,2.3682000000000003,2.536,2.6415,2.0949000000000004,1.9894000000000003,1.8216000000000006
185,2001-09-18,2.4449,2.4305,2.1572,2.2004,2150321,2.573619047619048,2.6194579999999985,2.720995000000004,,21.824803576239336,2.902494906246725,2.5642400000000007,2.2259850937532764,-0.10579294132799166,-0.05696838033245594,Bearish,NaN,NaN,1021935.9523809524,2.3682000000000003,2.536,2.6415,2.0949000000000004,1.9894000000000003,1.8216000000000006
186,2001-09-19,2.4449,2.4305,2.1572,2.2004,2150321,2.546914285714286,2.6079539999999986,2.7158620000000036,,21.824803576239333,2.901501323118785,2.5376350000000008,2.1737686768812163,-0.11665864014154215,-0.06890643229427318,Bearish,NaN,NaN,987057.6666666666,2.3682000000000003,2.536,2.6415,2.0949000000000004,1.9894000000000003,1.8216000000000006
187,2001-09-20,2.4449,2.4305,2.1572,2.2004,2150321,2.5215761904761913,2.5961619999999983,2.7106040000000036,,21.824803576239336,2.893784728787816,2.511750000000001,2.129715271212186,-0.12384220884000419,-0.07989358760341939,Bearish,NaN,NaN,1015522.9047619047,2.3682000000000003,2.536,2.6415,2.0949000000000004,1.9894000000000003,1.8216000000000006
188,2001-09-21,2.4449,2.4305,2.1572,2.2004,2150321,2.4969238095238104,2.585807999999998,2.7053460000000036,,21.824803576239336,2.875991366108194,2.485145000000001,2.094298633891808,-0.12805905373093607,-0.08952668082892272,Bearish,NaN,NaN,1077686.619047619,2.3682000000000003,2.536,2.6415,2.0949000000000004,1.9894000000000003,1.8216000000000006
189,2001-09-24,2.2004,2.2579,2.0997,2.0997,1326402,2.466790476190477,2.5731519999999977,2.6992060000000033,,18.103264970925483,2.86385490552446,2.454225000000001,2.0445950944755418,-0.1379365355830231,-0.09920865177974279,Bearish,NaN,NaN,1151466.3333333333,2.2051666666666665,2.310633333333333,2.3633666666666664,2.0469666666666666,1.9942333333333333,1.8887666666666667
190,2001-09-25,2.0997,2.186,2.0134,2.1285,2427290,2.4387142857142865,2.5625099999999974,2.6932290000000028,,22.18981064745889,2.846758395176248,2.426900000000001,2.0070416048237543,-0.14180594118698853,-0.10772810966119194,Bearish,NaN,NaN,1198989.0952380951,2.2051999999999996,2.2819,2.3777999999999997,2.0325999999999995,1.9366999999999996,1.8599999999999994
191,2001-09-26,2.1285,2.3298,2.1428,2.2291,6640268,2.4174809523809535,2.5535919999999974,2.688914000000003,,34.48703749265184,2.81923438561474,2.4053250000000013,1.9914156143852624,-0.13519643342728038,-0.11322177441440963,Bearish,NaN,NaN,1299419.0952380951,2.3249999999999997,2.4209,2.512,2.1379999999999995,2.0468999999999995,1.9509999999999992
192,2001-09-27,2.2291,2.3442,2.2291,2.2435,3179426,2.3976190476190484,2.5458259999999977,2.684743000000003,,36.04513101014662,2.7839394576322216,2.3837500000000014,1.9835605423677811,-0.12732862611209894,-0.11604314475394749,Bearish,NaN,NaN,1590756.8095238095,2.315433333333333,2.3873666666666664,2.430533333333333,2.200333333333333,2.1571666666666665,2.085233333333333
193,2001-09-28,2.2435,2.2867,2.2004,2.2291,1903209,2.3763857142857154,2.5389219999999977,2.6808600000000036,,35.14498223791281,2.7494428002782776,2.3628950000000013,1.9763471997217252,-0.12086206908610642,-0.11700692962037927,Bearish,NaN,NaN,1731812.5238095238,2.2770666666666672,2.3250333333333337,2.3633666666666673,2.190766666666667,2.1524333333333336,2.104466666666667
194,2001-10-01,2.2291,2.2291,2.1285,2.1285,772464,2.3517333333333346,2.528567999999998,2.676258000000003,,29.586228180243168,2.7220687282398393,2.3391650000000017,1.956261271760164,-0.12244340396219666,-0.11809422448874275,Bearish,NaN,NaN,1798181.0,2.1955666666666662,2.262633333333333,2.2961666666666662,2.094966666666666,2.061433333333333,1.9943666666666662
195,2001-10-02,2.1285,2.0997,2.0278,2.0422,1266053,2.325023809523811,2.515911999999998,2.671225000000003,,25.814235074603992,2.7029311085573524,2.3132800000000016,1.923628891442651,-0.12917130560058965,-0.12030964071111214,Bearish,NaN,NaN,1798967.4761904762,2.085333333333333,2.1284666666666663,2.1572333333333327,2.013433333333333,1.9846666666666666,1.9415333333333331
196,2001-10-03,2.0422,2.186,1.999,2.186,2659792,2.307219047619049,2.5078579999999975,2.666048000000002,,39.62638393247754,2.667942490768916,2.2938650000000016,1.919787509231087,-0.12149919086599059,-0.12054755074208783,Bearish,NaN,NaN,1836749.7142857143,2.2483333333333335,2.3106666666666666,2.4353333333333333,2.0613333333333337,1.936666666666667,1.8743333333333339
197,2001-10-04,2.186,2.2435,2.1716,2.2147,1386751,2.2900952380952395,2.5006659999999976,2.661158000000002,,41.949414732331284,2.6282562659964888,2.2758850000000015,1.9235137340035142,-0.11181420991021085,-0.11880088257571243,Bullish,NaN,NaN,1907050.7142857143,2.2482666666666664,2.281833333333333,2.3201666666666663,2.1763666666666666,2.1380333333333335,2.1044666666666667
198,2001-10-05,2.2147,2.2723,2.2004,2.2435,11283311,2.2743428571428583,2.494049999999998,2.656700000000002,,44.266896269573905,2.5841074946017786,2.2593450000000015,1.9345825053982242,-0.10065458996012477,-0.1151716240525949,Bullish,NaN,NaN,1924595.7142857143,2.2770666666666672,2.3106333333333335,2.348966666666667,2.2051666666666674,2.166833333333334,2.1332666666666675
199,2001-10-08,2.2435,2.1572,2.1428,2.1428,474532,2.2537952380952393,2.4865699999999977,2.651091000000002,2.6946005000000013,38.48207635752126,2.5189771306737363,2.235615000000002,1.9522528693262673,-0.09879728555524103,-0.11189675635312413,Bullish,NaN,NaN,2428076.714285714,2.1524000000000005,2.1620000000000004,2.1668000000000007,2.1380000000000003,2.1332,2.1236
200,2001-10-09,2.1428,2.3442,2.0422,2.3442,4804396,2.2407857142857157,2.483405999999998,2.6480710000000016,2.6906895000000013,51.99409196874043,2.433169548388419,2.2197950000000017,2.0064204516115844,-0.08015014067329229,-0.10554743321715776,Bullish,NaN,NaN,2441386.714285714,2.4448666666666665,2.545533333333333,2.7468666666666666,2.1428666666666665,1.9415333333333331,1.8408666666666664
201,2001-10-10,2.3442,2.4161,2.2723,2.2723,4930811,2.2222952380952394,2.4773659999999977,2.6441880000000015,2.685856000000001,47.945358846387,2.3744227985979305,2.207570000000002,2.040717201402073,-0.07036277484642905,-0.09851050154301202,Bullish,NaN,NaN,2657401.9523809524,2.368166666666666,2.464033333333333,2.511966666666666,2.2243666666666657,2.1764333333333328,2.0805666666666656
202,2001-10-11,2.2723,2.3873,2.2867,2.3298,3150840,2.2133904761904772,2.472187999999998,2.640449000000001,2.681560500000001,51.21694092642787,2.3412076292884954,2.201815000000002,2.062422370711509,-0.05730586116616321,-0.09026957346764226,Bullish,NaN,NaN,2851274.238095238,2.3825,2.4352,2.4831,2.2819,2.234,2.1813
203,2001-10-12,2.3298,2.4017,2.3298,2.3873,4647489,2.2106476190476205,2.4675859999999976,2.6372850000000003,2.677552500000001,54.30943966570493,2.3722858067472674,2.2111600000000022,2.050034193252737,-0.041836132656939196,-0.08058288530550164,Bullish,NaN,NaN,2870755.238095238,2.416066666666667,2.4448333333333334,2.487966666666667,2.344166666666667,2.3010333333333337,2.2722666666666673
204,2001-10-15,2.3873,2.488,2.4161,2.488,4059883,2.2243428571428585,2.466147999999998,2.6344090000000007,2.674298000000001,59.18883295109257,2.4266352749319626,2.225540000000002,2.024444725068041,-0.0212061615154453,-0.06870754054749037,Bullish,NaN,NaN,3035950.476190476,2.511966666666667,2.5359333333333334,2.5838666666666668,2.440066666666667,2.3921333333333337,2.368166666666667
205,2001-10-16,2.488,2.5599,2.4305,2.4592,3387153,2.236666666666668,2.4635579999999977,2.630669000000001,2.6710870000000013,57.304003726145815,2.463341135814882,2.238480000000002,2.013618864185122,-0.0070988489514207664,-0.05638580222827645,Bullish,NaN,NaN,3126882.0,2.5359000000000003,2.6126,2.6653000000000002,2.4065000000000003,2.3538,2.2771000000000003
206,2001-10-17,2.4592,2.5311,2.4449,2.4736,2671226,2.2496761904761917,2.4621199999999974,2.6264980000000007,2.668073000000001,58.02376813541971,2.4982749499765537,2.2521400000000016,2.0060050500234494,0.005183505324683146,-0.044071940717684534,Bullish,NaN,NaN,3185778.761904762,2.5215,2.5694,2.6077,2.4353000000000002,2.3970000000000002,2.3491000000000004
207,2001-10-18,2.4736,2.675,2.4736,2.6174,9599898,2.2695333333333343,2.463845999999998,2.6236210000000004,2.666466000000001,64.4659000427931,2.5645223165619284,2.2729900000000014,1.9814576834380744,0.02621858624955431,-0.030013835324236765,Bullish,NaN,NaN,3210583.761904762,2.7037333333333335,2.7900666666666667,2.9051333333333336,2.5023333333333335,2.3872666666666666,2.3009333333333335
208,2001-10-19,2.6174,2.7469,2.6174,2.7469,8061958,2.2955571428571435,2.4667219999999976,2.6214640000000005,2.6661315000000005,69.06960234455563,2.6550948544167428,2.300315000000001,1.9455351455832595,0.052730759780441616,-0.01346491630330109,Bullish,NaN,NaN,3565325.523809524,2.790066666666667,2.8332333333333337,2.9195666666666673,2.660566666666667,2.5742333333333334,2.531066666666667
209,2001-10-22,2.7469,3.0201,2.79,3.0201,10975214,2.3345904761904768,2.4727619999999977,2.6216080000000006,2.6673505000000004,76.10344712326973,2.807817607581222,2.346335000000001,1.8848523924187806,0.09469521756355315,0.00816711047006976,Bullish,NaN,NaN,3846832.0476190476,3.0968,3.1734999999999998,3.3268999999999997,2.8667000000000002,2.7133000000000003,2.6366000000000005
210,2001-10-23,3.0201,3.1927,2.9338,3.0776,8659728,2.3811571428571434,2.4799519999999977,2.6223270000000007,2.6683570000000003,77.2747976281498,2.9428050923243982,2.393790000000001,1.8447749076756037,0.1310811008117052,0.03274990853839685,Bullish,NaN,NaN,4267065.047619048,3.202266666666667,3.3269333333333333,3.4611666666666667,2.9433666666666674,2.809133333333334,2.6844666666666677
211,2001-10-24,3.0776,3.1495,3.0057,3.1064,5860817,2.4277238095238096,2.4857039999999975,2.624197000000001,2.6696325,77.86017393782977,3.0620419488546107,2.437655000000001,1.813268051145391,0.1603921933757939,0.05827836550587626,Bullish,NaN,NaN,4616271.047619048,3.168700000000001,3.2310000000000008,3.3125000000000013,3.024900000000001,2.9434000000000005,2.881100000000001
212,2001-10-25,3.1064,3.1208,2.9626,2.9626,3160369,2.462652380952381,2.4885799999999976,2.624916000000001,2.6705015,68.38783326797635,3.131076525079385,2.473610000000001,1.8161434749206173,0.1700576682522077,0.08063422605514256,Bullish,NaN,NaN,4779772.333333333,3.068066666666666,3.173533333333333,3.2262666666666657,2.909866666666666,2.857133333333333,2.751666666666666
213,2001-10-26,2.9626,3.0776,2.9194,3.0489,2465405,2.5010047619047624,2.493181999999998,2.6272170000000012,2.671677,70.69224995448096,3.2072587904588827,2.514600000000001,1.8219412095411194,0.18257668511262048,0.10102271786663815,Bullish,NaN,NaN,4614062.857142857,3.1111999999999997,3.1734999999999998,3.2693999999999996,2.953,2.8571,2.7948
214,2001-10-29,3.0489,3.2358,3.0776,3.0776,5785222,2.541409523809524,2.4989339999999975,2.6289420000000012,2.6726834999999993,71.43792948054625,3.2722292391131664,2.562055000000001,1.8518807608868353,0.19259384436094829,0.11933694316550017,Bullish,NaN,NaN,4580061.857142857,3.1830666666666665,3.288533333333333,3.3412666666666664,3.0248666666666666,2.9721333333333333,2.8666666666666667
215,2001-10-30,3.0776,3.3077,3.0345,3.2358,26638574,2.5941380952380952,2.5084259999999974,2.6318180000000013,2.6745435,75.18576030511393,3.347570560647151,2.6217350000000006,1.89589943935285,0.21086718742603772,0.13764299201760768,Bullish,NaN,NaN,4764919.619047619,3.3508333333333327,3.4658666666666664,3.6240333333333328,3.0776333333333326,2.919466666666666,2.8044333333333324
216,2001-10-31,3.2358,3.3365,3.1927,3.2646,10113180,2.652347619047619,2.5190679999999976,2.6349820000000013,2.6768599999999996,75.80810483337878,3.423920013414522,2.675665000000001,1.9274099865854801,0.22507830022716435,0.155130053659519,Bullish,NaN,NaN,5996639.142857143,3.3365000000000005,3.4084000000000003,3.4803000000000006,3.1927000000000003,3.1208,3.0489
217,2001-11-01,3.2646,3.279,3.1064,3.1064,4892696,2.6961761904761907,2.5268339999999974,2.636708000000001,2.6786359999999996,66.0140023985909,3.4595355050655083,2.720250000000001,1.9809644949344938,0.22102742506876316,0.16830952794136783,Bullish,NaN,NaN,6417930.904761905,3.2214666666666663,3.336533333333333,3.3940666666666663,3.048866666666666,2.991333333333333,2.876266666666666
218,2001-11-02,3.1064,3.2071,3.0345,3.1495,5954198,2.7406904761904762,2.5351739999999974,2.637139000000001,2.68069,67.25521622201362,3.4933739471190575,2.765550000000001,2.0377260528809447,0.21877300806353395,0.17840222396580105,Bullish,NaN,NaN,6524259.666666667,3.2262333333333335,3.302966666666667,3.3988333333333336,3.0536333333333334,2.9577666666666667,2.8810333333333333
219,2001-11-05,3.1495,3.1927,3.0057,3.0057,3091127,2.7769857142857144,2.540925999999997,2.6364200000000007,2.682025,59.453497497055395,3.484159748080879,2.808695000000001,2.133230251919123,0.20304236216982385,0.1833302516066056,Bullish,NaN,NaN,6741757.142857143,3.130366666666667,3.2550333333333334,3.317366666666667,2.9433666666666674,2.881033333333334,2.7563666666666675
220,2001-11-06,3.0057,2.9914,2.8619,2.8907,6355041,2.8126,2.545239999999997,2.635701,2.6825345,54.05329408743588,3.4774713593406483,2.836020000000001,2.1945686406593534,0.1792301198067201,0.1825102252466285,Bearish,NaN,NaN,6351653.142857143,2.9674333333333336,3.044166666666667,3.0969333333333338,2.8379333333333334,2.7851666666666666,2.7084333333333332
221,2001-11-07,2.8907,2.9914,2.8763,2.9338,4240929,2.8406761904761906,2.5507039999999974,2.6348380000000002,2.6831345,55.67814945249023,3.456836577481095,2.8690950000000006,2.2813534225189063,0.16196947271532292,0.17840207474036737,Bearish,NaN,NaN,6631677.380952381,2.9913666666666674,3.0489333333333337,3.1064666666666674,2.8762666666666674,2.8187333333333338,2.7611666666666674
222,2001-11-08,2.9338,3.3077,2.9626,3.3077,29337751,2.8899809523809523,2.5633579999999974,2.6382890000000003,2.6856665,66.6849991315295,3.480292701042755,2.9179900000000005,2.355687298957246,0.17642714838200213,0.1780070894686943,Bearish,NaN,NaN,6604845.619047619,3.4227333333333325,3.5377666666666663,3.7678333333333325,3.0776333333333326,2.8475666666666664,2.7325333333333326
223,2001-11-09,2.9338,3.3077,2.9626,3.3077,29337751,2.936547619047619,2.5765879999999974,2.6418840000000006,2.6881985,66.6849991315295,3.4948219889376815,2.9640100000000005,2.4331980110623195,0.18574382135866552,0.17955443584668856,Bullish,NaN,NaN,7767080.857142857,3.4227333333333325,3.5377666666666663,3.7678333333333325,3.0776333333333326,2.8475666666666664,2.7325333333333326
224,2001-11-12,3.3077,3.4516,3.2646,3.3653,14897883,2.9831190476190472,2.591831999999998,2.6459110000000003,2.6910185,68.10036041535643,3.518712002868805,3.0078750000000003,2.4970379971311956,0.1955213421083739,0.18274781709902563,Bullish,NaN,NaN,9014076.61904762,3.4564,3.5475,3.6433999999999997,3.2694,3.1735,3.0824000000000003
225,2001-11-13,3.3653,3.3653,3.2071,3.2071,8958296,3.0173619047619042,2.6047759999999975,2.6489310000000006,2.69286,60.49817534340837,3.4959252655855644,3.04527,2.5946147344144355,0.18833368637542947,0.1838649909543064,Bullish,NaN,NaN,9502190.61904762,3.3125666666666667,3.4180333333333333,3.4707666666666666,3.1543666666666668,3.1016333333333335,2.996166666666667
226,2001-11-14,3.2071,3.2646,3.1064,3.1783,19846481,3.0516047619047617,2.616855999999998,2.6513760000000004,2.694495,59.20248957174382,3.4496963134135052,3.080505,2.711313686586495,0.17825864343508346,0.1827437214504618,Bearish,NaN,NaN,9735448.38095238,3.2597999999999994,3.3413,3.4179999999999997,3.101599999999999,3.0248999999999993,2.9433999999999987
227,2001-11-15,3.1783,3.4084,3.2646,3.3797,22697483,3.094752380952381,2.6329639999999985,2.655835,2.6971369999999997,64.86881905596779,3.4434299358086125,3.11862,2.7938100641913874,0.1843997506079167,0.1830749272819528,Bullish,NaN,NaN,10519225.904761905,3.4371999999999994,3.4946999999999995,3.580999999999999,3.2933999999999997,3.2071,3.1496
228,2001-11-16,3.3797,3.4659,3.3509,3.3653,11001260,3.1303666666666667,2.6487839999999983,2.660725,2.6998944999999996,64.1824273779446,3.4431594162517145,3.14954,2.8559205837482855,0.18596101975349377,0.183652145776261,Bullish,NaN,NaN,11472857.19047619,3.4371666666666663,3.509033333333333,3.552166666666666,3.3221666666666665,3.2790333333333335,3.2071666666666667
229,2001-11-19,3.3653,3.394,3.3077,3.3221,4097363,3.1577571428571436,2.6628779999999983,2.6651829999999994,2.7021234999999995,62.0608462239008,3.4611273852291213,3.16464,2.8681526147708785,0.18161886857406273,0.18324549033582133,Bearish,NaN,NaN,11539588.714285715,3.3748333333333327,3.4275666666666664,3.4611333333333327,3.2885333333333326,3.2549666666666663,3.2022333333333326
230,2001-11-20,3.3221,3.3221,3.1927,3.2071,6041863,3.1666619047619053,2.6738079999999984,2.668635,2.704214999999999,56.68880213897472,3.4653639508902274,3.171115,2.8768660491097724,0.16697337840699777,0.17999106795005662,Bearish,NaN,NaN,11350798.476190476,3.2885666666666666,3.370033333333333,3.4179666666666666,3.1591666666666667,3.1112333333333333,3.0297666666666667
231,2001-11-21,3.2071,3.279,3.2071,3.2358,2012472,3.174195238095239,2.688187999999999,2.6723739999999996,2.7063874999999995,57.6734999513889,3.471547965524583,3.1775849999999997,2.883622034475416,0.15588561969027115,0.17516997829809952,Bearish,NaN,NaN,11115877.0,3.2741666666666664,3.312533333333333,3.3460666666666663,3.2022666666666666,3.1687333333333334,3.1303666666666667
232,2001-11-22,3.2358,3.2215,3.1783,3.2215,1560809,3.1796761904761914,2.703719999999999,2.677408,2.7088639999999997,56.978392736416936,3.4678131195727624,3.19053,2.9132468804272373,0.14428141420348828,0.16899226547917728,Bearish,NaN,NaN,10799341.0,3.2359,3.2502999999999997,3.2790999999999997,3.1927000000000003,3.1639000000000004,3.1495000000000006
233,2001-11-23,3.2358,3.2215,3.1783,3.2215,1560809,3.1920047619047627,2.7241419999999987,2.6828729999999994,2.7112155,56.978392736416936,3.4689155144941552,3.1991599999999996,2.929404485505844,0.1335455675776216,0.16190292589886615,Bearish,NaN,NaN,10594578.714285715,3.2359,3.2502999999999997,3.2790999999999997,3.1927000000000003,3.1639000000000004,3.1495000000000006
234,2001-11-26,3.2215,3.2358,3.1783,3.2071,1327037,3.1995380952380956,2.744275999999999,2.6876189999999998,2.7133694999999993,56.18751179451975,3.4695622193238176,3.2056349999999996,2.9417077806761815,0.12246368697242538,0.154015078113578,Bearish,NaN,NaN,10518409.19047619,3.235833333333333,3.264566666666666,3.2933333333333326,3.1783333333333332,3.149566666666667,3.1208333333333336
235,2001-11-27,3.2071,3.2646,3.1783,3.2646,3067622,3.2084428571428574,2.765559999999999,2.6925089999999994,2.7159364999999993,58.65531561865879,3.4719573729507123,3.2070749999999997,2.942192627049287,0.11697259889744371,0.14660658227035114,Bearish,NaN,NaN,10464201.19047619,3.2933666666666666,3.3221333333333334,3.3796666666666666,3.2070666666666665,3.1495333333333333,3.1207666666666665
236,2001-11-28,3.2646,3.279,3.2358,3.2502,2189707,3.209128571428572,2.7865559999999987,2.6972549999999997,2.7179309999999988,57.77760454569337,3.4706857131227635,3.206355,2.942024286877236,0.11018872534698865,0.13932301088567864,Bearish,NaN,NaN,10334791.666666666,3.274199999999999,3.2981999999999996,3.3173999999999992,3.230999999999999,3.2117999999999993,3.187799999999999
237,2001-11-29,3.2502,3.2502,3.1927,3.1927,1059597,3.2057047619047627,2.806401999999999,2.7012819999999995,2.7195754999999986,54.284511370250755,3.4711221844792277,3.2106699999999995,2.9502178155207712,0.09903111814538423,0.13126463233761976,Bearish,NaN,NaN,9170559.904761905,3.231033333333334,3.269366666666667,3.288533333333334,3.1735333333333338,3.1543666666666668,3.1160333333333337
238,2001-11-30,3.2502,3.2502,3.1927,3.1927,1059597,3.2098142857142866,2.8262479999999988,2.7060279999999994,2.7215324999999986,54.284511370250755,3.4719301898880133,3.2128299999999994,2.9537298101119855,0.08916084335044783,0.12284387454018537,Bearish,NaN,NaN,8739436.904761905,3.231033333333334,3.269366666666667,3.288533333333334,3.1735333333333338,3.1543666666666668,3.1160333333333337
239,2001-12-03,3.1927,3.2502,3.1927,3.2358,1836508,3.2139238095238105,2.8489699999999987,2.711060999999999,2.7239554999999984,56.56720291090676,3.465433330769818,3.224335,2.9832366692301817,0.08384982072364089,0.11504506377687648,Bearish,NaN,NaN,8556908.38095238,3.2597666666666663,3.283733333333333,3.3172666666666664,3.202266666666666,3.168733333333333,3.144766666666666
240,2001-12-04,3.2358,3.2358,3.2071,3.2215,586971,3.224200000000001,2.8708299999999984,2.7166699999999993,2.7262444999999986,55.57565903756688,3.4273509059503207,3.240875,3.0543990940496792,0.07759246885678417,0.10755454479285802,Bearish,NaN,NaN,8360827.904761905,3.2358333333333333,3.2501666666666664,3.264533333333333,3.2071333333333336,3.192766666666667,3.178433333333334
241,2001-12-05,3.2215,3.2502,3.2071,3.2502,640967,3.241319047619049,2.891251999999999,2.722421999999999,2.7288644999999985,57.19727925099549,3.3788856457139578,3.2566949999999997,3.1345043542860416,0.07409519923053765,0.10086267568039395,Bearish,NaN,NaN,8241582.380952381,3.2645666666666666,3.2789333333333333,3.3076666666666665,3.2214666666666667,3.1927333333333334,3.178366666666667
242,2001-12-06,3.2502,3.3221,3.2502,3.2934,3729553,3.2584428571428585,2.9122499999999985,2.729037999999999,2.731825499999999,59.5884999446342,3.377131386290003,3.25598,3.134828613709997,0.07395693728142083,0.09548152800059932,Bearish,NaN,NaN,7969483.619047619,3.3269333333333333,3.3604666666666665,3.398833333333333,3.2550333333333334,3.216666666666667,3.1831333333333336
243,2001-12-07,3.2502,3.3221,3.2502,3.2934,3729553,3.2577619047619066,2.9335359999999984,2.736229,2.734598999999999,59.58849994463419,3.3753511070231568,3.2552650000000005,3.1351788929768443,0.07300579829243858,0.09098638205896717,Bearish,NaN,NaN,7945132.380952381,3.3269333333333333,3.3604666666666665,3.398833333333333,3.2550333333333334,3.216666666666667,3.1831333333333336
244,2001-12-10,3.2646,3.3077,3.2646,3.279,353834,3.25639523809524,2.9565459999999986,2.7425569999999992,2.737300499999999,58.32876499670595,3.3606647483247474,3.250950000000001,3.1412352516752544,0.07027991106981757,0.08684508786113725,Bearish,NaN,NaN,6725694.380952381,3.3029333333333333,3.3268666666666666,3.346033333333333,3.2598333333333334,3.240666666666667,3.2167333333333334
245,2001-12-11,3.279,3.2934,3.2358,3.2502,392585,3.2509142857142876,2.9807059999999983,2.7483089999999994,2.7398579999999986,55.78851642132808,3.3609674026245746,3.2531050000000015,3.1452425973754283,0.06504589787751014,0.08248524986441183,Bearish,NaN,NaN,5345507.857142857,3.2838,3.3174,3.3414,3.2261999999999995,3.2021999999999995,3.168599999999999
246,2001-12-12,3.2502,3.279,3.2215,3.279,505659,3.254338095238097,3.002565999999998,2.755211999999999,2.7425594999999987,57.76916657074651,3.360842704929996,3.258140000000002,3.1554372950700076,0.0625013473949041,0.07848846937051028,Bearish,NaN,NaN,4654779.380952381,3.298166666666666,3.317333333333333,3.355666666666666,3.240666666666666,3.202333333333333,3.183166666666666
247,2001-12-13,3.2502,3.279,3.2215,3.279,505659,3.2591333333333345,3.0238519999999984,2.762258999999999,2.745260999999999,57.76916657074652,3.3401572940533177,3.2531050000000015,3.166052705946685,0.05979548764477238,0.0747498730253627,Bearish,NaN,NaN,4252272.857142857,3.298166666666666,3.317333333333333,3.355666666666666,3.240666666666666,3.202333333333333,3.183166666666666
248,2001-12-14,3.2502,3.279,3.2215,3.279,505659,3.2543380952380963,3.0445619999999978,2.769305999999999,2.748337499999999,57.76916657074652,3.3203455141127223,3.248790000000002,3.1772344858872814,0.05699408199843248,0.07119871481997667,Bearish,NaN,NaN,3331281.3333333335,3.298166666666666,3.317333333333333,3.355666666666666,3.240666666666666,3.202333333333333,3.183166666666666
249,2001-12-17,3.2502,3.279,3.2215,3.279,505659,3.2502285714285724,3.067285999999998,2.7769279999999994,2.7517889999999987,57.76916657074652,3.311513911056865,3.246635000000002,3.181756088943139,0.05414974330687361,0.06778892051735605,Bearish,NaN,NaN,2274527.8095238097,3.298166666666666,3.317333333333333,3.355666666666666,3.240666666666666,3.202333333333333,3.183166666666666
250,2001-12-18,3.2502,3.279,3.2215,3.279,505659,3.2481761904761908,3.085981999999998,2.784693999999999,2.755177999999999,57.76916657074652,3.3139047391037386,3.250230000000002,3.1865552608962653,0.05130418173021756,0.06449197275992835,Bearish,NaN,NaN,1774737.2857142857,3.298166666666666,3.317333333333333,3.355666666666666,3.240666666666666,3.202333333333333,3.183166666666666
251,2001-12-19,3.2502,3.279,3.2215,3.279,505659,3.2516000000000003,3.106115999999998,2.791740999999999,2.7584419999999987,57.76916657074651,3.3168857952112005,3.252390000000002,3.1878942047888033,0.04849009010485794,0.061291596228914266,Bearish,NaN,NaN,1603703.761904762,3.298166666666666,3.317333333333333,3.355666666666666,3.240666666666666,3.202333333333333,3.183166666666666
252,2001-12-20,3.2959,3.2959,3.1945,3.2621,1759007,3.2528523809523815,3.124761999999998,2.7984749999999985,2.761933999999999,55.493457282203096,3.317437794311828,3.254420000000002,3.191402205688176,0.0443845756963297,0.057910192122397355,Bearish,NaN,NaN,1340075.0,3.307166666666666,3.352233333333333,3.408566666666666,3.205766666666666,3.149433333333333,3.104366666666666
253,2001-12-21,3.2621,3.3973,3.2452,3.3635,4418799,3.259614285714286,3.1442859999999975,2.8059359999999987,2.7658704999999992,64.52362556645235,3.3385430251283736,3.2615200000000018,3.18449697487163,0.04875108633698355,0.056078370965314595,Bearish,NaN,NaN,1328005.238095238,3.4254666666666664,3.487433333333333,3.5775666666666663,3.2733666666666665,3.1832333333333334,3.1212666666666666
254,2001-12-24,3.3635,3.279,2.9578,2.9747,4876179,3.247861904761905,3.1540199999999974,2.810083999999998,2.7677379999999996,35.108996155495035,3.3956850609628444,3.2499000000000016,3.1041149390371587,0.02060118913137643,0.04898293459852696,Bearish,NaN,NaN,1464100.0,3.1832000000000007,3.3917,3.5044000000000004,2.862000000000001,2.7493000000000007,2.5408000000000013
255,2001-12-25,3.3635,3.279,2.9578,2.9747,4876179,3.236795238095238,3.164329999999998,2.813943999999998,2.769542999999999,35.108996155495035,3.4238636264938287,3.2354050000000014,3.046946373506174,-0.00168834502266213,0.03884867867428914,Bearish,NaN,NaN,1621974.761904762,3.1832000000000007,3.3917,3.5044000000000004,2.862000000000001,2.7493000000000007,2.5408000000000013
256,2001-12-26,2.9747,3.0762,2.9409,3.0085,2017554,3.2246,3.1750279999999975,2.818573999999998,2.7717045,37.960492198511396,3.4358896648158757,3.223320000000002,3.0107503351841283,-0.016436118561892865,0.02779171922705274,Bearish,NaN,NaN,1790981.5238095238,3.0761666666666674,3.1438333333333337,3.2114666666666674,2.9408666666666674,2.8732333333333337,2.8055666666666674
257,2001-12-27,3.0085,3.0424,2.7719,2.8733,2520672,3.206652380952381,3.1801459999999975,2.821995999999998,2.7735654999999997,31.91855534481995,3.469038712022397,3.2073500000000017,2.9456612879776065,-0.03858852098081256,0.01451567118547968,Bearish,NaN,NaN,1740978.2857142857,3.019833333333333,3.1663666666666668,3.2903333333333333,2.749333333333333,2.6253666666666664,2.4788333333333328
258,2001-12-28,2.8733,2.8733,2.6874,2.8395,2185260,3.189833333333333,3.181997999999997,2.824359999999998,2.7752575000000004,30.60699078794552,3.4966969699533674,3.1896900000000015,2.8826830300466355,-0.05820093289328998,-2.7649630274254045e-05,Bearish,NaN,NaN,1756738.5238095238,2.912733333333333,2.9859666666666667,3.0986333333333334,2.726833333333333,2.6141666666666663,2.540933333333333
259,2001-12-31,2.8395,2.9578,2.8226,2.8733,1374681,3.1746238095238093,3.1790619999999965,2.825911999999998,2.7771185000000003,33.5476290866991,3.5070266477332876,3.171565000000002,2.8361033522667163,-0.07020722789146161,-0.014063565282511726,Bearish,NaN,NaN,1810341.5238095238,2.9465333333333334,3.019766666666667,3.0817333333333337,2.8113333333333332,2.7493666666666665,2.676133333333333
260,2002-01-01,2.8733,3.0931,2.8902,3.0762,3897259,3.1670238095238092,3.179033999999997,2.8294929999999976,2.779556,47.837655237584556,3.5014106524569337,3.1643000000000017,2.8271893475430696,-0.06262803191690702,-0.023776458609390788,Bearish,3.3797,2.0422,1825345.5238095238,3.149466666666666,3.2227333333333332,3.3523666666666663,2.946566666666666,2.816933333333333,2.743666666666666
261,2002-01-02,3.0762,3.1776,3.0593,3.0762,3246128,3.160104761904762,3.178429999999997,2.8320669999999972,2.782056,47.837655237584556,3.4923749871946246,3.155600000000002,2.8188250128053793,-0.055976205647191524,-0.030216408016950934,Bearish,3.3797,2.0422,1923476.5238095238,3.149433333333334,3.222666666666667,3.267733333333334,3.031133333333334,2.986066666666667,2.912833333333334
262,2002-01-03,3.0762,3.1438,3.0255,3.1438,3016802,3.1550380952380954,3.1820539999999964,2.835316999999997,2.785207,51.83939202332053,3.478912488427326,3.148120000000002,2.8173275115726777,-0.044734162778928166,-0.03311995896934638,Bearish,3.3797,2.0422,2050103.0476190476,3.183233333333334,3.222666666666667,3.301533333333334,3.0649333333333337,2.986066666666667,2.9466333333333337
263,2002-01-04,3.1438,3.2452,3.1438,3.1776,2884670,3.14952380952381,3.184627999999997,2.838904999999997,2.7884645,53.74994192024787,3.4667404381796896,3.142330000000002,2.8179195618203146,-0.032720207109731,-0.0330400085974233,Bullish,3.3797,2.0422,2163238.0476190476,3.233933333333334,3.290266666666667,3.335333333333334,3.1325333333333343,3.0874666666666672,3.0311333333333343
264,2002-01-07,3.1776,3.3635,3.2283,3.2959,7124964,3.1496428571428576,3.1889939999999966,2.843963999999997,2.7921254999999996,59.766004128672165,3.469089540178769,3.143175000000002,2.817260459821235,-0.013497646889023773,-0.029131536255743395,Bullish,3.3797,2.0422,2123005.523809524,3.3634999999999993,3.4311,3.4986999999999995,3.228299999999999,3.1606999999999994,3.093099999999999
265,2002-01-08,3.2959,3.279,3.1438,3.1607,2793830,3.1440095238095247,3.187491999999996,2.8479589999999972,2.795048,51.51821623308539,3.4610518884696364,3.1387000000000023,2.816348111530368,-0.009068602307113593,-0.025118949466017435,Bullish,3.3797,2.0422,2284691.761904762,3.2452,3.3297,3.3804,3.1100000000000003,3.0593000000000004,2.9748000000000006
266,2002-01-09,3.1607,3.3128,3.1945,3.2621,3136865,3.1445761904761915,3.1874419999999963,2.8532549999999968,2.7984775,56.38019371111632,3.458816957091372,3.1378550000000027,2.8168930429086334,0.0025936816508744798,-0.01957642324263905,Bullish,3.3797,2.0422,2400882.0476190476,3.3184333333333336,3.374766666666667,3.4367333333333336,3.2001333333333335,3.1381666666666668,3.0818333333333334
267,2002-01-10,3.2621,3.3297,3.2283,3.2621,2774137,3.14377142857143,3.1905559999999964,2.858694999999997,2.8019070000000004,56.38019371111631,3.4565670427950543,3.1370100000000027,2.817452957204951,0.011701241086325087,-0.013320890376846223,Bullish,3.3797,2.0422,2531562.0476190476,3.318433333333333,3.3747666666666665,3.419833333333333,3.217033333333333,3.1719666666666666,3.1156333333333333
268,2002-01-11,3.2621,3.2621,3.1269,3.1438,2619136,3.1373333333333346,3.1904419999999964,2.8628079999999967,2.804807500000001,49.64396301208661,3.4431571779296726,3.130250000000003,2.817342822070333,0.009266408836762885,-0.008803430534124402,Bullish,3.3797,2.0422,2639584.8095238097,3.228300000000001,3.3128000000000006,3.363500000000001,3.0931000000000006,3.0424,2.9579000000000004
269,2002-01-14,3.2959,3.4987,3.2959,3.4818,13174450,3.146990476190478,3.1999639999999965,2.870444999999997,2.8095860000000004,63.179983575841256,3.483598087899904,3.140390000000003,2.7971819121001023,0.034216139594664075,-0.00019951650836670665,Bullish,3.3797,2.0422,2740226.5714285714,3.555033333333333,3.6282666666666663,3.7578333333333327,3.352233333333333,3.2226666666666666,3.149433333333333
270,2002-01-15,3.4818,3.5325,3.4142,3.4142,6987750,3.1534285714285732,3.2104339999999962,2.877836999999997,2.813964000000001,59.72225922183894,3.505982604427071,3.147150000000003,2.788317395572935,0.04798112933837961,0.009436612660982557,Bullish,3.4818,2.0422,3343502.3333333335,3.4930666666666674,3.571933333333334,3.6113666666666675,3.3747666666666674,3.3353333333333337,3.2564666666666673
271,2002-01-16,3.4142,3.4818,3.3804,3.448,3053012,3.161476190476192,3.2207179999999966,2.8857109999999966,2.818448000000001,60.87522753739189,3.5338862514021776,3.155600000000003,2.777313748597828,0.06091516826193599,0.019732323781173247,Bullish,3.4818,2.0422,3652173.3333333335,3.4930666666666665,3.538133333333333,3.5944666666666665,3.3916666666666666,3.3353333333333333,3.2902666666666667
272,2002-01-17,3.448,3.5663,3.4311,3.5156,6840372,3.1727428571428593,3.2248759999999965,2.8941169999999965,2.8228325000000005,63.14736939919192,3.57584022852166,3.168275000000003,2.760709771478346,0.0757470771819655,0.030935274461331697,Bullish,3.4818,2.0422,3773475.8571428573,3.577566666666667,3.6395333333333335,3.712766666666667,3.4423666666666666,3.369133333333333,3.3071666666666664
273,2002-01-18,3.5494,3.7184,3.5494,3.6846,14904236,3.192861904761907,3.232413999999996,2.9045009999999962,2.8278120000000007,68.1303143584148,3.643431409712392,3.184330000000003,2.7252285902876143,0.09998578557022819,0.044745376683111,Bullish,3.5156,2.0422,4075128.8571428573,3.7522000000000006,3.8198000000000003,3.9212000000000007,3.5832000000000006,3.4818000000000002,3.4142000000000006
274,2002-01-21,3.6846,3.786,3.6001,3.6001,11484685,3.204128571428573,3.237109999999996,2.9144709999999963,2.8321190000000005,63.5065985171638,3.6979347841488295,3.2156000000000033,2.733265215851177,0.11109604672262474,0.05801551069101375,Bullish,3.6846,2.0422,4701092.142857143,3.7240333333333333,3.8479666666666668,3.9099333333333335,3.538133333333333,3.4761666666666664,3.352233333333333
275,2002-01-22,3.6001,3.6677,3.5325,3.5832,5995490,3.233104761904764,3.244631999999996,2.9247039999999958,2.836153500000001,62.59168080327668,3.7403563782270766,3.246025000000004,2.7516936217729313,0.11718646732096838,0.06984970201700468,Bullish,3.6846,2.0422,5037562.904761905,3.6564333333333336,3.7296666666666667,3.7916333333333334,3.521233333333334,3.459266666666667,3.386033333333334
276,2002-01-23,3.5832,3.8536,3.5663,3.8536,15838053,3.274957142857145,3.258137999999996,2.937496999999996,2.841728000000001,70.0310948074218,3.835790203009842,3.288280000000004,2.7407697969901657,0.14219307642427514,0.08431837689845877,Bullish,3.6846,2.0422,5090863.428571428,3.949366666666667,4.045133333333334,4.236666666666667,3.662066666666667,3.4705333333333335,3.374766666666667
277,2002-01-24,3.8536,3.8875,3.7353,3.7691,10891361,3.3111761904761927,3.265925999999996,2.949444999999996,2.846880000000001,65.6380947948929,3.8840135001884284,3.3330700000000038,2.782126499811579,0.15342397442345534,0.09813949640345808,Bullish,3.8536,2.0422,5612857.428571428,3.8592999999999997,3.9495,4.0115,3.7070999999999996,3.6451,3.5548999999999995
278,2002-01-25,3.7691,3.9044,3.7353,3.8875,11809298,3.359471428571431,3.276369999999996,2.962576999999996,2.8524990000000012,68.6094144917903,3.9380204107317995,3.3854700000000038,2.832919589268208,0.16991970391656253,0.11249553790607897,Bullish,3.8536,2.0422,6035419.666666667,3.9495,4.0115,4.1186,3.7804,3.6733000000000002,3.6113000000000004
279,2002-01-28,3.9044,4.0058,3.9044,3.9551,9589099,3.4125952380952405,3.2890299999999955,2.975953999999996,2.8583930000000013,70.19413803246628,3.992769806131342,3.4395600000000037,2.8863501938686653,0.18629989421553228,0.12725640916796963,Bullish,3.8875,2.0422,6477735.19047619,4.0058,4.0565,4.1072,3.9044,3.8537,3.803
280,2002-01-29,3.9551,4.1579,3.8705,4.1579,26613164,3.473766666666669,3.308045999999996,2.9909269999999966,2.865489000000002,74.37382550941007,4.102854909554895,3.4936450000000034,2.8844350904451117,0.21318807870372192,0.1444427430751201,Bullish,3.9551,2.0422,6830298.952380952,4.2537,4.3495,4.5411,3.9663000000000004,3.7747,3.6789000000000005
281,2002-01-30,4.1579,4.2593,4.141,4.141,17555134,3.524471428571431,3.3261499999999957,3.0071689999999967,2.8726255000000016,73.44948010261486,4.186228692468981,3.546885000000004,2.9075413075310275,0.23047667818929796,0.16164953009795566,Bullish,4.1579,2.0422,8032131.476190476,4.219866666666666,4.298733333333333,4.338166666666666,4.101566666666667,4.062133333333334,3.983266666666667
282,2002-01-31,4.141,4.4114,4.141,4.4114,29762733,3.588052380952383,3.349947999999996,3.0268339999999965,2.8810515000000017,78.13242864194603,4.32417955588177,3.610265000000004,2.8963504441182377,0.2629657327356689,0.18191277062549832,Bullish,4.1579,2.0422,8682506.476190476,4.5015333333333345,4.591666666666668,4.771933333333335,4.231133333333334,4.050866666666667,3.9607333333333337
283,2002-02-01,4.4114,4.6818,4.4283,4.5973,25220696,3.6572666666666693,3.377463999999996,3.0508029999999966,2.890657000000002,80.6582339292893,4.485567306788723,3.6812500000000044,2.8769326932112858,0.3002529893433876,0.2055808143690762,Bullish,4.4114,2.0422,9945201.952380951,4.709966666666666,4.822633333333333,4.963466666666666,4.456466666666667,4.315633333333333,4.202966666666667
284,2002-02-04,4.5973,4.7833,4.5804,4.5804,25321700,3.724066666666669,3.404929999999996,3.0746029999999966,2.900178000000002,79.7563378104234,4.618642880478813,3.745475000000004,2.8723071195211953,0.3246968172913913,0.2294040149535392,Bullish,4.5973,2.0422,11002530.238095239,4.7156666666666665,4.850933333333333,4.918566666666666,4.512766666666667,4.445133333333334,4.309866666666667
285,2002-02-05,4.5973,4.7833,4.5804,4.5804,25321700,3.7852333333333354,3.431245999999996,3.0984029999999967,2.909699000000002,79.75633781042339,4.718288286094349,3.8164600000000037,2.9146317139056586,0.34014771591399917,0.2515527551456312,Bullish,4.5973,2.0422,12070960.238095239,4.7156666666666665,4.850933333333333,4.918566666666666,4.512766666666667,4.445133333333334,4.309866666666667
286,2002-02-06,4.5804,4.6649,4.3438,4.4283,13066457,3.8455952380952403,3.454807999999996,3.1206819999999964,2.918272000000002,71.42061488509938,4.776490948187332,3.874770000000004,2.973049051812675,0.33624346023753526,0.268490896164012,Bullish,4.5973,2.0422,12937471.476190476,4.6142,4.8001000000000005,4.935300000000001,4.2931,4.1579,3.9719999999999995
287,2002-02-07,4.4283,4.7156,4.3438,4.7156,18943790,3.914809523809526,3.4852659999999958,3.1458339999999962,2.9282190000000026,76.43137306103587,4.873889902786925,3.947445000000003,3.0210000972130815,0.35227125467634535,0.2852469678664787,Bullish,4.5973,2.0422,13426644.19047619,4.839533333333334,4.963466666666667,5.211333333333334,4.467733333333333,4.219866666666666,4.095933333333333
288,2002-02-08,4.7156,5.1382,4.7495,5.0368,44011391,3.9993190476190494,3.5221479999999956,3.1741979999999965,2.9397720000000027,80.53938516240093,5.006789497703743,4.042095000000003,3.0774005022962645,0.38643694827169384,0.3054849639475217,Bullish,4.7156,2.0422,14179354.904761905,5.200166666666667,5.363533333333334,5.588866666666667,4.811466666666667,4.586133333333334,4.422766666666667
289,2002-02-11,5.0368,5.0537,4.8509,4.9016,21507024,4.083023809523811,3.5554639999999953,3.2022169999999965,2.950711500000003,74.64191133430124,5.110802808350572,4.113085000000003,3.1153671916494345,0.3980159167777737,0.32399115451357213,Bullish,5.0368,2.0422,16143033.666666666,5.019900000000001,5.1382,5.222700000000001,4.817100000000001,4.732600000000001,4.614300000000001
290,2002-02-12,4.9016,4.9016,4.6818,4.7495,11990979,4.143390476190478,3.586023999999996,3.228426999999997,2.960828000000003,68.55967014933202,5.1601190069566965,4.179850000000004,3.1995809930433103,0.3904186309431896,0.3372766497994956,Bullish,5.0368,2.0422,17042456.904761903,4.873466666666666,4.997433333333333,5.093266666666667,4.653666666666666,4.557833333333333,4.433866666666666
291,2002-02-13,4.7495,4.7156,4.2424,4.3438,13035330,4.187657142857145,3.6078959999999953,3.249573999999997,2.969244000000003,55.55584501942011,5.147222129460479,4.224640000000004,3.30205787053953,0.3476535935406728,0.33935203854773105,Bullish,5.0368,2.0422,16986101.14285714,4.625466666666666,4.907133333333333,5.0986666666666665,4.152266666666666,3.9607333333333328,3.6790666666666656
292,2002-02-14,4.3438,4.8171,4.2255,4.8002,36937247,4.252047619047622,3.6380319999999955,3.275140999999997,2.9799420000000025,63.86031742443517,5.183499606261611,4.288870000000005,3.394240393738398,0.34659433525048833,0.3408004978882825,Bullish,5.0368,2.0422,17274081.14285714,5.003033333333333,5.205866666666666,5.5946333333333325,4.411433333333333,4.022666666666667,3.8198333333333334
293,2002-02-15,4.8002,4.9016,4.648,4.6987,25507193,4.308385714285717,3.6661379999999957,3.2998369999999966,2.9903485000000027,61.12491787244243,5.20597088151134,4.339575000000004,3.4731791184886682,0.33371777294050897,0.3393839528987278,Bearish,5.0368,2.0422,18887616.14285714,4.850866666666667,5.003033333333334,5.104466666666667,4.597266666666666,4.495833333333333,4.343666666666666
294,2002-02-18,4.6987,4.7325,4.3607,4.3945,13846544,4.342190476190479,3.6884479999999957,3.3224969999999967,2.9993775000000027,53.700748240131055,5.1765213203757305,4.379295000000004,3.582068679624278,0.29555957998607507,0.33061907831619725,Bearish,5.0368,2.0422,19776512.38095238,4.6311,4.8677,5.0029,4.2593,4.124099999999999,3.8874999999999993
295,2002-02-19,4.3945,4.6311,4.31,4.5973,18445119,4.389676190476193,3.7153899999999953,3.3480479999999972,3.009636500000003,57.41427900751409,5.142767566602056,4.430000000000004,3.7172324333979527,0.27847313730113576,0.32018989011318494,Bearish,5.0368,2.0422,19726146.095238097,4.715599999999999,4.8339,5.0367,4.394499999999999,4.191699999999999,4.073399999999999
296,2002-02-20,4.5973,4.7495,4.6142,4.7156,18012514,4.443600000000002,3.7441219999999955,3.3733439999999972,3.019696000000003,59.457095653722305,5.144273035811035,4.473100000000004,3.8019269641889735,0.27134987722260906,0.3104218875350698,Bearish,5.0368,2.0422,20057595.333333332,4.772,4.8284,4.9073,4.6367,4.5578,4.5014
297,2002-02-21,4.7156,4.8002,4.6311,4.6311,13604514,4.480623809523812,3.7711639999999953,3.3975079999999975,3.0293330000000025,57.3412255498951,5.1068880767374685,4.516200000000004,3.9255119232625395,0.25593592841780755,0.29952469571161733,Bearish,5.0368,2.0422,20629834.57142857,4.743833333333333,4.856566666666667,4.912933333333333,4.574733333333333,4.518366666666666,4.405633333333332
298,2002-02-22,4.7156,4.8002,4.6311,4.6311,13604514,4.521671428571431,3.7982059999999955,3.4213839999999975,3.0390420000000025,57.34122554989509,5.0700720343878,4.553380000000004,4.0366879656122086,0.24094282404461165,0.2878083213782162,Bearish,5.0368,2.0422,20523475.57142857,4.743833333333333,4.856566666666667,4.912933333333333,4.574733333333333,4.518366666666666,4.405633333333332
299,2002-02-25,4.7156,4.8002,4.6311,4.6311,13604514,4.5570809523809555,3.8252479999999958,3.4462669999999975,3.0486790000000017,57.34122554989509,5.0253822208978445,4.5871800000000045,4.1489777791021645,0.2264503026804885,0.27553671763867066,Bearish,5.0368,2.0422,20652673.333333332,4.743833333333333,4.856566666666667,4.912933333333333,4.574733333333333,4.518366666666666,4.405633333333332
300,2002-02-26,4.6311,4.6987,4.5128,4.5297,5191263,4.58444285714286,3.8502619999999954,3.4681219999999975,3.058096500000002,54.4377334917992,4.998762824870597,4.605770000000005,4.212777175129413,0.20442624403132648,0.2613146229172018,Bearish,5.0368,2.0422,20738159.80952381,4.648,4.766299999999999,4.833899999999999,4.4621,4.394500000000001,4.276200000000001
301,2002-02-27,4.5297,4.6649,4.479,4.648,7347302,4.607780952380955,3.877641999999996,3.4918789999999977,3.068033500000002,57.16297176282773,4.961312844258904,4.631120000000005,4.300927155741105,0.19427832065627015,0.2479073624650155,Bearish,5.0368,2.0422,20528739.04761905,4.715599999999999,4.7832,4.9014999999999995,4.529699999999999,4.4113999999999995,4.343799999999999
302,2002-02-28,4.648,4.7664,4.6311,4.6818,14857227,4.633533333333336,3.906035999999996,3.515398999999998,3.0779240000000017,57.93710367663647,4.9595280270823245,4.644640000000004,4.329751972917684,0.18680996677944428,0.23568788332790125,Bearish,5.0368,2.0422,19611317.04761905,4.7551000000000005,4.8284,4.8904000000000005,4.619800000000001,4.5578,4.484500000000001
303,2002-03-01,4.6818,4.8509,4.6818,4.7325,21062349,4.648823809523812,3.933415999999996,3.5388509999999984,3.088068000000001,59.1301962220171,4.967734221986515,4.651400000000004,4.335065778013494,0.1828742483086616,0.22512515632405333,Bearish,5.0368,2.0422,19482845.285714287,4.828333333333334,4.924166666666667,4.997433333333334,4.659233333333334,4.585966666666667,4.4901333333333335
304,2002-03-04,4.7325,4.9523,4.7664,4.8509,28031042,4.6609000000000025,3.9709399999999953,3.562479999999999,3.098444500000001,61.851522381061876,4.990942618388684,4.664925000000004,4.338907381611324,0.18715168542347715,0.2175304621439381,Bearish,5.0368,2.0422,19068541.285714287,4.946666666666668,5.042433333333334,5.132566666666668,4.760766666666668,4.670633333333334,4.574866666666668
305,2002-03-05,4.8509,4.9185,4.8171,4.8509,11254724,4.673780952380954,4.008463999999995,3.586396999999999,3.108533000000001,61.85152238106188,5.011682996565241,4.678450000000003,4.345217003434765,0.18837017107840648,0.21169840393083178,Bearish,5.0368,2.0422,19202367.285714287,4.907233333333334,4.963566666666667,5.008633333333334,4.805833333333334,4.760766666666667,4.704433333333334
306,2002-03-06,4.8509,5.003,4.8678,4.9861,23534742,4.693100000000002,4.048015999999995,3.6115219999999995,3.1190100000000007,64.94287598564016,5.044493103785673,4.706340000000003,4.368186896214333,0.19796334165046314,0.20895139147475805,Bearish,5.0368,2.0422,18532511.285714287,5.0368,5.0875,5.172000000000001,4.9016,4.8171,4.7664
307,2002-03-07,4.9861,5.2734,4.9861,5.1551,51746830,4.7277095238095255,4.093651999999995,3.6368989999999997,3.1302600000000007,68.39095739908522,5.119052606457123,4.728315000000004,4.337577393542885,0.21670484746446306,0.21050208267269904,Bullish,5.0368,2.0422,18447418.04761905,5.2903,5.4254999999999995,5.5775999999999994,5.003000000000001,4.850900000000001,4.715700000000002
308,2002-03-08,5.1551,5.3241,5.2058,5.2396,31273993,4.752661904761906,4.1416539999999955,3.6618259999999996,3.141645000000001,69.98080312382558,5.169168907251508,4.738455000000004,4.3077410927485,0.23565953324506683,0.2155335727871726,Bullish,5.1551,2.0422,20289340.57142857,5.3072,5.3748,5.4254999999999995,5.1889,5.1382,5.070600000000001
309,2002-03-11,5.2396,5.4255,5.2903,5.3241,24835099,4.766342857142859,4.190669999999995,3.6848659999999995,3.1532370000000007,71.52327874619793,5.256573121079009,4.759580000000003,4.262586878920997,0.25456523255186436,0.22333990474011095,Bullish,5.2396,2.0422,20876493.095238097,5.402966666666668,5.481833333333334,5.538166666666668,5.267766666666668,5.211433333333334,5.132566666666667
310,2002-03-12,5.3241,5.3748,5.2565,5.2734,15791045,4.78404761904762,4.234613999999995,3.7068239999999992,3.1645755000000007,69.22492092983362,5.330788144336779,4.785775000000003,4.2407618556632265,0.2624319173927807,0.2311583072706449,Bullish,5.3241,2.0422,19963336.333333332,5.346633333333332,5.419866666666666,5.464933333333332,5.228333333333333,5.1832666666666665,5.110033333333333
311,2002-03-13,5.2734,5.3579,4.9354,5.003,17631364,4.796119047619049,4.273149999999995,3.725789999999999,3.174993500000001,58.439017151999664,5.331631520849825,4.818735000000003,4.3058384791501805,0.2440342269702196,0.23373349121055984,Bullish,5.3241,2.0422,19691146.85714286,5.262133333333335,5.521266666666667,5.684633333333335,4.839633333333334,4.676266666666667,4.417133333333334
312,2002-03-14,5.003,5.2396,5.1213,5.2058,15369239,4.837166666666668,4.314389999999995,3.748221999999999,3.1865690000000004,63.08467020510725,5.378749083692941,4.8390150000000025,4.299280916307064,0.2430168429984665,0.23559016156814117,Bullish,5.3241,2.0422,19959736.61904762,5.256499999999999,5.3072,5.3748,5.1381999999999985,5.070599999999999,5.019899999999998
313,2002-03-15,5.2058,5.2396,5.003,5.0199,8596838,4.847628571428572,4.351235999999995,3.767931999999999,3.1975745000000004,56.81531983427611,5.396265727470355,4.855075000000002,4.313884272529649,0.2246206949522387,0.23339626824496068,Bearish,5.3241,2.0422,20070875.14285714,5.171999999999999,5.3241,5.408599999999999,4.935399999999999,4.850899999999999,4.6987999999999985
314,2002-03-18,5.0199,5.003,4.8171,4.834,5265587,4.854071428571429,4.381997999999995,3.785495999999999,3.2072190000000007,51.32254756062351,5.3756668529039775,4.877050000000002,4.378433147096027,0.19281834881969928,0.2252806843599084,Bearish,5.3241,2.0422,18721331.85714286,4.952299999999999,5.0706,5.138199999999999,4.766399999999999,4.698799999999999,4.580499999999999
315,2002-03-19,4.834,4.9016,4.7495,4.8847,6013912,4.877414285714287,4.416477999999995,3.8019849999999993,3.2169015,52.66657255171807,5.37324203187472,4.891420000000002,4.409597968125284,0.16974906511107424,0.21417436051014155,Bearish,5.3241,2.0422,17757445.85714286,4.941033333333334,4.997366666666667,5.093133333333334,4.788933333333334,4.693166666666667,4.6368333333333345
316,2002-03-20,4.8847,4.9692,4.8171,4.834,8236652,4.888685714285716,4.447915999999996,3.8176789999999996,3.2263304999999995,51.14576634372975,5.373248774451428,4.8973400000000025,4.421431225548577,0.14569593325832209,0.20047867505977765,Bearish,5.3241,2.0422,17384463.38095238,4.9297666666666675,5.025533333333334,5.081866666666667,4.777666666666668,4.721333333333334,4.625566666666668
317,2002-03-21,4.834,4.9861,4.834,4.9185,16003853,4.89834761904762,4.481043999999995,3.8357999999999994,3.2362539999999997,53.553061524928324,5.371683885780333,4.911710000000002,4.451736114219671,0.13193127515991687,0.1867691950798055,Bearish,5.3241,2.0422,16898345.904761903,4.991733333333334,5.064966666666668,5.143833333333335,4.8396333333333335,4.760766666666666,4.687533333333333
318,2002-03-22,4.9185,4.9861,4.8847,4.9354,6811786,4.912838095238096,4.5168759999999955,3.8536589999999995,3.2453989999999995,54.040830299226215,5.3685287131861985,4.926925000000002,4.485321286813806,0.12099165670492784,0.17361368740482996,Bearish,5.3241,2.0422,16802695.38095238,4.986100000000001,5.036800000000001,5.087500000000002,4.8847000000000005,4.834,4.7833
319,2002-03-25,4.9185,4.9861,4.8847,4.9354,6811786,4.927328571428572,4.545947999999995,3.872956,3.2546879999999994,54.040830299226215,5.362377710825504,4.942140000000002,4.5219022891745,0.11104190826634763,0.1610993315771335,Bearish,5.3241,2.0422,16479232.142857144,4.986100000000001,5.036800000000001,5.087500000000002,4.8847000000000005,4.834,4.7833
320,2002-03-26,4.9354,4.9861,4.7664,4.8002,6857524,4.935380952380953,4.573667999999995,3.8920510000000004,3.2638759999999998,49.24284018275885,5.337602263303656,4.9556650000000015,4.573727736696347,0.091195901275821,0.14711864551687098,Bearish,5.3241,2.0422,16155768.904761905,4.9354000000000005,5.070600000000001,5.155100000000001,4.7157,4.6312,4.4959999999999996
321,2002-03-27,4.8002,4.8171,4.6311,4.648,7312363,4.941014285714286,4.597667999999995,3.909193,3.2720155,44.457577585102456,5.337602263303656,4.9556650000000015,4.573727736696347,0.06246645532853279,0.13018820747920334,Bearish,5.3241,2.0422,15834483.666666666,4.766366666666666,4.884733333333333,4.952366666666666,4.5803666666666665,4.512733333333333,4.3943666666666665
322,2002-03-28,4.648,4.7495,4.5635,4.7495,5982785,4.945847619047619,4.622345999999995,3.923611,3.2809500000000003,48.081047628926804,5.3323201890050465,4.959050000000002,4.585779810994958,0.047342627816229665,0.11361909154660861,Bearish,5.3241,2.0422,15935488.42857143,4.8115,4.8735,4.9975,4.6255,4.5015,4.4395
323,2002-03-29,4.7495,4.834,4.7156,4.7325,7401298,4.948261904761905,4.643303999999995,3.9378590000000004,3.2898715,47.52185580495898,5.3323201890050465,4.959050000000002,4.585779810994958,0.0335978327246389,0.09761483978221466,Bearish,5.3241,2.0422,15870511.42857143,4.8058,4.879099999999999,4.924199999999999,4.6874,4.6423000000000005,4.569000000000001
324,2002-04-01,4.7325,4.8002,4.648,4.6649,5739484,4.945042857142858,4.664599999999995,3.9508550000000002,3.298383,45.26733485732861,5.342114924527968,4.9497500000000025,4.557385075472037,0.017053644744336793,0.08150260077463908,Bearish,5.3241,2.0422,15515467.19047619,4.760733333333333,4.856566666666667,4.912933333333333,4.608533333333332,4.552166666666666,4.4563333333333315
325,2002-04-02,4.6649,4.9016,4.6649,4.7833,26658266,4.94182380952381,4.688601999999994,3.966617,3.3077740000000007,49.76281295628119,5.343221851954651,4.946370000000003,4.549518148045355,0.013342344819663232,0.06787054958364391,Bearish,5.3241,2.0422,14785806.952380951,4.901633333333332,5.019966666666666,5.138333333333332,4.664933333333332,4.546566666666666,4.428233333333332
326,2002-04-03,4.7833,4.9354,4.8171,4.834,18413357,4.941019047619049,4.708209999999995,3.983174,3.3172750000000004,51.5961818197027,5.338101646327203,4.938765000000002,4.5394283536728,0.014327026134296261,0.057161844893774384,Bearish,5.3241,2.0422,14720436.666666666,4.907233333333332,4.980466666666666,5.025533333333332,4.788933333333333,4.7438666666666665,4.670633333333333
327,2002-04-04,4.834,4.9185,4.7664,4.7833,10054737,4.931361904761905,4.728493999999994,3.99721,3.3265225000000003,49.64505621693978,5.312043742693063,4.920175000000002,4.528306257306942,0.01089078470121052,0.04790763285526161,Bearish,5.3241,2.0422,15061323.952380951,4.879066666666666,4.974833333333333,5.031166666666666,4.726966666666666,4.670633333333333,4.574866666666666
328,2002-04-05,4.7833,4.8171,4.7156,4.7495,7640787,4.91204761904762,4.745733999999995,4.011052,3.3358885000000003,48.33284587838548,5.265235496765969,4.895670000000002,4.526104503234034,0.005378164949348729,0.039401739274079035,Bearish,5.3241,2.0422,14419418.952380951,4.805866666666667,4.862233333333333,4.907366666666666,4.704366666666667,4.659233333333334,4.602866666666667
329,2002-04-08,4.7495,4.8171,4.7325,4.7325,4844417,4.8879,4.761281999999995,4.025156000000001,3.3451695,47.65064366482221,5.18498369325826,4.866090000000002,4.547196306741744,-0.0003582541149231844,0.03144974059627859,Bearish,5.3241,2.0422,12319131.19047619,4.7889,4.8453,4.8735,4.7043,4.6761,4.6197
330,2002-04-09,4.7325,4.7833,4.6649,4.6987,2918339,4.858119047619049,4.772097999999994,4.040072,3.3543535,46.252791735824296,5.10346396621471,4.837355000000002,4.571246033785295,-0.007544813163969266,0.02365082984422902,Bearish,5.3241,2.0422,11060579.952380951,4.7663666666666655,4.834033333333332,4.884766666666665,4.647966666666666,4.5972333333333335,4.529566666666667
331,2002-04-10,4.6987,4.7325,4.5804,4.5973,4124678,4.82592380952381,4.781223999999995,4.053687,3.3630305000000003,42.248635422024414,5.091306548256855,4.817070000000003,4.54283345174315,-0.021178216257506932,0.014685020623881832,Bearish,5.3241,2.0422,10016924.714285715,4.693066666666666,4.788833333333333,4.845166666666666,4.540966666666666,4.484633333333333,4.388866666666666
332,2002-04-11,4.5973,4.6818,4.5973,4.648,3543425,4.809019047619048,4.785955999999995,4.067952000000001,3.3726800000000003,44.82082493429132,5.007329046295984,4.789180000000003,4.571030953704021,-0.027573865789395136,0.006233243341226439,Bearish,5.3241,2.0422,9461383.42857143,4.687433333333334,4.726866666666667,4.771933333333334,4.6029333333333335,4.5578666666666665,4.518433333333333
333,2002-04-12,4.648,4.7495,4.6311,4.7325,8659093,4.786480952380954,4.788659999999995,4.083062000000001,3.3829675000000003,48.90541974664291,4.966536888046105,4.774810000000003,4.5830831119539015,-0.0255297294877197,-0.00011935122456278868,Bearish,5.3241,2.0422,8790529.19047619,4.777633333333332,4.822766666666666,4.896033333333333,4.659233333333332,4.585966666666666,4.540833333333332
334,2002-04-15,4.7325,4.834,4.7325,4.8002,7891711,4.776019047619049,4.793055999999995,4.098993000000001,3.393306000000001,51.97286686465764,4.963319932701996,4.773120000000003,4.58292006729801,-0.018236691308484154,-0.003742819241347062,Bearish,5.3241,2.0422,8470998.42857143,4.8453,4.8904,4.9468,4.7438,4.6874,4.6423000000000005
335,2002-04-16,4.8002,4.8847,4.7833,4.8171,6670760,4.775214285714286,4.797789999999995,4.114518000000001,3.4035135000000003,52.735680378710924,4.954204483301901,4.769740000000003,4.585275516698105,-0.010966798816963497,-0.005187615156470348,Bearish,5.3241,2.0422,8437420.952380951,4.873433333333334,4.929766666666667,4.974833333333334,4.772033333333334,4.726966666666667,4.670633333333334
336,2002-04-17,4.8171,4.9692,4.834,4.8678,19547913,4.774409523809525,4.806579999999994,4.130694000000001,3.4139745,55.042632222303844,4.958814642913574,4.771430000000003,4.584045357086432,-0.001101591892643583,-0.004370410503704995,Bullish,5.3241,2.0422,8504333.952380951,4.946666666666667,5.025533333333334,5.081866666666667,4.811466666666667,4.755133333333333,4.676266666666667
337,2002-04-18,4.8678,4.9185,4.834,4.8678,7847879,4.776019047619049,4.809623999999994,4.147445000000001,3.4243635,55.042632222303844,4.949501804688656,4.768895000000003,4.588288195311351,0.006640112585301061,-0.0021683058859037836,Bullish,5.3241,2.0422,9148810.19047619,4.912866666666668,4.957933333333334,4.997366666666668,4.828366666666668,4.7889333333333335,4.743866666666667
338,2002-04-19,4.8678,4.9692,4.834,4.8678,12572233,4.773604761904763,4.806243999999994,4.1641960000000005,3.4351119999999997,55.042632222303844,4.9357641618183115,4.765515000000003,4.595265838181695,0.012629879767903418,0.0007913312448576569,Bullish,5.3241,2.0422,9130297.19047619,4.946666666666667,5.025533333333334,5.081866666666667,4.811466666666667,4.755133333333333,4.676266666666667
339,2002-04-22,4.8678,4.9016,4.7833,4.8171,2924691,4.76797142857143,4.804553999999994,4.180009000000001,3.445535,51.87992830990195,4.913238693042545,4.759600000000003,4.605961306957462,0.013134342605920502,0.0032599335170702256,Bullish,5.3241,2.0422,8966886.714285715,4.8847,4.9523,5.003,4.766399999999999,4.715699999999999,4.648099999999999
340,2002-04-23,4.8171,4.8509,4.7664,4.8171,2326286,4.762338095238096,4.805905999999994,4.195965,3.4563174999999995,51.879928309901935,4.915149783054268,4.7604450000000025,4.605740216945737,0.013379897905154259,0.005283926394687033,Bullish,5.3241,2.0422,8781786.952380951,4.856533333333334,4.895966666666667,4.941033333333334,4.772033333333334,4.726966666666667,4.6875333333333336
341,2002-04-24,4.8171,4.8847,4.7664,4.8509,4531238,4.764752380952381,4.816047999999994,4.211972,3.467197,53.92677837049479,4.921021152358306,4.770590000000003,4.6201588476417,0.016116103362898926,0.007450361788329411,Bullish,5.3241,2.0422,8568191.714285715,4.901599999999999,4.952299999999999,5.019899999999999,4.7833,4.7157,4.665
342,2002-04-25,4.8509,4.9354,4.7325,4.7664,6228626,4.770390476190477,4.815371999999995,4.226702,3.47787,48.38561766414225,4.921572367433442,4.771435000000003,4.621297632566564,0.011335454039334003,0.00822738023853033,Bullish,5.3241,2.0422,8457416.19047619,4.890366666666665,5.014333333333332,5.093266666666665,4.687466666666666,4.608533333333333,4.484566666666666
343,2002-04-26,4.7664,4.834,4.7495,4.8002,4803125,4.772804761904763,4.817401999999994,4.24177,3.4889995,50.57338827744934,4.924344895585373,4.774820000000004,4.625295104414635,0.010157048397915425,0.00861331387040735,Bullish,5.3241,2.0422,8405809.666666666,4.839633333333334,4.879066666666667,4.924133333333334,4.755133333333335,4.710066666666668,4.670633333333336
344,2002-04-29,4.8002,4.9692,4.834,4.9692,7748780,4.784076190476192,4.828895999999995,4.258672000000001,3.5006144999999997,59.75807736361352,4.953044033798231,4.790035000000003,4.627025966201775,0.02259952775694174,0.011410556647714228,Bullish,5.3241,2.0422,8349635.380952381,5.014266666666666,5.059333333333333,5.149466666666666,4.879066666666666,4.788933333333333,4.743866666666666
345,2002-04-30,4.9692,4.9861,4.9016,4.9692,5224931,4.798566666666668,4.836333999999995,4.275862,3.5120855,59.75807736361352,4.979987976297319,4.799330000000003,4.618672023702687,0.03209036454527325,0.015546518227226034,Bullish,5.3241,2.0422,8366182.142857143,5.003,5.0368,5.0875,4.9185,4.8678,4.834
346,2002-05-01,4.9692,4.9861,4.9016,4.9692,5224931,4.807419047619049,4.841405999999995,4.292764,3.523988,59.75807736361352,5.000988115947379,4.806090000000003,4.6111918840526265,0.03916050317379138,0.020269315216539102,Bullish,5.3241,2.0422,8341679.619047619,5.003,5.0368,5.0875,4.9185,4.8678,4.834
347,2002-05-02,4.9692,5.0537,4.9354,4.9692,8375136,4.8138571428571435,4.848167999999995,4.309666,3.5359625,59.75807736361352,5.0224038037348695,4.815385000000004,4.608366196265138,0.04425351203461059,0.025066154580153398,Bullish,5.3241,2.0422,7321044.619047619,5.0367999999999995,5.1044,5.1551,4.918499999999999,4.867799999999999,4.8001999999999985
348,2002-05-03,4.9692,5.0199,4.9354,4.9861,5637209,4.823514285714287,4.855267999999994,4.3267370000000005,3.5480215,60.73937237510717,5.044603005878393,4.827215000000004,4.609826994121615,0.04908759576277877,0.029870442816678472,Bullish,5.3241,2.0422,6843034.095238095,5.025533333333334,5.064966666666667,5.110033333333334,4.941033333333333,4.895966666666666,4.856533333333333
349,2002-05-06,4.9861,5.0199,4.8847,4.9185,5031180,4.831561904761906,4.861015999999995,4.343132000000001,3.56003,54.965637791926866,5.0528110681561165,4.836515000000004,4.620218931843891,0.0469229879057842,0.03328095183449962,Bullish,5.3241,2.0422,6632675.619047619,4.997366666666667,5.076233333333334,5.132566666666667,4.862166666666667,4.805833333333333,4.726966666666667
350,2002-05-07,4.9185,4.9523,4.7664,4.8002,6787011,4.834785714285716,4.866425999999994,4.358344000000001,3.5715190000000003,46.61475067168399,5.049306459626576,4.841590000000004,4.633873540373431,0.03525529812716144,0.03367582109303198,Bullish,5.3241,2.0422,6508408.619047619,4.912866666666669,5.0255333333333345,5.098766666666669,4.7269666666666685,4.653733333333334,4.541066666666668
351,2002-05-08,4.8002,4.7495,4.648,4.6987,11168330,4.834785714285716,4.867439999999995,4.372541000000001,3.5821410000000005,40.876482513247126,5.034253436984869,4.8466600000000035,4.659066563015138,0.01761530986040949,0.030463718846507483,Bearish,5.3241,2.0422,6600913.095238095,4.749466666666667,4.800233333333334,4.850966666666667,4.647966666666666,4.597233333333333,4.5464666666666655
352,2002-05-09,4.6987,4.8002,4.7156,4.7664,3848345,4.842838095238097,4.869131999999994,4.387584,3.5930295,45.67964606342264,5.0212402691797084,4.852580000000004,4.6839197308203,0.008994631761268579,0.026169901429459703,Bearish,5.3241,2.0422,6993769.80952381,4.805866666666667,4.8453333333333335,4.890466666666667,4.721266666666667,4.6761333333333335,4.636666666666667
353,2002-05-10,4.7664,4.7833,4.6311,4.6649,4957491,4.843642857142859,4.8677799999999944,4.4005980000000005,3.603267,40.382711109213425,5.029648064549776,4.849200000000004,4.668751935450232,-0.0059588297894688225,0.019744155185673996,Bearish,5.3241,2.0422,6980611.095238095,4.7551000000000005,4.8453,4.9073,4.602900000000001,4.540900000000001,4.450700000000001
354,2002-05-13,4.6649,4.648,4.4959,4.648,3294407,4.839619047619049,4.863721999999995,4.417331000000001,3.6137075000000003,39.56015554244195,5.041454813310875,4.841590000000004,4.641725186689132,-0.018954746049568705,0.012004374938625457,Bearish,5.3241,2.0422,7047947.571428572,4.6987,4.7494,4.8508,4.5466,4.4452,4.3945
355,2002-05-14,4.648,4.6987,4.5466,4.5804,1981345,4.829152380952382,4.858311999999994,4.433388000000001,3.6236660000000005,36.36901462254136,5.059776229237186,4.829755000000004,4.599733770762822,-0.03431331581403896,0.002740836788092574,Bearish,5.3241,2.0422,6792486.333333333,4.670533333333333,4.760666666666666,4.822633333333333,4.518433333333333,4.456466666666667,4.366333333333333
356,2002-05-15,4.5804,4.6649,4.5635,4.6649,1638945,4.821904761904763,4.851887999999994,4.449952000000001,3.6342630000000007,42.601784330100166,5.059701714975329,4.8196100000000035,4.579518285024678,-0.039214607614532326,-0.005650252092432407,Bearish,5.3241,2.0422,6511040.333333333,4.6987,4.7325,4.8001,4.5973,4.5297,4.4959
357,2002-05-16,4.6649,4.7156,4.5973,4.6649,2314851,4.812242857142858,4.8420839999999945,4.467868000000001,3.6449320000000007,42.601784330100166,5.057567658389197,4.809465000000004,4.561362341610811,-0.04260776093270202,-0.013041753860486331,Bearish,5.3241,2.0422,6271430.095238095,4.721233333333335,4.777566666666668,4.8395333333333355,4.602933333333334,4.540966666666667,4.484633333333334
358,2002-05-17,4.6649,4.6311,4.4959,4.5973,5115033,4.7993619047619065,4.829237999999994,4.485446000000001,3.6549030000000005,39.052651066164785,5.058895185535105,4.795940000000003,4.532984814464902,-0.0501732484505526,-0.020468052778499585,Bearish,5.3241,2.0422,5450808.095238095,4.653633333333333,4.709966666666666,4.788833333333333,4.518433333333332,4.439566666666666,4.383233333333332
359,2002-05-20,4.5973,4.3776,4.0903,4.0903,7603943,4.762338095238097,4.8045619999999944,4.497616000000002,3.661764,23.34450062159471,5.163777015674774,4.759600000000004,4.355422984325235,-0.09597329424430434,-0.03556910107166054,Bearish,5.3241,2.0422,5320672.571428572,4.281833333333332,4.473366666666666,4.569133333333332,3.994533333333332,3.898766666666666,3.707233333333332
360,2002-05-21,4.0903,4.3607,3.9889,4.0396,8638765,4.725314285714288,4.779885999999994,4.507250000000002,3.6683714999999997,22.375269203520677,5.23095313279922,4.720725000000004,4.2104968672007885,-0.1348072526953148,-0.05541673139639139,Bearish,5.3241,2.0422,5084087.333333333,4.270566666666666,4.501533333333333,4.642366666666666,3.898766666666667,3.757933333333334,3.5269666666666675
361,2002-05-22,4.0396,4.2086,3.7184,3.8029,7798329,4.67701904761905,4.755883999999995,4.5145170000000014,3.6732919999999996,18.511144390750484,5.312096036549292,4.668325000000005,4.0245539634507175,-0.18257850501225636,-0.08084908611956439,Bearish,5.3241,2.0422,5356186.095238095,4.101533333333334,4.400166666666667,4.591733333333334,3.6113333333333344,3.4197666666666673,3.1211333333333346
362,2002-05-23,4.0396,4.2086,3.7184,3.8029,7798329,4.6271142857142875,4.727825999999994,4.521108000000002,3.6782124999999994,18.511144390750488,5.363807293381695,4.620150000000004,3.8764927066183135,-0.21792545762510596,-0.10826436042067271,Bearish,5.3241,2.0422,5616759.571428572,4.101533333333334,4.400166666666667,4.591733333333334,3.6113333333333344,3.4197666666666673,3.1211333333333346
363,2002-05-24,3.8029,4.31,4.1748,4.31,4610645,4.605380952380954,4.713627999999995,4.532432000000003,3.6856684999999993,42.97846844704331,5.346225247390192,4.595640000000004,3.8450547526098156,-0.20268303636593998,-0.12714809560972617,Bearish,5.3241,2.0422,5772335.333333333,4.355066666666665,4.400133333333332,4.490266666666664,4.2198666666666655,4.129733333333333,4.084666666666666
364,2002-05-27,4.31,4.6311,4.31,4.4621,10670930,4.589280952380954,4.706189999999994,4.544094000000002,3.694028999999999,48.01981299057163,5.3027219468423965,4.570285000000004,3.837848053157611,-0.17629785690230904,-0.13697804786824275,Bearish,5.3241,2.0422,5695288.619047619,4.625466666666665,4.788833333333333,4.946566666666666,4.304366666666665,4.146633333333332,3.9832666666666645
365,2002-05-28,4.4621,4.3607,4.2931,4.2931,1532858,4.557085714285716,4.694357999999994,4.555418000000002,3.701688499999999,43.4257494463971,5.25441623560858,4.536480000000004,3.8185437643914275,-0.16709809684502286,-0.14300205766359878,Bearish,5.3241,2.0422,5974707.904761905,4.338166666666667,4.383233333333333,4.405766666666667,4.270566666666667,4.248033333333334,4.202966666666668
366,2002-05-29,4.2931,4.6142,4.3776,4.5973,16073731,4.539376190476192,4.689623999999994,4.568770000000002,3.7110124999999994,52.27625774393733,5.208782848527405,4.517885000000004,3.8269871514726033,-0.13371938914378667,-0.14114552395963637,Bullish,5.3241,2.0422,5678711.619047619,4.681800000000002,4.766300000000001,4.918400000000002,4.445200000000002,4.293100000000001,4.2086000000000015
367,2002-05-30,4.5973,4.6311,4.4283,4.4283,7286318,4.513619047619049,4.679819999999994,4.580432000000003,3.719563499999999,47.80212574966195,5.150599166362852,4.490840000000004,3.8310808336371553,-0.11952559377508276,-0.13682153792272564,Bullish,5.3241,2.0422,6195321.142857143,4.5634999999999994,4.6987,4.766299999999999,4.3607,4.2931,4.1579
368,2002-05-31,4.4283,4.5297,4.3438,4.4621,4707838,4.48947142857143,4.670353999999994,4.5936150000000024,3.728211499999999,48.74692364879382,5.084030911783333,4.464640000000005,3.8452490882166765,-0.10434668750302034,-0.13032656783878457,Bullish,5.3241,2.0422,6293482.428571428,4.5466000000000015,4.631100000000001,4.732500000000002,4.360700000000001,4.2593000000000005,4.174800000000001
369,2002-06-03,4.4621,4.4452,4.31,4.3607,3122254,4.459690476190477,4.6588599999999945,4.602404000000003,3.7364244999999987,46.05379286857859,5.021127119675105,4.436750000000005,3.8523728803249053,-0.09935413486817968,-0.1241320812446636,Bullish,5.3241,2.0422,6118849.19047619,4.433933333333333,4.5071666666666665,4.569133333333333,4.298733333333333,4.236766666666666,4.163533333333333
370,2002-06-04,4.3607,4.6311,4.3945,4.6142,9857810,4.445200000000002,4.655139999999995,4.614404000000002,3.746120499999999,53.03890157110159,4.99404436813279,4.427450000000005,3.8608556318672194,-0.07408812770563244,-0.11412329053685737,Bullish,5.3241,2.0422,5999089.428571428,4.698700000000001,4.783200000000001,4.935300000000002,4.462100000000001,4.3100000000000005,4.225500000000001
371,2002-06-05,4.6142,4.7833,4.6311,4.7495,14732718,4.442785714285715,4.657169999999995,4.627419000000002,3.756564999999999,56.291864057077056,5.001856505051485,4.4299900000000045,3.8581234949485235,-0.04265535140784671,-0.09982970271105523,Bullish,5.3241,2.0422,6228928.952380952,4.8115000000000006,4.8735,4.9637,4.659300000000001,4.569100000000001,4.507100000000001
372,2002-06-06,4.7495,4.7495,4.6311,4.6818,12037352,4.441980952380953,4.655815999999995,4.639081000000003,3.766598999999999,54.266297332930115,4.988793787263085,4.425760000000004,3.8627262127369226,-0.022943001300944843,-0.08445236242903316,Bullish,5.3241,2.0422,6607295.952380952,4.743833333333333,4.805866666666667,4.862233333333333,4.625433333333333,4.569066666666666,4.507033333333332
373,2002-06-07,4.6818,4.6649,4.5297,4.5804,2550529,4.43312380952381,4.6527739999999955,4.6480390000000025,3.776269999999999,51.289408714070106,4.978563510131953,4.421535000000004,3.8645064898680554,-0.015326282541395564,-0.07062714645150564,Bullish,5.3241,2.0422,6648677.952380952,4.6536333333333335,4.726866666666667,4.788833333333334,4.518433333333333,4.456466666666667,4.383233333333333
374,2002-06-10,4.5804,4.9185,4.6987,4.8847,13555600,4.443590476190476,4.657169999999996,4.660885000000003,3.7876779999999983,58.62476983499341,5.018491847481225,4.433370000000004,3.8482481525187824,0.015090534521401189,-0.053483610256924274,Bullish,5.3241,2.0422,6586877.19047619,4.9692333333333325,5.053766666666666,5.189033333333333,4.749433333333332,4.614166666666666,4.529633333333332
375,2002-06-11,4.8847,4.9523,4.7325,4.7664,3929657,4.449228571428572,4.656831999999996,4.672717000000003,3.7987104999999985,55.1478539054439,5.042569865310719,4.442670000000004,3.8427701346892893,0.029312365160100384,-0.03692441517351934,Bullish,5.3241,2.0422,6996310.952380952,4.901633333333333,5.036866666666667,5.121433333333333,4.681833333333333,4.597266666666666,4.462033333333332
376,2002-06-12,4.7664,4.834,4.7156,4.7664,2354237,4.458085714285715,4.655479999999996,4.681845000000003,3.8096709999999985,55.14785390544391,5.056727605580678,4.447745000000004,3.8387623944193296,0.04012078101480654,-0.02151537593585416,Bullish,5.3241,2.0422,7026560.952380952,4.8284,4.8904,4.9468,4.710000000000001,4.653600000000001,4.5916000000000015
377,2002-06-13,4.7664,4.8002,4.6987,4.7495,2898646,4.462114285714286,4.654803999999996,4.6916490000000035,3.8205469999999986,54.61123451707848,5.068066064291512,4.451975000000004,3.8358839357084955,0.04678354806889473,-0.007855591134904381,Bullish,5.3241,2.0422,7044317.714285715,4.800233333333334,4.850966666666667,4.901733333333334,4.698733333333333,4.647966666666666,4.597233333333333
378,2002-06-14,4.7495,4.7495,4.6311,4.6818,2351060,4.462919047619048,4.653449999999996,4.6995920000000035,3.8310844999999984,52.41110762768574,5.077357654706,4.4562000000000035,3.8350423452940077,0.04606994905920381,0.002929516903917257,Bullish,5.3241,2.0422,7104303.476190476,4.743833333333333,4.805866666666667,4.862233333333333,4.625433333333333,4.569066666666666,4.507033333333332
379,2002-06-17,4.6818,4.7495,4.648,4.6649,871563,4.466138095238096,4.652097999999996,4.706690000000004,3.8413219999999986,51.849551132167704,5.088643306462469,4.484930000000004,3.8812166935375387,0.043637699703358734,0.011071153463805553,Bullish,5.3241,2.0422,7106027.714285715,4.726933333333333,4.788966666666667,4.828433333333334,4.625433333333333,4.585966666666666,4.523933333333332
380,2002-06-18,4.6649,4.7156,4.6311,4.648,927465,4.492695238095238,4.651083999999996,4.711591000000004,3.8512589999999984,51.25810210421567,5.086684275183856,4.515350000000003,3.9440157248161505,0.039886647362416205,0.016834252243527685,Bullish,5.3241,2.0422,6903957.714285715,4.6987000000000005,4.7494000000000005,4.783200000000001,4.6142,4.5804,4.5297
381,2002-06-19,4.648,4.6818,4.5973,4.5973,581254,4.519252380952381,4.651083999999996,4.716154000000004,3.8616614999999985,49.43620686770677,5.024045799375443,4.555070000000004,4.086094200624565,0.03244879555840274,0.019957160906502697,Bullish,5.3241,2.0422,6586030.19047619,4.653633333333334,4.709966666666667,4.738133333333335,4.569133333333334,4.540966666666667,4.484633333333334
382,2002-06-20,4.5973,4.7325,4.5973,4.7325,1563350,4.563519047619048,4.652773999999996,4.719365000000003,3.8730994999999986,54.119412863435755,4.92472344878532,4.601550000000005,4.27837655121469,0.037036817130091215,0.023373092151220402,Bullish,5.3241,2.0422,6202339.19047619,4.777566666666668,4.822633333333334,4.912766666666668,4.642366666666668,4.552233333333334,4.507166666666667
383,2002-06-21,4.7325,4.7833,4.6649,4.6987,2824322,4.606176190476191,4.652097999999996,4.720379000000003,3.885590999999999,52.80271964409593,4.917325252243621,4.620985000000005,4.3246447477563885,0.03751305263919047,0.026201084248814416,Bullish,5.3241,2.0422,5905435.428571428,4.7663666666666655,4.834033333333332,4.884766666666665,4.647966666666666,4.5972333333333335,4.529566666666667
384,2002-06-24,4.6987,4.6818,4.6311,4.6311,1043716,4.6214666666666675,4.648715999999997,4.720886000000004,3.897744499999999,50.173536063085855,4.916669240820643,4.629435000000004,4.342200759179366,0.0320660798598329,0.027374083371018113,Bullish,5.3241,2.0422,5668577.952380952,4.664899999999999,4.6987,4.715599999999999,4.614199999999999,4.5973,4.5634999999999994
385,2002-06-25,4.6311,4.6987,4.6142,4.6987,2738563,4.632733333333333,4.646347999999996,4.722069000000003,3.9102359999999994,52.709389912216345,4.893012507385068,4.649715000000005,4.406417492614942,0.032825675775039365,0.028464401851822363,Bullish,5.3241,2.0422,5498724.19047619,4.726866666666666,4.755033333333333,4.8113666666666655,4.642366666666667,4.586033333333334,4.557866666666667
386,2002-06-26,4.6987,4.7664,4.648,4.6649,3260103,4.650438095238096,4.6422899999999965,4.724435000000003,3.9225584999999996,51.30345424983278,4.895261533401688,4.653095000000005,4.410928466598322,0.030350422708320224,0.028841606023121934,Bullish,5.3241,2.0422,5120992.428571428,4.738200000000001,4.8115000000000006,4.856600000000001,4.619800000000001,4.5747,4.5014
387,2002-06-27,4.6649,4.6649,4.6142,4.648,1259066,4.652852380952381,4.637893999999997,4.723759000000004,3.9347965,50.577038022457735,4.883307239183066,4.664080000000004,4.444852760816942,0.026717099961365065,0.02841670481077056,Bearish,5.3241,2.0422,5203242.19047619,4.670533333333333,4.693066666666667,4.721233333333333,4.619833333333333,4.591666666666667,4.569133333333333
388,2002-06-28,4.648,4.6987,4.5973,4.6649,1259066,4.664119047619048,4.633835999999997,4.720040000000003,3.9471190000000003,51.31933908034697,4.872941549912998,4.674220000000004,4.475498450087009,0.0249141593480946,0.027716195718235366,Bearish,5.3241,2.0422,4497781.952380952,4.7099666666666655,4.755033333333333,4.8113666666666655,4.608566666666666,4.552233333333333,4.507166666666666
389,2002-07-01,4.6649,4.6987,4.648,4.6818,1029740,4.674580952380952,4.631129999999996,4.717842000000004,3.9600295,52.09420058395341,4.827430880296095,4.690275000000004,4.553119119703913,0.02456582514284733,0.027086121603157758,Bearish,5.3241,2.0422,4210769.952380952,4.704333333333333,4.726866666666666,4.755033333333333,4.653633333333333,4.625466666666666,4.602933333333333
390,2002-07-02,4.6818,4.834,4.6987,4.8002,10559761,4.695509523809524,4.630791999999996,4.7183490000000035,3.973388,57.23051204516105,4.840020703030648,4.699575000000005,4.5591292969693615,0.033457975550214236,0.028360492392569055,Bullish,5.3241,2.0422,4035622.4285714286,4.856566666666667,4.912933333333333,4.991866666666667,4.721266666666667,4.642333333333333,4.585966666666667
391,2002-07-03,4.8002,4.8171,4.7325,4.7495,2535918,4.701952380952381,4.628763999999997,4.722406000000004,3.9859899999999997,54.534182285259206,4.840020703030648,4.699575000000005,4.5591292969693615,0.03599902814230749,0.02988819954251674,Bullish,5.3241,2.0422,4389789.428571428,4.800233333333335,4.850966666666667,4.884833333333335,4.715633333333335,4.681766666666667,4.631033333333335
392,2002-07-04,4.7495,4.7664,4.6987,4.7156,2074091,4.700338095238095,4.627747999999996,4.721560000000004,3.9983504999999995,52.74480672618517,4.841627890750303,4.701265000000005,4.560902109249707,0.03487536247352274,0.030885632128717942,Bullish,5.3241,2.0422,4041127.904761905,4.7551,4.7946,4.8228,4.687399999999999,4.659199999999999,4.619699999999999
393,2002-07-05,4.7156,4.7325,4.6818,4.7156,438958,4.701947619047619,4.626055999999997,4.721729000000003,4.010783,52.74480672618517,4.837014842622465,4.708025000000005,4.579035157377544,0.033597557605117956,0.03142801722399795,Bullish,5.3241,2.0422,3438336.1428571427,4.738133333333333,4.760666666666666,4.788833333333333,4.687433333333333,4.6592666666666664,4.636733333333333
394,2002-07-08,4.7156,4.7495,4.6649,4.7156,1008777,4.708385714285714,4.620983999999996,4.724940000000004,4.023718499999999,52.74480672618517,4.800173659972123,4.699570000000004,4.598966340027885,0.03221355028536976,0.03158512383627231,Bullish,5.3241,2.0422,2886031.6666666665,4.7551,4.7946,4.8397,4.6705,4.6254,4.5859
395,2002-07-09,4.7156,4.8171,4.7325,4.7495,9855904,4.701947619047619,4.616589999999997,4.726462000000003,4.037254999999999,54.60515099862256,4.797333272978453,4.698725000000004,4.600116727021555,0.0334663815843097,0.03196137538587979,Bullish,5.3241,2.0422,2812614.904761905,4.800233333333335,4.850966666666667,4.884833333333335,4.715633333333335,4.681766666666667,4.631033333333335
396,2002-07-10,4.7495,4.7833,4.7325,4.7495,1229209,4.701142857142857,4.612195999999996,4.726801000000004,4.0500725,54.60515099862256,4.794422086158499,4.697880000000003,4.601337913841507,0.03406656130189134,0.0323824125690821,Bullish,5.3241,2.0422,2636438.904761905,4.777699999999999,4.805899999999999,4.828499999999999,4.7269,4.7043,4.6761
397,2002-07-11,4.7495,4.7664,4.6818,4.6987,926195,4.697919047619047,4.606785999999997,4.727477000000004,4.062492499999999,51.10836430846928,4.788944367418492,4.695340000000003,4.601735632581515,0.030096143003109255,0.031925158655887534,Bearish,5.3241,2.0422,2507846.1428571427,4.749466666666666,4.800233333333333,4.834066666666666,4.664866666666666,4.631033333333333,4.580266666666666
398,2002-07-12,4.6987,4.7495,4.6818,4.6987,659390,4.6955,4.601037999999997,4.728153000000003,4.074768499999999,51.10836430846928,4.789590102107934,4.696185000000004,4.602779897892074,0.026642440427104397,0.030868615010130905,Bearish,5.3241,2.0422,2439844.1428571427,4.7382,4.7777,4.8059,4.6705,4.6423,4.602799999999999
399,2002-07-15,4.6987,4.6818,4.5297,4.5635,1792676,4.689866666666667,4.593937999999997,4.727477000000003,4.086872,42.67353181785668,4.800417356332266,4.691115000000004,4.581812643667742,0.012847745355566431,0.02726444107921801,Bearish,5.3241,2.0422,2333212.904761905,4.6536333333333335,4.743766666666667,4.805733333333333,4.501533333333334,4.439566666666667,4.349433333333334
400,2002-07-16,4.5635,4.648,4.5635,4.648,1289558,4.689061904761904,4.590893999999997,4.728660000000003,4.0983909999999995,48.40489205726033,4.800417356332266,4.691115000000004,4.581812643667742,0.008634263514839091,0.02353840556634223,Bearish,5.3241,2.0422,2306623.1904761903,4.676166666666666,4.704333333333333,4.7606666666666655,4.591666666666667,4.535333333333334,4.507166666666667
401,2002-07-17,4.648,4.7325,4.6311,4.7156,1995320,4.692280952380952,4.591231999999997,4.729336000000003,4.1106074999999995,52.49657621809928,4.797860096696487,4.697030000000003,4.5961999033035195,0.01062729895569614,0.02095618424421301,Bearish,5.3241,2.0422,2326527.714285714,4.7550333333333334,4.794466666666667,4.856433333333333,4.6536333333333335,4.591666666666667,4.552233333333334
402,2002-07-18,4.7156,4.7833,4.6818,4.7833,3537707,4.701138095238095,4.591569999999997,4.730351000000002,4.1228750000000005,56.23943271968568,4.806236678957521,4.699570000000003,4.592903321042486,0.01746825493977866,0.02025859838332614,Bearish,5.3241,2.0422,2377377.9523809524,4.8171333333333335,4.850966666666666,4.918633333333333,4.715633333333334,4.647966666666667,4.614133333333334
403,2002-07-19,4.7833,4.8509,4.7495,4.7833,3756233,4.703557142857142,4.593937999999997,4.730859000000002,4.134855000000001,56.23943271968567,4.816530652441277,4.703800000000003,4.5910693475587285,0.022628909856768686,0.02073266067801465,Bullish,5.3241,2.0422,2518161.4285714286,4.839633333333334,4.895966666666667,4.941033333333334,4.738233333333334,4.693166666666667,4.6368333333333345
404,2002-07-22,4.7833,4.8002,4.7495,4.7833,1025294,4.707585714285713,4.596643999999997,4.730183000000002,4.1463315000000005,56.23943271968568,4.8240312395591936,4.7114100000000025,4.5987887604408115,0.026414278696498705,0.02186898428171146,Bullish,5.3241,2.0422,2622584.4285714286,4.805833333333335,4.828366666666668,4.856533333333335,4.755133333333335,4.726966666666668,4.704433333333335
405,2002-07-23,4.7833,4.7664,4.7156,4.7325,1508084,4.712414285714284,4.599685999999997,4.728999000000003,4.157698,52.37213475141312,4.825921841856357,4.7131000000000025,4.600278158143648,0.025026584440486666,0.0225005043134665,Bullish,5.3241,2.0422,2536916.4285714286,4.760733333333333,4.788966666666666,4.811533333333332,4.709933333333333,4.687366666666667,4.659133333333333
406,2002-07-24,4.7325,4.8002,4.7325,4.8002,2040423,4.717247619047618,4.602391999999997,4.727140000000002,4.169331000000001,56.65034379048854,4.836476925204231,4.719865000000003,4.603253074795775,0.029054726155115063,0.023811348681796213,Bullish,5.3241,2.0422,2559029.1904761903,4.822766666666666,4.8453333333333335,4.890466666666667,4.755066666666666,4.709933333333333,4.687366666666666
407,2002-07-25,4.8002,4.8171,4.7664,4.7664,1010048,4.722080952380951,4.604421999999997,4.723253000000002,4.180076000000001,54.04039426449408,4.839179625533204,4.725785000000004,4.612390374466804,0.029183273354267847,0.02488573361629054,Bullish,5.3241,2.0422,2525784.4285714286,4.800200000000001,4.8340000000000005,4.850900000000001,4.749500000000001,4.732600000000001,4.698800000000001
408,2002-07-26,4.7664,4.7833,4.7495,4.7664,691787,4.727719047619047,4.607803999999998,4.718521000000002,4.1901735,54.04039426449408,4.84196282444578,4.730860000000003,4.619757175554227,0.02895141405611934,0.0256988697042563,Bullish,5.3241,2.0422,2418638.9523809524,4.7833,4.800199999999999,4.817099999999999,4.7495,4.732600000000001,4.715700000000001
409,2002-07-29,4.7664,4.8509,4.7495,4.8002,2326286,4.734161904761904,4.6220019999999975,4.713282000000002,4.199074,56.37153686127936,4.849402743705698,4.736780000000004,4.62415725629431,0.031136123562627738,0.026786320475930585,Bullish,5.3241,2.0422,2391625.6666666665,4.8509,4.9016,4.9523,4.7495,4.6988,4.6481
410,2002-07-30,4.8002,4.834,4.8002,4.8002,947793,4.7398,4.637213999999997,4.7085500000000025,4.207687000000001,56.37153686127936,4.849402743705698,4.736780000000004,4.62415725629431,0.032492962935959824,0.027927648967936432,Bullish,5.3241,2.0422,2442445.6666666665,4.822733333333334,4.845266666666666,4.856533333333333,4.788933333333334,4.777666666666668,4.755133333333335
411,2002-07-31,4.8002,4.8678,4.7833,4.8678,2268478,4.743019047619048,4.658511999999996,4.707198000000003,4.216494000000001,60.964109171231286,4.8689678074440765,4.742695000000004,4.616422192555931,0.038578316143715874,0.03005778240309232,Bullish,5.3241,2.0422,2438543.4285714286,4.8959666666666655,4.924133333333333,4.980466666666666,4.811466666666665,4.755133333333332,4.726966666666665
412,2002-08-01,4.8678,4.8847,4.834,4.8509,1028470,4.747847619047619,4.679471999999997,4.703649000000002,4.225935500000001,59.283959459024004,4.883462229831421,4.7494600000000045,4.615457770168588,0.041558255937328425,0.032357877109939544,Bullish,5.3241,2.0422,2043720.4285714286,4.879066666666667,4.907233333333333,4.929766666666667,4.828366666666667,4.805833333333333,4.777666666666667
413,2002-08-02,4.8509,4.834,4.8002,4.8171,597135,4.752680952380952,4.689613999999997,4.701621000000002,4.234776500000001,55.96209149736981,4.890694131532956,4.754535000000004,4.618375868467052,0.04072307194728353,0.03403091607740834,Bullish,5.3241,2.0422,1971937.1904761905,4.834,4.850899999999999,4.867799999999999,4.8002,4.7833000000000006,4.766400000000001
414,2002-08-05,4.8171,4.8509,4.8002,4.8171,1055786,4.757514285714286,4.696713999999997,4.701452000000002,4.243474000000001,55.962091497369805,4.897145361270568,4.759610000000004,4.62207463872944,0.03960464492434479,0.03514566184679563,Bullish,5.3241,2.0422,1901605.9523809524,4.8452666666666655,4.873433333333333,4.8959666666666655,4.7945666666666655,4.772033333333333,4.743866666666666
415,2002-08-06,4.8171,4.8509,4.8002,4.8002,1126934,4.7615428571428575,4.706855999999997,4.700607000000002,4.251296000000001,54.20096106093748,4.900706675436533,4.762145000000005,4.6235833245634765,0.036928901303246775,0.03550230973808586,Bullish,5.3241,2.0422,1930978.7142857143,4.834,4.8678,4.8847,4.7833,4.7664,4.7326
416,2002-08-07,4.8002,4.8678,4.7833,4.8509,2627394,4.7663714285714285,4.711927999999997,4.700776000000002,4.2592275000000015,58.42771900649192,4.910881381244074,4.767215000000005,4.623548618755935,0.038456123237677,0.03609307243800409,Bullish,5.3241,2.0422,1936605.238095238,4.8847,4.9185,4.9692,4.800199999999999,4.749499999999999,4.715699999999999
417,2002-08-08,4.8509,4.8847,4.8509,4.8678,2780489,4.772004761904762,4.720717999999996,4.700269000000002,4.2680345000000015,59.760821519983764,4.922089562899854,4.775670000000004,4.629250437100154,0.04056256636878164,0.0369869712241596,Bullish,5.3241,2.0422,1592390.4761904762,4.8847,4.901599999999999,4.918499999999999,4.8509,4.8340000000000005,4.817100000000001
418,2002-08-09,4.8678,4.9692,4.9016,4.9354,7970482,4.783276190476191,4.730183999999997,4.700269000000002,4.276964000000001,64.64464116326425,4.944973339356738,4.787505000000005,4.630036660643271,0.04714325467527303,0.03901822791438229,Bullish,5.3241,2.0422,1666260.9523809524,4.969199999999999,5.002999999999999,5.036799999999999,4.901599999999999,4.8678,4.834
419,2002-08-12,4.9354,5.0368,4.9523,5.003,6290881,4.797766666666667,4.7430299999999965,4.700945000000002,4.2869505000000006,68.73160491466669,4.958196664835457,4.809480000000004,4.660763335164551,0.057154412127078835,0.042645464756921596,Bullish,5.3241,2.0422,2001703.1904761905,5.042433333333334,5.081866666666667,5.1269333333333345,4.957933333333334,4.912866666666667,4.873433333333334
420,2002-08-13,5.003,5.0368,4.9523,4.9861,3958878,4.817890476190477,4.750467999999996,4.702804000000002,4.2974275,66.65708992139827,4.974699857987237,4.826385000000005,4.678070142012772,0.06299843107505154,0.04671605802054758,Bullish,5.3241,2.0422,2269869.4285714286,5.031166666666667,5.076233333333334,5.115666666666667,4.946666666666666,4.907233333333333,4.862166666666666
421,2002-08-14,5.003,5.0368,4.9523,4.9861,3958878,4.833990476190476,4.755199999999996,4.706185000000002,4.307689,66.65708992139827,4.9945473421905735,4.839910000000005,4.685272657809437,0.06685914756049982,0.05074467592853803,Bullish,5.3241,2.0422,2373021.904761905,5.031166666666667,5.076233333333334,5.115666666666667,4.946666666666666,4.907233333333333,4.862166666666666
422,2002-08-15,4.9861,4.9861,4.9185,4.9185,1408349,4.843652380952381,4.759933999999996,4.707875000000002,4.315743,58.47011600843902,5.002632355713655,4.846670000000005,4.690707644286355,0.06372940523359372,0.05334162178954917,Bullish,5.3241,2.0422,2500132.380952381,4.963566666666667,5.008633333333334,5.0311666666666675,4.895966666666666,4.873433333333333,4.828366666666666
423,2002-08-16,4.9185,5.0706,4.9016,5.0706,8822987,4.857333333333334,4.769737999999996,4.711256000000002,4.324557500000001,67.99504048208121,5.041934477886924,4.861035000000005,4.680135522113085,0.07268440021697486,0.057210177475034305,Bullish,5.3241,2.0422,2472181.380952381,5.126933333333334,5.1832666666666665,5.295933333333333,4.957933333333334,4.845266666666667,4.788933333333334
424,2002-08-19,5.0706,5.1720000000000015,5.0537,5.0537,11506283,4.870209523809525,4.773117999999996,4.715144000000002,4.332999500000001,66.17884667314127,5.070025902949135,4.874555000000005,4.679084097050875,0.07752396152626773,0.06127293428528099,Bullish,5.3241,2.0422,2723861.380952381,5.132566666666668,5.211433333333336,5.25086666666667,5.014266666666667,4.974833333333333,4.8959666666666655
425,2002-08-20,5.0537,5.0875,5.0199,5.0368,2854814,4.882280952380953,4.778525999999996,4.717679000000002,4.342148000000001,64.3284173400493,5.086013859521169,4.889770000000005,4.69352614047884,0.07908402851757934,0.06483515313174065,Bullish,5.3241,2.0422,3092911.380952381,5.0762333333333345,5.115666666666668,5.143833333333335,5.008633333333334,4.980466666666667,4.941033333333333
426,2002-08-21,5.0368,5.0875,5.0199,5.0706,4798043,4.898380952380953,4.784609999999995,4.7200450000000025,4.3516095,66.35466640640469,5.1099680868882,4.903290000000005,4.696611913111809,0.08210135703193977,0.06828839391178047,Bullish,5.3241,2.0422,3180031.380952381,5.098766666666668,5.1269333333333345,5.1663666666666686,5.0311666666666675,4.991733333333333,4.963566666666667
427,2002-08-22,5.0706,5.2734,5.0706,5.2227,14626631,4.918500000000001,4.794073999999996,4.724439000000002,4.360824500000001,73.617204950105,5.165459360519599,4.926105000000005,4.686750639480411,0.0956630661867015,0.07376332836676468,Bullish,5.3241,2.0422,3336696.095238095,5.307199999999999,5.391699999999999,5.509999999999999,5.104399999999999,4.9860999999999995,4.901599999999999
428,2002-08-23,5.2227,5.2565,5.1213,5.1382,6950906,4.936204761904762,4.803201999999995,4.728326000000002,4.369689000000001,65.19733070462722,5.189243314039897,4.944695000000005,4.700146685960113,0.09845741875881764,0.07870214644517527,Bullish,5.3241,2.0422,3936039.3333333335,5.2227,5.3072,5.3579,5.0874999999999995,5.0367999999999995,4.952299999999999
429,2002-08-26,5.1382,5.2227,5.1213,5.1551,6146679,4.954714285714286,4.813005999999996,4.732552000000002,4.3788540000000005,66.03405929152983,5.213881105628695,4.962440000000004,4.710998894371314,0.10087285261151457,0.08313628767844314,Bullish,5.3241,2.0422,4218937.333333333,5.211433333333334,5.267766666666667,5.312833333333334,5.110033333333334,5.064966666666667,5.008633333333334
430,2002-08-27,5.1551,5.2058,5.1213,5.1889,1979439,4.97322380952381,4.823823999999996,4.737454000000002,4.388763000000001,67.70632103630871,5.240146592514158,4.981875000000004,4.72360340748585,0.10431203466007766,0.08737143707477005,Bullish,5.3241,2.0422,4478694.095238095,5.2227,5.2565,5.3072,5.138199999999999,5.0874999999999995,5.053699999999999
431,2002-08-28,5.1889,5.2903,5.1720000000000015,5.1889,9698997,4.991733333333333,4.835655999999996,4.743370000000001,4.3985285,67.70632103630871,5.265591002762422,4.997930000000005,4.730268997237587,0.10581780937436402,0.09106071153468884,Bullish,5.3241,2.0422,4462177.571428572,5.262133333333334,5.335366666666666,5.3804333333333325,5.143833333333335,5.098766666666669,5.025533333333336
432,2002-08-29,5.1889,5.2903,5.2058,5.2396,5482208,5.009438095238095,4.845797999999996,4.7492860000000015,4.408619000000001,70.25402758991387,5.295733189813028,5.017365000000004,4.738996810186981,0.10983609088129054,0.09481578740400917,Bullish,5.3241,2.0422,4878901.571428572,5.284666666666668,5.329733333333334,5.369166666666668,5.200166666666668,5.160733333333334,5.115666666666668
433,2002-08-30,5.2396,5.3241,5.2396,5.2903,10515293,5.0303619047619055,4.857629999999996,4.754864000000001,4.418963000000001,72.58335665855192,5.327603358393964,5.041025000000005,4.754446641606045,0.11577706823422407,0.09900804357005215,Bullish,5.3241,2.0422,5031936.333333333,5.3297333333333325,5.369166666666666,5.414233333333332,5.245233333333333,5.200166666666667,5.160733333333334
434,2002-09-02,5.2903,5.341,4.9692,5.0537,6183524,5.041628571428572,4.866081999999995,4.757399000000001,4.428196000000001,52.085414453834275,5.320382587175153,5.052855000000005,4.7853274128248575,0.10023820925735727,0.09925407670751317,Bullish,5.3241,2.0422,5483689.80952381,5.273400000000001,5.493100000000001,5.645200000000002,4.901600000000001,4.7495,4.529800000000001
435,2002-09-03,5.0537,5.2058,5.1044,5.1889,3642524,5.059333333333335,4.875885999999995,4.761117000000001,4.437817500000001,59.17952434201277,5.319261398343539,5.072290000000005,4.8253186016564715,0.09770675895630987,0.09894461315727252,Bearish,5.3241,2.0422,5749708.333333333,5.2283333333333335,5.267766666666667,5.329733333333333,5.126933333333334,5.064966666666667,5.025533333333334
436,2002-09-04,5.1889,5.2396,5.1551,5.1551,2861801,5.0762333333333345,4.885689999999996,4.7639900000000015,4.447342000000001,56.91096161911957,5.314740594964322,5.087500000000006,4.8602594050356895,0.09191366531353662,0.09753842358852534,Bearish,5.3241,2.0422,5872886.333333333,5.211433333333335,5.267766666666668,5.295933333333335,5.1269333333333345,5.098766666666667,5.042433333333334
437,2002-09-05,5.1551,5.2565,5.1382,5.1889,10716668,5.092328571428573,4.896507999999995,4.767201000000001,4.4573230000000015,58.61925444003207,5.310943548140315,5.103555000000005,4.8961664518596955,0.08902376385195065,0.0958354916412104,Bearish,5.3241,2.0422,5955499.047619048,5.250866666666666,5.312833333333333,5.369166666666666,5.1325666666666665,5.076233333333334,5.014266666666667
438,2002-09-06,5.1889,5.2565,5.1889,5.2227,2555611,5.109228571428573,4.907663999999996,4.770750000000001,4.467473000000002,60.31367451060796,5.316334924841202,5.117920000000006,4.91950507515881,0.08844137650909012,0.09435666861478634,Bearish,5.3241,2.0422,6340702.571428572,5.256499999999999,5.290299999999999,5.324099999999999,5.188899999999999,5.1551,5.1213
439,2002-09-09,5.2227,5.2227,5.1213,5.1213,1755831,5.1180809523809545,4.916453999999995,4.773792000000001,4.476900500000002,53.26696073125052,5.315118812958015,5.123835000000006,4.932551187041997,0.07888832230589049,0.09126299935300716,Bearish,5.3241,2.0422,6329994.095238095,5.1889,5.2565,5.2903,5.0875,5.0537,4.9861
440,2002-09-10,5.1213,5.1382,5.0706,5.0706,1999767,5.1213000000000015,4.9218619999999955,4.776327000000002,4.4861460000000015,50.114231957386025,5.310517396670405,5.128060000000006,4.945602603329607,0.06646027901499796,0.08630245528540532,Bearish,5.3241,2.0422,6034058.333333333,5.115666666666667,5.160733333333334,5.183266666666667,5.048066666666666,5.025533333333333,4.980466666666666
441,2002-09-11,5.0706,5.1551,5.0537,5.1382,1964828,5.128542857142859,4.929635999999996,4.779200000000001,4.495586000000002,54.02177950475247,5.306103825095101,5.135665000000005,4.965226174904909,0.061358418556149985,0.08131364793955426,Bearish,5.3241,2.0422,5829719.571428572,5.1776333333333335,5.217066666666667,5.2790333333333335,5.076233333333334,5.014266666666667,4.974833333333334
442,2002-09-12,5.1382,5.1889,5.1044,5.1044,826460,5.134176190476192,4.937411999999996,4.782580000000001,4.504641000000002,51.83548113982492,5.284484827897282,5.1449600000000055,5.005435172102729,0.053965696902566584,0.07584405773215672,Bearish,5.3241,2.0422,5734764.80952381,5.160733333333333,5.217066666666667,5.245233333333333,5.076233333333333,5.048066666666666,4.9917333333333325
443,2002-09-13,5.1044,5.1044,5.0537,5.0875,1624970,5.142223809523811,4.944849999999996,4.785453000000001,4.513611500000001,50.72997818606684,5.283713556296464,5.1458050000000055,5.007896443703547,0.04621053666796371,0.06991735351931812,Bearish,5.3241,2.0422,5585602.047619048,5.110033333333333,5.1325666666666665,5.160733333333333,5.059333333333333,5.031166666666667,5.008633333333333
444,2002-09-16,5.0875,5.1044,5.0537,5.0537,1025929,5.14141904761905,4.951611999999996,4.786298000000001,4.522485000000002,48.50201880889913,5.283713556296464,5.1458050000000055,5.007896443703547,0.036911644328397664,0.06331621168113402,Bearish,5.3241,2.0422,5595917.333333333,5.0874999999999995,5.1213,5.138199999999999,5.0367999999999995,5.0199,4.9860999999999995
445,2002-09-17,5.0537,5.1382,5.0368,5.1044,2298970,5.143833333333335,4.9587099999999955,4.787650000000001,4.531756000000002,51.91349062280799,5.27933694620054,5.1491850000000055,5.019033053799471,0.033249986292231526,0.057302966603353524,Bearish,5.3241,2.0422,5224628.857142857,5.149466666666666,5.194533333333333,5.250866666666666,5.048066666666666,4.991733333333333,4.946666666666666
446,2002-09-18,5.1044,5.1720000000000015,5.0875,5.1551,2645181,5.149466666666669,4.966821999999996,4.789509000000001,4.541136500000002,55.11556922422779,5.278469999999032,5.153410000000006,5.02835000000098,0.034046693115266535,0.05265171190573613,Bearish,5.3241,2.0422,4786185.380952381,5.1889,5.2227000000000015,5.273400000000001,5.104399999999999,5.053699999999999,5.019899999999998
447,2002-09-19,5.1551,5.1889,5.1044,5.1720000000000015,2683296,5.15429523809524,4.976287999999996,4.791537000000002,4.550601500000003,56.163442126221675,5.272214175453704,5.150875000000005,5.029535824546307,0.03563104526305505,0.04924757857719991,Bearish,5.3241,2.0422,4776202.857142857,5.2058,5.2396,5.2903,5.1213,5.0706,5.0367999999999995
448,2002-09-20,5.1720000000000015,5.2734,5.1720000000000015,5.2058,8871266,5.153490476190478,4.986429999999996,4.7937340000000015,4.560235500000002,58.26217599127197,5.277740699171125,5.154255000000005,5.030769300828886,0.039162591301771243,0.04723058112211418,Bearish,5.3241,2.0422,4675500.619047619,5.262133333333332,5.318466666666665,5.36353333333333,5.160733333333334,5.115666666666669,5.059333333333336
449,2002-09-23,5.2058,5.3072,5.2227,5.2903,6461763,5.160733333333336,5.000965999999996,4.797452000000002,4.570292000000002,63.027811040300705,5.298009281266714,5.161015000000005,5.024020718733296,0.048223915505303694,0.04742924799875208,Bullish,5.3241,2.0422,4401435.619047619,5.3241,5.3579,5.4086,5.239599999999999,5.188899999999999,5.155099999999999
450,2002-09-24,5.2903,5.3579,5.2565,5.3072,5607352,5.167976190476192,5.014149999999995,4.8025220000000015,4.580433000000002,63.91523178493658,5.317747705856414,5.166930000000005,5.016112294143596,0.05612183144248384,0.049167764687498436,Bullish,5.3241,2.0422,4378143.095238095,5.357899999999998,5.408599999999999,5.459299999999998,5.256499999999998,5.205799999999999,5.155099999999998
451,2002-09-25,5.3072,5.3241,5.2396,5.2565,2492086,5.1711952380952395,5.024967999999996,4.808100000000001,4.590320500000002,59.31553894077357,5.325900178352554,5.170310000000005,5.014719821647456,0.05762564784406354,0.05085934131881146,Bullish,5.3241,2.0422,4352460.857142857,5.307199999999999,5.357899999999999,5.391699999999998,5.2227,5.1889,5.1382
452,2002-09-26,5.2565,5.2903,5.2396,5.2734,2558152,5.1752190476190485,5.0347699999999955,4.813170000000002,4.600377000000002,60.3401038206208,5.3312550407359325,5.172000000000005,5.012744959264078,0.05949529718611046,0.05258653249227126,Bullish,5.3241,2.0422,4376872.619047619,5.295933333333333,5.318466666666667,5.346633333333333,5.245233333333333,5.217066666666667,5.194533333333333
453,2002-09-27,5.2734,5.3072,5.1889,5.1889,6117458,5.1728047619047635,5.042881999999995,4.818410000000002,4.609504000000002,53.13491194609852,5.316988296670998,5.166930000000005,5.016871703329012,0.053541372343713256,0.052777500462559655,Bullish,5.3241,2.0422,4036832.380952381,5.267766666666667,5.346633333333333,5.386066666666666,5.149466666666667,5.110033333333334,5.0311666666666675
454,2002-09-30,5.1889,5.3072,5.1889,5.2058,3861050,5.168780952380954,5.051331999999996,4.823988000000002,4.620659500000001,54.31001298747772,5.316041597372129,5.174535000000004,5.033028402627879,0.049614606471820366,0.0521449216644118,Bearish,5.3241,2.0422,4067082.380952381,5.279033333333333,5.352266666666666,5.397333333333332,5.160733333333333,5.115666666666667,5.042433333333333
455,2002-10-01,5.2058,5.2227,5.2058,5.2058,1051974,5.1760238095238105,5.060797999999997,4.830242000000002,4.631815000000001,54.31001298747772,5.317420453392114,5.175380000000004,5.033339546607894,0.04597267188305132,0.050910471708139705,Bearish,5.3241,2.0422,3750213.6666666665,5.217066666666666,5.228333333333333,5.2339666666666655,5.200166666666666,5.194533333333333,5.1832666666666665
456,2002-10-02,5.2058,5.2396,5.2227,5.2227,630168,5.177633333333334,5.069247999999996,4.835820000000002,4.642886000000002,55.601134199982795,5.321922053630947,5.178760000000004,5.035597946369061,0.043943547383212156,0.049517086843154194,Bearish,5.3241,2.1428,3505854.1428571427,5.2339666666666655,5.245233333333333,5.250866666666666,5.217066666666665,5.211433333333332,5.200166666666664
457,2002-10-03,5.2227,5.3917,5.2227,5.2227,14281691,5.180852380952381,5.078373999999997,4.841398000000002,4.654633000000001,55.601134199982795,5.324843663295303,5.180450000000004,5.036056336704705,0.04185299630917072,0.0479842687363575,Bearish,5.3241,2.1428,3362408.619047619,5.335366666666667,5.448033333333334,5.504366666666668,5.166366666666667,5.110033333333333,4.997366666666666
458,2002-10-04,5.2227,5.3072,5.2396,5.2734,1161872,5.18487619047619,5.088513999999996,4.848159000000001,4.666802500000002,59.57561184547846,5.331964035772958,5.182985000000004,5.03400596422705,0.04378258739008789,0.04714393246710358,Bearish,5.3241,2.1428,3906212.904761905,5.307199999999999,5.340999999999999,5.374799999999999,5.239599999999999,5.2058,5.172
459,2002-10-07,5.2734,5.3241,5.2734,5.2903,1941959,5.188095238095238,5.098315999999997,4.860159000000001,4.678887500000002,60.834185886132474,5.344573620536645,5.191435000000004,5.038296379463363,0.04614357655730128,0.04694386128514312,Bearish,5.3241,2.1428,3451222.619047619,5.318466666666667,5.346633333333333,5.369166666666667,5.267766666666667,5.245233333333333,5.217066666666667
460,2002-10-08,5.2903,5.3579,5.3072,5.341,3363014,5.198557142857142,5.109131999999997,4.873173000000001,4.690211500000002,64.41370006711266,5.360756135746449,5.2049550000000036,5.049153864253558,0.051511946115006424,0.04785747825111578,Bullish,5.3241,2.2723,3422001.095238095,5.363533333333333,5.386066666666666,5.414233333333333,5.312833333333333,5.284666666666666,5.262133333333333
461,2002-10-09,5.341,5.4086,5.341,5.3579,5752189,5.212238095238095,5.118933999999998,4.888723000000001,4.701620000000002,65.54412982110169,5.382007762072829,5.215940000000003,5.049872237927178,0.056479051083408116,0.04958179281757425,Bullish,5.341,2.2723,3498533.619047619,5.397333333333335,5.436766666666667,5.4649333333333345,5.329733333333335,5.301566666666668,5.2621333333333355
462,2002-10-10,5.341,5.4086,5.341,5.3579,5752189,5.2227,5.1290739999999975,4.904273,4.712690500000002,65.54412982110169,5.397369772080292,5.228615000000003,5.059860227919715,0.059727021630350485,0.0516108385801295,Bullish,5.3579,2.3298,3677220.380952381,5.397333333333335,5.436766666666667,5.4649333333333345,5.329733333333335,5.301566666666668,5.2621333333333355
463,2002-10-11,5.3579,5.341,5.1551,5.2058,8354808,5.2275285714285715,5.136847999999997,4.913231,4.722831500000002,49.22326864210459,5.390925781272653,5.234530000000003,5.078134218727353,0.049457744746839616,0.051180219813471525,Bearish,5.3579,2.3873,3857570.904761905,5.312833333333335,5.4198666666666675,5.498733333333335,5.1269333333333345,5.048066666666667,4.941033333333334
464,2002-10-14,5.2058,5.2058,5.0875,5.1889,2657886,5.2323571428571425,5.144283999999996,4.9204989999999995,4.732296500000001,47.799068973966904,5.3760244484528,5.241290000000003,5.106555551547205,0.03950024582389755,0.04884422501555673,Bearish,5.3579,2.4592,4216063.666666667,5.233966666666667,5.2790333333333335,5.352266666666667,5.115666666666668,5.042433333333334,4.997366666666668
465,2002-10-15,5.1889,5.2903,5.2227,5.2734,2133170,5.242819047619046,5.153747999999997,4.930302,4.742860000000002,54.835498462707,5.369432094976654,5.249740000000003,5.130047905023352,0.037989382042972863,0.046673256421039956,Bearish,5.3579,2.4592,4265250.142857143,5.301566666666668,5.329733333333334,5.369166666666668,5.233966666666667,5.194533333333333,5.166366666666667
466,2002-10-16,5.2734,5.4086,5.3072,5.3579,6248954,5.254890476190475,5.163887999999997,4.937907999999999,4.753339000000001,60.56066769135185,5.3801434208721615,5.2598800000000026,5.139616579127844,0.043113470168538726,0.04596129917053971,Bearish,5.3579,2.4736,4317975.904761905,5.408600000000002,5.459300000000001,5.510000000000002,5.307200000000002,5.256500000000001,5.205800000000002
467,2002-10-17,5.3579,5.4424,5.3579,5.3917,11703846,5.266157142857142,5.174365999999997,4.947541999999999,4.763987000000001,62.602759837305655,5.3970051327884745,5.270865000000002,5.14472486721153,0.049333043826249146,0.046635648101681595,Bullish,5.3579,2.6174,4506070.380952381,5.436766666666666,5.481833333333333,5.5212666666666665,5.352266666666666,5.312833333333333,5.267766666666666
468,2002-10-18,5.3917,5.51,5.4255,5.4762,12779324,5.2806428571428565,5.1851819999999975,4.957682999999999,4.7756490000000005,67.17819988772285,5.435268972309408,5.284385000000003,5.133501027690598,0.06038446998170599,0.04938541247768648,Bullish,5.3917,2.7469,4937435.380952381,5.515633333333333,5.555066666666666,5.600133333333332,5.431133333333333,5.386066666666667,5.346633333333334
469,2002-10-21,5.4762,5.6115,5.4931,5.5776,13805253,5.298347619047619,5.196673999999998,4.9698519999999995,4.786128000000001,71.65916789063567,5.496559428490705,5.298750000000004,5.100940571509303,0.07644374152821332,0.054797078287791845,Bullish,5.4762,2.8395,5418198.619047619,5.628366666666668,5.6791333333333345,5.746766666666669,5.509966666666668,5.442333333333334,5.391566666666668
470,2002-10-22,5.5776,5.6284,5.5776,5.6284,3587892,5.314447619047619,5.209519999999999,4.979994,4.797199000000001,73.6034824241149,5.559383955277013,5.314810000000003,5.070236044722994,0.09220705978797561,0.062279074587828595,Bullish,5.5776,2.8395,5653150.380952381,5.645333333333335,5.6622666666666674,5.696133333333335,5.594533333333335,5.560666666666668,5.543733333333336
471,2002-10-23,5.6284,5.8143,5.6115,5.7805,21390138,5.336985714285714,5.225407999999999,4.990304,4.808861500000001,78.38494224390438,5.656864529174151,5.341010000000003,5.0251554708258555,0.11563977854091778,0.07295121537844643,Bullish,5.6284,2.8395,5516299.380952381,5.8593666666666655,5.938233333333333,6.062166666666665,5.656566666666666,5.532633333333333,5.453766666666666
472,2002-10-24,5.7805,5.9157,5.7974,5.8819,13525743,5.366766666666667,5.244675999999998,5.002305,4.820693,80.87246116072576,5.763429307483924,5.3714350000000035,4.979440692516083,0.14076980287965135,0.08651493287868742,Bullish,5.7805,2.8395,6267860.619047619,5.932599999999999,5.9833,6.0508999999999995,5.8142999999999985,5.746699999999999,5.695999999999998
473,2002-10-25,5.8819,5.9833,5.6791,5.7974,33687308,5.3917190476190475,5.259211999999998,5.014474999999999,4.831257000000001,73.30189070110332,5.825631454441887,5.401860000000004,4.97808854555812,0.15211361336863494,0.09963466897667692,Bullish,5.8819,2.8395,6793272.857142857,5.960766666666668,6.124133333333334,6.264966666666668,5.656566666666668,5.515733333333334,5.3523666666666685
474,2002-10-28,5.7974,5.865,5.6791,5.6960000000000015,13356131,5.415866666666666,5.272057999999999,5.022588,4.8417365000000006,65.39121985695913,5.858567927343238,5.426370000000004,4.99417207265677,0.1511788368187652,0.10994350254509458,Bullish,5.8819,2.8395,8275613.619047619,5.814300000000001,5.932600000000001,6.000200000000001,5.628400000000001,5.5608,5.442500000000001
475,2002-10-29,5.6960000000000015,5.8143,5.6284,5.7636,17432531,5.442428571428572,5.286593999999997,5.03256,4.8526385,67.87989663883492,5.897766741324002,5.454260000000003,5.010753258676004,0.15411621887435167,0.118778045810946,Bullish,5.8819,2.8395,8620312.333333334,5.842466666666666,5.921333333333333,6.028366666666666,5.656566666666666,5.549533333333333,5.4706666666666655
476,2002-10-30,5.7636,6.1185,5.7636,6.0678,55814336,5.483476190476191,5.306537999999997,5.045573999999999,4.863709500000001,76.1805337365913,6.000616724952207,5.496515000000004,4.992413275047801,0.17892794306178406,0.13080802526111363,Bullish,5.8819,2.8395,9266573.333333334,6.202999999999999,6.3382,6.557899999999999,5.8481,5.6284,5.4932
477,2002-10-31,6.0678,6.2199,6.0678,6.2029999999999985,44248339,5.530157142857143,5.326143999999997,5.060109,4.875879,78.80246885273891,6.119409733393505,5.545530000000004,4.9716502666065026,0.20711344841590584,0.14606910989207206,Bullish,6.0678,2.8395,11874304.857142856,6.2593333333333305,6.315666666666665,6.41143333333333,6.107233333333331,6.011466666666665,5.955133333333331
478,2002-11-01,6.2029999999999985,6.3382,6.1861,6.3044,18553112,5.581666666666667,5.349467999999997,5.076334999999999,4.887963500000001,80.53320299598973,6.244439348739022,5.597080000000004,4.949720651260985,0.23492473097636157,0.16384023410892995,Bullish,6.2029999999999985,2.8395,13951360.61904762,6.366366666666666,6.428333333333333,6.518466666666666,6.214266666666666,6.124133333333333,6.062166666666666
479,2002-11-04,6.3044,6.2029999999999985,5.9664,6.0002,20700257,5.616276190476191,5.366369999999997,5.089687999999999,4.8981889999999995,63.723787933580326,6.286572629582675,5.6325750000000046,4.978577370417334,0.22977032579180268,0.1770262524455045,Bullish,6.3044,2.8395,14154761.61904762,6.1466666666666665,6.293133333333332,6.383266666666665,5.910066666666668,5.819933333333335,5.67346666666667
480,2002-11-05,6.0002,6.2875,5.9495,6.1861,25544038,5.658933333333334,5.386313999999998,5.105068999999999,4.908329999999999,68.10509600236925,6.356625972707212,5.6748300000000045,4.993034027292797,0.23794313852991955,0.1892096296623875,Bullish,6.3044,2.8395,15085160.904761905,6.332566666666666,6.479033333333333,6.670566666666666,5.994566666666666,5.803033333333333,5.656566666666666
481,2002-11-06,6.1861,6.372000000000001,6.0847,6.1523,5894485,5.697566666666667,5.405581999999998,5.120619,4.9183864999999996,66.53171970829774,6.410281004052398,5.7145500000000045,5.018818995947611,0.23893844037853107,0.1991553918056162,Bullish,6.3044,2.8395,16209069.42857143,6.321300000000001,6.490300000000001,6.608600000000002,6.034,5.915699999999999,5.746699999999999
482,2002-11-07,6.1523,6.3044,6.1523,6.1861,2117288,5.737004761904762,5.424511999999998,5.135154999999998,4.92726,67.34417292763526,6.460384952425614,5.7559600000000035,5.051535047574393,0.23969158638096388,0.20726263072068574,Bullish,6.3044,2.8395,16329615.666666666,6.276233333333334,6.366366666666667,6.428333333333334,6.124133333333334,6.062166666666667,5.972033333333334
483,2002-11-08,6.1861,6.2706,6.1861,6.2029999999999985,1530317,5.777247619047619,5.442765999999998,5.150198,4.9352884999999995,67.76552032763622,6.488245221104708,5.805820000000004,5.1233947788953005,0.23889827813351427,0.21358976020325143,Bullish,6.3044,2.8395,16156525.142857144,6.2536999999999985,6.304399999999999,6.338199999999999,6.169199999999998,6.135399999999999,6.084699999999998
484,2002-11-11,6.2029999999999985,6.2029999999999985,6.1354,6.1692,2156674,5.8231238095238105,5.465075999999998,5.165578999999999,4.9432325,65.93321205037427,6.4923185284929135,5.854835000000004,5.2173514715070946,0.23285795653641284,0.21744339946988372,Bullish,6.3044,2.8395,15955483.61904762,6.203,6.236799999999999,6.270599999999999,6.1354000000000015,6.101600000000001,6.067800000000003
485,2002-11-12,6.1692,6.3213,6.2199,6.2875,3100655,5.875438095238096,5.487047999999999,5.181466999999999,4.9517679999999995,69.08404356417338,6.51045960589799,5.905540000000004,5.300620394102017,0.23490889595137343,0.22093649876618165,Bullish,6.3044,2.8395,15660334.38095238,6.332566666666666,6.377633333333333,6.433966666666666,6.231166666666666,6.174833333333333,6.129766666666666
486,2002-11-13,6.2875,6.6663,6.3065,6.6284,25833077,5.939961904761906,5.516513999999998,5.201102,4.962768499999999,75.97875933741214,6.597005625457351,5.969065000000004,5.341124374542657,0.2610330348553873,0.2289558059840228,Bullish,6.3044,2.8395,15681418.61904762,6.760966666666667,6.893533333333333,7.1207666666666665,6.401166666666667,6.173933333333333,6.041366666666667
487,2002-11-14,6.6284,6.7989,6.5527,6.5905,19529491,5.998657142857144,5.5445459999999995,5.220527,4.972143,74.00279680010169,6.653908542876646,6.029005000000004,5.404101457123362,0.27550256778753024,0.23826515834472428,Bullish,6.6284,2.8395,16809985.61904762,6.742033333333332,6.893566666666666,6.988233333333332,6.495833333333332,6.401166666666666,6.249633333333332
488,2002-11-15,6.5905,6.6284,6.5148,6.5716,3706684,6.054842857142858,5.571523999999999,5.239593999999999,4.979817,72.98345876962739,6.697182384614618,6.083775000000005,5.470367615385391,0.2821917737282398,0.24705048142142738,Bullish,6.6284,2.8395,17442392.14285714,6.6284,6.6852,6.742,6.5148,6.458,6.4012
489,2002-11-18,6.5716,6.9314,6.7231,6.8367,25239753,6.119628571428572,5.6058319999999995,5.261143,4.9894925,77.63654943568021,6.796769903698083,6.146730000000003,5.496690096301924,0.305364322271779,0.2587132495914977,Bullish,6.6284,2.8395,17061574.904761903,6.9377,7.0387,7.146000000000001,6.7294,6.6221,6.5211
490,2002-11-19,6.8367,7.0451,6.8746,7.0451,18583604,6.189509523809524,5.645321999999998,5.283592,5.000970499999999,80.48239290138171,6.931821271305861,6.217565000000004,5.503308728694147,0.3366640190250161,0.27430340347820137,Bullish,6.8367,2.8395,17654928.666666668,7.101933333333334,7.158766666666667,7.272433333333334,6.9314333333333344,6.817766666666667,6.760933333333335
491,2002-11-20,7.0451,7.4049,7.0072,7.2723,44453525,6.267790476190477,5.6880039999999985,5.30882,5.015612999999999,83.01939410242227,7.112030216054119,6.292155000000004,5.472279783945888,0.3754741629880929,0.29453755538017967,Bullish,7.0451,2.8395,17882469.19047619,7.449066666666666,7.625833333333333,7.846766666666666,7.051366666666667,6.830433333333334,6.653666666666667
492,2002-11-21,7.2723,7.3102,7.1019,7.1966,13482546,6.33522380952381,5.729847999999999,5.333629999999999,5.027595,79.31984989556406,7.243809481442754,6.357890000000004,5.471970518557254,0.3955633166573067,0.3147427076356051,Bullish,7.2723,2.8395,19828451.714285713,7.3039,7.4112,7.5122,7.095599999999999,6.994599999999999,6.887299999999999
493,2002-11-22,7.1966,7.2534,7.0451,7.1019,5731226,6.393319047619048,5.770135999999999,5.357493,5.039610999999999,74.82754776187059,7.326285245911459,6.423115000000005,5.5199447540885505,0.39924042204877264,0.3316422505182386,Bullish,7.2723,2.8395,19451899.714285713,7.221833333333333,7.3417666666666666,7.430133333333333,7.013533333333332,6.925166666666666,6.805233333333332
494,2002-11-25,7.1019,7.1019,6.9693,6.9882,5320854,6.45002380952381,5.808825999999999,5.380218999999999,5.052579499999999,69.72189335258196,7.357865018330242,6.487725000000005,5.617584981669768,0.3885015112067727,0.3430141026559454,Bullish,7.2723,2.8395,19080732.23809524,7.0703000000000005,7.1524,7.2029000000000005,6.9377,6.8872,6.8051
495,2002-11-26,6.9882,7.1019,6.9314,6.9314,7373347,6.508852380952381,5.845365999999999,5.402038,5.0642499999999995,67.25315469568028,7.3695250929061515,6.546115000000005,5.722704907093858,0.3711294128410261,0.3486371646929615,Bullish,7.2723,2.8395,17729948.714285713,7.045066666666667,7.158733333333333,7.215566666666667,6.874566666666667,6.817733333333334,6.704066666666668
496,2002-11-27,6.9314,6.9314,6.761,6.761,8102614,6.556347619047619,5.877483999999999,5.422153,5.074476999999999,60.349407297190695,7.378695411757806,6.5807750000000045,5.782854588242203,0.3396962370520109,0.3468489791647714,Bearish,7.2723,2.8395,17445054.23809524,6.874599999999998,6.988199999999999,7.044999999999998,6.704199999999998,6.647399999999999,6.5337999999999985
497,2002-11-28,6.761,6.7989,6.5337,6.5716,12891128,6.580338095238095,5.905475999999998,5.440881999999999,5.084179499999999,53.74538572310199,7.378173786216613,6.599205000000003,5.820236213783393,0.2960890909261211,0.33669700151704135,Bearish,7.2723,2.8395,17000772.476190478,6.735766666666667,6.899933333333333,7.000966666666667,6.470566666666667,6.369533333333333,6.2053666666666665
498,2002-11-29,6.5716,6.9504,6.6663,6.9125,20916877,6.614123809523808,5.939609999999999,5.463019999999999,5.0955865,61.83968311253093,7.407648088784686,6.629610000000004,5.851571911215322,0.28574401528987003,0.3265064042716071,Bearish,7.2723,2.8395,14956810.19047619,7.019833333333333,7.127166666666667,7.303933333333333,6.735733333333332,6.558966666666666,6.451633333333332
499,2002-12-02,6.9125,7.0451,6.8557,6.9693,13753163,6.645785714285714,5.973189999999999,5.4870779999999995,5.1072775,63.00143916063643,7.412774595078046,6.678065000000004,5.943355404921961,0.2789136111271109,0.3169878456427079,Bearish,7.2723,2.8395,13845788.19047619,7.057699999999998,7.146099999999999,7.247099999999998,6.868299999999998,6.767299999999999,6.678899999999998
500,2002-12-03,6.9125,7.0451,6.8557,6.9693,13753163,6.691933333333333,6.0064319999999976,5.510290999999999,5.1194755,63.001439160636416,7.425901103378486,6.7172250000000036,6.008548896621521,0.2703836521833294,0.30766700695083216,Bearish,7.2723,2.8395,13617219.19047619,7.057699999999998,7.146099999999999,7.247099999999998,6.868299999999998,6.767299999999999,6.678899999999998
501,2002-12-04,6.9693,7.3481,7.0451,7.3102,29507998,6.745461904761904,6.047505999999998,5.536236999999999,5.1327865,69.47086207982042,7.478902860262824,6.775120000000004,6.071337139737183,0.2878136427295601,0.30369633410657776,Bearish,7.2723,2.8395,13286405.19047619,7.423833333333334,7.537466666666667,7.726833333333334,7.1208333333333345,6.931466666666667,6.8178333333333345
502,2002-12-05,6.9693,7.3481,7.0451,7.3102,29507998,6.8006,6.0882419999999975,5.561505999999998,5.1459285,69.47086207982044,7.517289660532696,6.831325000000004,6.145360339467312,0.29818969067626977,0.30259500542051615,Bearish,7.3102,2.8395,13475165.19047619,7.423833333333334,7.537466666666667,7.726833333333334,7.1208333333333345,6.931466666666667,6.8178333333333345
503,2002-12-06,6.9693,7.3481,7.0451,7.3102,29507998,6.854128571428571,6.130667999999998,5.586774999999998,5.158816999999999,69.47086207982042,7.538754313109958,6.886685000000004,6.23461568689005,0.30292089985758075,0.30266018430792907,Bullish,7.3102,2.8395,14599618.19047619,7.423833333333334,7.537466666666667,7.726833333333334,7.1208333333333345,6.931466666666667,6.8178333333333345
504,2002-12-09,7.3102,7.4238,7.2155,7.4238,16035616,6.9122619047619045,6.1750279999999975,5.613179999999997,5.1716815,71.54191752341056,7.552901318900187,6.949415000000005,6.3459286810998226,0.31223770591293754,0.30457568862893075,Bullish,7.3102,2.8395,15903937.714285715,7.493233333333333,7.562666666666667,7.701533333333334,7.284933333333333,7.146066666666666,7.076633333333333
505,2002-12-10,7.4238,7.6132,7.3291,7.4617,37871064,6.973809523809525,6.220145999999997,5.640471999999997,5.1847355,72.21904420922624,7.569613353841555,7.008125000000005,6.446636646158455,0.31900229520516366,0.30746100994417735,Bullish,7.4238,2.8395,16594666.238095239,7.6068999999999996,7.7520999999999995,7.890999999999999,7.3228,7.1839,7.0387
506,2002-12-11,7.4617,7.6132,7.386,7.4238,19186456,7.027919047619049,6.264167999999997,5.666707999999997,5.196924,70.41472866889627,7.608841954621964,7.047895000000006,6.486948045378048,0.31764347148590844,0.3094975022525236,Bullish,7.4617,2.8395,18295351.476190478,7.562666666666666,7.701533333333333,7.789866666666666,7.335466666666666,7.247133333333333,7.108266666666666
507,2002-12-12,7.4238,7.6322,7.4238,7.5943,17803517,7.073914285714287,6.311599999999998,5.694986999999998,5.20912,73.60909613916145,7.665936203309073,7.098085000000006,6.53023379669094,0.3265601369880775,0.3129100291996344,Bullish,7.4617,2.8395,19061342.0,7.676400000000001,7.758500000000001,7.884800000000001,7.468000000000001,7.3417,7.259600000000001
508,2002-12-13,7.5943,8.0299,7.5943,7.8784,49178514,7.135242857142859,6.363699999999998,5.726106999999998,5.222314,77.89242945567895,7.773112408021174,7.163425000000006,6.553737591978838,0.3524878932990285,0.3208256020195132,Bullish,7.5943,2.8395,18678982.0,8.074100000000001,8.2698,8.5097,7.6385000000000005,7.3986,7.2029000000000005
509,2002-12-16,7.8784,8.2192,7.9352,8.1245,46126773,7.209190476190479,6.420383999999998,5.759349999999999,5.2363159999999995,80.79955602934241,7.9478966850188115,7.227815000000007,6.507733314981202,0.3884166152714368,0.33434380466989794,Bullish,7.8784,2.8395,20090840.23809524,8.250733333333335,8.376966666666668,8.534733333333335,7.966733333333334,7.808966666666667,7.682733333333333
510,2002-12-17,8.1245,8.1624,7.8026,7.8784,16295433,7.2587952380952405,6.471131999999998,5.790131999999999,5.249340999999999,70.77657016779457,8.037300915578319,7.269480000000007,6.501659084421694,0.3925075898621113,0.3459765617083406,Bullish,8.1245,2.8395,22110844.476190478,8.093000000000002,8.3076,8.452800000000002,7.733200000000002,7.588000000000001,7.373400000000002
511,2002-12-18,7.8784,8.1245,7.67,8.0867,36455092,7.308395238095241,6.525707999999998,5.822320999999999,5.2647595,73.7452193434623,8.156654133429257,7.310200000000007,6.463745866570758,0.40785627263415414,0.3583525038935033,Bullish,8.1245,2.8395,21684924.476190478,8.2508,8.4149,8.7053,7.7963000000000005,7.5059000000000005,7.341800000000001
512,2002-12-19,8.0867,8.6927,8.1814,8.5033,93787040,7.367014285714289,6.588615999999999,5.858844999999998,5.2812470000000005,78.45845557275919,8.366255183048377,7.375535000000008,6.384814816951639,0.44846670759647633,0.37637534463409794,Bullish,8.1245,2.8395,22535947.714285713,8.736866666666664,8.970433333333332,9.248166666666664,8.225566666666664,7.947833333333332,7.7142666666666635
513,2002-12-20,8.5033,8.597999999999999,8.3707,8.4276,21661390,7.425633333333337,6.653051999999999,5.894949999999998,5.2982855,75.79578661788241,8.523644665275935,7.441820000000009,6.359995334724084,0.46913452179662674,0.3949271800666037,Bullish,8.5033,2.8395,24885162.714285713,8.560166666666664,8.692733333333331,8.787466666666663,8.332866666666664,8.238133333333332,8.105566666666665
514,2002-12-23,8.4276,8.5033,8.2382,8.4086,19564430,7.487857142857147,6.717445999999999,5.930864999999998,5.3161585,75.1068183977312,8.651237003509488,7.512840000000009,6.3744429964905285,0.47846532184749524,0.411634808422782,Bullish,8.5033,2.8395,25274631.476190478,8.528533333333334,8.648466666666666,8.793633333333332,8.263433333333335,8.118266666666669,7.998333333333337
515,2002-12-24,8.4086,8.7306,8.4086,8.6359,37482926,7.566319047619051,6.784695999999999,5.969221999999998,5.3349145,77.71639524314082,8.802860747460715,7.598065000000008,6.393269252539302,0.4984553751996277,0.42899892177815113,Bullish,8.5033,2.8395,25933355.476190478,8.774800000000003,8.913700000000002,9.096800000000004,8.452800000000002,8.2697,8.1308
516,2002-12-25,8.4086,8.7306,8.4086,8.6359,37482926,7.647485714285717,6.850255999999999,6.007071999999997,5.353923999999999,77.71639524314082,8.913147393024285,7.691810000000008,6.470472606975731,0.5084366947752361,0.4448864763775681,Bullish,8.6359,2.8395,27464882.714285713,8.774800000000003,8.913700000000002,9.096800000000004,8.452800000000002,8.2697,8.1308
517,2002-12-26,8.6359,9.2798,8.7306,9.2798,59636635,7.7674285714285745,6.928018,6.051191999999998,5.3757304999999995,83.42501565280305,9.12015848051612,7.8272200000000085,6.534281519483898,0.5618279087472899,0.4682747628515125,Bullish,8.6359,2.8395,28898672.19047619,9.462866666666665,9.645933333333332,10.012066666666664,8.913666666666666,8.547533333333334,8.364466666666667
518,2002-12-27,9.2798,9.5449,9.1283,9.3745,33373494,7.9009000000000045,7.005984,6.095582999999998,5.397925999999999,84.07132667429016,9.336879778155724,7.950320000000009,6.563760221844294,0.604810450648503,0.4955819004109106,Bullish,9.2798,2.8395,31352673.19047619,9.570166666666665,9.765833333333333,9.986766666666666,9.153566666666665,8.932633333333332,8.736966666666664
519,2002-12-30,9.3745,9.6586,9.3555,9.3934,30613968,8.019038095238098,7.082299999999999,6.139486999999998,5.420215999999998,84.20371204188208,9.516447606750738,8.071525000000008,6.6266023932492795,0.6331014968600117,0.5230858197007309,Bullish,9.3745,2.8733,32328023.95238095,9.582833333333333,9.772266666666667,9.885933333333334,9.279733333333333,9.166066666666666,8.976633333333332
520,2002-12-31,9.3934,9.6964,9.1662,9.3555,30101321,8.13266666666667,7.156841999999999,6.1831809999999985,5.442992499999998,82.71904864944747,9.64603265155777,8.190835000000009,6.735637348442248,0.6450286527595122,0.5474743863124871,Bullish,9.3934,3.0762,32789790.19047619,9.645866666666667,9.936233333333334,10.176066666666667,9.115666666666666,8.875833333333333,8.585466666666665
521,2003-01-01,9.3555,9.5639,8.901,8.9389,35777280,8.226457142857146,7.2200099999999985,6.222708999999998,5.464446999999999,68.43531420605143,9.703315148274271,8.272270000000008,6.841224851725744,0.6137894882618617,0.560737406702362,Bullish,9.3934,3.0762,33568273.9047619,9.368200000000002,9.797500000000001,10.031100000000002,8.705300000000001,8.4717,8.0424
522,2003-01-02,8.9389,9.223,8.8631,9.0904,29901218,8.311228571428574,7.284179999999999,6.264427999999999,5.4861515,70.43469989285623,9.763046991478774,8.361280000000006,6.959513008521239,0.5944050774644225,0.5674709408547741,Bullish,9.3934,3.1438,34617041.38095238,9.254566666666669,9.418733333333336,9.61446666666667,8.894666666666668,8.698933333333333,8.534766666666666
523,2003-01-03,9.0904,9.2419,8.9389,8.9957,16304327,8.391490476190478,7.348145999999999,6.303679,5.507467499999999,67.55418963348994,9.785736148165954,8.445555000000006,7.105373851834058,0.5648895980366344,0.5669546722911462,Bearish,9.3934,3.1438,34635766.14285714,9.178766666666668,9.361833333333333,9.481766666666667,8.875766666666669,8.755833333333335,8.57276666666667
524,2003-01-06,8.9957,9.0336,8.6738,8.8253,12988322,8.463638095238096,7.410731999999999,6.341394999999999,5.528269499999999,62.59377270269718,9.77915209493918,8.515630000000005,7.25210790506083,0.5217342839774091,0.5579105946283988,Bearish,9.3934,3.1438,34007019.9047619,9.014666666666667,9.204033333333333,9.374466666666667,8.654866666666667,8.484433333333333,8.295066666666667
525,2003-01-07,8.8253,9.1093,8.8063,8.8442,18225958,8.531276190476191,7.472344,6.379468999999999,5.548573999999999,62.91900537261033,9.758131743377634,8.584755000000005,7.411378256622376,0.48348514294551137,0.5430255042918213,Bearish,9.3934,3.1438,33220368.666666668,9.033566666666665,9.222933333333332,9.336566666666664,8.730566666666666,8.616933333333334,8.427566666666667
526,2003-01-08,8.8442,8.9768,8.7306,8.7685,10139225,8.593504761904763,7.526358,6.416447999999999,5.568246499999998,60.644633931031336,9.698851950593054,8.651990000000005,7.6051280494069555,0.4419693185707132,0.5228142671475997,Bearish,9.3934,3.1438,33324670.666666668,8.92,9.0715,9.1662,8.6738,8.5791,8.4276
527,2003-01-09,8.7685,9.3745,8.7116,9.3177,67056990,8.683690476190478,7.588652000000001,6.457397999999999,5.590918499999998,69.3116937921132,9.703101035296747,8.738160000000004,7.773218964703262,0.44821681436173044,0.5078947765904258,Bearish,9.3934,3.1438,32004106.904761903,9.5576,9.7975,10.2205,8.894700000000002,8.471700000000002,8.231800000000003
528,2003-01-10,9.3177,9.6396,9.2798,9.3366,46163618,8.766657142857143,7.6492960000000005,6.499381999999998,5.613853999999999,69.56013663911371,9.72410689103975,8.811070000000004,7.898033108960259,0.44951138440470295,0.4962180981532812,Bearish,9.3934,3.1438,34283656.14285714,9.557533333333334,9.778466666666667,9.917333333333334,9.197733333333334,9.058866666666667,8.837933333333334
529,2003-01-13,9.3366,9.4881,9.1093,9.1662,46245565,8.827980952380953,7.712616000000001,6.5394929999999984,5.636022499999998,64.49087921516279,9.731332842322416,8.863155000000004,7.994977157677592,0.43180984943090905,0.4833364484088068,Bearish,9.3934,3.4142,35634137.14285714,9.399766666666666,9.633333333333333,9.778566666666666,9.020966666666666,8.875733333333333,8.642166666666666
530,2003-01-14,9.1662,9.6396,9.1283,9.3934,106330051,8.888404761904761,7.776762,6.581537999999999,5.659495999999998,67.85464371654678,9.709011476988419,8.938905000000005,8.168798523011592,0.43114443200778396,0.47289804512860223,Bearish,9.3934,3.4142,35494472.9047619,9.645900000000001,9.8984,10.157200000000001,9.1346,8.8758,8.6233
531,2003-01-15,9.3934,10.0941,9.4881,10.0941,119386344,8.993914285714286,7.855598,6.63059,5.686979999999998,75.54790135674763,9.860500829781062,9.039275000000005,8.218049170218949,0.4816060630066712,0.47463964870421604,Bullish,9.3934,3.448,38361295.666666664,10.2961,10.498099999999999,10.902099999999999,9.6901,9.2861,9.0841
532,2003-01-16,10.0941,10.7949,10.151,10.4918,136796006,9.108442857142856,7.941712,6.6831119999999995,5.716199,78.66839763907221,10.138391190318066,9.138700000000005,8.139008809681945,0.547378496831934,0.48918741832975965,Bullish,10.0941,3.5156,43270386.666666664,10.807466666666667,11.123133333333334,11.451366666666667,10.163566666666666,9.835333333333333,9.519666666666666
533,2003-01-17,10.4918,10.7002,10.0373,10.3593,62048044,9.19682380952381,8.024838,6.733802,5.744332999999999,75.22403305548244,10.311810920310178,9.235285000000005,8.158759079689831,0.5821018737966615,0.50777030942314,Bullish,10.4918,3.5832,48048525.428571425,10.693900000000001,11.028500000000001,11.356800000000002,10.031,9.7027,9.3681
534,2003-01-20,10.3593,10.3782,10.0941,10.151,40638848,9.278890476190476,8.104474000000002,6.784774999999999,5.771087,70.03282393147818,10.399240017028891,9.322405000000005,8.24556998297112,0.5860566349650771,0.5234275745315274,Bullish,10.4918,3.5832,46537144.666666664,10.321433333333333,10.491866666666667,10.605533333333334,10.037333333333333,9.923666666666666,9.753233333333332
535,2003-01-21,10.151,10.3214,9.6586,9.6586,40640754,9.338414285714284,8.171896,6.829471999999998,5.7952945,59.567867572460564,10.411548715570156,9.373540000000006,8.335531284429855,0.5431966143994185,0.5273813825051057,Bullish,10.4918,3.5832,47440833.14285714,10.100466666666666,10.542333333333334,10.763266666666667,9.437666666666665,9.216733333333332,8.774866666666664
536,2003-01-22,9.6586,9.7532,9.1851,9.2419,32095371,9.367271428571428,8.224166,6.870339999999999,5.817165,52.42801365290949,10.38792993369487,9.403840000000006,8.419750066305141,0.47018552575795525,0.5159422111556756,Bearish,10.4918,3.7691,48444467.61904762,9.6017,9.9615,10.169799999999999,9.0336,8.8253,8.4655
537,2003-01-23,9.2419,9.3934,8.7874,8.7874,22506908,9.374485714285713,8.268104,6.906324999999999,5.8367629999999995,45.95763084422374,10.398499593830682,9.379220000000005,8.35994040616933,0.37136845601597734,0.48702746012773596,Bearish,10.4918,3.7691,48187917.38095238,9.191399999999996,9.595399999999998,9.797399999999996,8.585399999999996,8.383399999999998,7.9793999999999965
538,2003-01-24,8.7874,8.6169,8.3518,8.5601,20585276,9.340214285714286,8.307874,6.939698999999999,5.855224499999999,43.093279118730976,10.41853957149711,9.338500000000005,8.2584604285029,0.27158336199002875,0.4439386405001945,Bearish,10.4918,3.8029,47474773.666666664,8.6674,8.7747,8.9325,8.402300000000002,8.244500000000002,8.137200000000004
539,2003-01-27,8.5601,9.1662,8.3329,9.1283,32632157,9.328490476190476,8.353705999999999,6.979768999999999,5.8767805,51.26955549759348,10.408765512911309,9.325245000000006,8.241724487088703,0.23563568590713402,0.4022780495815824,Bearish,10.4918,3.8029,45615185.14285714,9.4187,9.7091,10.251999999999999,8.5854,8.0425,7.7521
540,2003-01-28,9.1283,9.2798,8.6738,8.6927,12974981,9.295123809523808,8.386658,7.015989999999999,5.8961585,45.832800953913285,10.409898910298194,9.292105000000005,8.174311089701815,0.17003752731333144,0.3558299451279322,Bearish,10.4918,3.8029,45579883.38095238,9.090399999999999,9.4881,9.696399999999999,8.484399999999999,8.2761,7.878399999999999
541,2003-01-29,8.6927,8.7685,8.2761,8.6169,10259288,9.25995238095238,8.41355,7.050776999999998,5.914988500000001,44.93974877963247,10.422589488775138,9.276005000000005,8.129420511224872,0.1106584853687469,0.30679565317609514,Bearish,10.4918,3.8029,44739931.61904762,8.831566666666664,9.046233333333332,9.323966666666664,8.339166666666664,8.061433333333332,7.846766666666664
542,2003-01-30,8.6169,9.0715,8.6359,8.8253,25906130,9.254542857142855,8.446124000000001,7.087985999999997,5.935283000000001,47.94300719151299,10.423650670169359,9.262750000000006,8.101849329830653,0.07949988002334685,0.26133649854554547,Bearish,10.4918,3.8029,43795072.9047619,9.052566666666667,9.279833333333334,9.488166666666668,8.616966666666666,8.408633333333333,8.181366666666666
543,2003-01-31,8.8253,8.9389,8.3897,8.3897,7370806,9.22117619047619,8.47188,7.121007999999997,5.953230500000001,42.700249715215946,10.449905595083322,9.232450000000005,8.014994404916688,0.019433167800899653,0.2129558323966163,Bearish,10.4918,3.8029,43325018.14285714,8.755833333333333,9.121966666666667,9.305033333333334,8.206633333333333,8.023566666666666,7.657433333333332
544,2003-02-03,8.3897,8.2382,7.973,8.0677,9350245,9.176985714285713,8.49347,7.151147999999996,5.968723000000001,39.28071827292443,10.504009894153107,9.194570000000006,7.885130105846904,-0.053535716906726094,0.15965752253594784,Bearish,10.4918,3.8029,42252141.38095238,8.212933333333336,8.35816666666667,8.478133333333336,7.947733333333334,7.827766666666666,7.682533333333333
545,2003-02-04,8.0677,8.3897,7.8215,8.0299,16393897,9.139109523809523,8.515440000000002,7.180402999999996,5.9840265000000015,38.88702183804107,10.551975669291382,9.153855000000005,7.755734330708629,-0.11311036199780844,0.10510394562919659,Bearish,10.4918,3.8029,41920994.61904762,8.339233333333333,8.648566666666666,8.907433333333332,7.7710333333333335,7.512166666666667,7.202833333333334
546,2003-02-05,8.0677,8.3897,7.8215,8.0299,16393897,9.100333333333332,8.540818,7.209150999999996,5.999330000000001,38.88702183804107,10.59077756369141,9.116925000000005,7.643072436308602,-0.15849664676150077,0.05238382715105712,Bearish,10.4918,3.8029,42083164.85714286,8.339233333333333,8.648566666666666,8.907433333333332,7.7710333333333335,7.512166666666667,7.202833333333334
547,2003-02-06,8.0299,8.295,7.8215,8.2003,9478565,9.07327619047619,8.573392000000002,7.239433999999996,6.0154855000000005,41.92988155432438,10.584122204656339,9.061055000000007,7.537987795343676,-0.1786563097899041,0.006175799762864878,Bearish,10.4918,3.8029,41995923.85714286,8.389700000000001,8.5791,8.8632,7.916200000000002,7.632100000000001,7.442700000000002
548,2003-02-07,8.2003,8.5033,8.1435,8.2192,14610750,9.020966666666666,8.599526000000001,7.269567999999996,6.031651,42.2732044994454,10.56525129381565,9.005185000000006,7.445118706184362,-0.19090725592566393,-0.03324081137484088,Bearish,10.4918,3.8029,41964463.85714286,8.433833333333332,8.648466666666666,8.793633333333332,8.074033333333333,7.928866666666666,7.714233333333333
549,2003-02-10,8.2192,8.1435,7.8215,7.8594,6787011,8.950623809523808,8.617328,7.295258999999996,6.046355500000001,37.703239982033914,10.575115334195491,8.939845000000005,7.3045746658045205,-0.2270319885855816,-0.07199904681698903,Bearish,10.4918,3.8029,39467023.85714286,8.061433333333333,8.263466666666666,8.383433333333333,7.739433333333334,7.619466666666668,7.417433333333335
550,2003-02-11,8.2192,8.1435,7.8215,7.8594,6787011,8.888395238095237,8.635130000000002,7.3207809999999975,6.061651500000002,37.703239982033914,10.549237333740855,8.863145000000006,7.177052666259158,-0.25274758267998365,-0.10814875398958795,Bearish,10.4918,3.8029,37591947.333333336,8.061433333333333,8.263466666666666,8.383433333333333,7.739433333333334,7.619466666666668,7.417433333333335
551,2003-02-12,8.2192,8.1435,7.8215,7.8594,6787011,8.815347619047616,8.646114,7.346809999999998,6.077455000000002,37.70323998203391,10.391964564651774,8.751410000000005,7.110855435348236,-0.2700148135781042,-0.1405219659072912,Bearish,10.4918,3.8029,35712968.571428575,8.061433333333333,8.263466666666666,8.383433333333333,7.739433333333334,7.619466666666668,7.417433333333335
552,2003-02-13,8.2192,8.1435,7.8215,7.8594,6787011,8.70893333333333,8.657098000000001,7.3726699999999985,6.092920000000003,37.703239982033914,10.094737076881025,8.619790000000005,7.144842923118986,-0.2804661789418379,-0.16851080851420056,Bearish,10.4918,3.8029,30972823.80952381,8.061433333333333,8.263466666666666,8.383433333333333,7.739433333333334,7.619466666666668,7.417433333333335
553,2003-02-14,8.2192,8.1435,7.8215,7.8594,6787011,8.583580952380949,8.668082,7.399374999999999,6.108892500000003,37.703239982033914,9.768935283445993,8.494795000000005,7.220654716554018,-0.2854583748371642,-0.1919003217787933,Bearish,10.4918,3.8029,25610950.80952381,8.061433333333333,8.263466666666666,8.383433333333333,7.739433333333334,7.619466666666668,7.417433333333335
554,2003-02-17,7.8594,8.3707,8.0488,8.3707,6403320,8.488885714285711,8.68702,7.431024,6.127506000000003,49.04269450374522,9.428626857745561,8.405780000000004,7.382933142254446,-0.24532908814732401,-0.20258607505249943,Bearish,10.4918,3.8029,19420046.285714287,8.477999999999998,8.585299999999998,8.799899999999997,8.156099999999999,7.9415,7.834199999999999
555,2003-02-18,8.3707,8.6738,8.3518,8.4086,14986818,8.405914285714282,8.705958,7.463052,6.146647000000002,49.77251529946958,9.189849958361389,8.343280000000004,7.496710041638618,-0.20806962891001568,-0.20368278582400268,Bearish,10.4918,3.8029,16770297.523809524,8.604333333333333,8.800066666666666,8.926333333333332,8.282333333333334,8.156066666666668,7.960333333333335
556,2003-02-19,8.4086,8.6169,8.2192,8.2382,7002361,8.338276190476186,8.722246,7.493207,6.164513500000003,46.54479450801347,9.032899932330064,8.293095000000005,7.553290067669945,-0.1900997434231222,-0.20096617734382657,Bullish,10.4918,3.8029,15548772.285714285,8.497,8.755799999999999,8.894699999999998,8.099300000000001,7.960400000000002,7.701600000000003
557,2003-02-20,8.2382,8.4086,7.9162,8.1624,5733131,8.286871428571425,8.733608,7.522604,6.182001000000002,45.142383990246884,8.967503442803531,8.261845000000005,7.556186557196477,-0.17990111811660192,-0.19675316549838165,Bullish,10.4918,3.8029,13946944.047619049,8.4086,8.6548,8.901,7.9162,7.67,7.4238
558,2003-02-21,8.1624,8.3897,8.1814,8.3518,6274364,8.266128571428569,8.743076,7.553388,6.200773500000002,49.25652962394669,8.945221842269646,8.251430000000004,7.557638157730363,-0.15475175506315608,-0.18835288341133655,Bullish,10.4918,3.8029,12691599.285714285,8.433866666666667,8.515933333333333,8.642166666666666,8.225566666666667,8.099333333333334,8.017266666666668
559,2003-02-24,8.3518,8.3329,8.1435,8.2003,2507332,8.248995238095235,8.744592,7.582488,6.221323500000002,46.2674619439532,8.770253793200443,8.205030000000004,7.639806206799566,-0.14536975546215913,-0.17975625782150106,Bullish,10.4918,3.8029,11918621.0,8.307633333333335,8.414966666666668,8.497033333333336,8.118233333333334,8.036166666666666,7.928833333333333
560,2003-02-25,8.2003,8.2192,7.8594,7.9162,5030545,8.191276190476188,8.745348000000002,7.6082399999999994,6.240706500000001,41.216373225334415,8.69777678433382,8.166205000000005,7.63463321566619,-0.15902579844756382,-0.1756101659467136,Bullish,10.4918,3.8029,11057766.523809524,8.137133333333335,8.358066666666668,8.496933333333335,7.777333333333333,7.638466666666666,7.417533333333332
561,2003-02-26,7.9162,8.1245,7.5753,7.8784,4045907,8.152499999999996,8.741182000000002,7.633445,6.261084000000002,40.58156382614759,8.632326604600221,8.129280000000005,7.6262333953997885,-0.17092810222874988,-0.17467375320312087,Bullish,10.4918,3.8029,9743404.047619049,8.143500000000001,8.4086,8.6927,7.594300000000002,7.310200000000002,7.045100000000003
562,2003-02-27,7.8784,7.7837,7.5185,7.5564,2975511,8.101999999999997,8.722244,7.655430000000001,6.279851500000002,35.55751621501797,8.519381408981243,8.065835000000005,7.6122885910187685,-0.20399198009459418,-0.18053739858141554,Bearish,10.4918,3.8029,9318210.047619049,7.720566666666666,7.884733333333332,7.985766666666665,7.4553666666666665,7.354333333333334,7.190166666666667
563,2003-02-28,7.5564,7.7837,7.4428,7.7837,6215921,8.052399999999997,8.709366000000001,7.681209000000001,6.297220000000002,41.10074748588332,8.479352878301103,8.035535000000007,7.59171712169891,-0.20943983904823682,-0.1863178866747798,Bearish,10.4918,3.8029,8971363.523809524,7.897333333333332,8.010966666666665,8.238233333333332,7.556433333333333,7.329166666666667,7.215533333333333
564,2003-03-03,7.7837,8.3518,7.8784,8.3329,12015119,8.049695238095236,8.707852,7.712649000000002,6.316574000000003,51.87277237900013,8.511125260635973,8.048795000000005,7.586464739364038,-0.16751049960680753,-0.18255640926118535,Bullish,10.4918,3.8029,8033734.523809524,8.497,8.661100000000001,8.9704,8.023599999999998,7.714299999999999,7.550199999999998
565,2003-03-04,8.3329,8.4465,7.9352,7.9541,5330383,8.044285714285712,8.694216,7.7394560000000014,6.334879000000002,45.66878195450881,8.509131963125004,8.045005000000007,7.58087803687501,-0.16296858979250572,-0.17863884536744942,Bullish,10.4918,3.8029,8254892.285714285,8.288666666666666,8.623233333333333,8.799966666666666,7.777366666666666,7.600633333333333,7.266066666666665
566,2003-03-05,7.9541,8.1435,7.7837,8.1245,6398873,8.048790476190474,8.683988000000001,7.767122000000001,6.352515000000002,48.64431312886239,8.515076385543587,8.049735000000007,7.5843936144564275,-0.14395975914263914,-0.17170302812248736,Bullish,10.4918,3.8029,8063470.285714285,8.250766666666667,8.377033333333333,8.610566666666667,7.890966666666667,7.6574333333333335,7.5311666666666675
567,2003-03-06,8.1245,8.3329,8.0867,8.1814,5891944,8.05600476190476,8.662020000000002,7.795019000000002,6.371280500000001,49.636197247843555,8.51297983573495,8.048790000000007,7.5846001642650664,-0.12288720226148797,-0.16193986295028748,Bullish,10.4918,3.8029,7587516.761904762,8.313966666666666,8.446533333333333,8.560166666666666,8.067766666666666,7.954133333333333,7.821566666666666
568,2003-03-07,8.1814,8.1435,7.8973,7.9541,5740119,8.044280952380952,8.633612000000001,7.819798000000003,6.388740500000001,45.828358497706255,8.494615329680654,8.035535000000007,7.576454670319359,-0.1231091340239896,-0.1541737171650279,Bullish,10.4918,3.8029,7087423.761904762,8.0993,8.244499999999999,8.3455,7.853100000000001,7.752100000000001,7.606900000000002
569,2003-03-10,7.9541,7.9352,7.689,7.9162,2607066,8.02985238095238,8.604068000000002,7.8431840000000035,6.406518000000001,45.2056324179897,8.493749513449789,8.038375000000007,7.583000486550226,-0.12490342091456519,-0.14831965791493534,Bullish,10.4918,3.8029,6909402.523809524,8.004599999999998,8.093,8.250799999999998,7.758399999999998,7.600599999999999,7.512199999999998
570,2003-03-11,7.9162,8.3329,7.8405,8.2761,10426358,8.049695238095236,8.58248,7.869661000000003,6.424827500000001,51.8908798648102,8.518040887800318,8.059210000000007,7.600379112199697,-0.09617582892382437,-0.13789089211671315,Bullish,10.4918,3.8029,6337798.523809524,8.459166666666668,8.642233333333333,8.951566666666668,7.9667666666666666,7.657433333333333,7.474366666666666
571,2003-03-12,8.2761,8.6548,8.3139,8.5791,16645456,8.083966666666665,8.575284,7.897647000000004,6.443975500000001,56.682579832612824,8.596611411677596,8.095195000000007,7.593778588322419,-0.04840149526812709,-0.11999301274699595,Bullish,10.4918,3.8029,6511100.761904762,8.717966666666666,8.856833333333332,9.058866666666665,8.377066666666666,8.175033333333333,8.036166666666666
572,2003-03-13,8.2761,8.6548,8.3139,8.5791,16645456,8.118238095238095,8.565058,7.924619000000004,6.463462000000001,56.682579832612824,8.662171233825452,8.13118000000001,7.600188766174566,-0.010419877785537324,-0.09807838575470422,Bullish,10.4918,3.8029,6980550.523809524,8.717966666666666,8.856833333333332,9.058866666666665,8.377066666666666,8.175033333333333,8.036166666666666
573,2003-03-14,8.2761,8.6548,8.3139,8.5791,16645456,8.152509523809524,8.556726,7.952436000000005,6.4834555,56.682579832612824,8.716824531982741,8.16716500000001,7.617505468017278,0.019456544775300344,-0.07457139964870331,Bullish,10.4918,3.8029,7450000.285714285,8.717966666666666,8.856833333333332,9.058866666666665,8.377066666666666,8.175033333333333,8.036166666666666
574,2003-03-17,8.5791,8.5223,8.1624,8.295,7207547,8.173252380952382,8.54612,7.978426000000004,6.500507,50.761763863633405,8.708404177811888,8.163380000000009,7.61835582218813,0.019979023479372415,-0.05566131502308816,Bullish,10.4918,3.8029,7919450.047619048,8.490733333333333,8.686466666666666,8.850633333333333,8.130833333333333,7.966666666666667,7.770933333333334
575,2003-03-18,8.295,8.597999999999999,8.2382,8.4844,9984860,8.178666666666667,8.538924,8.005634000000004,6.519097,54.19672560718508,8.71996118697709,8.16717000000001,7.614378813022929,0.035269523620973686,-0.037475147294275785,Bullish,10.4918,3.8029,7939475.571428572,8.642199999999997,8.799999999999997,9.001999999999995,8.282399999999999,8.080400000000001,7.922600000000001
576,2003-03-19,8.4844,8.8253,8.4086,8.6359,20232077,8.189490476190477,8.536271999999999,8.031315000000005,6.538444500000001,56.79322717255397,8.7760617519983,8.187055000000008,7.5980482480017155,0.058932798391506225,-0.018193558157119382,Bullish,10.4918,3.8029,8110025.095238095,8.837933333333332,9.039966666666666,9.254633333333333,8.421233333333332,8.206566666666665,8.004533333333331
577,2003-03-20,8.6359,9.0336,8.597999999999999,8.9389,30662247,8.222857142857142,8.528695999999998,8.058674000000003,6.559391500000001,61.494635580927174,8.899550571124868,8.225880000000007,7.5522094288751465,0.10097174246082297,0.00563950196646909,Bullish,10.4918,3.8029,8359799.333333333,9.115666666666666,9.292433333333333,9.551266666666667,8.680066666666665,8.421233333333332,8.244466666666664
578,2003-03-21,8.9389,9.4692,8.8821,9.3366,39055805,8.278771428571428,8.528695999999998,8.088996000000003,6.582665500000002,66.62752811800044,9.104398205670236,8.275120000000008,7.44584179432978,0.16448291809962434,0.037408185193100144,Bullish,10.4918,3.8029,9486460.57142857,9.576500000000001,9.816400000000002,10.163600000000002,8.9894,8.642199999999999,8.402299999999999
579,2003-03-24,9.3366,9.5828,9.1472,9.1662,27255401,8.317552380952382,8.528695999999998,8.120656000000004,6.605172000000001,62.766796767348154,9.237776974876315,8.323415000000008,7.409053025123701,0.1987747745904258,0.06968150307256528,Bullish,10.4918,3.8029,11073254.57142857,9.450266666666666,9.734333333333334,9.885866666666667,9.014666666666665,8.863133333333332,8.579066666666664
580,2003-03-25,9.1662,9.2798,8.9389,9.0715,31225714,8.359038095238096,8.522257999999999,8.149510000000005,6.627289500000002,60.66299506809201,9.330638826068594,8.38118000000001,7.431721173931425,0.2158219581705083,0.09890959409215389,Bullish,10.4918,3.8029,12072351.57142857,9.254566666666669,9.437633333333334,9.595466666666669,8.91366666666667,8.755833333333335,8.57276666666667
581,2003-03-26,9.0715,9.4692,9.1472,9.3555,30023186,8.427576190476191,8.507485999999998,8.181542000000006,6.651080500000002,64.50529650437711,9.464468586274783,8.45503500000001,7.445601413725235,0.24937377484241807,0.12900243024220673,Bullish,10.4918,3.8029,13439893.57142857,9.500733333333331,9.645966666666666,9.822733333333332,9.17873333333333,9.001966666666664,8.85673333333333
582,2003-03-27,9.3555,9.5639,9.3177,9.3745,36414436,8.49881904761905,8.48514,8.213426000000005,6.674290500000001,64.7533401209492,9.542672408221733,8.54594000000001,7.549207591778288,0.2743346138321776,0.1580688669602009,Bullish,10.4918,3.8029,14630019.333333334,9.519700000000002,9.664900000000001,9.765900000000002,9.273500000000002,9.172500000000001,9.027300000000002
583,2003-03-28,9.3745,9.526,9.2987,9.3366,15085282,8.583590476190478,8.464685999999999,8.244762000000005,6.697480000000001,63.79564814490062,9.612618464094924,8.62358500000001,7.634551535905095,0.2877411445069793,0.18400332246955658,Bullish,10.4918,3.8029,16171377.857142856,9.4755,9.6144,9.7028,9.2482,9.1598,9.020900000000001
584,2003-03-31,9.3366,9.3555,9.1093,9.2419,9305142,8.653028571428573,8.446503999999997,8.275489000000004,6.720534000000002,61.3538976552338,9.683671642892204,8.66903500000001,7.654398357107817,0.2874113193147938,0.20468492183860404,Bullish,10.4918,3.8029,16748033.61904762,9.361833333333331,9.481766666666665,9.608033333333331,9.115633333333331,8.989366666666665,8.869433333333332
585,2003-04-01,9.2419,9.2419,9.0336,9.223,14480524,8.695414285714287,8.437791999999998,8.304844000000005,6.743155500000001,60.85329764335914,9.718652134264383,8.73248000000001,7.746307865735636,0.2823698742859886,0.22022191232808094,Bullish,10.4918,3.8029,16895139.38095238,9.298733333333335,9.374466666666667,9.507033333333334,9.090433333333335,8.957866666666668,8.882133333333336
586,2003-04-02,9.223,9.4502,9.2798,9.3745,29126213,8.763052380952383,8.440444,8.332305000000003,6.766703500000001,63.42914057075699,9.777538129781425,8.79498000000001,7.812421870218595,0.2872876039724126,0.23363505065694729,Bullish,10.4918,3.8029,17012539.61904762,9.456533333333335,9.538566666666668,9.626933333333335,9.286133333333334,9.197766666666666,9.115733333333333
587,2003-04-03,9.3745,9.4313,9.223,9.3177,11815650,8.81987142857143,8.451049999999999,8.359577000000003,6.790052000000002,61.78762104379331,9.81712388587233,8.85179500000001,7.886466114127689,0.2833355391515475,0.24357514835586733,Bullish,10.4918,3.8029,18145674.38095238,9.424999999999999,9.5323,9.633299999999998,9.2167,9.1157,9.0084
588,2003-04-04,9.3177,9.6017,9.3555,9.526,38458035,8.883900000000002,8.470368,8.389121000000003,6.8143575000000025,65.33104853967346,9.845207126861725,8.93039000000001,8.015572873138295,0.2936268212531328,0.2535854829353204,Bullish,10.4918,3.8029,18403616.14285714,9.633299999999998,9.740599999999999,9.879499999999998,9.387099999999998,9.248199999999999,9.140899999999998
589,2003-04-07,9.526,9.7343,9.5639,9.6775,31338153,8.965966666666668,8.481352,8.417529000000004,6.839336000000002,67.67861292043817,9.862129699098862,9.01845500000001,8.174780300901158,0.31042908704493577,0.2649542037572435,Bullish,10.4918,3.8029,19954382.38095238,9.753233333333334,9.828966666666666,9.923633333333333,9.582833333333335,9.488166666666668,9.412433333333336
590,2003-04-08,9.6775,9.7343,9.526,9.6586,25535780,9.048938095238096,8.50067,8.443664000000002,6.863628000000002,67.06847350585689,9.902695249765019,9.08758000000001,8.272464750235,0.3185479096790278,0.27567294494160033,Bullish,10.4918,3.8029,21173336.38095238,9.753266666666665,9.847933333333332,9.961566666666664,9.544966666666665,9.431333333333333,9.336666666666666
591,2003-04-09,9.6586,9.7911,9.5639,9.5828,20129802,9.111161904761907,8.519988,8.466769000000003,6.887794500000002,64.55485911400818,9.945030087254239,9.137765000000009,8.330499912745779,0.31523191134757234,0.28358473822279473,Bullish,10.4918,3.8029,22265179.904761903,9.727966666666667,9.873133333333334,9.955166666666667,9.500766666666667,9.418733333333334,9.273566666666667
592,2003-04-10,9.5828,9.6396,9.507,9.5449,3106373,9.157152380952382,8.534379999999999,8.490252000000003,6.911941000000002,63.27787121897315,9.96904905483029,9.186055000000009,8.403060945169727,0.30601815867936644,0.2880714223141091,Bullish,10.4918,3.8029,22727248.666666668,9.620666666666667,9.696433333333333,9.753266666666667,9.488066666666667,9.431233333333333,9.355466666666667
593,2003-04-11,9.5449,10.0373,9.4692,9.9805,63838814,9.223885714285716,8.566195999999998,8.519038000000002,6.938265500000003,70.50064092154676,10.059860135165588,9.256125000000008,8.452389864834428,0.3300607381139127,0.2964692854740698,Bullish,10.4918,3.8029,22082530.42857143,10.1888,10.3971,10.7569,9.620700000000001,9.260900000000001,9.052600000000002
594,2003-04-14,9.9805,10.0752,9.7722,9.9994,43318333,9.29151904761905,8.604829999999998,8.549150000000003,6.9646845000000015,70.76928297805456,10.078012948196122,9.34134500000001,8.604677051803897,0.3466438332479438,0.30650419502884463,Bullish,10.4918,3.8029,24329833.19047619,10.12566666666667,10.251933333333335,10.42866666666667,9.822666666666668,9.645933333333334,9.519666666666668
595,2003-04-15,9.9994,10.132,9.7911,9.8101,29746217,9.363666666666669,8.640433999999997,8.577937000000002,6.989987500000002,64.43952311706282,10.057383926036195,9.40763000000001,8.757876073963825,0.3405850749256256,0.3133203710082008,Bullish,10.4918,3.8029,25599970.19047619,10.031033333333333,10.251966666666666,10.371933333333333,9.690133333333334,9.570166666666667,9.349233333333334
596,2003-04-16,9.8101,9.9994,9.7911,9.9805,13206848,9.434909523809527,8.679445999999999,8.610132000000004,7.016142500000002,67.27680087495091,10.066994479319876,9.47486000000001,8.882725520680145,0.34555003550015684,0.319766303906592,Bullish,10.4918,3.8029,26673240.19047619,10.056233333333335,10.131966666666667,10.264533333333334,9.847933333333335,9.715366666666668,9.639633333333336
597,2003-04-17,9.9805,10.0752,9.8479,9.8479,16829043,9.492623809523813,8.712397999999997,8.642895000000003,7.041888500000002,63.06032974139821,10.079543024417516,9.520310000000013,8.96107697558251,0.33492429195598383,0.32279790151647036,Bullish,10.4918,3.8029,26826668.19047619,9.999433333333332,10.150966666666667,10.226733333333334,9.772133333333331,9.696366666666664,9.54483333333333
598,2003-04-18,9.8479,10.151,9.7911,10.0941,49675280,9.547633333333337,8.749895999999998,8.674711000000004,7.068865500000003,67.17401259093533,10.163247503464873,9.558185000000012,8.953122496535151,0.34242236419965444,0.32672279405310717,Bullish,10.4918,3.8029,26664618.95238095,10.233033333333335,10.371966666666667,10.592933333333335,9.873133333333335,9.652166666666668,9.513233333333336
599,2003-04-21,10.0941,10.2835,10.0373,10.2078,60545678,9.589119047619052,8.796863999999998,8.707096000000003,7.097087000000003,68.89668076012208,10.249734161961165,9.61026500000001,8.970795838038857,0.3534647585307411,0.33207118694863397,Bullish,10.4918,3.8029,27570001.476190478,10.315100000000003,10.422400000000001,10.561300000000003,10.068900000000003,9.930000000000001,9.822700000000003
600,2003-04-22,10.2078,10.2267,9.9048,10.0184,43089643,9.629700000000003,8.840043999999999,8.737587000000005,7.123939000000003,62.968625575863705,10.27015869488012,9.65761000000001,9.045061305119901,0.3429792867556003,0.33425280691002723,Bullish,10.4918,3.8029,28593328.76190476,10.195133333333336,10.371866666666667,10.517033333333336,9.873233333333337,9.728066666666669,9.551333333333337
601,2003-04-23,10.0184,10.132,9.7911,10.0184,18918380,9.674790476190477,8.883223999999998,8.764669000000005,7.150453000000002,62.968625575863705,10.306060886449492,9.69075500000001,9.075449113550528,0.3308555776809943,0.33357336106422064,Bearish,10.4918,3.8029,29347340.285714287,10.169899999999998,10.321399999999999,10.510799999999998,9.828999999999999,9.6396,9.4881
602,2003-04-24,10.0184,10.0563,9.7343,9.7532,14052365,9.693728571428572,8.921099999999997,8.789099000000004,7.175302500000003,55.2489214629265,10.307973902173059,9.709690000000009,9.11140609782696,0.29643095572589395,0.3261448799965553,Bearish,10.4918,3.8029,28761276.76190476,9.961566666666664,10.169933333333333,10.283566666666665,9.639566666666664,9.525933333333331,9.317566666666663
603,2003-04-25,9.7532,10.1131,9.507,10.0184,16863347,9.724390476190475,8.964279999999997,8.816181000000006,7.201478000000002,60.46817068963477,10.330735073578325,9.74378000000001,9.156824926421695,0.2872375230747366,0.31836340861219153,Bearish,10.4918,3.8029,28000761.476190478,10.252,10.4856,10.8581,9.645900000000001,9.2734,9.039800000000001
604,2003-04-28,10.0184,10.1888,9.9616,9.9616,11743232,9.75415238095238,8.996097999999996,8.841559000000004,7.227369500000002,58.88414435692224,10.326069842646806,9.77976500000001,9.233460157353214,0.27223027500816244,0.3091367818913857,Bearish,10.4918,3.8029,27069757.23809524,10.113066666666668,10.264533333333334,10.340266666666668,9.885866666666669,9.810133333333335,9.658666666666669
605,2003-04-29,9.9616,10.3971,10.0184,10.3971,42098653,9.809161904761904,9.035867999999999,8.870913000000005,7.255692500000001,66.19600772521233,10.38517551524506,9.83847000000001,9.29176448475496,0.29211086099579653,0.3057315977122679,Bearish,10.4918,3.8029,26910612.0,10.523333333333333,10.649566666666667,10.902033333333334,10.144633333333333,9.892166666666666,9.765933333333333
606,2003-04-30,10.3971,10.5108,10.2646,10.2835,28686620,9.859661904761904,9.076773999999999,8.899510000000005,7.283109000000001,63.046417845979384,10.419812543705799,9.883920000000009,9.348027456294218,0.29529581171550134,0.30364444051291456,Bearish,10.4918,3.8029,28472207.76190476,10.441333333333334,10.599166666666667,10.687533333333334,10.195133333333334,10.106766666666667,9.948933333333335
607,2003-05-01,10.3971,10.5108,10.2646,10.2835,28686620,9.902947619047618,9.119195999999999,8.926402000000005,7.310694500000002,63.046417845979384,10.4278559821279,9.932210000000008,9.436564017872117,0.2944259490404484,0.30180074221842135,Bearish,10.4918,3.8029,29148688.523809522,10.441333333333334,10.599166666666667,10.687533333333334,10.195133333333334,10.106766666666667,9.948933333333335
608,2003-05-02,10.2835,10.6623,10.2456,10.6055,40039172,9.964271428571427,9.164269999999998,8.953673000000004,7.339890000000001,68.04461287783332,10.52625380033881,9.98618500000001,9.446116199661208,0.31607576091565903,0.3046557459578689,Bullish,10.4918,3.8029,29127755.523809522,10.763333333333335,10.921166666666668,11.180033333333336,10.346633333333335,10.087766666666667,9.929933333333334
609,2003-05-05,10.6055,11.1168,10.6244,11.0789,52290604,10.038219047619046,9.221841999999997,8.983217000000003,7.371283500000001,73.6808106990168,10.757527427733642,10.056255000000009,9.354982572266376,0.3671999638273995,0.317164589531775,Bullish,10.6055,3.8029,30471732.76190476,11.255666666666668,11.432433333333334,11.748066666666668,10.763266666666668,10.447633333333334,10.270866666666668
610,2003-05-06,11.0789,11.1736,10.9274,11.0411,25258811,10.10315238095238,9.284339999999997,9.014844000000004,7.402488000000002,72.58001324284714,10.922266435070604,10.125380000000009,9.328493564929413,0.4000545391704726,0.3337425794595145,Bullish,11.0789,3.8029,31130426.523809522,11.167333333333334,11.293566666666667,11.413533333333334,10.921133333333334,10.801166666666667,10.674933333333334
611,2003-05-07,11.0411,11.1357,10.8706,10.9085,26373674,10.162671428571427,9.344941999999998,9.043062000000004,7.432691500000002,68.70242663975594,11.017031561655742,10.19166500000001,9.366298438344277,0.4106584994629596,0.3491257634602035,Bullish,11.0789,3.8029,30840934.04761905,11.072600000000001,11.2367,11.337700000000002,10.807500000000001,10.7065,10.5424
612,2003-05-08,10.9085,11.3251,10.8327,11.1357,57543486,10.236619047619048,9.416527999999998,9.069386000000005,7.464115500000003,71.51091395326509,11.137520726452783,10.271205000000009,9.404889273547235,0.43241079314553055,0.36578276939726895,Bullish,11.0789,3.8029,30880833.76190476,11.362966666666667,11.590233333333334,11.855366666666667,10.870566666666667,10.605433333333334,10.378166666666667
613,2003-05-09,11.1357,11.2115,10.9464,11.1736,22162602,10.31417619047619,9.484325999999998,9.096846000000005,7.495898000000003,71.96288507665028,11.27013074350235,10.330860000000008,9.391589256497667,0.44754879197779474,0.3821359739133741,Bullish,11.1357,3.8029,32662437.76190476,11.274600000000003,11.3756,11.539700000000002,11.009500000000005,10.845400000000003,10.744400000000006
614,2003-05-12,11.1736,11.969,11.1547,11.9122,57898591,10.406161904761904,9.555911999999998,9.131882000000004,7.5313735000000035,78.96621248855978,11.577063159500401,10.426500000000008,9.275936840499615,0.5132284344591671,0.4083544660225327,Bullish,11.1736,3.8029,33569877.23809524,12.202566666666664,12.492933333333331,13.016866666666663,11.388266666666665,10.864333333333333,10.573966666666665
615,2003-05-13,11.9122,12.0827,11.363,11.6092,33815628,10.482819047619046,9.629013999999998,9.161615000000005,7.565418500000004,71.11803419283214,11.739236273122694,10.516455000000008,9.293673726877321,0.5346671465518753,0.43361700212840126,Bullish,11.9122,3.8029,33287009.476190478,12.006933333333336,12.40466666666667,12.726633333333337,11.287233333333335,10.965266666666666,10.567533333333333
616,2003-05-14,11.6092,11.8554,11.4198,11.7796,25236577,10.57660476190476,9.702115999999997,9.193052000000005,7.600062000000005,72.75779839327862,11.919606078123746,10.606410000000007,9.29321392187627,0.5589639478034059,0.45868639126340216,Bullish,11.9122,3.8029,32834499.714285713,11.950066666666666,12.120533333333332,12.385666666666665,11.514466666666667,11.249333333333334,11.078866666666668
617,2003-05-15,11.6092,11.8554,11.4198,11.7796,25236577,10.662276190476186,9.774079999999998,9.218050000000003,7.634621000000005,72.75779839327862,12.062177387282835,10.702995000000005,9.343812612717175,0.5716299436807777,0.48127510174687727,Bullish,11.9122,3.8029,32619754.95238095,11.950066666666666,12.120533333333332,12.385666666666665,11.514466666666667,11.249333333333334,11.078866666666668
618,2003-05-16,11.7796,11.9312,11.5903,11.7418,26596012,10.752461904761901,9.849833999999998,9.241723000000004,7.668653000000005,71.71036085261025,12.186058460746686,10.785380000000007,9.384701539253328,0.5720237587564299,0.4994248331487878,Bullish,11.9122,3.8029,33192599.19047619,11.918566666666667,12.095333333333334,12.259466666666668,11.577666666666666,11.413533333333332,11.236766666666664
619,2003-05-19,11.7418,11.8175,11.6471,11.666,8296365,10.827314285714282,9.924829999999998,9.264449000000004,7.701968000000005,69.54815862125885,12.282725068228713,10.858290000000007,9.433854931771302,0.5597667904110697,0.5114932246012441,Bullish,11.9122,3.8029,33657692.952380955,11.7733,11.880600000000001,11.943700000000002,11.6029,11.5398,11.4325
620,2003-05-20,11.666,12.0637,11.5903,11.9501,35037214,10.91028095238095,9.998309999999998,9.290395000000004,7.736788000000005,72.85213406326345,12.400221805268528,10.954875000000005,9.509528194731482,0.5664478916742652,0.5224841580158484,Bullish,11.9122,3.8029,31687268.42857143,12.14576666666667,12.341433333333336,12.619166666666672,11.672366666666669,11.394633333333333,11.198966666666667
621,2003-05-21,11.9501,12.291,12.0258,12.1774,30612698,11.013090476190472,10.070276,9.322780000000005,7.772744500000004,75.17305046918398,12.534535218589193,11.062825000000005,9.591114781410818,0.583359319824357,0.53465919037755,Bullish,11.9501,3.8029,30472579.666666668,12.303666666666672,12.429933333333336,12.568866666666672,12.038466666666672,11.899533333333336,11.773266666666672
622,2003-05-22,12.1774,12.3099,12.1016,12.1774,15789774,11.115899999999996,10.142242,9.353650000000005,7.809039000000005,75.17305046918398,12.602694743948438,11.184035000000005,9.765375256051572,0.5899610447872554,0.5457195612594912,Bullish,12.1774,3.8029,29878439.42857143,12.291000000000002,12.404600000000002,12.499300000000003,12.0827,11.988,11.8744
623,2003-05-23,12.1774,12.291,12.1016,12.1205,12639569,11.228628571428567,10.213069999999998,9.384898000000005,7.844288500000005,73.35242556404792,12.657372280572147,11.289140000000007,9.920907719427866,0.5838711022962251,0.553349869466838,Bullish,12.1774,4.2931,29729458.19047619,12.240466666666668,12.360433333333335,12.429866666666669,12.051066666666667,11.981633333333333,11.861666666666666
624,2003-05-26,12.1205,12.3099,12.1205,12.1395,11715281,11.329633333333328,10.289959999999999,9.418040000000005,7.879717500000005,73.58250403004973,12.669560471667694,11.398035000000005,10.126509528332317,0.5739616476118421,0.5574722250958388,Bullish,12.1774,4.2931,29662182.19047619,12.259433333333337,12.37936666666667,12.448833333333338,12.070033333333337,12.000566666666668,11.880633333333336
625,2003-05-27,12.1395,12.3857,12.1205,12.1584,18875183,11.434242857142852,10.363439999999999,9.451182000000006,7.915325500000005,73.824609358323,12.711257973487411,11.486100000000006,10.2609420265126,0.561164648669811,0.5582107098106333,Bullish,12.1774,4.2931,29417036.19047619,12.322566666666667,12.486733333333333,12.587766666666667,12.057366666666667,11.956333333333333,11.792166666666667
626,2003-05-28,12.1584,12.8402,12.0448,12.1395,53070691,11.51721428571428,10.433511999999999,9.484892000000006,7.950670000000005,73.10311446592915,12.702599986651073,11.578900000000006,10.45520001334894,0.5432357788585929,0.5552157236202252,Bearish,12.1774,4.3607,29756652.904761903,12.638200000000003,13.1369,13.433600000000002,11.842800000000004,11.546100000000003,11.047400000000005
627,2003-05-29,12.1395,12.272,11.988,12.1963,14677451,11.608299999999995,10.498659999999997,9.513678000000006,7.9855380000000045,73.92778641703967,12.657768326280182,11.674540000000006,10.691311673719829,0.5275292765408732,0.5496784342043548,Bearish,12.1774,4.3607,30279130.904761903,12.316199999999998,12.4361,12.6002,12.032199999999998,11.868099999999998,11.748199999999997
628,2003-05-30,12.1963,12.5182,12.1205,12.1774,14787350,11.69848571428571,10.555475999999999,9.542086000000007,8.020734000000004,73.124372166158,12.627225142433584,11.753135000000006,10.879044857566427,0.5077041903769519,0.5412835854388742,Bearish,12.1963,4.3607,29612027.61904762,12.423566666666666,12.669733333333333,12.821266666666666,12.025866666666666,11.874333333333333,11.628166666666665
629,2003-06-02,12.1774,12.2531,11.969,12.1016,6466210,11.769728571428566,10.614183999999998,9.571440000000006,8.055466500000005,69.84594809263078,12.633089297796381,11.804270000000006,10.97545070220363,0.4803391890761368,0.5290947061663267,Bearish,12.1963,4.3607,28950157.61904762,12.246800000000002,12.392000000000001,12.530900000000003,11.962700000000002,11.8238,11.678600000000001
630,2003-06-03,12.1016,12.2342,12.0069,12.0827,9794920,11.817528571428564,10.674407999999998,9.598333000000006,8.089935500000003,69.01509479004127,12.614710788806791,11.856350000000004,11.097989211193218,0.45191773006181,0.5136593109454234,Bearish,12.1963,4.5635,27351445.14285714,12.208966666666667,12.335233333333333,12.436266666666667,11.981666666666667,11.880633333333334,11.754366666666668
631,2003-06-04,12.0827,12.2531,12.0258,12.1584,11738785,11.870733333333327,10.730466,9.618976000000005,8.124783000000003,70.5273367171532,12.549758228502762,11.918845000000005,11.287931771497247,0.4305388920299382,0.49703522716232634,Bearish,12.1963,4.5635,25327841.14285714,12.265733333333333,12.373066666666666,12.493033333333333,12.038433333333334,11.918466666666667,11.811133333333334
632,2003-06-05,12.1584,12.2342,12.0637,12.1016,4341299,11.927547619047612,10.785007999999998,9.635074000000005,8.159093000000002,67.85145206420185,12.489383749220375,11.967140000000004,11.444896250779633,0.4043516099020614,0.47849850371027336,Bearish,12.1963,4.5635,24684030.38095238,12.202633333333335,12.303666666666667,12.373133333333334,12.032133333333336,11.962666666666669,11.861633333333337
633,2003-06-06,12.1016,12.2342,12.0637,12.0827,8304623,11.97264285714285,10.839929999999999,9.652308000000007,8.193055000000003,66.94132431426162,12.388365650662902,12.012595000000005,11.636824349337108,0.3777188206576909,0.45834256709975685,Bearish,12.1963,4.5635,23634869.666666668,12.190033333333332,12.297366666666665,12.360533333333331,12.019533333333333,11.956366666666668,11.849033333333335
634,2003-06-09,12.0827,12.2342,11.988,12.1205,8021302,12.017733333333325,10.897502,9.672003000000007,8.228389000000004,67.86959386357775,12.39861958400951,12.023010000000003,11.647400415990496,0.3555635718689949,0.43778676805360445,Bearish,12.1963,4.5635,21290161.904761903,12.240466666666666,12.360433333333333,12.486666666666666,11.994266666666666,11.868033333333333,11.748066666666666
635,2003-06-10,12.1205,12.6129,12.1963,12.5182,51666153,12.046590476190469,10.963405999999999,9.700599000000006,8.265035500000003,75.62469119904867,12.452666498643083,12.068460000000005,11.684253501356928,0.3658788205744994,0.4234051785577834,Bearish,12.1963,4.5635,20616766.666666668,12.688633333333332,12.859066666666665,13.10523333333333,12.272033333333333,12.025866666666667,11.855433333333334
636,2003-06-11,12.5182,13.2,12.594,13.1053,92312624,12.117833333333326,11.038022000000002,9.739233000000006,8.304786500000002,82.38419374318279,12.707771391974761,12.134745000000006,11.56171860802525,0.41662519696115474,0.42204918223845767,Bearish,12.5182,4.5635,20319983.904761903,13.338866666666666,13.572433333333333,13.944866666666666,12.732866666666666,12.360433333333333,12.126866666666666
637,2003-06-12,13.1053,13.3137,12.8591,13.0864,48132257,12.180061904761898,11.113396000000002,9.782223000000005,8.344274000000002,81.59970340905024,12.883594939283766,12.200085000000005,11.516575060716244,0.4501281961591186,0.42766498502258987,Bullish,13.1053,4.5635,23105555.14285714,13.313699999999999,13.541,13.7683,12.859099999999998,12.631799999999998,12.404499999999997
638,2003-06-13,13.0864,13.3326,12.9728,13.2758,43130934,12.251309523809518,11.188392000000004,9.829380000000006,8.3845395,83.31440393364123,13.07244937717136,12.276785000000006,11.481120622828652,0.48635615056026893,0.4394032181301257,Bullish,13.1053,4.5635,24195825.61904762,13.414666666666665,13.553533333333332,13.774466666666665,13.054866666666666,12.833933333333333,12.695066666666666
639,2003-06-16,13.2758,13.4462,13.1243,13.3137,22795311,12.326161904761896,11.261116000000005,9.871234000000007,8.425501500000001,83.64288777394879,13.223091019769445,12.359170000000006,11.495248980230567,0.5122207171074926,0.45396671792559906,Bullish,13.2758,4.5635,25047937.85714286,13.465166666666667,13.616633333333333,13.787066666666666,13.143266666666667,12.972833333333334,12.821366666666668
640,2003-06-17,13.3137,13.4083,13.1432,13.1621,10583265,12.397404761904754,11.331186000000004,9.915928000000006,8.465959,77.1041390189932,13.329243337926616,12.419770000000007,11.510296662073397,0.5145542582244627,0.4660842259853718,Bullish,13.3137,4.5635,24866952.095238097,13.332533333333334,13.502966666666667,13.597633333333334,13.067433333333334,12.972766666666667,12.802333333333333
641,2003-06-18,13.1621,13.2568,13.0675,13.1432,6813692,12.454219047619041,11.402394000000005,9.961191000000007,8.505984,76.30327990066723,13.42238468562827,12.468060000000007,11.513735314371743,0.5090109726810681,0.47466957532451104,Bullish,13.3137,4.5635,24975852.095238097,13.244166666666667,13.345133333333333,13.433466666666666,13.054866666666667,12.966533333333334,12.865566666666668
642,2003-06-19,13.1432,13.3137,12.8023,12.9538,13480640,12.491190476190468,11.470572000000004,10.002476000000007,8.545231,68.61227471209644,13.47383380365328,12.506880000000006,11.539926196346732,0.4837584159427273,0.4764873434481543,Bullish,13.3137,4.5635,23631874.85714286,13.244233333333332,13.534666666666666,13.755633333333332,12.732833333333332,12.511866666666666,12.221433333333332
643,2003-06-20,12.9538,13.0485,12.8781,12.9159,5916719,12.526357142857133,11.529280000000004,10.047738000000008,8.584373,67.15361754769327,13.51219369036285,12.546650000000007,11.581106309637164,0.4554373710230273,0.4722773489631289,Bearish,13.3137,4.5635,22816062.57142857,13.0169,13.1179,13.1873,12.846499999999999,12.777099999999999,12.676099999999998
644,2003-06-23,12.9159,13.0675,12.897,12.9349,4967020,12.565138095238089,11.587990000000001,10.096410000000008,8.623778999999999,67.52633675068974,13.547118388881422,12.586420000000007,11.625721611118593,0.429574018211035,0.46373668281271013,Bearish,13.3137,4.5635,22345917.095238097,13.035933333333334,13.136966666666668,13.206433333333335,12.865433333333334,12.795966666666667,12.694933333333333
645,2003-06-24,12.9349,13.1243,12.897,12.9538,8192819,12.603914285714279,11.650864000000002,10.145649000000008,8.663026,67.91634247536817,13.578538765736385,12.626190000000006,11.673841234263628,0.40592296950407736,0.45217394015098356,Bearish,13.3137,4.5635,21980557.61904762,13.0864,13.219,13.313699999999999,12.8591,12.7644,12.6318
646,2003-06-25,12.9538,13.1053,12.9349,12.9728,8786778,12.64269523809523,11.71071,10.195078000000008,8.7021145,68.32814563172637,13.604166139472058,12.667855000000007,11.731543860527955,0.38428271231766864,0.4385956945843206,Bearish,13.3137,4.5635,21812821.333333332,13.073766666666666,13.174733333333332,13.244166666666665,12.903366666666667,12.833933333333334,12.732966666666668
647,2003-06-26,12.9728,13.1432,12.7455,12.897,7219616,12.678766666666657,11.771692000000003,10.242045000000008,8.7407395,64.7571149691545,13.618202737592682,12.702890000000007,11.787577262407332,0.356902081048343,0.4222569718771251,Bearish,13.3137,4.5635,21332421.095238097,13.111633333333334,13.326266666666667,13.509333333333334,12.713933333333333,12.530866666666666,12.316233333333333
648,2003-06-27,12.897,12.9917,12.6887,12.7455,6497972,12.704919047619038,11.824720000000003,10.287308000000007,8.778438,58.20905559715654,13.614304176565867,12.731295000000006,11.848285823434146,0.3192972892441901,0.4016650353505381,Bearish,13.3137,4.5635,19149036.57142857,12.928566666666665,13.111633333333332,13.231566666666664,12.625566666666666,12.505633333333334,12.322566666666667
649,2003-06-30,12.7455,12.8781,12.4614,12.5372,2999651,12.722052380952372,11.871308,10.334086000000006,8.8146725,50.628796642722186,13.593336356662025,12.753075000000006,11.912813643337987,0.269579605759521,0.3752479494323347,Bearish,13.3137,4.5635,18759537.57142857,12.789733333333333,13.042266666666666,13.206433333333333,12.373033333333332,12.208866666666665,11.956333333333331
650,2003-07-01,12.5372,12.6508,12.4804,12.5372,2962171,12.74279523809523,11.921684,10.380864000000006,8.8508225,50.62879664272217,13.565365272792176,12.775800000000007,11.986234727207838,0.22755487247940032,0.3457093340417478,Bearish,13.3137,4.5635,18198218.57142857,12.63186666666667,12.726533333333336,12.802266666666672,12.46146666666667,12.385733333333334,12.29106666666667
651,2003-07-02,12.5372,12.8402,12.5182,12.6698,9591640,12.770752380952374,11.974712,10.428968000000005,8.887889,54.959153195792965,13.540835123179649,12.80137000000001,12.06190487682037,0.20261407150518274,0.3170902815344348,Bearish,13.3137,4.5635,18031359.57142857,12.83393333333333,12.998066666666665,13.15593333333333,12.511933333333332,12.354066666666666,12.189933333333332
652,2003-07-03,12.6698,12.9917,12.6698,12.7455,13250680,12.798709523809515,12.034557999999999,10.477829000000003,8.9252495,57.263691789971624,13.500911444584002,12.83356500000001,12.16621855541602,0.18680331209227496,0.2910328876460028,Bearish,13.3137,4.5635,18021679.57142857,12.93486666666667,13.124233333333335,13.25676666666667,12.61296666666667,12.480433333333336,12.291066666666671
653,2003-07-04,12.7455,12.9538,12.594,12.6319,6746990,12.823961904761894,12.086827999999999,10.525554000000005,8.9624645,52.8902793612244,13.442152503650615,12.861025000000009,12.279897496349403,0.16322504403837357,0.26547131892447695,Bearish,13.3137,4.5635,18093674.57142857,12.85913333333333,13.086366666666665,13.21893333333333,12.49933333333333,12.366766666666665,12.13953333333333
654,2003-07-07,12.6319,12.6887,12.3667,12.4993,5124562,12.843799999999991,12.137581999999998,10.566840000000004,8.998932,48.257362086352515,13.382725202381975,12.87996500000001,12.377204797618043,0.1323141497620881,0.2388398850919992,Bearish,13.3137,4.5635,18208231.285714287,12.66976666666667,12.840233333333336,12.99176666666667,12.347766666666669,12.196233333333334,12.025766666666668
655,2003-07-08,12.4993,12.9159,12.5182,12.8591,14260092,12.87897142857142,12.186821999999998,10.611345000000004,9.037198499999999,58.80249229283332,13.371897333584727,12.897010000000009,12.42212266641529,0.1352903533944918,0.2181299787524977,Bearish,13.3137,4.5635,18056799.80952381,13.0106,13.1621,13.4083,12.6129,12.3667,12.2152
656,2003-07-09,12.8591,13.0675,12.8402,12.897,11238843,12.897009523809515,12.239091999999998,10.657933000000003,9.075569999999999,59.73340932225931,13.351790814576205,12.886595000000009,12.421399185423812,0.13910372828148,0.20232472865829415,Bearish,13.3137,4.5635,18353885.04761905,13.029599999999999,13.1622,13.2569,12.802299999999997,12.707599999999998,12.574999999999996
657,2003-07-10,12.897,13.1243,12.9159,12.9917,13439984,12.891599999999992,12.293256,10.706226000000004,9.114415,62.04145821237562,13.340709070609511,12.881860000000009,12.423010929390506,0.1480606034404417,0.19147190361472366,Bearish,13.3137,4.5635,16428775.047619049,13.105366666666665,13.219033333333332,13.313766666666664,12.896966666666666,12.802233333333334,12.688566666666667
658,2003-07-11,12.9917,13.1811,12.9728,13.0675,10465109,12.89069999999999,12.342495999999999,10.753383000000007,9.153385499999999,63.828640635036884,13.302679597289222,12.871445000000008,12.440210402710795,0.15943752154572088,0.1850650272009231,Bearish,13.3137,4.5635,12672935.047619049,13.174800000000001,13.282100000000002,13.383100000000002,12.9665,12.865499999999999,12.758199999999999
659,2003-07-14,13.0675,13.4273,13.0485,13.2758,30934769,12.89069999999999,12.386434,10.804138000000005,9.193313,68.25225263550571,13.293261706233555,12.869550000000007,12.44583829376646,0.1831506337758313,0.18468214851590475,Bearish,13.3137,4.5635,10879261.333333334,13.452566666666662,13.629333333333332,13.831366666666662,13.073766666666662,12.871733333333331,12.694966666666662
660,2003-07-15,13.2758,13.3894,12.6129,12.6887,10247853,12.860938095238085,12.419386,10.851863000000005,9.2300515,49.77519973010248,13.254187210810244,12.845880000000005,12.437572789189765,0.15280790821508106,0.17830730045574,Bearish,13.3137,4.648,10298491.57142857,13.1811,13.6735,13.957600000000001,12.4046,12.1205,11.6281
661,2003-07-16,12.6887,13.0296,12.0637,12.9349,16281458,12.850119047619037,12.459914,10.902428000000004,9.2679365,55.24664391404019,13.223003340167393,12.835465000000005,12.447926659832616,0.14693360291004787,0.17203256094660158,Bearish,13.3137,4.7156,9700993.57142857,13.28843333333333,13.641966666666665,14.25433333333333,12.32253333333333,11.710166666666666,11.356633333333331
662,2003-07-17,12.9349,13.3705,12.9728,13.1243,12417232,12.849219047619039,12.499685999999997,10.958107000000005,9.306768499999999,58.95139290990603,13.248687120819522,12.843990000000005,12.439292879180488,0.15576560185442467,0.1687791691281662,Bearish,13.3137,4.7325,9972336.095238095,13.338933333333333,13.553566666666667,13.736633333333334,12.941233333333333,12.758166666666666,12.543533333333333
663,2003-07-18,13.1243,13.3137,13.0485,13.0675,7692878,12.854633333333325,12.537563999999998,11.010945000000007,9.346077000000001,57.416345576195305,13.26690970241186,12.851570000000006,12.436230297588152,0.15637909844213205,0.16629915499095937,Bearish,13.3137,4.7325,10239171.333333334,13.237966666666665,13.408433333333333,13.503166666666665,12.972766666666665,12.878033333333333,12.707566666666665
664,2003-07-21,13.0675,13.7871,13.1811,13.503,42544598,12.882590476190465,12.569379999999999,11.062646000000004,9.3876475,64.95192107943602,13.382730530550726,12.879975000000007,12.377219469449289,0.18981840091464264,0.17100300417569603,Bullish,13.3137,4.7325,9963563.61904762,13.799700000000001,14.096400000000001,14.405700000000001,13.193700000000002,12.884400000000001,12.587700000000002
665,2003-07-22,13.503,13.5788,13.0864,13.2,10759229,12.895214285714273,12.601196,11.115105000000005,9.4272805,57.34810318383935,13.41338974292544,12.892285000000006,12.371180257074572,0.18968317178723915,0.17473903769800464,Bullish,13.503,4.7325,11707748.333333334,13.490399999999996,13.780799999999997,13.982799999999996,12.997999999999996,12.795999999999998,12.505599999999996
666,2003-07-23,13.2,13.4462,12.9917,13.2379,14580893,12.908742857142846,12.630362,11.166239000000008,9.4666805,58.0102649578543,13.447241749673559,12.905540000000007,12.363838250326456,0.1904389532767432,0.17787902081375234,Bullish,13.503,4.7664,11983567.80952381,13.458833333333336,13.679766666666668,13.913333333333336,13.004333333333337,12.770766666666669,12.549833333333337
667,2003-07-24,13.2379,13.5409,13.2947,13.3326,10035680,12.92587619047618,12.661422,11.217751000000007,9.506385,59.69406385512729,13.50003701074723,12.927320000000009,12.354602989252788,0.1964152612439971,0.18158626889980128,Bullish,13.503,4.7664,12287761.80952381,13.4841,13.6356,13.7303,13.2379,13.1432,12.9917
668,2003-07-25,13.3326,13.4273,13.1811,13.2,5905284,12.94030476190475,12.690586000000001,11.27021000000001,9.545004,56.290304020003646,13.528143820184921,12.950045000000008,12.371946179815096,0.18828142547766902,0.18292530021537484,Bullish,13.503,4.7664,12347233.333333334,13.357833333333332,13.515666666666666,13.604033333333332,13.111633333333332,13.023266666666666,12.865433333333332
669,2003-07-28,13.2,13.4273,13.2568,13.3515,6663137,12.969161904761894,12.724295999999999,11.32456300000001,9.5838735,59.15587488799977,13.561472209085506,12.990760000000009,12.420047790914511,0.19184857494305163,0.1847099551609102,Bullish,13.503,4.8002,12284646.095238095,13.4336,13.5157,13.6041,13.2631,13.1747,13.0926
670,2003-07-29,13.3515,13.503,13.2758,13.2947,5965633,13.005233333333322,12.751187999999999,11.374749000000008,9.622205,57.630398887872545,13.57389359287059,13.028635000000008,12.483376407129427,0.18792598748780343,0.18535316162628884,Bullish,13.503,4.8002,12292511.095238095,13.439866666666664,13.585033333333332,13.667066666666663,13.212666666666664,13.130633333333332,12.985466666666664
671,2003-07-30,13.2947,13.4273,13.1811,13.3515,3873755,13.044009523809512,12.774669999999999,11.422473000000009,9.660059999999998,58.7752530811646,13.599148592078517,13.062720000000008,12.526291407921498,0.18724218264408776,0.18573096582984863,Bullish,13.503,4.8002,12433748.333333334,13.458833333333335,13.566166666666668,13.705033333333335,13.212633333333335,13.073766666666668,12.966433333333335
672,2003-07-31,13.3515,13.9197,13.3515,13.7303,26732591,13.094509523809512,12.805727999999998,11.47398500000001,9.699301999999998,65.47522495186145,13.701081574549338,13.111960000000007,12.522838425450676,0.21479028787885035,0.19154283023964896,Bullish,13.503,4.8002,12477157.095238095,13.982833333333334,14.235366666666668,14.551033333333335,13.414633333333333,13.098966666666666,12.846433333333332
673,2003-08-01,13.7303,14.0144,13.5977,13.6545,18795777,13.137795238095226,12.836407999999999,11.524739000000011,9.7385875,63.25965375579492,13.754178429593496,13.163090000000008,12.572001570406519,0.22787908499578613,0.1988100811908764,Bullish,13.7303,4.8002,13293392.857142856,13.913366666666665,14.172233333333333,14.330066666666665,13.496666666666664,13.338833333333332,13.079966666666664
674,2003-08-04,13.6545,14.0144,13.6356,13.7492,12262866,13.190999999999988,12.868602,11.57928100000001,9.778853499999999,64.85951359479925,13.78624941397645,13.225585000000006,12.664920586023563,0.24309134387662468,0.20766633372802606,Bullish,13.7303,4.8002,13557445.095238095,13.963866666666668,14.178533333333334,14.342666666666668,13.585066666666668,13.420933333333334,13.206266666666668
675,2003-08-05,13.7492,14.3553,13.5977,13.9007,42331790,13.25773333333332,12.903448,11.633444000000008,9.819538999999999,67.31183070063213,13.884121165851521,13.277665000000008,12.671208834148494,0.26432497868210447,0.21899806271884176,Bullish,13.7492,4.8002,13820105.857142856,14.30476666666667,14.708833333333335,15.06236666666667,13.54716666666667,13.193633333333334,12.78956666666667
676,2003-08-06,13.9007,14.7719,14.0144,14.6393,44663157,13.342504761904747,12.953444,11.69347800000001,9.8623965,76.07708189092942,14.188953400686655,13.364780000000007,12.540606599313358,0.3368684249977143,0.24257213517461626,Bullish,13.9007,4.8509,15591878.61904762,14.936000000000002,15.232700000000001,15.693500000000002,14.178500000000001,13.7177,13.421000000000001
677,2003-08-07,14.6393,15.7188,14.6962,15.7188,48907898,13.476876190476176,13.023894,11.761277000000009,9.9099755,83.17725177043535,14.79933966225448,13.501135000000009,12.202930337745537,0.4759794621396001,0.289253600567613,Bullish,14.6393,4.8678,17039643.61904762,16.059666666666665,16.400533333333335,17.08226666666667,15.037066666666666,14.355333333333332,14.014466666666666
678,2003-08-08,15.7188,16.893,16.59,16.893,22360800,13.662652380952366,13.118206,11.836841000000009,9.962918499999999,87.51709739318858,15.642367080450605,13.692410000000006,11.742452919549407,0.6732136996480325,0.3660456203836969,Bullish,15.7188,4.9185,18833408.14285714,16.994000000000003,17.095000000000002,17.297000000000004,16.691000000000003,16.489,16.388
679,2003-08-11,16.893,18.1429,16.9688,17.5937,32901503,13.8781857142857,13.228048000000001,11.921116000000008,10.020885999999999,89.29230115202218,16.482249437220684,13.908305000000007,11.334360562779331,0.8759662937113575,0.46802975504922906,Bullish,16.893,4.9185,19258208.904761903,18.16813333333333,18.742566666666665,19.34223333333333,16.99403333333333,16.394366666666667,15.819933333333331
680,2003-08-12,17.5937,17.802,17.0445,17.3854,13880213,14.073880952380938,13.334102,12.004255000000008,10.0768825,85.40406182303258,17.06292607325936,14.143140000000008,11.223353926740657,1.008218995114687,0.5760676030623206,Bullish,17.5937,4.9185,20326608.61904762,17.776766666666667,18.168133333333333,18.534266666666667,17.019266666666667,16.653133333333333,16.261766666666666
681,2003-08-13,17.3854,17.7642,16.570999999999998,17.0066,18348561,14.279495238095224,13.431066000000001,12.080766000000008,10.131153999999999,78.69315349264026,17.462375038033713,14.346725000000006,11.2310749619663,1.070128444987784,0.6748797714474133,Bullish,17.5937,4.9185,19514486.904761903,17.656866666666666,18.307133333333333,18.850066666666667,16.463666666666665,15.920733333333331,15.270466666666664
682,2003-08-14,17.3854,17.7642,16.570999999999998,17.0066,18348561,14.473385714285698,13.529166000000002,12.157087000000008,10.1852565,78.69315349264026,17.807746036848847,14.540840000000006,11.273933963151167,1.1064378037773857,0.7611913779134077,Bullish,17.5937,4.9185,19900234.904761903,17.656866666666666,18.307133333333333,18.850066666666667,16.463666666666665,15.920733333333331,15.270466666666664
683,2003-08-15,17.0066,17.0066,16.1733,16.5142,17194312,14.634809523809508,13.617796,12.228863000000008,10.2368125,70.35834138692856,18.014471931737464,14.713175000000007,11.411878068262547,1.0829965572019749,0.8255524137711212,Bullish,17.5937,5.0368,19998668.38095238,16.956099999999996,17.397999999999996,17.789399999999993,16.122799999999998,15.7314,15.2895
684,2003-08-18,16.5142,17.3475,15.965,17.1771,25523075,14.830504761904747,13.718928,12.30821500000001,10.291851999999999,74.30415389582966,18.31519126411849,14.896880000000007,11.478568735881524,1.1051699787488527,0.8814759267666675,Bullish,17.5937,5.0368,20226148.38095238,17.69473333333333,18.212366666666664,19.07723333333333,16.312233333333328,15.447366666666664,14.929733333333328
685,2003-08-19,17.1771,18.0672,16.7036,17.7642,58381381,15.033419047619034,13.823848,12.393627000000011,10.349235499999999,77.1990656698795,18.666976098055528,15.125090000000009,11.58320390194449,1.1567819759294675,0.9365371365992275,Bullish,17.5937,5.0368,21075205.38095238,18.319733333333332,18.875266666666665,19.68333333333333,16.956133333333334,16.14806666666667,15.592533333333336
686,2003-08-20,17.7642,18.0672,17.6127,17.6316,19665434,15.244447619047605,13.914374,12.47619800000001,10.4042515,75.1400483153888,18.935893543225674,15.344775000000007,11.75365645677434,1.1734582474991289,0.9839213587792078,Bullish,17.7642,5.0537,21829337.904761903,17.928299999999997,18.224999999999998,18.382799999999996,17.473799999999997,17.316,17.019299999999998
687,2003-08-21,17.6316,17.9535,17.0824,17.3854,11891245,15.441947619047605,14.000354,12.556875000000009,10.458226000000002,71.33566818826155,19.118821017956996,15.547415000000006,11.976008982043016,1.1535110728314972,1.0178393015896656,Bullish,17.7642,5.0537,22253442.904761903,17.865133333333333,18.344866666666665,18.73623333333333,16.994033333333334,16.602666666666668,16.122933333333336
688,2003-08-22,17.3854,17.7642,16.9688,17.195999999999998,17541158,15.625919047619034,14.078758,12.633575000000008,10.511348,68.463891760508,19.21661780871213,15.747215000000006,12.277812191287884,1.1096286872903995,1.0361971787298123,Bullish,17.7642,5.0537,22125364.42857143,17.650533333333335,18.105066666666666,18.445933333333333,16.855133333333338,16.51426666666667,16.05973333333334
689,2003-08-25,17.195999999999998,17.499000000000002,17.1203,17.3286,24739811,15.822519047619034,14.159056,12.710086000000008,10.563807500000001,69.39288908441821,19.297315773798093,15.946070000000006,12.594824226201919,1.0731803375098767,1.0435938104858251,Bullish,17.7642,5.0537,22482768.14285714,17.511633333333336,17.69466666666667,17.890333333333338,17.132933333333334,16.937266666666666,16.75423333333333
690,2003-08-26,17.3286,17.6884,16.893,17.4233,37759895,16.016414285714273,14.244280000000002,12.787733000000008,10.6156985,70.0709831665989,19.329115175937993,16.152500000000007,12.97588482406202,1.0399483787073596,1.042864724130132,Bearish,17.7642,5.0537,23379650.38095238,17.7768,18.130300000000002,18.572200000000002,16.9814,16.5395,16.186
691,2003-08-27,17.4233,17.5748,17.1581,17.195999999999998,11188658,16.202190476190463,14.325336000000002,12.863865000000008,10.665317,66.27560166921988,19.275892075330184,16.344725000000004,13.413557924669822,0.9839284864409166,1.031077476592289,Bearish,17.7642,5.0537,24860448.38095238,17.461166666666667,17.726333333333333,17.877866666666666,17.04446666666667,16.892933333333335,16.62776666666667
692,2003-08-28,17.195999999999998,17.7074,17.2528,17.6316,15747212,16.40600476190475,14.418892000000003,12.944732000000005,10.717492,69.66648664946298,19.260764980333306,16.539790000000004,13.8188150196667,0.9635741151616166,1.0175768043061546,Bearish,17.7642,5.0537,25109163.85714286,17.8084,17.9852,18.262999999999998,17.3538,17.076,16.8992
693,2003-08-29,17.6316,18.0861,17.3475,17.3475,23495357,16.57825238095237,14.507524000000004,13.018402000000007,10.768719999999998,65.07107050267555,19.118771172916375,16.72444000000001,14.330108827083643,0.9139828087158754,0.9968580051880988,Bearish,17.7642,5.0537,25674566.57142857,17.839899999999997,18.332299999999996,18.578499999999995,17.1013,16.8551,16.3627
694,2003-09-01,17.3475,17.6316,17.195999999999998,17.6127,9832400,16.766738095238086,14.601080000000003,13.094535000000008,10.8218425,67.24321717590097,18.91033826154414,16.91761500000001,14.924891738455877,0.8858690180963826,0.9746602077697555,Bearish,17.7642,5.0537,25520412.57142857,17.764199999999995,17.915699999999998,18.199799999999996,17.328599999999994,17.044499999999996,16.892999999999994
695,2003-09-02,17.6127,17.9725,17.5369,17.6884,25239118,16.95431904761904,14.695772000000003,13.173318000000009,10.8756275,67.857669619588,18.56506240058474,17.10700000000001,15.648937599415282,0.8597859169774473,0.9516853496112938,Bearish,17.7642,5.0537,25093585.095238097,17.928300000000004,18.168200000000002,18.363900000000005,17.492700000000003,17.297,17.057100000000002
696,2003-09-03,17.6884,17.7452,17.2339,17.2718,16531746,17.114847619047612,14.781752000000004,13.246231000000009,10.9281815,61.06856053057397,18.157411455874712,17.23862500000001,16.319838544125307,0.7963192603517584,0.9206121317593867,Bearish,17.7642,5.0537,25711501.85714286,17.60003333333333,17.928266666666666,18.11133333333333,17.088733333333327,16.90566666666666,16.577433333333325
697,2003-09-04,17.2718,17.3286,16.6657,16.7604,11118146,17.215852380952374,14.859020000000003,13.315356000000008,10.9791255,53.93493733094936,17.936526546480664,17.29070500000001,16.644883453519355,0.6967243668660856,0.8758345787807265,Bearish,17.7642,5.0537,24482928.333333332,17.170766666666665,17.581133333333334,17.833666666666666,16.507866666666665,16.255333333333333,15.844966666666664
698,2003-09-05,16.7604,17.195999999999998,16.3817,17.1013,14156546,17.281685714285707,14.946136000000003,13.385428000000008,11.0300695,57.49897925736776,17.92737280709842,17.30112000000001,16.674867192901605,0.6379486028318304,0.8282573835909472,Bearish,17.7642,5.0537,22885546.85714286,17.404299999999996,17.707299999999996,18.218599999999995,16.589999999999996,16.078699999999998,15.775699999999997
699,2003-09-08,17.1013,17.3286,16.9498,17.0256,6974410,17.287999999999993,15.035904000000006,13.45360600000001,11.080350999999999,56.45444463668918,17.894829816652443,17.272715000000012,16.65060018334758,0.5785903990690144,0.7783239866865607,Bearish,17.7642,5.0537,21230720.57142857,17.252866666666666,17.480133333333335,17.631666666666668,16.874066666666664,16.72253333333333,16.495266666666662
700,2003-09-09,17.0256,17.1392,16.8741,16.9688,2962806,17.258242857142847,15.124536000000004,13.52311000000001,11.130348499999998,55.63773202490937,17.885307902253448,17.25188500000001,16.61846209774657,0.5209600069577576,0.7268511907408001,Bearish,17.7642,5.0537,20498035.333333332,17.11396666666667,17.259133333333335,17.37906666666667,16.84886666666667,16.728933333333334,16.58376666666667
701,2003-09-10,16.9688,17.3665,17.0445,17.1771,9844469,17.2483238095238,15.214682000000005,13.594697000000012,11.179682999999997,58.03535187820137,17.884925399008683,17.26041000000001,16.63589460099134,0.48648764838674197,0.6787784822699885,Bearish,17.7642,5.0537,19072383.095238097,17.347566666666665,17.51803333333333,17.669566666666665,17.025566666666666,16.874033333333333,16.703566666666667
702,2003-09-11,17.1771,17.6316,16.7794,17.4043,30512328,17.267261904761895,15.307858000000005,13.67120800000001,11.230153499999998,60.54043759303157,17.896488795732537,17.28029500000001,16.66410120426748,0.4720595879862408,0.6374347034132389,Bearish,17.7642,5.0537,18880204.80952381,17.76413333333333,18.123966666666664,18.61633333333333,16.91193333333333,16.419566666666665,16.05973333333333
703,2003-09-12,17.4043,17.7452,17.4233,17.4233,23728493,17.28710476190475,15.403686000000008,13.745257000000011,11.280719,60.7514425515089,17.833824740564438,17.325750000000006,16.817675259435575,0.456891625131302,0.6013260877568516,Bearish,17.7642,5.0537,19459431.80952381,17.637900000000005,17.852500000000003,17.959800000000005,17.316000000000006,17.208700000000004,16.994100000000007
704,2003-09-15,17.4233,17.6505,17.0824,17.1392,8347185,17.316866666666655,15.496484000000008,13.817033000000011,11.329296,55.9350003035528,17.834409986166143,17.32385500000001,16.813300013833874,0.41713790351981217,0.5644884509094437,Bearish,17.7642,5.0537,19715619.04761905,17.498999999999995,17.8588,18.067099999999996,16.930899999999994,16.722599999999996,16.362799999999993
705,2003-09-16,17.1392,17.1771,16.287,16.287,6853077,17.27448095238094,15.565042000000007,13.875932000000011,11.373422499999998,44.53037347020345,17.89426055852358,17.249995000000006,16.60572944147643,0.3132563506501853,0.514242030857592,Bearish,17.7642,5.1044,19294327.285714287,16.8804,17.4738,17.770500000000002,15.990300000000001,15.6936,15.100200000000001
706,2003-09-17,16.287,16.6657,15.4726,15.4726,14162264,17.16535714285713,15.616554000000006,13.927823000000012,11.4136665,36.80697444757913,18.12752327063793,17.142045000000007,16.156566729362083,0.16333141491870862,0.44405990766981535,Bearish,17.7642,5.1551,18405279.76190476,16.268,17.0634,17.461100000000002,15.0749,14.6772,13.881799999999998
707,2003-09-18,15.4726,16.3438,15.5105,16.287,21923748,17.10132857142856,15.682460000000006,13.987858000000012,11.457129999999998,46.752660225789164,18.132820297636677,17.087125000000007,16.041429702363338,0.10897391353457664,0.3770427088427676,Bearish,17.7642,5.1720000000000015,16299607.523809524,16.5837,16.8804,17.417,15.750399999999999,15.213799999999999,14.917099999999998
708,2003-09-19,16.287,16.2112,15.5294,15.6809,5616245,17.020161904761892,15.734728000000004,14.038612000000015,11.496142499999996,41.515808394070135,18.221182536056556,17.011370000000007,15.801557463943457,0.016794402039490564,0.3049930474821122,Bearish,17.7642,5.1889,16407146.285714285,16.084933333333332,16.48896666666667,16.766733333333335,15.403133333333333,15.125366666666666,14.721333333333332
709,2003-09-22,15.6809,15.3401,14.9045,14.9045,3025696,16.911042857142846,15.767302000000004,14.076868000000015,11.530042499999997,35.95930953668441,18.397658624895097,16.890165000000007,15.382671375104916,-0.11755244488161054,0.22048394900936763,Bearish,17.7642,5.1889,16108336.761904761,15.194899999999999,15.485299999999999,15.630499999999998,14.7593,14.6141,14.3237
710,2003-09-23,14.9045,14.8477,14.1659,14.3931,10233878,16.77125714285713,15.801390000000003,14.110388000000016,11.562615999999997,32.84136221397926,18.57466590571361,16.73865500000001,14.902644094286408,-0.2622657586245616,0.12393400748258178,Bearish,17.7642,5.1889,15417124.285714285,14.771899999999999,15.150699999999999,15.453699999999998,14.0901,13.7871,13.4083
711,2003-09-24,14.3931,14.7719,13.6924,14.5825,9624038,16.63598095238094,15.834342000000003,14.147128000000016,11.595094999999997,35.08626711388101,18.655075554779867,16.60798000000001,14.56088444522015,-0.3575475200057969,0.027637701984906032,Bearish,17.7642,5.1889,14726365.57142857,15.005466666666667,15.428433333333334,16.084966666666666,13.925966666666666,13.269433333333332,12.846466666666664
712,2003-09-25,14.5825,15.1128,14.3553,15.0181,10865951,16.532271428571416,15.872218000000005,14.185952000000016,11.627668999999996,40.04967737006883,18.57927562060801,16.47730500000001,14.375334379392006,-0.39337513909359423,-0.056564866230794014,Bearish,17.7642,5.1889,13386562.857142856,15.302166666666665,15.586233333333332,16.059666666666665,14.544666666666664,14.071233333333332,13.787166666666664
713,2003-09-26,15.0181,15.2264,14.2795,14.2795,9327376,16.372647619047605,15.896458000000004,14.217011000000015,11.656928499999998,35.14298973779294,18.590791796004538,16.323905000000007,14.057018203995476,-0.475881961580118,-0.14042828530065882,Bearish,17.7642,5.1889,13371195.857142856,14.91076666666667,15.542033333333334,15.857666666666669,13.96386666666667,13.648233333333335,13.01696666666667
714,2003-09-29,14.2795,14.0901,13.5788,13.5788,3617749,16.1931857142857,15.897974000000003,14.233677000000016,11.682779499999995,31.233520298722624,18.602325730283535,16.122210000000006,13.642094269716477,-0.5909971990088181,-0.23054206804229066,Bearish,17.7642,5.1889,13065489.38095238,13.91966666666667,14.260533333333335,14.43096666666667,13.40836666666667,13.237933333333334,12.89706666666667
715,2003-09-30,13.5788,14.5825,13.0675,14.2038,17637081,16.030857142857126,15.918050000000003,14.259623000000015,11.710618999999992,37.8724204119757,18.452978767744128,15.947980000000006,13.442981232255887,-0.6245946391708035,-0.3093525822679932,Bearish,17.7642,5.1889,12118936.61904762,14.835033333333334,15.466266666666666,16.350033333333332,13.320033333333335,12.436266666666668,11.805033333333336
716,2003-10-01,14.2038,14.4878,14.0144,14.3931,8053064,15.87393809523808,15.941154000000004,14.285758000000014,11.73940499999999,39.76910001799775,18.319036088234622,15.804045000000007,13.289053911765393,-0.6286986775977628,-0.3732218013339471,Bearish,17.7642,5.1889,12490588.095238095,14.582466666666667,14.771833333333333,15.055866666666667,14.109066666666667,13.825033333333334,13.635666666666667
717,2003-10-02,14.3931,15.3969,14.2984,15.2454,17151115,15.777442857142844,15.979410000000005,14.320416000000014,11.769232999999991,47.5352177910176,18.214601858354246,15.728295000000008,13.241988141645768,-0.5567596914354347,-0.4099293793542446,Bearish,17.7642,5.1889,11672204.57142857,15.662066666666664,16.078733333333332,16.760566666666662,14.563566666666665,13.881733333333333,13.465066666666665
718,2003-10-03,15.2454,15.3022,14.8098,14.9613,11159437,15.691771428571414,16.014636000000007,14.352611000000014,11.797166999999991,45.432344072979404,18.04545537297438,15.621295000000009,13.197134627025639,-0.5167156459642595,-0.43128663267624756,Bearish,17.7642,5.1889,11701698.333333334,15.23906666666667,15.516833333333334,15.73146666666667,14.74666666666667,14.532033333333334,14.25426666666667
719,2003-10-06,14.9613,15.2454,14.8666,14.8855,4660194,15.586257142857129,16.045316000000003,14.384806000000015,11.82462749999999,44.8621010637975,17.868991166517585,15.514290000000008,13.159588833482431,-0.48550033232200995,-0.44212937260540003,Bearish,17.7642,5.1889,11703664.57142857,15.131733333333335,15.377966666666667,15.510533333333335,14.752933333333335,14.620366666666667,14.374133333333335
720,2003-10-07,14.8855,15.3211,14.4878,15.056,12031635,15.492466666666653,16.080542000000005,14.415865000000014,11.85312999999999,46.489062452489954,17.682919335127604,15.418650000000008,13.154380664872413,-0.44190998308865836,-0.4420854947020517,Bullish,17.7642,5.1889,11251457.333333334,15.422133333333331,15.788266666666665,16.25543333333333,14.588833333333332,14.121666666666666,13.755533333333332
721,2003-10-08,15.056,15.4347,14.9613,14.9613,12686578,15.396871428571414,16.112738000000007,14.443704000000015,11.883241999999989,45.68277520384518,17.429468458127715,15.307860000000009,13.186251541872302,-0.4102764048222003,-0.4357236767260814,Bullish,17.7642,5.1889,11492277.57142857,15.276900000000003,15.592500000000001,15.750300000000003,14.803500000000003,14.645700000000001,14.330100000000003
722,2003-10-09,14.9613,15.2264,14.3363,15.037,8690855,15.29496190476189,16.138872000000006,14.472300000000013,11.912974999999987,46.481819630178435,17.081806351204985,15.189495000000008,13.29718364879503,-0.3747780012821291,-0.423534541637291,Bullish,17.7642,5.1889,11955314.333333334,15.396833333333332,15.756666666666666,16.28693333333333,14.506733333333331,13.976466666666665,13.616633333333331
723,2003-10-10,15.037,15.3401,14.431,14.9613,10073795,15.178628571428558,16.165008000000007,14.500708000000014,11.942802999999987,45.75692502387875,16.65783002723146,15.066395000000009,13.474959972768557,-0.3487336338215936,-0.4085743600741515,Bullish,17.7642,5.1889,11900380.333333334,15.390600000000001,15.8199,16.2997,14.4815,14.0017,13.5724
724,2003-10-13,14.9613,15.1507,14.6772,14.6772,1396280,15.047861904761893,16.183568000000008,14.526085000000014,11.972062499999987,43.04384358996093,16.22510678099586,14.943295000000006,13.661483219004156,-0.34701757801836486,-0.39626300366299416,Bullish,17.7642,5.1889,10927116.857142856,14.992866666666668,15.308533333333335,15.46636666666667,14.519366666666667,14.361533333333332,14.045866666666665
725,2003-10-14,14.6772,14.6393,13.9576,14.2606,5679135,14.910785714285701,16.190766000000007,14.547107000000015,11.99914449999999,39.35850567852906,15.997000687809349,14.841975000000009,13.686949312190668,-0.3749515220127755,-0.39200070733295045,Bullish,17.7642,5.2734,9863678.142857144,14.61406666666667,14.967533333333336,15.29576666666667,13.932366666666669,13.604133333333333,13.250666666666667
726,2003-10-15,14.2606,14.6772,14.0523,14.5825,7119882,14.829619047619035,16.189630000000005,14.571537000000014,12.028214499999988,43.391558092294666,15.920007053464014,14.797470000000008,13.674932946536002,-0.36688550637292394,-0.38697766714094517,Bullish,17.7642,5.3579,9736628.142857144,14.822366666666666,15.062233333333332,15.447266666666664,14.197466666666667,13.812433333333335,13.572566666666669
727,2003-10-16,14.5825,14.8098,14.4689,14.4878,3154016,14.782723809523796,16.165010000000006,14.594452000000015,12.054064999999987,42.49613742322331,15.603700497383045,14.707510000000008,13.811319502616971,-0.36393936299272234,-0.3823700063113006,Bullish,17.7642,5.3917,9749333.142857144,14.708766666666667,14.929733333333333,15.049666666666667,14.367866666666668,14.247933333333334,14.026966666666668
728,2003-10-17,14.4878,14.6204,14.1659,14.431,5148066,14.694342857142844,16.115770000000005,14.616988000000015,12.079536999999986,41.937147730895155,15.428168142814288,14.645015000000006,13.861861857185724,-0.36201472800261847,-0.37829895064956415,Bullish,17.7642,5.4762,9225130.857142856,14.645633333333333,14.860266666666666,15.100133333333332,14.191133333333333,13.951266666666667,13.736633333333334
729,2003-10-20,14.431,14.9045,14.3931,14.7908,4840605,14.65195714285713,16.059712000000005,14.643880000000015,12.107659999999987,46.71827319061768,15.416493900602601,14.639330000000006,13.862166099397411,-0.3276793048280062,-0.36817502148525255,Bullish,17.7642,5.5776,8426288.857142856,14.999166666666671,15.207533333333336,15.510566666666671,14.487766666666671,14.184733333333336,13.97636666666667
730,2003-10-21,14.7908,15.5105,14.9992,15.3211,18753851,14.671795238095225,16.018426000000005,14.676264000000014,12.137298499999988,52.877237252104834,15.50804874136479,14.685730000000007,13.863411258635223,-0.25474096126011325,-0.3454882094402247,Bullish,17.7642,5.6284,8389353.61904762,15.554666666666668,15.788233333333334,16.065966666666668,15.043366666666667,14.765633333333334,14.532066666666667
731,2003-10-22,15.3211,15.4347,15.0181,15.037,5539380,14.70245714285713,15.979034000000004,14.705050000000014,12.162012999999988,49.57130449186441,15.543134127509335,14.708455000000006,13.873775872490677,-0.21735575235352833,-0.31986171802288543,Bullish,17.7642,5.6960000000000015,9138313.38095238,15.308433333333333,15.579866666666666,15.725033333333332,14.891833333333334,14.746666666666668,14.475233333333335
732,2003-10-23,15.037,15.2264,14.7908,14.9613,5007676,14.720495238095225,15.938128000000004,14.733647000000014,12.18436049999999,48.69764431001368,15.5364381442972,14.705615000000005,13.87479185570281,-0.19162710432297203,-0.29421479528290273,Bullish,17.7642,5.6960000000000015,8914765.857142856,15.194866666666663,15.42843333333333,15.630466666666662,14.759266666666663,14.557233333333333,14.323666666666664
733,2003-10-24,14.9613,15.3779,14.6962,15.2832,9385184,14.733119047619036,15.913508000000004,14.765652000000015,12.208979999999988,52.52898272399447,15.598770371958363,14.755800000000008,13.912829628041653,-0.14360691450617935,-0.26409321912755807,Bullish,17.7642,5.6960000000000015,8694939.095238095,15.542000000000003,15.800800000000002,16.223700000000004,14.860300000000002,14.4374,14.178600000000001
734,2003-10-27,15.2832,15.7378,15.1507,15.1696,6762236,14.77550476190475,15.873358000000003,14.796143000000015,12.23407299999999,51.079211649897175,15.500526357045674,14.835340000000008,14.170153642954341,-0.11340982089466145,-0.23395653948097875,Bullish,17.7642,5.6960000000000015,8624426.38095238,15.5547,15.9398,16.1418,14.967600000000001,14.765600000000001,14.380500000000001
735,2003-10-28,15.1696,15.4158,14.4121,14.4121,5503171,14.815185714285704,15.806316000000004,14.815082000000016,12.257840499999988,42.63018554163459,15.476704178539512,14.845755000000008,14.214805821460503,-0.14888606013470174,-0.21694244361172335,Bullish,17.7642,5.7636,8502276.857142856,15.081233333333335,15.750366666666668,16.084933333333336,14.077533333333335,13.742966666666668,13.073833333333335
736,2003-10-29,14.4121,14.5257,13.9007,14.0144,2354872,14.806166666666657,15.733972000000003,14.824173000000016,12.281702999999988,38.984247691624944,15.529609902033055,14.826820000000009,14.124030097966962,-0.20670948335541972,-0.21489585156046262,Bullish,17.7642,6.0002,8592058.857142856,14.39316666666667,14.771933333333335,15.01816666666667,13.76816666666667,13.521933333333335,13.14316666666667
737,2003-10-30,14.0144,14.4878,13.7114,14.4689,2865613,14.809776190476182,15.675642000000003,14.837998000000018,12.310110499999986,44.79501294247177,15.479705651862039,14.78799500000001,14.09628434813798,-0.2134006612821313,-0.21459681350479637,Bullish,17.7642,6.0002,7864334.619047619,14.733999999999996,14.999099999999999,15.510399999999997,13.957599999999996,13.446299999999997,13.181199999999995
738,2003-10-31,14.4689,14.6583,14.3553,14.5825,714656,14.778209523809513,15.623372000000002,14.85106500000002,12.340222499999987,46.174781639708016,15.4614908785473,14.769055000000009,14.076619121452717,-0.20714901252064166,-0.21310725330796543,Bullish,17.7642,6.0002,7617313.142857143,14.708766666666666,14.835033333333334,15.011766666666666,14.405766666666665,14.229033333333332,14.102766666666664
739,2003-11-03,14.5825,14.9045,14.2984,14.8098,2140793,14.770995238095228,15.572996,14.86602600000002,12.368629999999987,48.92545048166096,15.455943790149336,14.76527000000001,14.074596209850684,-0.1817581308696674,-0.2068374288203058,Bullish,17.7642,6.0002,6834624.619047619,15.043400000000002,15.277000000000001,15.649500000000002,14.437300000000002,14.064800000000002,13.831200000000003
740,2003-11-04,14.8098,15.2832,14.6962,15.2075,4637960,14.78632857142856,15.52868,14.88648000000002,12.401203999999986,53.411575481564135,15.479251009246475,14.772845000000009,14.066438990753543,-0.12806831611896463,-0.19108360628003757,Bullish,17.7642,6.1523,6405165.380952381,15.428400000000002,15.649300000000002,16.015400000000003,14.8414,14.475299999999999,14.254399999999999
741,2003-11-05,15.2075,15.2454,14.6393,14.6583,1577326,14.767390476190466,15.477926,14.90163100000002,12.431410999999986,47.24075042363071,15.46027055743097,14.757695000000009,14.055119442569048,-0.12835500466335503,-0.17853788595670106,Bullish,17.7642,6.1523,6404106.619047619,15.056033333333334,15.453766666666667,15.662133333333333,14.449933333333334,14.241566666666667,13.843833333333334
742,2003-11-06,14.6583,14.8098,14.3931,14.7719,1093901,14.758371428571419,15.420731999999997,14.91981200000002,12.461143999999988,48.564492463626465,15.435343563168647,14.744440000000012,14.053536436831376,-0.11805477483729732,-0.1664412637328203,Bullish,17.7642,6.1692,5906282.380952381,14.923433333333335,15.074966666666667,15.340133333333334,14.506733333333337,14.24156666666667,14.090033333333338
743,2003-11-07,14.7719,14.9613,14.4878,14.6772,1567797,14.741238095238085,15.367325999999998,14.93742500000002,12.492581499999988,47.49468386520084,15.414368902901558,14.730235000000011,14.046101097098465,-0.11619385659936299,-0.15639178230612885,Bullish,17.7642,6.1692,5354250.142857143,14.929733333333335,15.182266666666667,15.403233333333334,14.456233333333335,14.235266666666668,13.982733333333336
744,2003-11-10,14.6772,14.8098,14.5825,14.6393,442769,14.725904761904753,15.307858,14.954469000000023,12.525439499999987,47.04799791641789,15.413260525024016,14.728340000000012,14.043419474976007,-0.11643508753432208,-0.1484004433517675,Bullish,17.7642,6.1692,5015056.904761905,14.771899999999999,14.904499999999999,14.999199999999998,14.544599999999999,14.4499,14.3173
745,2003-11-11,14.6393,14.9424,14.6393,14.7151,1337837,14.727709523809516,15.248391999999999,14.972082000000022,12.558865499999985,48.099341900038816,15.401702641932243,14.751065000000011,14.10042735806778,-0.10925046689892781,-0.14057044806119956,Bullish,17.7642,6.2875,4556436.619047619,14.891899999999998,15.068699999999998,15.194999999999997,14.588799999999999,14.4625,14.2857
746,2003-11-12,14.7151,14.8666,14.6772,14.8098,2213211,14.753861904761896,15.199152,14.99045200000002,12.592764999999986,49.449708142948566,15.408819833149353,14.762430000000013,14.116040166850672,-0.09482205509742059,-0.13142076946844378,Bullish,17.7642,6.5716,4553653.619047619,14.891866666666669,14.973933333333335,15.08126666666667,14.702466666666668,14.595133333333333,14.513066666666667
747,2003-11-13,14.8098,14.7908,14.4878,14.5825,626992,14.753861904761896,15.155593999999999,15.00730700000002,12.624675999999987,46.33362439140699,15.406790491282988,14.767165000000011,14.127539508717033,-0.1005693443686333,-0.1252504844484817,Bullish,17.7642,6.5716,4388609.619047619,14.752933333333335,14.923366666666668,15.055933333333336,14.449933333333334,14.317366666666667,14.146933333333333
748,2003-11-14,14.5825,14.6015,14.2795,14.4878,524081,14.753861904761896,15.103323999999997,15.024730000000023,12.656018999999985,45.05962794337407,15.404115468214403,14.770005000000012,14.13589453178562,-0.11148053289316096,-0.12249649413741755,Bullish,17.7642,6.5716,4079424.380952381,14.633033333333332,14.778266666666665,14.955033333333331,14.311033333333333,14.134266666666667,13.989033333333333
749,2003-11-17,14.4878,14.6962,14.4878,14.6772,715292,14.765585714285706,15.056355999999996,15.046130000000023,12.690107999999986,48.13141444441008,15.399622649530526,14.764325000000014,14.129027350469501,-0.10364991953895064,-0.11872717921772416,Bullish,17.7642,6.5716,3954189.380952381,14.752999999999997,14.828799999999998,14.961399999999996,14.544599999999997,14.411999999999999,14.336199999999998
750,2003-11-18,14.6772,14.734000000000002,14.45,14.45,267440,14.749357142857134,15.005979999999997,15.065258000000023,12.723060999999987,44.88911229466651,15.315560141477823,14.720770000000012,14.125979858522202,-0.11445784446611995,-0.11787331226740332,Bullish,17.7642,6.5716,3743104.904761905,14.639333333333333,14.828666666666669,14.923333333333336,14.35533333333333,14.260666666666664,14.071333333333328
751,2003-11-19,14.45,14.5825,14.0144,14.5446,3181967,14.712380952380943,14.953329999999996,15.084006000000024,12.756486999999987,46.504979658441606,15.27714709637745,14.696150000000014,14.115152903622578,-0.11407479026984291,-0.11711360786789124,Bullish,17.7642,6.5716,3525335.1428571427,14.746599999999999,14.948599999999999,15.314699999999998,14.1785,13.8124,13.6104
752,2003-11-20,14.5446,14.7151,14.0144,14.1469,6774306,14.66999523809523,14.888181999999995,15.098020000000025,12.78792449999999,41.055126115090175,15.26959558060412,14.655430000000015,14.04126441939591,-0.1442000350987449,-0.12253089331406197,Bearish,17.7642,6.5716,2783816.8571428573,14.569866666666668,14.992833333333333,15.270566666666667,13.869166666666668,13.591433333333335,13.168466666666669
753,2003-11-21,14.1469,14.2795,13.9576,13.9576,2492086,14.622199999999994,14.818867999999993,15.111277000000022,12.818415499999992,38.72865586445583,15.204130905393823,14.589150000000014,13.974169094606205,-0.1812599843510334,-0.13427671152145626,Bearish,17.7642,6.5716,2842622.8571428573,14.1722,14.386800000000001,14.494100000000001,13.850299999999999,13.742999999999999,13.528399999999998
754,2003-11-24,13.9576,14.3174,13.9576,14.2984,3193402,14.575304761904755,14.762051999999994,15.129268000000023,12.848053999999992,44.793932081902916,15.111394110623955,14.545590000000015,13.979785889376075,-0.1810435914934132,-0.14363008751584766,Bearish,17.7642,6.5716,2722832.8571428573,14.424666666666667,14.550933333333333,14.784466666666667,14.064866666666667,13.831333333333333,13.705066666666667
755,2003-11-25,14.2984,14.3931,14.1091,14.2416,696869,14.53111428571428,14.721143999999992,15.143093000000023,12.877218999999991,44.01194926043413,15.115650911597292,14.537065000000016,13.95847908840274,-0.18334193222897,-0.15157245645847212,Bearish,17.7642,6.5716,2427986.095238095,14.386766666666668,14.531933333333335,14.670766666666669,14.102766666666668,13.963933333333333,13.818766666666667
756,2003-11-26,14.2984,14.3931,14.1091,14.2416,696869,14.52299523809523,14.696523999999993,15.156539000000025,12.90723599999999,44.01194926043412,15.093465944791294,14.548425000000014,14.003384055208734,-0.18305325978840692,-0.15786861712445907,Bearish,17.7642,6.5716,2139159.095238095,14.386766666666668,14.531933333333335,14.670766666666669,14.102766666666668,13.963933333333333,13.818766666666667
757,2003-11-27,14.2984,14.3931,14.1091,14.2416,696869,14.533814285714278,14.655615999999991,15.169038000000025,12.93763199999999,44.01194926043412,15.097520926023254,14.537060000000015,13.976599073976775,-0.1807410148872428,-0.1624430966770158,Bearish,17.7642,6.5716,1910287.5714285714,14.386766666666668,14.531933333333335,14.670766666666669,14.102766666666668,13.963933333333333,13.818766666666667
758,2003-11-28,14.2984,14.3931,14.1091,14.2416,696869,14.522990476190468,14.626829999999991,15.180779000000024,12.96708099999999,44.01194926043412,15.094471860955434,14.520015000000015,13.945558139044596,-0.17686970033633287,-0.1653284174088792,Bearish,17.7642,6.9125,1831335.0476190476,14.386766666666668,14.531933333333335,14.670766666666669,14.102766666666668,13.963933333333333,13.818766666666667
759,2003-12-01,14.2416,15.2264,14.45,15.1317,9110756,14.54914285714285,14.631373999999992,15.199338000000026,13.001737999999989,59.07203325811857,15.158204146893011,14.536110000000017,13.914015853107022,-0.10081588180970691,-0.15242591028904476,Bullish,17.7642,6.9693,1728061.5238095238,15.422066666666666,15.712433333333333,16.19846666666667,14.645666666666665,14.159633333333332,13.869266666666665
760,2003-12-02,15.1317,15.7567,15.1507,15.6431,11228679,14.588823809523804,14.656373999999992,15.228882000000025,13.040372499999988,64.91184890216628,15.292761498697715,14.557890000000018,13.823018501302322,0.0007147837802090606,-0.121797771475194,Bullish,17.7642,6.9693,2127875.8095238097,15.882966666666665,16.122833333333332,16.488966666666663,15.276966666666665,14.910833333333333,14.670966666666665
761,2003-12-03,15.6431,15.8135,15.3779,15.4347,5190628,14.599642857142854,14.673417999999993,15.253880000000027,13.078153999999985,61.08670861678694,15.424810761742265,14.59671000000002,13.768609238257774,0.06362895444148009,-0.08471242629185918,Bullish,17.7642,7.3102,2560632.285714286,15.706166666666661,15.97763333333333,16.141766666666662,15.270566666666662,15.106433333333332,14.834966666666663
762,2003-12-04,15.4347,15.6241,15.1507,15.3969,2692825,14.634814285714283,14.680993999999991,15.276606000000026,13.117356499999987,60.39155882623392,15.524490602711358,14.62796000000002,13.73142939728868,0.10918018268673357,-0.045933904496140626,Bullish,17.7642,7.3102,2586949.8095238097,15.630433333333333,15.863966666666666,16.103833333333334,15.157033333333333,14.917166666666667,14.683633333333333
763,2003-12-05,15.3969,15.4916,14.9613,15.1507,1496014,14.652852380952378,14.698417999999993,15.297438000000025,13.154191499999989,55.92742289377237,15.576671002054864,14.651635000000022,13.72659899794518,0.1239843622784651,-0.011950251141219483,Bullish,17.7642,7.3102,2640068.8095238097,15.4411,15.7315,15.971400000000001,14.9108,14.6709,14.3805
764,2003-12-08,15.1507,15.5863,15.3022,15.4916,2367577,14.691633333333332,14.736673999999992,15.317324000000026,13.189984999999988,60.30306490874375,15.688988790837945,14.694250000000022,13.699511209162099,0.16136445327166093,0.022712689741356602,Bullish,17.7642,7.4238,2659217.0476190476,15.617866666666668,15.744133333333334,15.901966666666668,15.333766666666667,15.175933333333333,15.049666666666667
765,2003-12-09,15.4916,15.5294,15.1886,15.2264,117521,14.719590476190476,14.757125999999992,15.337588000000025,13.226346499999988,55.6723888941671,15.741304483596242,14.719815000000022,13.698325516403802,0.16765638264500105,0.05170142832208549,Bullish,17.7642,7.4238,2697301.8095238097,15.441,15.655600000000002,15.781800000000002,15.1002,14.973999999999998,14.759399999999998
766,2003-12-10,15.2264,15.9082,15.3401,15.7188,827731,14.767385714285714,14.783639999999991,15.362397000000026,13.264317999999989,61.57269032314841,15.875739088440422,14.765265000000023,13.654790911559623,0.20995511497288888,0.08335216565224618,Bullish,17.7642,7.4238,2681813.8095238097,15.971300000000003,16.223800000000004,16.539400000000004,15.403200000000002,15.0876,14.8351
767,2003-12-11,15.7188,16.1355,15.6809,15.7188,1356259,14.810671428571428,14.793107999999991,15.386259000000027,13.30200499999999,61.57269032314841,16.003353090524595,14.822080000000023,13.640806909475451,0.24070249654063147,0.11482223182992324,Bullish,17.7642,7.5564,2657523.0476190476,16.009233333333334,16.299666666666667,16.463833333333337,15.554633333333335,15.390466666666667,15.100033333333334
768,2003-12-12,15.7188,16.1355,15.5863,15.9082,2150957,14.873800000000001,14.812045999999988,15.413341000000027,13.34177549999999,63.72656229859918,16.153581439767088,14.893100000000024,13.632618560232958,0.2771581089194548,0.14728940724782955,Bullish,17.7642,7.5564,2616715.8095238097,16.167033333333336,16.425866666666668,16.716233333333335,15.617833333333333,15.327466666666666,15.068633333333333
769,2003-12-15,15.9082,16.287,15.7567,15.8514,406560,14.938733333333335,14.83136399999999,15.438340000000029,13.38145149999999,62.593478481735154,16.274447977527274,14.951810000000023,13.62917202247277,0.2980306472912453,0.1774376552565127,Bullish,17.7642,7.5564,2689285.5714285714,16.173366666666666,16.49533333333333,16.703666666666663,15.643066666666666,15.434733333333334,15.112766666666667
770,2003-12-16,15.8514,16.1912,15.2517,16.1912,1227303,15.01082857142857,14.85406799999999,15.467305000000028,13.42102699999999,66.43805404722528,16.444540055310807,15.038870000000022,13.633199944689238,0.3380939676988728,0.2095689177449847,Bullish,17.7642,7.5564,2683689.3333333335,16.504366666666666,16.81753333333333,17.443866666666665,15.564866666666667,14.938533333333334,14.625366666666668
771,2003-12-17,16.1912,16.2912,15.5915,15.6715,9901007,15.068995238095237,14.868271999999989,15.490505000000027,13.45648899999999,56.81944846733805,16.507444742321553,15.095215000000021,13.68298525767849,0.324172136477511,0.23248956149148997,Bullish,17.7642,7.5564,2708070.8095238097,16.111299999999996,16.551099999999998,16.810999999999996,15.411599999999996,15.151699999999998,14.711899999999996
772,2003-12-18,15.6715,15.7914,15.4716,15.6315,2460323,15.12075238095238,14.880161999999986,15.509517000000027,13.49175099999999,56.1456909841505,16.529596655477253,15.169445000000021,13.80929334452279,0.3063795663014872,0.2472675624534894,Bullish,17.7642,7.5564,3166812.095238095,15.791400000000001,15.9513,16.1112,15.471600000000002,15.311700000000002,15.151800000000003
773,2003-12-19,15.6315,16.0913,15.7514,16.0113,2295158,15.209533333333333,14.901161999999985,15.533085000000026,13.528911999999991,60.88806247278873,16.55893456806672,15.272130000000022,13.985325431933322,0.3192454493111381,0.26166313982501915,Bullish,17.7642,7.5564,3132448.095238095,16.151266666666665,16.29123333333333,16.491166666666665,15.811366666666665,15.611433333333332,15.471466666666664
774,2003-12-22,16.0113,16.2312,16.0113,16.0313,1078019,15.30828095238095,14.928243999999985,15.555906000000027,13.567593499999992,61.12645746959237,16.604356939294938,15.35877500000002,14.1131930607051,0.3272828738992004,0.2747870866398554,Bullish,17.7642,7.5564,2919155.3333333335,16.171233333333333,16.31116666666667,16.391133333333336,15.95133333333333,15.871366666666663,15.731433333333328
775,2003-12-23,16.0313,16.1312,15.9513,16.1113,261723,15.394609523809523,14.965257999999988,15.578012000000028,13.605727999999992,62.121017017022716,16.627061840991765,15.452260000000019,14.277458159008274,0.33623204844655064,0.2870760790011945,Bullish,17.7642,7.5564,2851818.8095238097,16.177899999999998,16.2445,16.357799999999997,15.997999999999998,15.884699999999999,15.818099999999998
776,2003-12-24,16.1113,16.2312,16.0113,16.1912,3455760,15.487447619047616,14.997431999999987,15.593531000000027,13.643504499999992,63.135458462515984,16.62594486042279,15.549740000000018,14.473535139577246,0.34578559490448413,0.2988179821818524,Bullish,17.7642,7.5564,2712215.0476190476,16.277833333333334,16.36446666666667,16.497733333333336,16.05793333333333,15.924666666666663,15.838033333333328
777,2003-12-25,16.1113,16.2312,16.0113,16.1912,3455760,15.580285714285711,15.031499999999987,15.598255000000027,13.679765999999994,63.135458462515984,16.574719668138954,15.647220000000015,14.719720331861074,0.349329990620479,0.3089203838695777,Bullish,17.7642,7.5564,2843590.8095238097,16.277833333333334,16.36446666666667,16.497733333333336,16.05793333333333,15.924666666666663,15.838033333333328
778,2003-12-26,16.1912,16.570999999999998,15.8314,16.2512,8375136,15.675980952380948,15.067903999999988,15.591837000000025,13.714338999999994,63.975688496444725,16.453161242023963,15.747700000000014,15.042238757976065,0.3529122950632626,0.3177187661083147,Bullish,17.7642,7.5564,2974966.5714285714,16.60433333333333,16.95746666666666,17.34393333333333,15.864733333333334,15.478266666666668,15.125133333333336
779,2003-12-29,16.2512,16.7309,16.2112,16.590999999999998,10320907,15.787857142857138,15.103907999999988,15.581810000000026,13.751462999999992,68.37226169647096,16.5573601724411,15.820665000000014,15.08396982755893,0.3788037040134391,0.3299357536893396,Bullish,17.7642,7.5564,3340598.3333333335,16.810866666666666,17.03073333333333,17.330566666666662,16.29116666666667,15.991333333333337,15.771466666666672
780,2003-12-30,16.590999999999998,16.7309,16.3711,16.4511,3631724,15.850685714285708,15.126507999999987,15.572467000000026,13.788360999999993,64.86239499611787,16.641689704386156,15.861065000000014,15.08044029561387,0.38361203063806926,0.34067100907908554,Bullish,17.7642,7.5564,3798885.8571428573,16.664300000000004,16.8775,17.024100000000004,16.304500000000004,16.1579,15.944700000000005
781,2003-12-31,16.4511,16.6709,16.2712,16.4711,14702861,15.89011428571428,15.155189999999987,15.567112000000026,13.823938999999994,65.13791994913426,16.710822840372515,15.912885000000012,15.11494715962751,0.3846030326301495,0.34945741378929834,Bullish,17.7642,7.5564,3537979.5714285714,16.67093333333333,16.870766666666665,17.07063333333333,16.27123333333333,16.071366666666666,15.871533333333332
782,2004-01-01,16.4711,16.9508,16.4511,16.8109,29413981,15.95564761904761,15.192181999999985,15.565155000000027,13.861120999999994,69.51207972798449,16.8349068669213,15.98358500000001,15.13226313307872,0.40810307085608066,0.3611865452026548,Bullish,17.7642,7.5564,3703416.8095238097,17.0241,17.2373,17.5238,16.5244,16.2379,16.0247
783,2004-01-02,16.8109,17.6304,16.8309,17.6304,72821884,16.062004761904753,15.239125999999985,15.576317000000026,13.902589999999993,77.00544135497348,17.140488314484987,16.10757000000001,15.07465168551503,0.4872372538438494,0.38639668693089374,Bullish,17.7642,7.5564,4856909.80952381,17.896900000000002,18.163400000000003,18.696400000000004,17.0974,16.5644,16.2979
784,2004-01-05,17.6304,17.7704,17.2506,17.2906,21810674,16.163904761904753,15.281545999999986,15.577452000000026,13.942833499999992,69.38984512642394,17.310437077952635,16.197520000000008,15.08460292204738,0.5165778558559886,0.4124329207159127,Bullish,17.7642,7.5564,8196388.80952381,17.623800000000003,17.957,18.143600000000003,17.104000000000003,16.9174,16.584200000000003
785,2004-01-06,17.2906,17.9303,16.9508,17.9103,59443519,16.279080952380944,15.351509999999987,15.578913000000025,13.986269999999992,74.36837810883536,17.582578495789395,16.33171500000001,15.080851504210623,0.5831133377075943,0.44656900411424905,Bullish,17.7642,7.5564,9163753.57142857,18.243466666666663,18.57663333333333,19.22296666666666,17.263966666666665,16.617633333333334,16.284466666666667
786,2004-01-07,17.9103,17.9503,17.5904,17.6904,18708113,16.39641428571428,15.425029999999985,15.579501000000025,14.027849499999993,70.01661365332413,17.779316662501614,16.430295000000008,15.0812733374984,0.6110552298966603,0.4794662492707313,Bullish,17.9103,7.5564,11881655.57142857,17.897000000000002,18.1036,18.2569,17.537100000000002,17.3838,17.177200000000003
787,2004-01-08,17.6904,17.7704,17.3906,17.5105,8260156,16.481733333333324,15.485861999999987,15.580752000000027,14.068813499999992,66.58390496217508,17.905477740471145,16.519880000000008,15.134282259528872,0.6116324362567944,0.5058994866679439,Bullish,17.9103,7.5564,12766921.857142856,17.723733333333335,17.936966666666667,18.103533333333335,17.343933333333336,17.177366666666668,16.964133333333336
788,2004-01-09,17.5105,17.8303,17.4305,17.7104,30616509,16.57657142857142,15.548419999999988,15.585896000000027,14.109735499999992,68.4357217809274,18.057760333857782,16.609990000000007,15.162219666142231,0.6210609319947125,0.5289317757332976,Bullish,17.9103,7.5564,13120846.857142856,17.883633333333332,18.056866666666668,18.283433333333335,17.48383333333333,17.257266666666663,17.084033333333327
789,2004-01-12,17.7104,18.1701,17.7903,17.9902,26001418,16.675714285714278,15.612027999999986,15.592512000000026,14.151298999999995,70.86913212374066,18.23883619172087,16.71693000000001,15.195023808279146,0.6436905405415736,0.5518835286949528,Bullish,17.9103,7.5564,14514192.095238095,18.176766666666676,18.36333333333334,18.55656666666668,17.796966666666673,17.603733333333334,17.41716666666667
790,2004-01-13,17.9902,18.0302,17.8703,18.0102,12044340,16.778514285714277,15.668081999999988,15.598381000000026,14.193056999999994,71.04099028557314,18.40861167595275,16.807880000000008,15.207148324047267,0.6556802276875047,0.5726428684934632,Bullish,17.9902,7.5564,15649928.333333334,18.070166666666672,18.130133333333337,18.230066666666673,17.910266666666672,17.810333333333336,17.75036666666667
791,2004-01-14,18.0102,18.1302,17.9103,18.0102,9760616,16.865133333333326,15.735119999999988,15.606523000000028,14.235193999999995,71.04099028557314,18.51807878766928,16.92481500000001,15.33155121233074,0.657601717870925,0.5896346383689556,Bullish,18.0102,7.5564,16204108.333333334,18.1235,18.2368,18.3434,17.9036,17.797,17.6837
792,2004-01-15,18.0102,19.0896,17.9902,18.8298,64391481,17.015528571428565,15.816277999999988,15.618505000000027,14.281618499999995,77.38261400506504,18.76623501051842,17.084730000000008,15.403224989481595,0.7169943188081227,0.615106574456789,Bullish,18.0102,7.5564,16610456.57142857,19.282866666666663,19.73593333333333,20.382266666666663,18.183466666666664,17.537133333333333,17.084066666666665
793,2004-01-16,18.8298,20.0891,18.7298,19.8092,65277655,17.214466666666656,15.918917999999989,15.643122000000027,14.330761999999995,82.3551467083438,19.258892023235237,17.274625000000007,15.290357976764776,0.833484882860823,0.6587822361375958,Bullish,18.8298,7.5564,19205241.04761905,20.3556,20.901999999999997,21.714899999999997,18.9963,18.183400000000002,17.637000000000004
794,2004-01-19,19.8092,20.6288,19.7893,20.349,45797714,17.4210238095238,16.03311199999999,15.670485000000026,14.382509999999995,84.39191789697058,19.799638667614445,17.490510000000008,15.18138133238557,0.9583149842370311,0.7186887857574829,Bullish,19.8092,7.5564,22196542.57142857,20.7221,21.0952,21.5616,19.882600000000004,19.416200000000003,19.043100000000006
795,2004-01-20,20.349,20.9886,20.1291,20.5888,47898485,17.638047619047608,16.15058599999999,15.699489000000026,14.436403499999994,85.20874510318038,20.297218963130316,17.714385000000004,15.131551036869691,1.0643247219621266,0.7878159729984116,Bullish,20.349,7.5564,24268092.85714286,21.008566666666667,21.428333333333335,21.868066666666667,20.149066666666666,19.709333333333333,19.289566666666666
796,2004-01-21,20.5888,21.3484,20.6288,21.3484,25485595,17.887433333333323,16.28135799999999,15.740255000000026,14.493242999999993,87.44935898297967,20.901794224351566,17.972245000000008,15.042695775648449,1.1958465994166936,0.869422098282068,Bullish,20.5888,7.5564,26497638.85714286,21.58826666666667,21.828133333333337,22.307866666666673,20.868666666666666,20.38893333333333,20.149066666666663
797,2004-01-22,21.3484,22.9475,21.6482,22.9475,29861197,18.209161904761896,16.448657999999988,15.802126000000028,14.558740999999992,90.65775849276879,21.837380649671537,18.310060000000007,14.782739350328477,1.4128264566883146,0.9781029699633172,Bullish,21.3484,7.5564,27698775.61904762,23.380599999999998,23.8137,24.6799,22.081299999999995,21.215099999999996,20.781999999999993
798,2004-01-23,22.9475,23.5072,22.008000000000006,22.2479,32429513,18.49757619047618,16.603859999999987,15.853592000000027,14.619509999999993,80.91242687557848,22.396175857239577,18.60989500000001,14.823614142760439,1.5109157869531096,1.0846655333612758,Bullish,22.9475,7.5564,28956177.38095238,23.167399999999997,24.086899999999996,24.666599999999992,21.668200000000002,21.088500000000007,20.169000000000008
799,2004-01-26,22.2479,22.188,21.1485,21.1885,13531460,18.732685714285704,16.734085999999987,15.895221000000028,14.674413499999993,68.84395439497561,22.665891536543114,18.83977000000001,15.013648463456903,1.4860374469958622,1.164939916088193,Bullish,22.9475,7.5564,30335879.904761903,21.868166666666674,22.547833333333337,22.907666666666675,20.828666666666674,20.468833333333336,19.789166666666674
800,2004-01-27,21.1885,22.088,21.2085,21.8082,12020201,18.9811238095238,16.881249999999987,15.943615000000028,14.733362499999993,71.51994233671192,22.977171131977173,19.107625000000006,15.23807886802284,1.499045728260171,1.2317610785225885,Bullish,22.9475,7.5564,30581419.14285714,22.194633333333336,22.58106666666667,23.074133333333336,21.315133333333335,20.822066666666668,20.435633333333335
801,2004-01-28,21.8082,22.2079,21.8281,21.8881,5722332,19.240028571428564,17.028119999999987,15.990725000000024,14.792710999999995,71.85559023567195,23.230215360862758,19.37847500000001,15.52673463913726,1.4985280485867953,1.28511447253543,Bullish,22.9475,7.5564,30662337.904761903,22.121300000000005,22.3545,22.501100000000005,21.741500000000006,21.594900000000003,21.361700000000006
802,2004-01-29,21.8881,22.188,21.5883,21.7682,3737176,19.49227142857142,17.18054599999999,16.034364000000025,14.852785999999995,70.51261811793614,23.422894281661144,19.626340000000006,15.829785718338869,1.471480544015499,1.3223876868314437,Bullish,22.9475,7.5564,30761890.666666668,22.108033333333335,22.447866666666666,22.707733333333334,21.508333333333336,21.24846666666667,20.908633333333338
803,2004-01-30,21.7682,22.8476,21.5883,22.4478,22202623,19.760695238095227,17.350349999999988,16.084609000000025,14.914932999999994,73.53217715162185,23.737238810693707,19.867210000000007,15.997181189306307,1.487733575544933,1.3554568645741416,Bullish,22.9475,7.5564,30239715.19047619,23.000833333333336,23.553866666666668,24.260133333333336,21.741533333333336,21.03526666666667,20.482233333333337
804,2004-02-02,21.7682,22.8476,21.5883,22.4478,22202623,19.99009523809523,17.51333799999999,16.137695000000022,14.977363999999993,73.53217715162185,23.961117576399403,20.125070000000004,16.289022423600606,1.4835132033751748,1.3810681323343483,Bullish,22.9475,7.5564,29896317.19047619,23.000833333333336,23.553866666666668,24.260133333333336,21.741533333333336,21.03526666666667,20.482233333333337
805,2004-02-03,21.7682,22.8476,21.5883,22.4478,22202623,20.23567619047618,17.67746199999999,16.19930300000002,15.037617499999993,73.53217715162185,24.173900735732587,20.351945000000008,16.529989264267428,1.4633005106111163,1.3975146079897018,Bullish,22.9475,7.5564,27485876.19047619,23.000833333333336,23.553866666666668,24.260133333333336,21.741533333333336,21.03526666666667,20.482233333333337
806,2004-02-04,21.7682,22.8476,21.5883,22.4478,22202623,20.45174761904761,17.841585999999992,16.269055000000023,15.098438999999992,73.53217715162185,24.31040290745494,20.589815000000005,16.86922709254507,1.430788566016929,1.4041693995951472,Bullish,22.9475,7.5564,27504540.42857143,23.000833333333336,23.553866666666668,24.260133333333336,21.741533333333336,21.03526666666667,20.482233333333337
807,2004-02-05,21.7682,22.8476,21.5883,22.4478,22202623,20.678290476190465,18.005709999999993,16.33066300000002,15.159260499999991,73.53217715162185,24.35704795554095,20.83668000000001,17.316312044459067,1.38901096195006,1.4011377120661297,Bearish,22.9475,7.5564,25731164.42857143,23.000833333333336,23.553866666666668,24.260133333333336,21.741533333333336,21.03526666666667,20.482233333333337
808,2004-02-06,22.4478,22.6477,22.028,22.3479,15938423,20.908642857142848,18.167835999999994,16.397333000000017,15.217972499999991,71.96307026199487,24.336575552245634,21.068555000000007,17.80053444775438,1.332480805351235,1.3874063307231508,Bearish,22.9475,7.5564,25897569.666666668,22.654399999999995,22.9609,23.274099999999997,22.034699999999994,21.721499999999995,21.414999999999992
809,2004-02-09,22.3479,22.4878,21.7882,21.8681,8023208,21.10662857142856,18.302563999999997,16.466969000000017,15.271918499999993,64.80993957241583,24.222547597377414,21.26245000000001,18.302352402622603,1.234731186302568,1.3568713018390341,Bearish,22.9475,7.5564,26263201.42857143,22.307866666666666,22.747633333333333,23.007466666666666,21.608266666666665,21.348433333333332,20.908666666666665
810,2004-02-10,21.8681,22.5478,21.6482,22.4278,16240166,21.317942857142846,18.438257999999998,16.547316000000016,15.328851999999992,68.71639614121041,24.076244962045585,21.483330000000006,18.890415037954426,1.1887241493122715,1.3232418713336815,Bearish,22.9475,7.5564,25187329.95238095,22.767666666666667,23.107533333333333,23.667266666666666,21.868066666666667,21.308333333333334,20.968466666666668
811,2004-02-11,22.4278,22.6077,22.008000000000006,22.148000000000003,7746874,21.51498095238094,18.572523999999998,16.622971000000017,15.385049499999994,64.8412216478319,23.746387540449827,21.690220000000007,19.634052459550187,1.1168118080883929,1.2819558586846238,Bearish,22.9475,7.5564,24722508.42857143,22.50113333333334,22.854266666666668,23.100833333333334,21.901433333333344,21.654866666666678,21.30173333333335
812,2004-02-12,22.148000000000003,22.028,21.2485,21.5483,5766164,21.68346190476189,18.695552,16.688273000000017,15.437112499999994,57.373117601051035,23.41408400194545,21.826145000000007,20.238205998054564,0.99990371387495,1.225545429722689,Bearish,22.9475,7.5564,24517867.19047619,21.968033333333338,22.387766666666668,22.747533333333337,21.18853333333334,20.82876666666667,20.40903333333334
813,2004-02-13,21.5483,22.6877,21.4084,22.6477,19293813,21.865266666666656,18.845491999999997,16.771955000000013,15.494482999999994,65.27021705701763,23.295607776637482,21.968070000000008,20.640532223362534,0.9846155635496032,1.1773594564880718,Bearish,22.9475,7.5564,24327655.19047619,23.087466666666664,23.52723333333333,24.366766666666663,21.808166666666665,20.968633333333333,20.528866666666666
814,2004-02-16,22.6477,23.4473,22.6077,23.1474,51095063,22.024228571428562,18.998607999999997,16.867641000000013,15.55065899999999,68.15774473919014,23.307128207046762,22.107990000000008,20.908851792953254,1.00127908607476,1.1421433824054095,Bearish,22.9475,7.5564,22180147.19047619,23.527233333333342,23.90706666666667,24.36683333333334,22.687633333333345,22.227866666666674,21.848033333333348
815,2004-02-17,23.1474,23.5672,22.6677,22.6877,16666419,22.135595238095227,19.147833999999996,16.952480000000016,15.606051499999992,62.97078328616447,23.212686825754446,22.21293500000001,21.21318317424557,0.9662527394939033,1.1069652538231083,Bearish,23.1474,7.5564,21504785.666666668,23.2807,23.8737,24.1802,22.3812,22.0747,21.4817
816,2004-02-18,22.6877,23.0075,22.5677,22.8276,7898063,22.242204761904752,19.290009999999995,17.036825000000015,15.661291499999994,63.871879311381576,23.23752734002406,22.28689500000001,21.336262659975958,0.9389591318935864,1.073364029437204,Bearish,23.1474,7.5564,20117581.14285714,23.034166666666668,23.240733333333335,23.47396666666667,22.594366666666666,22.36113333333333,22.154566666666664
817,2004-02-19,22.8276,23.3273,22.7476,22.8476,14757493,22.31359523809523,19.432585999999997,17.112847000000016,15.716631499999995,64.00672741661762,23.219556798620395,22.28190000000001,21.344243201379626,0.9084703039230391,1.040385284334371,Bearish,23.1474,7.5564,18212799.14285714,23.200733333333332,23.553866666666668,23.780433333333335,22.62103333333333,22.394466666666663,22.041333333333327
818,2004-02-20,22.8476,23.0075,22.4278,22.5877,5482843,22.296461904761895,19.566176,17.189111000000015,15.770860999999995,60.82931651407901,23.2457359006617,22.298890000000007,21.352044099338315,0.8534973440723483,1.0030076962819665,Bearish,23.1474,7.5564,17701937.14285714,22.920866666666672,23.254033333333336,23.50056666666667,22.341166666666673,22.094633333333338,21.761466666666674
819,2004-02-23,22.5877,22.6077,21.4683,21.4683,6519571,22.259338095238085,19.678513999999996,17.254939000000014,15.819872499999995,49.444427149110716,23.200076166808344,22.31288000000001,21.425683833191677,0.7114040297269675,0.9446869629709667,Bearish,23.1474,7.5564,16541063.142857144,22.227899999999998,22.9875,23.3673,21.088499999999996,20.708699999999997,19.949099999999994
820,2004-02-24,21.4683,21.7682,20.4489,21.5883,15406083,22.27837619047618,19.786455999999998,17.320262000000014,15.868063499999995,50.513683005357,23.218779941146312,22.30188500000001,21.384990058853706,0.6015428400862604,0.8760581383940254,Bearish,23.1474,7.5564,15307256.38095238,22.088033333333332,22.587766666666667,23.407333333333334,20.76873333333333,19.949166666666663,19.449433333333328
821,2004-02-25,21.5883,21.7482,21.3884,21.6083,5598458,22.268857142857133,19.905191999999996,17.386732000000016,15.915217999999992,50.70083119560067,23.237569616855456,22.28789500000001,21.338220383144563,0.5102095109935583,0.802888412913932,Bearish,23.1474,7.5564,15396524.142857144,21.774866666666664,21.941433333333332,22.134666666666664,21.415066666666664,21.221833333333333,21.055266666666665
822,2004-02-26,21.6083,21.8681,21.4284,21.5283,7946978,22.2517238095238,20.023127999999996,17.451645000000013,15.961972499999993,49.88810882412945,23.257065985957205,22.27590000000001,21.294734014042817,0.4264559396417944,0.7276019182595045,Bearish,23.1474,7.5564,15090726.857142856,21.78813333333333,22.047966666666664,22.22783333333333,21.348433333333332,21.168566666666667,20.908733333333334
823,2004-02-27,21.5283,21.7682,21.3484,21.6083,5991043,22.244109523809513,20.135067999999997,17.518115000000016,16.00941149999999,50.738501357929486,23.253173311011427,22.23392500000001,21.214676688988593,0.36235891434179024,0.6545533174759617,Bearish,23.1474,7.7837,15196662.38095238,21.801533333333335,21.994766666666667,22.221333333333334,21.381733333333337,21.15516666666667,20.961933333333338
824,2004-03-01,21.5283,21.7682,21.3484,21.6083,5991043,22.20413333333332,20.246607999999995,17.587426000000015,16.05675549999999,50.7385013579295,23.241212761180247,22.19195000000001,21.14268723881977,0.3080110009091186,0.5852448541625931,Bearish,23.1474,7.9162,15303989.38095238,21.801533333333335,21.994766666666667,22.221333333333334,21.381733333333337,21.15516666666667,20.961933333333338
825,2004-03-02,21.5283,21.7682,21.3484,21.6083,5991043,22.16415714285713,20.356547999999997,17.660903000000015,16.10400499999999,50.7385013579295,23.22186228861776,22.149975000000005,21.07808771138225,0.2619206299757231,0.5205800093252191,Bearish,23.1474,7.9162,14532009.38095238,21.801533333333335,21.994766666666667,22.221333333333334,21.381733333333337,21.15516666666667,20.961933333333338
826,2004-03-03,21.6083,22.7077,21.6482,22.6877,21303744,22.175580952380937,20.486477999999998,17.741955000000015,16.156745999999988,61.69321102103237,23.252133532870356,22.161970000000004,21.07180646712965,0.30893107291992195,0.4782502220441597,Bearish,23.1474,7.9162,13760029.38095238,23.04753333333333,23.407366666666665,24.10703333333333,21.98803333333333,21.288366666666665,20.92853333333333
827,2004-03-04,22.6877,23.4673,22.6677,22.9076,46815384,22.197476190476177,20.620805999999998,17.826153000000016,16.21030249999999,63.47521402052928,23.316859036840242,22.184960000000007,21.053060963159773,0.35978391485147654,0.45455696060562306,Bearish,23.1474,7.9162,13717225.61904762,23.360699999999998,23.8138,24.1603,22.561099999999996,22.214599999999997,21.761499999999995
828,2004-03-05,22.9076,23.0475,22.6877,22.7876,8763274,22.213657142857127,20.751533999999996,17.909719000000017,16.26335349999999,61.78608032245256,23.367370427978777,22.206945000000008,21.04651957202124,0.38595313385937047,0.4408361952563725,Bearish,23.1474,7.9162,14889261.857142856,22.994166666666658,23.20073333333333,23.353966666666658,22.634366666666658,22.48113333333333,22.274566666666658
829,2004-03-08,22.7876,23.1075,22.7876,22.8276,8540936,22.236499999999985,20.876265999999998,17.990087000000017,16.31698349999999,62.14766989657594,23.434521674464825,22.254920000000006,21.075318325535186,0.4052486401036255,0.4337186842258231,Bearish,23.1474,7.9162,14249292.857142856,23.027533333333334,23.22746666666667,23.347433333333335,22.707633333333334,22.587666666666667,22.387733333333333
830,2004-03-09,22.8276,23.0875,22.7077,22.8676,8344009,22.284095238095226,21.004595999999996,18.065552000000018,16.37090799999999,62.5294985377611,23.484644957513385,22.276910000000008,21.06917504248663,0.4189388670459486,0.43076272078984823,Bearish,23.1474,8.2761,13897031.57142857,23.067500000000006,23.267400000000002,23.447300000000006,22.687700000000007,22.507800000000003,22.307900000000007
831,2004-03-10,22.8676,23.1075,22.8076,22.8876,12302252,22.305990476190466,21.132925999999998,18.14405800000002,16.42455399999999,62.731925114286305,23.548563456262908,22.313890000000008,21.079216543737108,0.4264860378179023,0.42990738419545904,Bearish,23.1474,8.295,13912307.80952381,23.06086666666667,23.234133333333336,23.36076666666667,22.76096666666667,22.634333333333334,22.461066666666667
832,2004-03-11,22.8876,23.0475,22.8276,22.9475,5454892,22.34406190476189,21.255657999999997,18.223920000000017,16.47878349999999,63.3701802481261,23.595422389087975,22.383850000000006,21.172277610912037,0.4323171711826177,0.4303893415928908,Bullish,23.1474,8.295,13724788.095238095,23.054133333333336,23.160766666666667,23.274033333333335,22.834233333333337,22.72096666666667,22.614333333333338
833,2004-03-12,22.9475,23.3073,22.9475,22.9675,14054271,22.411642857142844,21.362399999999997,18.300763000000018,16.533207499999993,63.594368978270786,23.63316519377522,22.399840000000005,21.16651480622479,0.4335544731500427,0.43102236790432114,Bullish,23.1474,8.295,13615646.095238095,23.2007,23.4339,23.5605,22.8409,22.7143,22.4811
834,2004-03-15,22.9675,23.3473,22.8876,23.0475,13981217,22.430680952380943,21.477537999999996,18.37954200000002,16.587842499999994,64.52953884610376,23.616775741858966,22.394845000000007,21.17291425814105,0.43596484394332435,0.4320108631121218,Bullish,23.1474,8.295,14010317.857142856,23.300666666666665,23.553833333333333,23.760366666666666,22.840966666666663,22.63443333333333,22.38126666666666
835,2004-03-16,23.0475,23.1874,22.9675,23.0275,5047061,22.424971428571418,21.579881999999994,18.465696000000015,16.640388999999995,64.08632633545083,23.658774355823198,22.411835000000004,21.16489564417681,0.4312896091637768,0.43186661232245277,Bearish,23.1474,8.4844,13757337.095238095,23.1541,23.2807,23.374,22.9342,22.8409,22.7143
836,2004-03-17,23.0275,23.1075,22.8876,22.9276,2899281,22.436395238095226,21.684625999999994,18.554828000000015,16.689500499999994,61.802922949742666,23.671182781558546,22.416835000000003,21.16248721844146,0.4147424638616961,0.4284417826303014,Bearish,23.1474,8.6359,11564575.095238095,23.060866666666662,23.194133333333333,23.280766666666665,22.84096666666666,22.754333333333328,22.621066666666657
837,2004-03-18,22.9276,23.6472,23.0075,23.1874,37605530,22.45352857142856,21.798163999999993,18.642013000000016,16.74000549999999,65.26867114515555,23.719856144063236,22.433825000000006,21.147793855936776,0.4177765527120698,0.4263087366466551,Bearish,23.1474,8.9389,10908997.095238095,23.5539,23.9204,24.1936,22.914199999999997,22.641,22.274499999999996
838,2004-03-19,23.1874,23.3873,23.1474,23.2274,8791225,22.471614285714274,21.908503999999994,18.728462000000015,16.789763499999996,65.78343589579815,23.796599500860616,22.465810000000005,21.135020499139394,0.4185835846864414,0.42476370625461235,Bearish,23.1874,9.0715,12323638.38095238,23.36066666666667,23.493933333333334,23.60056666666667,23.120766666666672,23.014133333333337,22.880866666666673
839,2004-03-22,23.2274,23.4273,23.2074,23.2874,6180983,22.50493333333332,22.014447999999994,18.813238000000016,16.839631999999995,66.58349913151204,23.85056028253141,22.556765000000006,21.2629697174686,0.41923201617990813,0.4236573682396715,Bearish,23.2274,9.0715,12039530.38095238,23.407333333333334,23.527266666666666,23.627233333333333,23.187433333333335,23.087466666666668,22.967533333333336
840,2004-03-23,23.2274,23.4273,23.2074,23.2874,6180983,22.59155714285713,22.119991999999993,18.894037000000015,16.890258499999995,66.58349913151204,23.892406785090955,22.641720000000003,21.39103321490905,0.4149624737183224,0.42191838933540166,Bearish,23.2874,9.0715,12072775.142857144,23.407333333333334,23.527266666666666,23.627233333333333,23.187433333333335,23.087466666666668,22.967533333333336
841,2004-03-24,23.2874,23.7671,23.2474,23.4073,26884415,22.67817619047618,22.227933999999994,18.981527000000014,16.941578999999994,68.30127692586349,23.92978710295815,22.731670000000005,21.533552897041858,0.4164531458784104,0.4208253406440034,Bearish,23.2874,9.223,12056651.904761905,23.700466666666664,23.99363333333333,24.220166666666664,23.180766666666663,22.95423333333333,22.661066666666663
842,2004-03-25,23.4073,23.5472,23.3473,23.4073,6579284,22.763842857142848,22.319484,19.067881000000014,16.993846499999997,68.30127692586349,23.92191078733703,22.825620000000008,21.729329212662986,0.4128751466206033,0.4192353018393234,Bearish,23.4073,9.223,12603239.142857144,23.520566666666664,23.63383333333333,23.720466666666663,23.320666666666664,23.234033333333333,23.120766666666665
843,2004-03-26,23.4073,23.927,23.3873,23.5472,21979650,22.85998095238094,22.394244,19.156581000000013,17.047002999999997,70.36290155301892,23.90847681203023,22.922565000000006,21.93665318796978,0.41652685493291486,0.4186936124580417,Bearish,23.4073,9.223,12649945.142857144,23.853699999999993,24.160199999999996,24.393399999999993,23.313999999999993,23.080799999999996,22.774299999999993
844,2004-03-29,23.5472,23.8471,23.2874,23.5672,12972440,22.953261904761895,22.458607999999998,19.245860000000015,17.100164499999995,70.65671624163488,23.839839950386324,23.02051000000001,22.201180049613694,0.41623657677380876,0.4182022053211951,Bearish,23.5472,9.223,13318167.61904762,23.847066666666667,24.126933333333334,24.406766666666666,23.287366666666667,23.007533333333335,22.727666666666668
845,2004-03-30,23.5672,24.027,23.5672,23.6871,17429990,23.05225238095237,22.520574,19.335580000000014,17.153830999999997,72.42184694450819,23.688443352798238,23.124450000000007,22.560456647201775,0.4208303864580003,0.41872784154855613,Bullish,23.5672,9.223,13650615.095238095,23.95366666666667,24.220233333333336,24.41346666666667,23.49386666666667,23.300633333333334,23.034066666666668
846,2004-03-31,23.6871,23.947,23.6072,23.7471,11274417,23.15409999999999,22.568548,19.424953000000016,17.207702499999996,73.28780041560235,23.765853267584834,23.177420000000005,22.588986732415176,0.42442006200592175,0.41986628564002926,Bullish,23.6871,9.3177,14195326.857142856,23.927,24.1069,24.2668,23.5872,23.4273,23.2474
847,2004-04-01,23.7471,25.5261,23.6671,25.5261,86971442,23.289261904761894,22.62012,19.53438900000002,17.270847999999997,86.66141067159057,24.477270690495477,23.308345000000006,22.139419309504536,0.5643103199194677,0.44875509249591694,Bullish,23.7471,9.3177,14446916.095238095,26.14576666666667,26.765433333333334,28.00476666666667,24.286766666666672,23.047433333333338,22.427766666666674
848,2004-04-02,25.5261,26.0459,25.1863,25.3862,42409925,23.407290476190465,22.682886,19.643373000000015,17.334051499999998,83.13642927839277,24.89021207146709,23.438275000000004,21.98633792853292,0.6563199485421087,0.4902680637051553,Bullish,25.5261,9.526,17573949.333333332,25.892633333333333,26.399066666666666,26.752233333333333,25.033033333333332,24.679866666666666,24.17343333333333
849,2004-04-05,25.3862,26.2258,25.2863,25.726,43352001,23.547214285714272,22.773635999999996,19.753861000000015,17.399995499999996,84.7580927446701,25.314167668155285,23.583195000000003,21.85222233184472,0.7480343875080884,0.5418213284657419,Bullish,25.5261,9.5449,17364165.57142857,26.205766666666666,26.685533333333332,27.145266666666664,25.266266666666667,24.806533333333334,24.326766666666668
850,2004-04-06,25.726,27.645,25.4662,27.645,50277497,23.77661428571427,22.890372,19.885811000000015,17.475534499999995,90.38276896178051,26.264454731615444,23.822065000000002,21.37967526838456,0.9644484421109674,0.626346751194787,Bullish,25.726,9.5449,19011247.80952381,28.37126666666667,29.097533333333335,30.55006666666667,26.19246666666667,24.739933333333337,24.013666666666673
851,2004-04-07,27.645,29.6239,27.625,28.0248,68612082,24.022195238095225,23.013105999999997,20.020613000000015,17.552309499999993,91.08404761956643,27.088793882775512,24.078925000000005,21.0690561172245,1.1533101835564068,0.7317394376671109,Bullish,27.645,9.5449,20998703.095238097,29.224133333333327,30.423466666666663,31.223033333333326,27.22523333333333,26.425666666666665,25.22633333333333
852,2004-04-08,28.0248,29.3641,28.1847,28.6245,33343637,24.295380952380942,23.150231999999995,20.165389000000015,17.631704499999994,92.06762308387061,27.914317384865996,24.362775000000006,20.811232615134017,1.3359749646483436,0.8525865430633575,Bullish,28.0248,9.5449,23868611.333333332,29.264166666666675,29.90383333333334,30.443566666666676,28.084766666666674,27.545033333333336,26.905366666666673
853,2004-04-09,28.6245,29.404,27.7849,29.1042,38414203,24.58855714285713,23.28336,20.316855000000015,17.714065999999995,92.75601801073492,28.712347461621686,24.669610000000006,20.626872538378326,1.5021302778725278,0.9824952900251915,Bullish,28.6245,9.7532,24870582.04761905,29.743833333333342,30.38346666666667,31.36293333333334,28.124733333333342,27.14526666666667,26.505633333333343
854,2004-04-12,29.1042,29.544,28.9843,29.0842,23503615,24.87982857142856,23.416088,20.464713000000014,17.796990499999996,92.39599321062005,29.37039732048497,24.971445000000006,20.572492679515044,1.6135952067191397,1.1087152733639811,Bullish,29.1042,9.7532,26440073.04761905,29.42403333333333,29.763866666666665,29.98373333333333,28.86433333333333,28.644466666666666,28.30463333333333
855,2004-04-13,29.0842,29.424,28.6045,29.1842,35704226,25.172052380952373,23.550816,20.614139000000012,17.878615999999994,92.55166299637379,29.944621195925496,25.279280000000007,20.613938804074518,1.6905139377901968,1.2250750062492242,Bullish,29.1042,9.7532,26890041.80952381,29.537299999999995,29.890399999999996,30.356799999999993,28.717799999999997,28.2514,27.8983
856,2004-04-14,29.1842,30.1636,29.1242,29.1842,44473217,25.46522857142856,23.685544,20.763565000000014,17.960051999999997,92.55166299637378,30.42093576985336,25.592110000000005,20.76328423014665,1.7315127847798841,1.326362561955356,Bullish,29.1842,9.7532,27924470.80952381,29.857133333333334,30.530066666666666,30.896533333333334,28.817733333333333,28.451266666666665,27.778333333333332
857,2004-04-15,29.1842,29.464,28.8843,29.0842,9484918,25.75839999999999,23.818272,20.91199100000001,18.040514499999993,90.40519418803505,30.811607174870183,25.886950000000002,20.962292825129822,1.7359248411418342,1.4082750177926517,Bullish,29.1842,9.7532,29801906.80952381,29.404033333333327,29.723866666666662,29.983733333333326,28.82433333333333,28.564466666666664,28.24463333333333
858,2004-04-16,29.0842,29.2841,28.2247,28.5845,9218748,26.015404761904755,23.943004000000002,21.055420000000012,18.118099499999992,80.37405477070857,31.054394477282788,26.154805000000003,21.25521552271722,1.6797368529223746,1.4625673848185963,Bullish,29.1842,9.7532,30115508.57142857,29.170833333333334,29.757166666666667,30.230233333333334,28.111433333333334,27.638366666666666,27.052033333333334
859,2004-04-19,28.5845,28.8443,27.7849,28.6644,21389503,26.274309523809517,24.07893,21.190747000000016,18.195042499999996,80.74200582142414,31.25398282344007,26.423655000000007,21.593327176559946,1.6229464136857885,1.4946431905920348,Bullish,29.1842,9.7532,28763757.04761905,29.0775,29.4906,30.1369,28.0181,27.3718,26.9587
860,2004-04-20,28.6644,29.0642,28.4446,28.6444,17356301,26.529404761904754,24.203262,21.320760000000018,18.274820999999996,80.33599506265887,31.3887611115932,26.691505000000006,21.994248888406812,1.5583619223900484,1.5073869369516375,Bullish,29.1842,9.7532,29363675.04761905,28.990866666666662,29.33733333333333,29.61046666666666,28.371266666666664,28.098133333333333,27.751666666666665
861,2004-04-21,28.6444,28.7844,27.2252,27.2452,8427862,26.717871428571417,24.305206000000002,21.438865000000018,18.346372499999994,58.26285001928046,31.335482136259387,26.883400000000005,22.431317863740624,1.3783853332279747,1.481586616206905,Bearish,29.1842,9.7532,29895833.04761905,28.278,29.3108,29.8372,26.718799999999998,26.1924,25.159599999999998
862,2004-04-22,27.2452,27.625,26.0059,27.585,12614795,26.916809523809516,24.425940000000004,21.560746000000016,18.418675999999994,61.06097659518023,31.255012212429243,27.09228500000001,22.92955778757078,1.248776491767913,1.4350245913191064,Bearish,29.1842,9.7532,30002827.285714287,28.138033333333336,28.691066666666668,29.757133333333336,26.518933333333337,25.45286666666667,24.899833333333337
863,2004-04-23,27.585,28.6245,26.2058,26.3857,15608093,27.05863809523809,24.500700000000005,21.673096000000015,18.485266999999993,48.66113941136086,31.085710222458566,27.23421000000001,23.382709777541457,1.037329376757686,1.3554855484068224,Bearish,29.1842,9.9616,29323321.57142857,27.9382,29.4907,30.3569,25.519499999999997,24.653299999999998,23.100799999999996
864,2004-04-26,26.3857,27.2852,26.1858,27.0653,14295666,27.22616666666666,24.579058000000003,21.788833000000018,18.55307849999999,54.32185013130217,30.87725579545481,27.409115000000014,23.940974204545217,0.9140573706755113,1.2671999128605602,Bearish,29.1842,9.9616,29753264.85714286,27.505066666666664,27.94483333333333,28.604466666666664,26.405666666666665,25.746033333333333,25.306266666666666
865,2004-04-27,27.0653,28.1247,26.7855,26.9054,20311484,27.385128571428567,24.663412000000008,21.90562300000002,18.621605499999994,52.845423416564884,30.603920679704554,27.570030000000013,24.536139320295472,0.7943045753612701,1.172620845360702,Bearish,29.1842,10.2835,29387360.85714286,27.758233333333337,28.61106666666667,29.09743333333334,26.419033333333335,25.932666666666666,25.079833333333333
866,2004-04-28,26.9054,27.0653,25.766,26.7055,9883855,27.528861904761904,24.740970000000008,22.015490000000018,18.688943499999993,50.97996369067316,30.236579591265574,27.717950000000013,25.19932040873445,0.6754828174898684,1.0731932397865354,Bearish,29.1842,10.2835,29736839.14285714,27.258533333333332,27.811566666666668,28.557833333333335,25.95923333333333,25.212966666666663,24.659933333333328
867,2004-04-29,26.7055,27.1453,26.4257,26.4656,7249473,27.658314285714283,24.813330000000004,22.12295800000002,18.754608499999993,48.75560322963503,30.149773681887137,27.764925000000012,25.380076318112888,0.5555537158243524,0.9696653349940988,Bearish,29.1842,10.2835,29377499.38095238,26.93203333333333,27.398466666666664,27.65163333333333,26.21243333333333,25.959266666666664,25.49283333333333
868,2004-04-30,26.4656,27.9848,26.2857,27.5251,27527924,27.753504761904754,24.912078000000005,22.239127000000018,18.826233999999992,57.562297256084626,29.99827329768359,27.87187000000001,25.745466702316428,0.5397795909773073,0.8836881861907405,Bearish,29.1842,10.6055,29185835.38095238,28.24470000000001,28.964300000000005,29.94380000000001,26.545600000000007,25.566100000000002,24.846500000000006
869,2004-05-03,26.4656,27.9848,26.2857,27.5251,27527924,27.85535714285713,25.033214000000008,22.355864000000015,18.89710199999999,57.56229725608464,29.857167093528425,27.961825000000005,26.066482906471585,0.5212696117840103,0.8112044713093944,Bearish,29.1842,10.9085,26355191.666666668,28.24470000000001,28.964300000000005,29.94380000000001,26.545600000000007,25.566100000000002,24.846500000000006
870,2004-05-04,27.5251,28.2647,27.545,27.585,22782606,27.943880952380944,25.15314800000001,22.469802000000012,18.96855349999999,58.03517316180169,29.85635219387631,27.958825000000008,26.061297806123704,0.5056054444754849,0.7500846659426126,Bearish,29.1842,10.9085,25646524.95238095,28.051466666666663,28.517933333333332,28.771166666666662,27.331766666666663,27.078533333333333,26.612066666666664
871,2004-05-05,27.585,27.8849,27.3052,27.4651,13537813,27.935314285714277,25.270284000000007,22.587738000000012,19.03912149999999,56.67386883629284,29.840122364031227,27.930840000000007,26.021557635968787,0.4780063909491403,0.6956690109439181,Bearish,29.1842,10.9085,24667029.95238095,27.798266666666663,28.13143333333333,28.377966666666662,27.218566666666664,26.972033333333332,26.638866666666665
872,2004-05-06,27.4651,27.7249,27.3052,27.4251,5654996,27.906757142857135,25.388220000000004,22.705674000000013,19.107595499999988,56.20025139226096,29.76451603144317,27.870870000000007,25.977223968556846,0.4477449513948919,0.6460841990341128,Bearish,29.1842,11.1357,22917521.19047619,27.664933333333337,27.90476666666667,28.08463333333334,27.245233333333335,27.065366666666666,26.825533333333333
873,2004-05-07,27.4251,27.625,26.9254,27.2652,8568252,27.842028571428564,25.501358000000003,22.81821300000001,19.175648999999986,54.24858146099515,29.60134221628243,27.77892000000001,25.95649778371759,0.40617778420686435,0.5981029160686632,Bearish,29.1842,11.1736,19919564.714285713,27.618333333333336,27.971466666666668,28.317933333333336,26.918733333333336,26.572266666666668,26.219133333333335
874,2004-05-10,27.2652,27.4851,26.8854,26.9454,4797408,27.739228571428562,25.608100000000004,22.92735400000001,19.241629999999986,50.473339171000106,29.425170811748732,27.67198000000001,25.918789188251285,0.3434709975586152,0.5471765323666535,Bearish,29.1842,11.6092,18739784.476190478,27.3252,27.705,27.924899999999997,26.7255,26.5056,26.1258
875,2004-05-11,26.9454,26.9454,26.5256,26.6655,4226318,27.62405238095237,25.709244,23.032896000000008,19.305453999999987,47.36637856316751,29.20600827004582,27.546045000000003,25.886081729954185,0.2680993442295474,0.4913610947392323,Bearish,29.1842,11.6092,17138984.714285713,26.89873333333333,27.131966666666663,27.318533333333328,26.47893333333333,26.292366666666666,26.05913333333333
876,2004-05-12,26.6655,27.0853,26.1058,26.2857,12943219,27.48602857142856,25.781204000000002,23.133841000000007,19.363685999999987,43.45730994049991,28.967149558597733,27.401120000000002,25.835090441402272,0.17569478000615035,0.4282278317926159,Bearish,29.1842,11.666,16221018.19047619,26.878733333333333,27.471766666666667,27.858233333333335,25.89923333333333,25.512766666666664,24.91973333333333
877,2004-05-13,26.2857,26.4856,25.9659,26.4456,4841876,27.355619047619037,25.851964000000002,23.236385000000006,19.417319999999986,45.49671719893962,28.68300700216171,27.269190000000002,25.855372997838295,0.11405137749487437,0.3653925409330676,Bearish,29.1842,11.666,15137160.714285715,26.632166666666674,26.818733333333338,27.151866666666674,26.112466666666673,25.779333333333337,25.592766666666673
878,2004-05-14,26.4456,26.8854,26.2657,26.6855,6630740,27.241395238095226,25.929922,23.340728000000002,19.466282499999988,48.49807272565385,28.47229517201727,27.174240000000005,25.87618482798274,0.0835928555558958,0.30903260385763326,Bearish,29.1842,11.666,13249954.0,26.958700000000004,27.231900000000003,27.578400000000006,26.339000000000002,25.9925,25.7193
879,2004-05-17,26.6855,26.9054,26.2457,26.4057,5066754,27.137642857142843,26.001484,23.438875000000003,19.510342499999986,45.360628657914646,28.20495938568686,27.061305000000004,25.91765061431315,0.03645648816147329,0.25451738071840124,Bearish,29.1842,11.666,13114040.761904761,26.792166666666667,27.178633333333334,27.451866666666668,26.132466666666666,25.859233333333332,25.472766666666665
880,2004-05-18,26.4057,26.5656,26.0858,26.1858,2398069,27.019614285714272,26.067847999999998,23.536222000000002,19.554344499999985,43.005895446715755,27.886827455055855,26.938375,25.989922544944147,-0.018431053109502216,0.19992769395282056,Bearish,29.1842,11.9501,12916326.761904761,26.47233333333333,26.758866666666666,26.952133333333332,25.99253333333333,25.799266666666664,25.51273333333333
881,2004-05-19,26.1858,26.5056,26.1858,26.3457,2473664,26.910152380952365,26.13701,23.634968,19.601039999999983,45.23225558260176,27.864428049028998,26.893400000000003,25.92237195097101,-0.048468516463007205,0.15024845186965502,Bearish,29.1842,12.0827,12011972.761904761,26.50560000000001,26.665500000000005,26.82540000000001,26.185800000000008,26.025900000000004,25.866000000000007
882,2004-05-20,26.3457,28.0248,26.4257,27.8449,46522534,26.938709523809514,26.234958000000002,23.745308,19.655231499999985,60.72369823525826,27.920115045131443,26.906395000000003,25.892674954868564,0.04814450816274274,0.12982766312827257,Bearish,29.1842,12.0827,11303275.761904761,28.4379,29.0309,30.037,26.8388,25.8327,25.2397
883,2004-05-21,27.8449,28.6644,27.625,27.9248,43217328,26.954890476190464,26.334104000000004,23.848252,19.71228449999998,61.35114307441195,28.059056806709847,26.98335,25.907643193290156,0.12966360713548042,0.12979485192971413,Bearish,29.1842,12.0827,13117307.761904761,28.5178,29.1108,29.5572,27.4784,27.032,26.439
884,2004-05-24,27.9248,28.2647,27.665,27.7849,19278567,27.021519047619034,26.428852000000006,23.953195,19.765323499999983,59.55709495351298,28.150311968203418,27.019330000000004,25.88834803179659,0.18089408516670957,0.1400146985771132,Bullish,29.1842,12.0827,14574571.238095239,28.144733333333328,28.504566666666665,28.74443333333333,27.545033333333325,27.30516666666666,26.945333333333323
885,2004-05-25,27.7849,28.5645,27.8249,28.3046,46108986,27.08053333333332,26.534394000000006,24.057138,19.818025499999983,63.79280301462737,28.34918300799732,27.089290000000005,25.829396992002692,0.26042800288158574,0.1640973594380077,Bullish,29.1842,12.0827,14749355.714285715,28.63776666666667,28.970933333333335,29.37736666666667,27.898166666666672,27.491733333333336,27.158566666666673
886,2004-05-26,28.3046,28.5845,28.0448,28.1047,17467469,27.137642857142843,26.63793600000001,24.161281,19.87039099999998,61.14029932342457,28.48004723122089,27.159250000000004,25.838452768779117,0.3038266221410275,0.19204321197861168,Bullish,29.1842,12.0827,16264275.714285715,28.44453333333333,28.784366666666664,28.98423333333333,27.90483333333333,27.704966666666664,27.36513333333333
887,2004-05-27,28.1047,28.3446,27.9448,28.1047,14101280,27.204271428571413,26.73628200000001,24.267222999999998,19.92398749999998,61.14029932342457,28.58291432541365,27.241205,25.89949567458635,0.334365977718754,0.22050776512664014,Bullish,29.1842,12.0827,16128846.42857143,28.317933333333336,28.531166666666667,28.717733333333335,27.918133333333337,27.73156666666667,27.518333333333338
888,2004-05-28,28.1047,28.6644,28.1047,28.2247,31309567,27.28803809523808,26.83622800000001,24.372366000000003,19.97913099999998,62.233570891267355,28.680685879707944,27.276185000000005,25.871684120292066,0.3640550343369888,0.24921721896870988,Bullish,29.1842,12.0827,16329676.19047619,28.557833333333328,28.890966666666664,29.117533333333327,27.998133333333328,27.771566666666665,27.43843333333333
889,2004-05-31,28.2247,28.3046,27.8849,28.0448,12027188,27.312785714285702,26.93137600000001,24.472912,20.032711999999982,59.52963480586244,28.742893397602646,27.302170000000007,25.86144660239737,0.3688159187605393,0.2731369589270758,Bullish,29.1842,12.0827,17475394.95238095,28.271300000000007,28.497800000000005,28.69100000000001,27.851600000000005,27.6584,27.431900000000002
890,2004-06-01,28.0448,27.8849,27.1053,27.2252,11135933,27.298504761904752,27.010132000000013,24.565061999999998,20.081721499999983,49.06946979187373,28.719302176820197,27.284180000000003,25.84905782317981,0.30296172941989497,0.27910191302563964,Bullish,29.1842,12.0827,16737264.666666666,27.70496666666667,28.184733333333334,28.48456666666667,26.925366666666672,26.625533333333337,26.145766666666674
891,2004-06-02,27.2252,27.665,27.0453,27.0653,7293305,27.27375714285713,27.08329200000001,24.655613,20.131067999999985,47.32242706927582,28.699812702384236,27.264190000000003,25.82856729761577,0.23515845595449392,0.27031322161141047,Bearish,29.1842,12.0827,15956693.666666666,27.471766666666664,27.87823333333333,28.091466666666662,26.852066666666666,26.638833333333334,26.232366666666667
892,2004-06-03,27.0653,27.2652,25.726,25.9459,12520142,27.201414285714275,27.13406400000001,24.726774,20.172639499999985,37.30819011261791,28.733451149544237,27.190230000000003,25.64700885045577,0.0900594986131722,0.2342624770117628,Bearish,29.1842,12.0827,15219107.904761905,26.898733333333332,27.851566666666667,28.437933333333334,25.35953333333333,24.773166666666665,23.82033333333333
893,2004-06-04,25.9459,26.7455,25.4662,26.2058,3746069,27.143352380952365,27.187236000000006,24.79074,20.216930999999985,40.458658516068674,28.738198667657826,27.137259999999998,25.53632133234217,-0.0039155762110922865,0.18662686636719178,Bearish,29.1842,12.0827,15170647.38095238,26.812133333333335,27.418466666666667,28.091433333333335,25.532833333333336,24.85986666666667,24.253533333333337
894,2004-06-07,26.2058,27.2652,26.6255,27.1053,18953954,27.135738095238075,27.257998000000008,24.858303,20.264393999999985,49.8515882777144,28.743876648139913,27.145255,25.546633351860084,-0.005743163880119084,0.14815286031772962,Bearish,29.1842,12.1205,15079746.095238095,27.37183333333333,27.638366666666666,28.011533333333333,26.73213333333333,26.358966666666664,26.09243333333333
895,2004-06-08,27.1053,27.605,27.1852,27.4851,20863516,27.161438095238076,27.333958000000006,24.927266,20.313377499999987,53.20812486223413,28.77555551050175,27.186235,25.59691448949825,0.02318785049748584,0.12315985835368086,Bearish,29.1842,12.4993,15574303.333333334,27.665000000000003,27.844900000000003,28.084800000000005,27.2452,27.0053,26.8254
896,2004-06-09,27.4851,27.8649,27.2852,27.4651,14850239,27.19951428571427,27.408318000000005,24.988433,20.364343999999985,53.006925529403205,28.783187549283795,27.245205,25.707222450716202,0.04399490904976844,0.10732686849289838,Bearish,29.1842,12.4993,16339356.095238095,27.7916,28.1181,28.371299999999998,27.2119,26.9587,26.6322
897,2004-06-10,27.4651,27.3651,26.2258,26.7655,11039375,27.222361904761886,27.433106000000002,25.026612999999998,20.414369499999985,46.39771396582208,28.77200002250538,27.261199999999995,25.75039997749461,0.0039868220573993085,0.08665885920579856,Bearish,29.1842,12.4993,16845257.095238097,27.345133333333337,27.92476666666667,28.48443333333334,26.205833333333334,25.646166666666666,25.066533333333332
898,2004-06-11,26.7655,27.0253,26.6455,26.7655,5553991,27.237595238095217,27.460692000000005,25.071789,20.462690499999987,46.397713965822085,28.77029478372706,27.265199999999993,25.760105216272926,-0.027403979113916677,0.06384629154185552,Bearish,29.1842,12.4993,16754597.857142856,26.978700000000003,27.191900000000004,27.358500000000006,26.5989,26.432299999999998,26.219099999999997
899,2004-06-14,26.7655,26.1858,25.4462,25.4462,4497570,27.17858095238093,27.455096000000008,25.114365999999997,20.504793499999987,36.45621729764976,28.881589159522342,27.217224999999992,25.552860840477642,-0.1569289204405706,0.019691249145370293,Bearish,29.1842,12.4993,16788508.095238097,25.939266666666672,26.432333333333336,26.67886666666667,25.199666666666673,24.953133333333337,24.460066666666673
900,2004-06-15,25.4462,26.2258,25.2863,26.0259,13558776,27.160495238095212,27.42271400000001,25.156542999999996,20.550078999999986,42.30588413307583,28.894737615053362,27.20922999999999,25.52372238494662,-0.21037633691654634,-0.026322268067013037,Bearish,29.1842,12.4993,16686928.57142857,26.4057,26.7855,27.3452,25.4662,24.9065,24.5267
901,2004-06-16,26.0259,26.5056,25.786,26.2058,13910069,27.161447619047593,27.386334000000012,25.19972,20.595222499999988,44.027919488850905,28.903110580723958,27.20223499999999,25.501359419276024,-0.23550264513086816,-0.06815834347978406,Bearish,29.1842,12.4993,17091310.57142857,26.5456,26.8854,27.2652,25.826,25.4462,25.1064
902,2004-06-17,26.2058,26.4257,25.806,25.9859,6070449,27.144314285714263,27.33356200000001,25.241896999999998,20.638130499999985,42.363432397462354,28.86191429254961,27.10928499999999,25.35665570745037,-0.2700465886591168,-0.1085359925156506,Bearish,29.1842,12.4993,17639501.04761905,26.33906666666667,26.692233333333334,26.95876666666667,25.719366666666673,25.452833333333338,25.099666666666675
903,2004-06-18,25.9859,26.1858,25.0264,25.5861,6177806,27.036752380952354,27.263200000000012,25.27328,20.678944499999986,39.443768167764595,28.822109499498094,26.992349999999988,25.16259050050188,-0.32592635537032066,-0.1520140650865846,Bearish,29.1842,12.4993,17810776.523809522,26.17246666666667,26.758833333333335,27.33186666666667,25.013066666666667,24.440033333333332,23.853666666666665
904,2004-06-21,25.5861,25.5861,24.3068,24.3268,4670358,26.86541904761902,27.16805200000001,25.29207,20.714882499999984,31.96977850415939,28.946376952344245,26.81944499999999,24.692513047655737,-0.4664495189717428,-0.21490115586361624,Bearish,29.1842,12.4993,15889599.0,25.17299999999999,26.019199999999994,26.45229999999999,23.893699999999992,23.460599999999996,22.614399999999993
905,2004-06-22,24.3268,24.5267,23.6472,23.907,10249759,26.680757142857118,27.062508000000012,25.306662000000003,20.752982499999984,29.93353365846997,28.962990643658603,26.59956499999999,24.23613935634138,-0.6047186697253188,-0.2928646586359568,Bearish,29.1842,12.4993,14054029.0,24.40673333333333,24.906466666666667,25.286233333333332,23.52723333333333,23.147466666666666,22.64773333333333
906,2004-06-23,23.907,24.4667,23.3073,24.3868,11367164,26.494195238095212,26.966560000000012,25.326052000000004,20.797553499999985,35.02713423538951,28.857792027314424,26.41366999999999,23.969547972685554,-0.6678831762162929,-0.367868362152024,Bearish,29.1842,12.4993,13624085.761904761,24.799899999999997,25.212999999999997,25.959299999999995,23.6405,22.8942,22.4811
907,2004-06-24,24.3868,25.2663,24.3868,24.9065,20605604,26.341899999999978,26.883006000000012,25.350639000000005,20.840650999999983,40.106090675282815,28.65247704075383,26.253759999999993,23.855042959246155,-0.6683022832822516,-0.42795514637806953,Bearish,29.1842,12.4993,11969713.285714285,25.3196,25.7327,26.1991,24.4401,23.9737,23.5606
908,2004-06-25,24.9065,25.1064,24.4067,24.4467,7585520,26.1677095238095,26.800250000000016,25.371627000000004,20.884479999999986,37.326024488522094,28.407355010368832,26.064859999999992,23.722364989631153,-0.6976938653620515,-0.4819028901748659,Bearish,29.1842,12.4993,12119148.285714285,24.899833333333333,25.352966666666667,25.599533333333333,24.200133333333333,23.953566666666667,23.500433333333334
909,2004-06-28,24.4467,25.4662,24.6266,25.4062,11081301,26.033495238095217,26.73508600000001,25.407008,20.936988499999988,45.77333393679739,28.105576978319977,25.932929999999992,23.760283021680006,-0.6362292203777145,-0.5127681562154356,Bearish,29.1842,12.4993,11808874.0,25.70606666666666,26.00593333333333,26.545666666666662,24.86646666666666,24.32673333333333,24.02686666666666
910,2004-06-29,25.4062,26.3857,25.2463,26.0858,29381583,25.9402095238095,26.683914000000012,25.443588,20.995451999999986,50.82852390501732,27.968349558758806,25.875959999999992,23.783570441241178,-0.5266095786335434,-0.5155364406990571,Bearish,29.1842,12.4993,10845623.238095239,26.565566666666665,27.045333333333332,27.704966666666664,25.426166666666667,24.766533333333335,24.28676666666667
911,2004-06-30,26.0858,26.5256,25.866,25.866,22050163,25.87548571428569,26.65633000000001,25.480767999999998,21.051869499999984,49.23002039836632,27.836100139318937,25.815994999999994,23.79588986068105,-0.4522578983082397,-0.5028807322208937,Bullish,29.1842,12.4993,11672023.0,26.30573333333333,26.745466666666665,26.96533333333333,25.646133333333328,25.426266666666663,24.986533333333327
912,2004-07-01,25.866,26.4456,25.746,26.1858,14803358,25.833604761904738,26.62834600000001,25.527143000000002,21.107707999999985,51.61430730149434,27.85387877769809,25.827989999999993,23.802101222301896,-0.36334011003846456,-0.47497260778440786,Bullish,29.1842,12.4993,12191748.238095239,26.505599999999998,26.8254,27.205199999999998,25.805999999999997,25.426199999999998,25.106399999999997
913,2004-07-02,26.1858,26.3657,25.9859,26.0658,7725783,25.839314285714256,26.62194800000001,25.561324,21.166639499999988,50.65303926172445,27.842571554031977,25.820989999999995,23.799408445968012,-0.299107197746892,-0.4397995257769047,Bullish,29.1842,12.4993,12549369.80952381,26.292366666666666,26.518933333333333,26.672166666666666,25.912566666666667,25.759333333333334,25.532766666666667
914,2004-07-05,26.0658,26.5656,26.1458,26.2857,8532297,25.843119047619023,26.60635600000001,25.592707,21.230173999999987,52.402433982204265,27.727668897138468,25.780009999999994,23.83235110286152,-0.22783175708828907,-0.39740597203918154,Bullish,29.1842,12.4993,12321067.0,26.518933333333322,26.75216666666666,26.93873333333332,26.099133333333324,25.912566666666663,25.679333333333325
915,2004-07-06,26.2857,26.4856,26.1058,26.1258,4086817,25.796476190476163,26.590764000000007,25.627088,21.289783999999987,50.986983634080275,27.505741177701886,25.712044999999996,23.918348822298107,-0.18214835763111026,-0.3543544491575673,Bullish,29.1842,12.6887,12548982.61904762,26.37233333333334,26.618866666666673,26.752133333333344,25.992533333333338,25.859266666666667,25.612733333333335
916,2004-07-07,26.1258,26.2657,25.726,25.8859,6003748,25.720323809523784,26.574372000000007,25.657671,21.347247999999986,48.85483630765054,27.240509025297197,25.633084999999994,24.02566097470279,-0.16341807762755423,-0.3161671748515647,Bullish,29.1842,12.6887,11841023.714285715,26.1924,26.4989,26.7321,25.6527,25.4195,25.113
917,2004-07-08,25.8859,26.2457,25.866,26.0459,6492128,25.65274285714283,26.56597800000001,25.689654,21.40125049999999,50.34620411020908,27.13211127161646,25.597104999999996,24.062098728383532,-0.13411750978855608,-0.279757241838963,Bullish,29.1842,12.6887,11133415.714285715,26.239066666666666,26.432233333333333,26.618766666666666,25.859366666666666,25.672833333333333,25.479666666666667
918,2004-07-09,26.0459,26.7255,26.1258,26.1858,24741844,25.625138095238064,26.539192000000007,25.725635,21.45737299999999,51.67314369491059,27.03412365565742,25.56812,24.10211634434258,-0.09847270581454381,-0.24350033463407916,Bullish,29.1842,12.6887,10735410.42857143,26.565599999999993,26.945399999999996,27.16529999999999,25.965899999999994,25.746,25.366199999999996
919,2004-07-12,26.1858,26.7655,26.2657,26.4057,19561380,25.608004761904734,26.516804000000008,25.775009,21.514973999999988,53.76467702271416,27.125166061912186,25.616095,24.107023938087817,-0.05188178867462412,-0.20517662544218815,Bullish,29.1842,12.6887,11387908.952380951,26.69223333333333,26.978766666666665,27.19203333333333,26.19243333333333,25.979166666666664,25.69263333333333
920,2004-07-13,26.4057,26.5856,25.8859,25.9459,10567511,25.631799999999977,26.484022000000003,25.818585000000002,21.56942349999999,48.990319504395025,27.11721881879376,25.612095000000004,24.106971181206248,-0.05146689018978989,-0.1744346783917085,Bullish,29.1842,12.6887,12054927.476190476,26.392366666666668,26.838833333333334,27.092066666666668,25.692666666666668,25.439433333333334,24.992966666666668
921,2004-07-14,25.9459,26.1458,25.826,25.9459,10820467,25.627990476190455,26.453638000000005,25.861961000000004,21.624346499999987,48.990319504395025,27.08789490192593,25.599100000000004,24.110305098074075,-0.05055531000720137,-0.14965880471480708,Bullish,29.1842,12.9349,12343972.285714285,26.11913333333333,26.292366666666666,26.43893333333333,25.79933333333333,25.652766666666665,25.47953333333333
922,2004-07-15,25.9459,25.9859,25.4462,25.4862,5957883,25.593723809523787,26.414860000000008,25.901540000000004,21.676592499999987,44.41689995837651,27.05284408035937,25.574115000000003,24.095385919640634,-0.08593620519170386,-0.13691428481018644,Bullish,29.1842,13.0675,12213576.61904762,25.832666666666665,26.179133333333333,26.372366666666665,25.292966666666665,25.099733333333333,24.753266666666665
923,2004-07-16,25.4862,25.8859,25.2463,25.726,12956686,25.581347619047598,26.384076000000004,25.942717000000005,21.730415999999988,47.186609209279965,27.061322503528014,25.581110000000002,24.10089749647199,-0.09354760506341364,-0.12824094886083187,Bullish,29.1842,13.0675,11834901.095238095,25.992499999999996,26.258999999999997,26.632099999999994,25.352899999999998,24.9798,24.7133
924,2004-07-19,25.726,25.8859,25.5061,25.6061,4324147,25.58229999999998,26.357290000000003,25.982695000000007,21.785060499999986,45.95360187041054,27.008940519580488,25.645075000000002,24.281209480419516,-0.10800955533255063,-0.12419467015517563,Bullish,29.1842,13.2,12162817.142857144,25.82596666666667,26.045833333333334,26.20576666666667,25.44616666666667,25.286233333333335,25.06636666666667
925,2004-07-20,25.6061,25.6861,25.2663,25.6661,4522218,25.64607619047617,26.337302,26.023273000000007,21.84208799999999,46.7041133397532,26.83986887553716,25.733030000000003,24.626191124462846,-0.1133229402404794,-0.12202032417223638,Bullish,29.1842,13.2,12074547.666666666,25.8127,25.9593,26.232499999999998,25.3929,25.1197,24.973100000000002
926,2004-07-21,25.6661,25.8859,25.6261,25.726,3867783,25.732695238095214,26.326108000000005,26.05365600000001,21.897805499999986,47.488099807951905,26.71906593353362,25.79999,24.88091406646638,-0.11141607154736732,-0.11989947364726257,Bullish,29.1842,13.2,12067493.38095238,25.865899999999996,26.005799999999997,26.125699999999995,25.606099999999998,25.4862,25.3463
927,2004-07-22,25.726,25.9459,25.4862,25.5461,6704301,25.787899999999976,26.308118000000004,26.08004100000001,21.953096999999985,45.331336801836635,26.66493869112849,25.831970000000002,24.999001308871513,-0.12300338443398928,-0.12052025580460791,Bearish,29.1842,13.2,11763589.761904761,25.832600000000003,26.119100000000003,26.292300000000004,25.3729,25.1997,24.9132
928,2004-07-23,25.5461,25.746,25.3063,25.3262,4498841,25.807885714285685,26.280932000000004,26.10542700000001,22.00757299999999,42.774064898649776,26.47047649782007,25.875945,25.281413502179934,-0.1482218958473389,-0.1260605838131541,Bearish,29.1842,13.2,11541548.666666666,25.612700000000004,25.8992,26.052400000000002,25.173000000000005,25.019800000000004,24.733300000000007
929,2004-07-26,25.3262,25.4462,24.9864,25.0264,2770452,25.83549047619045,26.253346,26.12741500000001,22.058750999999987,39.5022321146713,26.529441795335444,25.856955,25.184468204664554,-0.19020651993645998,-0.13888977103781527,Bearish,29.1842,13.2947,10774559.952380951,25.319600000000005,25.612800000000004,25.779400000000006,24.859800000000003,24.6932,24.400000000000002
930,2004-07-27,25.0264,25.1663,24.6066,24.8865,4685477,25.810742857142827,26.227360000000004,26.147604000000012,22.106577999999985,38.039982052704154,26.58167965814512,25.79699,25.012300341854882,-0.2320929744799436,-0.15753041172624094,Bearish,29.1842,13.2947,10545271.0,25.166333333333334,25.446166666666667,25.726033333333334,24.606633333333335,24.326766666666668,24.046933333333335
931,2004-07-28,24.8865,25.3262,24.9065,25.0064,6486411,25.75934285714283,26.200574000000003,26.16879200000001,22.156424999999984,40.08693427816799,26.60981533510836,25.75401,24.89820466489164,-0.25270039072363915,-0.17656440752572058,Bearish,29.1842,13.3515,10240707.952380951,25.252900000000004,25.4994,25.672600000000003,24.833200000000005,24.660000000000004,24.413500000000006
932,2004-07-29,25.0064,25.2263,24.6666,24.6666,2610369,25.702228571428545,26.137008,26.18598300000001,22.204951499999982,36.415226863949066,26.631216651745376,25.678050000000002,24.72488334825463,-0.29307257848467216,-0.1998660417175109,Bearish,29.1842,13.5788,9150461.666666666,25.039733333333334,25.412866666666666,25.599433333333334,24.480033333333335,24.293466666666667,23.920333333333335
933,2004-07-30,24.6666,24.8065,24.2468,24.4467,6273221,25.61941428571426,26.067446,26.200775000000007,22.250768999999988,34.23017911307621,26.672030518949764,25.597095000000003,24.52215948105024,-0.3389052318189911,-0.22767387973780695,Bearish,29.1842,13.5788,8224757.19047619,24.7532,25.0597,25.3129,24.1935,23.9403,23.6338
934,2004-08-02,24.4467,24.3868,23.7671,23.907,4226445,25.516614285714258,25.989887999999997,26.209370000000007,22.294455999999986,29.544556942084967,26.733290704588352,25.47816,24.223029295411646,-0.4140048293678831,-0.26494006966382216,Bearish,29.1842,13.5788,7818560.19047619,24.273500000000006,24.640000000000004,24.893200000000007,23.653800000000004,23.4006,23.034100000000002
935,2004-08-03,23.907,24.6866,23.6671,24.5866,10976358,25.43570476190473,25.915528,26.224961000000008,22.345328499999987,40.575427662150425,26.67664112055444,25.401199999999996,24.125758879445552,-0.4139124362296336,-0.2947345429769844,Bearish,29.1842,13.5788,7651925.047619048,24.95976666666667,25.332933333333333,25.979266666666668,23.940266666666673,23.29393333333334,22.920766666666676
936,2004-08-04,24.5866,24.8865,24.4667,24.5667,3906152,25.36146190476187,25.844768,26.241352000000006,22.39808999999999,40.37608336198505,26.639708626529828,25.33524,24.03077137347017,-0.41071056199049494,-0.31792974677968655,Bearish,29.1842,13.5788,7768308.904761905,24.813233333333333,25.05976666666667,25.233033333333335,24.39343333333333,24.220166666666664,23.97363333333333
937,2004-08-05,24.5667,25.3862,24.6266,25.3063,20431673,25.333861904761868,25.788799999999995,26.26254100000001,22.45227699999999,50.17383992810499,26.561323060025384,25.29826,24.035196939974615,-0.34452207861805917,-0.3232482131473611,Bearish,29.1842,13.5788,7759705.80952381,25.586133333333326,25.86596666666666,26.345733333333325,24.826533333333327,24.346766666666664,24.066933333333328
938,2004-08-06,25.3063,25.3862,25.0664,25.2863,7486802,25.297690476190443,25.730031999999998,26.28313000000001,22.505795999999986,49.934878438242976,26.448994182493962,25.253284999999998,24.057575817506034,-0.29033426881209934,-0.31666542428030875,Bullish,29.1842,13.5788,8446749.857142856,25.4262,25.5661,25.746,25.106400000000004,24.926500000000004,24.786600000000007
939,2004-08-09,25.2863,25.6061,25.1463,25.3063,7991572,25.25580952380949,25.675261999999996,26.30331900000001,22.558278499999986,50.190353621437545,26.271899508597038,25.198315,24.124730491402964,-0.24297533783806102,-0.3019274069918592,Bullish,29.1842,13.5788,8494115.285714285,25.559500000000003,25.812700000000003,26.019300000000005,25.099700000000002,24.8931,24.6399
940,2004-08-10,25.3063,25.726,25.3063,25.5061,23120305,25.21297142857139,25.640879999999996,26.325506000000008,22.609771499999983,52.78254007224018,26.204828335677654,25.176325,24.147821664322343,-0.18716335103118809,-0.278974595799725,Bullish,29.1842,13.5788,7696483.285714285,25.719299999999997,25.932499999999997,26.138999999999996,25.299599999999998,25.0931,24.8799
941,2004-08-11,25.5061,25.786,25.3462,25.4262,8868852,25.188223809523773,25.608098,26.34569500000001,22.66361099999998,51.625487942617184,26.12458668210856,25.15034,24.17609331789144,-0.14767688443285465,-0.25271505352635093,Bullish,29.1842,13.5788,7865955.904761905,25.69273333333334,25.95926666666667,26.132533333333342,25.25293333333334,25.079666666666668,24.813133333333337
942,2004-08-12,25.4262,25.5461,24.8265,24.9265,8370435,25.139680952380917,25.58771,26.360887000000012,22.71438399999998,44.983965682158086,26.088524983957278,25.122355,24.15618501604272,-0.15491937488221907,-0.23315591779752456,Bullish,29.1842,13.5788,7785067.380952381,25.372899999999998,25.8193,26.092499999999998,24.653299999999998,24.3801,23.933699999999998
943,2004-08-13,24.9265,25.0264,24.7266,24.8865,3215000,25.111123809523775,25.561324000000003,26.374280000000013,22.76543049999998,44.49055717510693,26.01026434463644,25.080379999999998,24.150495655363557,-0.16201911099061306,-0.21892855643614226,Bullish,29.1842,13.5788,7668399.19047619,25.033066666666667,25.17963333333333,25.332866666666664,24.73326666666667,24.580033333333336,24.43346666666667
944,2004-08-16,24.8865,25.0664,24.7466,24.8865,1991763,25.071147619047583,25.516948000000006,26.387473000000014,22.81666649999998,44.49055717510693,25.94537072094456,25.0444,24.14342927905544,-0.16573521066538888,-0.20828988728199158,Bullish,29.1842,13.5788,7537785.714285715,25.053066666666666,25.219633333333334,25.372866666666667,24.733266666666665,24.580033333333333,24.413466666666665
945,2004-08-17,24.8865,25.3862,24.7666,25.2863,8964140,25.05591904761901,25.472972000000006,26.403465000000015,22.869522499999974,50.75219491474171,25.88837390631309,25.02541,24.16244609368691,-0.134865086927217,-0.19360492721103667,Bullish,29.1842,13.5788,7015646.523809524,25.52613333333333,25.765966666666664,26.14573333333333,24.906533333333332,24.526766666666667,24.286933333333334
946,2004-08-18,25.2863,25.5061,25.1863,25.2463,7074906,25.035928571428535,25.428596000000006,26.41845700000001,22.921704999999974,50.142754650108735,25.81012691758111,25.001425,24.192723082418894,-0.11233305166879148,-0.17735055210258763,Bullish,29.1842,13.5788,7236598.571428572,25.4395,25.6327,25.7593,25.119699999999998,24.9931,24.799899999999997
947,2004-08-19,25.2463,25.4862,24.8865,24.9065,8970619,24.996904761904727,25.391416000000007,26.41226100000001,22.973324999999974,45.17950779088504,25.739104593521585,24.969445,24.199785406478416,-0.12050615166097955,-0.165981672014266,Bullish,29.1842,13.5788,7358155.142857143,25.299633333333336,25.692766666666667,25.899333333333335,24.699933333333338,24.49336666666667,24.10023333333334
948,2004-08-20,24.9065,25.2263,24.8465,25.0264,4834888,24.972157142857107,25.356634000000007,26.408663000000015,23.026017999999972,47.166726642634686,25.707230556125193,24.954455,24.201679443874806,-0.11597161573849846,-0.1559796607591125,Bullish,29.1842,13.5788,7601147.333333333,25.219633333333334,25.412866666666666,25.599433333333334,24.839833333333335,24.653266666666667,24.460033333333335
949,2004-08-23,25.0264,25.1863,24.9065,24.9065,1987570,24.952171428571393,25.345840000000006,26.400468000000014,23.07716449999997,45.394612213647264,25.70075781177448,24.948459999999997,24.196162188225514,-0.12066197516403321,-0.14891612364009663,Bullish,29.1842,13.5788,7512127.666666667,25.093033333333338,25.279566666666668,25.372833333333336,24.81323333333334,24.71996666666667,24.533433333333342
950,2004-08-24,24.9065,25.0264,24.5267,24.5866,2685964,24.931228571428537,25.317054000000006,26.369884000000017,23.12784749999997,40.97159494267138,25.701887618811377,24.933464999999995,24.165042381188613,-0.14848078126479436,-0.14882905516503617,Bullish,29.1842,13.5788,7392543.333333333,24.899766666666668,25.212933333333332,25.399466666666665,24.40006666666667,24.213533333333338,23.900366666666674
951,2004-08-25,24.5866,24.7466,24.1869,24.3668,5149972,24.906480952380917,25.28027400000001,26.333304000000012,23.17695849999997,38.21634143171226,25.70742568088194,24.901484999999997,24.095544319118055,-0.18611795662846475,-0.15628683545772187,Bearish,29.1842,13.5788,7388520.095238095,24.679966666666658,24.99313333333333,25.239666666666658,24.12026666666666,23.87373333333333,23.56056666666666
952,2004-08-26,24.3668,24.5667,24.3668,24.5067,2386888,24.882685714285678,25.25069000000001,26.29212600000001,23.22875749999997,40.93876638995587,25.711671854846735,24.893489999999996,24.075308145153258,-0.20232465576948044,-0.16549439952007358,Bearish,29.1842,13.5788,7410638.904761905,24.593333333333337,24.67996666666667,24.793233333333337,24.393433333333338,24.28016666666667,24.193533333333338
953,2004-08-27,24.5067,24.8465,24.4667,24.5866,6535833,24.878876190476156,25.23070000000001,26.246950000000012,23.28190249999997,42.497188577253034,25.705555097010574,24.900484999999996,24.09541490298942,-0.20634272881991222,-0.1736640653800413,Bearish,29.1842,13.5788,7215423.523809524,24.799833333333336,25.013066666666667,25.179633333333335,24.420033333333336,24.253466666666668,24.040233333333337
954,2004-08-30,24.5866,24.6666,23.3673,23.3673,12603487,24.827476190476155,25.211510000000008,26.18978100000001,23.32724699999997,29.64282299099361,25.83159908673426,24.873499999999996,23.91540091326573,-0.30440540452814346,-0.19981233320966174,Bearish,29.1842,13.5788,7402350.380952381,24.2335,25.0997,25.532799999999998,22.9342,22.5011,21.634900000000002
955,2004-08-31,23.3673,23.8071,22.6477,23.6472,26552942,24.81510476190473,25.20631400000001,26.13441100000001,23.37427499999997,34.537877558444066,25.91897183021354,24.826529999999998,23.734088169786457,-0.35543792362116733,-0.23093745129196286,Bearish,29.1842,13.5788,7703791.619047619,24.08696666666667,24.526733333333333,25.246366666666667,22.92756666666667,22.207933333333337,21.768166666666673
956,2004-09-01,23.6472,23.7071,23.0275,23.2474,14826735,24.751333333333303,25.18352600000001,26.075043000000008,23.41930399999997,31.198903552664515,26.049460501233835,24.760564999999996,23.471669498766158,-0.4232629693650303,-0.26940255490657633,Bearish,29.1842,13.5788,8766958.142857144,23.627166666666664,24.006933333333333,24.306766666666665,22.947566666666663,22.64773333333333,22.267966666666663
957,2004-09-02,23.2474,23.4473,23.0875,23.4073,6198642,24.696123809523776,25.153542000000012,26.01827400000001,23.465132499999967,33.94923844864546,26.05553927747005,24.665614999999995,23.27569072252994,-0.45882318504053643,-0.30728668093336836,Bearish,29.1842,13.5788,8950309.42857143,23.540566666666663,23.67383333333333,23.900366666666663,23.180766666666663,22.95423333333333,22.820966666666664
958,2004-09-03,23.4073,23.4473,23.1274,23.3873,7670263,24.604742857142828,25.132354000000014,25.96630200000001,23.510860999999966,33.76741318457053,26.035450090414383,24.570664999999998,23.105879909585614,-0.48305044022743715,-0.34243943279218214,Bearish,29.1842,13.5788,9059475.61904762,23.513933333333327,23.64056666666666,23.833833333333324,23.19403333333333,23.000766666666667,22.874133333333333
959,2004-09-06,23.3873,23.3073,22.2279,22.8876,13116896,24.490519047619017,25.081982000000018,25.90853400000001,23.549640499999967,29.514182093076673,26.045162246258485,24.449729999999995,22.854297753741506,-0.5363891679068864,-0.381229379815123,Bearish,29.1842,13.5788,8451789.42857143,23.387300000000007,23.887000000000004,24.466700000000007,22.307900000000007,21.728200000000005,21.228500000000007
960,2004-09-07,22.8876,23.1075,22.4878,22.8076,5578638,24.371533333333304,25.016418000000016,25.85016600000001,23.58546299999997,28.886865283630087,25.984751017660837,24.314804999999996,22.644858982339155,-0.5784478386767482,-0.42067307158744804,Bearish,29.1842,13.5788,8719889.142857144,23.114133333333335,23.42066666666667,23.733833333333337,22.494433333333333,22.181266666666666,21.87473333333333
961,2004-09-08,22.8076,23.1474,22.8676,22.8876,9415294,24.246842857142827,24.956850000000017,25.80659000000001,23.622727499999968,30.478201169556453,25.886291278625734,24.187875,22.489458721374262,-0.5984260241667911,-0.45622366210331666,Bearish,29.1842,13.5788,8604987.523809524,23.067466666666665,23.247333333333334,23.347266666666666,22.787666666666663,22.68773333333333,22.50786666666666
962,2004-09-09,22.8876,22.9875,22.5677,22.8076,5024446,24.12214761904759,24.88928600000002,25.75881600000001,23.65978099999997,29.760994762972963,25.84591382090133,24.081929999999996,22.317946179098662,-0.6136405452867173,-0.48770703873999677,Bearish,29.1842,13.5788,7952367.952380952,23.007500000000004,23.207400000000003,23.427300000000006,22.5877,22.3678,22.1679
963,2004-09-10,22.8076,22.7876,21.9881,22.5677,3689913,24.00982380952378,24.81932400000002,25.720636000000013,23.696865999999968,27.659069189620904,25.806365643068897,23.965989999999998,22.1256143569311,-0.6377050214315432,-0.5177066352783061,Bearish,29.1842,13.5788,7769301.0,22.907500000000002,23.247300000000003,23.707000000000004,22.108,21.6483,21.3085
964,2004-09-13,22.5677,22.7077,21.9881,22.128,2904871,23.878466666666636,24.73617000000002,25.671263000000014,23.730047999999965,24.274994553735993,25.781795534414048,23.828064999999995,21.874334465585942,-0.6843674455172994,-0.5510387973261047,Bearish,29.1842,13.5788,7546419.0,22.561100000000007,22.994200000000003,23.280700000000007,21.841500000000007,21.555000000000003,21.121900000000007
965,2004-09-14,22.128,22.148000000000003,21.4883,22.048,6911774,23.74329999999997,24.65461400000002,25.62268900000001,23.764155999999968,23.70667675841628,25.646208976394913,23.666149999999995,21.686091023605076,-0.7195090319603565,-0.5847328442529551,Bearish,29.1842,13.5788,7531650.952380952,22.301233333333332,22.55446666666667,22.960933333333337,21.641533333333328,21.23506666666666,20.981833333333324
966,2004-09-15,22.048,22.168000000000006,21.5883,21.7482,5897026,23.574819047619016,24.57186000000002,25.57311600000001,23.794302999999967,21.660139360324212,25.499875914304994,23.491244999999996,21.482614085694998,-0.7627577503193308,-0.6203378254662303,Bearish,29.1842,13.5788,7765937.19047619,22.08136666666667,22.414533333333342,22.661066666666677,21.501666666666665,21.25513333333333,20.92196666666666
967,2004-09-16,21.7482,22.2879,21.8681,22.048,8343882,23.422519047619016,24.491902000000017,25.528940000000006,23.82594899999997,28.323740919371577,25.34052727094403,23.348319999999994,21.35611272905596,-0.7640340082892472,-0.6490770620308337,Bearish,29.1842,13.5788,7619884.142857143,22.267899999999997,22.4878,22.6877,21.848099999999995,21.648199999999996,21.428299999999993
968,2004-09-17,22.068,22.4278,21.6682,22.188,11936983,23.293066666666636,24.41194600000002,25.47556900000001,23.85734799999997,31.264038776317555,25.102290995812307,23.206399999999995,21.310509004187683,-0.7451588940686484,-0.6682934284383967,Bearish,29.1842,13.5788,7680311.571428572,22.52113333333333,22.854266666666668,23.280733333333334,21.76153333333333,21.335066666666663,21.001933333333326
969,2004-09-20,22.188,22.6077,22.068,22.5278,14312183,23.17408571428568,24.334388000000022,25.42559600000001,23.890729999999973,37.920511392001494,24.834420099910123,23.087464999999995,21.340509900089867,-0.6947723072112737,-0.6735892041929721,Bearish,29.1842,13.5788,7821567.0,22.734333333333336,22.94086666666667,23.274033333333335,22.194633333333336,21.86146666666667,21.654933333333336
970,2004-09-21,22.5278,22.5677,21.9881,21.9881,4220093,23.03511428571425,24.255232000000024,25.36962700000001,23.91971449999997,32.53183155530609,24.623844182795533,22.957539999999995,21.291235817204456,-0.6904309949188985,-0.6769575623381574,Bearish,29.1842,13.5788,8272866.761904762,22.374499999999994,22.760899999999996,22.954099999999993,21.794899999999995,21.601699999999997,21.215299999999996
971,2004-09-22,21.9881,22.048,21.5883,21.6682,3456141,22.896142857142827,24.169678000000026,25.311658000000012,23.949697999999966,29.82629155136964,24.44711669053779,22.822609999999994,21.198103309462198,-0.7046806107021482,-0.6825021720109555,Bearish,29.1842,13.5788,8379177.380952381,21.94803333333334,22.227866666666667,22.407733333333336,21.48833333333334,21.30846666666667,21.028633333333342
972,2004-09-23,21.6682,22.188,21.6083,22.028,7127378,22.784771428571396,24.100514000000025,25.25768700000001,23.981680499999968,36.248272389206,24.160397147161348,22.698674999999994,21.23695285283864,-0.6791122970200547,-0.6818241970127754,Bullish,29.1842,13.5788,8415852.476190476,22.274566666666665,22.52113333333333,22.854266666666664,21.694866666666666,21.361733333333333,21.115166666666667
973,2004-09-24,22.028,22.4878,22.028,22.4878,14930027,22.6886333333333,24.03575000000003,25.20991300000001,24.014062999999965,43.3794485266243,23.772133707187823,22.593734999999995,21.415336292812167,-0.614661768670608,-0.6683917113443419,Bullish,29.1842,13.5788,8510014.666666666,22.641066666666674,22.794333333333338,23.100866666666676,22.181266666666673,21.874733333333335,21.72146666666667
974,2004-09-27,22.4878,23.0275,22.5677,22.5677,12423457,22.592495238095207,23.974982000000033,25.16613600000001,24.046744999999966,44.54038525050635,23.67744753530567,22.553754999999995,21.43006246469432,-0.5507878587823463,-0.6448709408319429,Bullish,29.1842,13.5788,9107307.0,22.874233333333333,23.180766666666667,23.334033333333334,22.41443333333333,22.261166666666664,21.95463333333333
975,2004-09-28,22.5677,22.7876,22.3279,22.4078,4567320,22.54680476190473,23.90981600000003,25.12355900000001,24.078227499999965,42.65545451446703,23.497995698165088,22.491784999999997,21.485574301834905,-0.5072229680290654,-0.6173413462713674,Bullish,29.1842,13.9576,9387670.047619049,22.687633333333338,22.96746666666667,23.14733333333334,22.227933333333336,22.048066666666667,21.768233333333335
976,2004-09-29,22.4078,22.5877,22.2879,22.3679,7932113,22.485885714285683,23.842654000000035,25.08438100000001,24.109110999999967,42.17581601415388,23.393116013733927,22.447809999999997,21.502503986266067,-0.4704935183730292,-0.5879717806916998,Bullish,29.1842,13.9576,9004995.42857143,22.541100000000007,22.714300000000005,22.84090000000001,22.241300000000006,22.114700000000003,21.941500000000005
977,2004-09-30,22.3679,22.5078,22.2079,22.2679,7586156,22.43924285714283,23.777090000000033,25.04260400000001,24.139494499999966,40.93350542213525,23.22927332806039,22.390839999999994,21.552406671939597,-0.44433234250720943,-0.5592438930548017,Bullish,29.1842,13.9576,8118289.285714285,22.44783333333333,22.627766666666666,22.747733333333333,22.14793333333333,22.027966666666664,21.84803333333333
978,2004-10-01,22.2679,22.188,21.7482,21.8881,5971604,22.36689999999997,23.708328000000034,24.99463000000001,24.167678999999968,36.532194052744806,23.045576809916263,22.315879999999996,21.58618319008373,-0.44906951420770014,-0.5372090172853814,Bullish,29.1842,13.9576,7773499.80952381,22.134666666666664,22.38123333333333,22.574466666666662,21.694866666666666,21.501633333333334,21.255066666666668
979,2004-10-04,21.8881,22.2479,21.8281,21.9281,5553356,22.297414285714257,23.646362000000035,24.949854000000013,24.194364499999963,37.29687810740856,22.966441288178483,22.267904999999995,21.569368711821507,-0.44447248902480396,-0.5186617116332659,Bullish,29.1842,13.9576,7762688.476190476,22.174633333333333,22.421166666666668,22.594433333333335,21.75483333333333,21.581566666666664,21.335033333333328
980,2004-10-05,21.9281,21.9881,21.6682,21.7882,3506326,22.245061904761876,23.584396000000034,24.905878000000012,24.221049999999963,35.67779564279609,22.89908631833157,22.216935,21.53478368166843,-0.4469657315279498,-0.5043225156122026,Bullish,29.1842,13.9576,7661883.380952381,21.961466666666674,22.134733333333337,22.281366666666674,21.641566666666673,21.494933333333336,21.321666666666673
981,2004-10-06,21.7882,22.5877,21.8082,22.4078,20434849,22.22602380952378,23.532424000000034,24.86649900000001,24.250733499999964,46.71122676895446,22.809675023512565,22.192944999999998,21.57621497648743,-0.3943987194545997,-0.48233775638068205,Bullish,29.1842,13.9576,7204237.19047619,22.727600000000002,23.047400000000003,23.507100000000005,21.9481,21.4884,21.168599999999998
982,2004-10-07,22.4078,22.7277,22.3079,22.4678,16635673,22.206033333333306,23.48844800000003,24.81272800000001,24.279017999999965,47.6477309129049,22.740534650626532,22.175955,21.611375349373464,-0.34393284139764546,-0.45465677338407473,Bullish,29.1842,13.9576,7911675.80952381,22.694366666666664,22.92093333333333,23.114166666666662,22.274566666666665,22.081333333333333,21.854766666666666
983,2004-10-08,22.4678,22.8276,22.4278,22.5078,10637515,22.191757142857114,23.449670000000033,24.75855800000001,24.303404999999966,48.300046205875,22.729777468836936,22.172959999999996,21.616142531163057,-0.2972837022772694,-0.4231821591627137,Bullish,29.1842,13.9576,8255503.380952381,22.747666666666664,22.98753333333333,23.147466666666663,22.347866666666665,22.187933333333334,21.948066666666666
984,2004-10-11,22.5078,22.8676,22.5078,22.6277,7367502,22.194614285714255,23.424084000000036,24.70698600000001,24.330090499999965,50.299125212261245,22.78828566936121,22.197944999999997,21.607604330638786,-0.24778271063279078,-0.3881022694567291,Bullish,29.1842,13.9576,8522792.38095238,22.8276,23.0275,23.1874,22.4678,22.3079,22.108
985,2004-10-12,22.6277,23.3673,22.6677,23.3073,24574011,22.2507714285714,23.398498000000032,24.65701300000001,24.35707549999997,59.789761373080616,23.018723132375715,22.26091,21.503096867624283,-0.1519630424140921,-0.3408744240482017,Bullish,29.1842,13.9576,8697915.666666666,23.560499999999994,23.813699999999997,24.260099999999994,22.860899999999994,22.414499999999997,22.161299999999994
986,2004-10-13,23.3073,23.5672,23.1674,23.2674,16124424,22.308838095238066,23.37251200000003,24.608640000000015,24.384960499999966,59.076497480533384,23.174265469537406,22.336869999999998,21.49947453046259,-0.0783417862038398,-0.2883678964793293,Bullish,29.1842,13.9576,9729779.476190476,23.5006,23.7338,23.900399999999998,23.1008,22.9342,22.701
987,2004-10-14,23.2674,23.3673,23.0675,23.1075,7115943,22.37356666666664,23.32853600000003,24.558668000000015,24.412945499999964,56.18385217859083,23.279839783075012,22.389845,21.49985021692499,-0.03252408648123151,-0.23719913447970975,Bullish,29.1842,13.9576,10168477.095238095,23.294033333333335,23.480566666666668,23.593833333333336,22.994233333333334,22.880966666666666,22.694433333333333
988,2004-10-15,23.1075,23.1474,22.6277,22.6877,4166859,22.404028571428544,23.27656400000003,24.503298000000015,24.43783199999997,49.35164908754457,23.30880368663766,22.414830000000002,21.520856313362344,-0.029744702522137345,-0.19570824808819526,Bullish,29.1842,13.9576,10226520.761904761,23.014166666666664,23.340633333333333,23.533866666666665,22.494466666666664,22.301233333333332,21.974766666666664
989,2004-10-18,22.6877,22.7476,22.2879,22.2879,2329970,22.40878571428569,23.216196000000032,24.44572900000001,24.45932049999997,43.87907379340501,23.296861416332646,22.402835,21.508808583667353,-0.05912102902117411,-0.16839080427479103,Bullish,29.1842,13.9576,10027614.904761905,22.59436666666666,22.900833333333328,23.054066666666657,22.13466666666666,21.98143333333333,21.674966666666663
990,2004-10-19,22.2879,22.6877,22.008000000000006,22.6877,5173095,22.41639999999997,23.15982800000003,24.40035400000001,24.48270799999997,49.86603954504653,23.318847020473974,22.437815,21.556782979526027,-0.049570048027298697,-0.14462665302529257,Bullish,29.1842,13.9576,9570138.095238095,22.914266666666666,23.14083333333333,23.59396666666666,22.234566666666673,21.781433333333343,21.55486666666668
991,2004-10-20,22.6877,22.8476,22.3679,22.5278,5865009,22.442099999999975,23.10186000000003,24.354979000000007,24.505295999999973,47.67542062358501,23.28825169227558,22.480795,21.67333830772442,-0.05427774043349487,-0.12655687050693304,Bullish,29.1842,13.9576,9134943.42857143,22.794300000000007,23.060800000000004,23.274000000000008,22.314600000000006,22.1014,21.834900000000005
992,2004-10-21,22.5278,22.7277,22.188,22.188,6692486,22.466852380952353,23.04709000000003,24.317400000000006,24.52208699999997,43.32018319210307,23.281178385679564,22.488795,21.696411614320436,-0.08445410638782391,-0.11813631768311121,Bullish,29.1842,13.9576,9213272.761904761,22.547800000000006,22.907600000000002,23.087500000000006,22.008100000000006,21.828200000000002,21.468400000000006
993,2004-10-22,22.188,22.5078,22.088,22.2279,2229346,22.4763714285714,22.99391800000003,24.277621000000003,24.53418049999997,43.96746260894702,23.27630546031914,22.4758,21.67529453968086,-0.1039512124046027,-0.11529929662740951,Bullish,29.1842,13.9576,9367384.42857143,22.461133333333336,22.694366666666667,22.880933333333335,22.041333333333338,21.85476666666667,21.62153333333334
994,2004-10-25,22.2279,22.4878,21.9281,22.148000000000003,2156674,22.460190476190448,22.939148000000028,24.228048000000005,24.543175499999972,42.91067604559035,23.266510113389796,22.454815,21.643119886610204,-0.1244158827892079,-0.11712261385976919,Bearish,29.1842,13.9576,9134144.80952381,22.447833333333335,22.747666666666667,23.007533333333335,21.888133333333336,21.62826666666667,21.328433333333336
995,2004-10-26,22.148000000000003,22.188,21.6882,21.7882,2013997,22.4230714285714,22.869186000000028,24.171079000000006,24.54917249999997,38.4310921977822,23.28606637561834,22.423835,21.56160362438166,-0.16773360593624176,-0.1272448122750637,Bearish,29.1842,13.9576,8525889.904761905,22.088066666666666,22.387933333333333,22.587866666666667,21.588266666666666,21.388333333333332,21.088466666666665
996,2004-10-27,21.7882,21.9881,21.4284,21.6682,4068268,22.387852380952353,22.797624000000027,24.113110000000006,24.550771499999968,37.04218360827106,23.311952513267627,22.388849999999998,21.46574748673237,-0.20933314850515927,-0.14366247952108283,Bearish,29.1842,13.9576,8030201.333333333,21.9614,22.2546,22.5211,21.4017,21.1352,20.842000000000002
997,2004-10-28,21.6682,21.9481,21.5483,21.8281,5382346,22.36214761904759,22.736056000000026,24.06373600000001,24.545174499999966,40.1462717532892,23.320875902173785,22.36686,21.412844097826213,-0.2267842642100888,-0.16028683645888403,Bearish,29.1842,13.9576,8006436.952380952,22.001366666666666,22.174633333333333,22.401166666666665,21.601566666666667,21.375033333333334,21.201766666666668
998,2004-10-29,21.8281,21.9281,21.6283,21.7682,3677843,22.33835238095235,22.670892000000027,24.013763000000008,24.542775999999968,39.36331266366765,23.32825277803985,22.360864999999997,21.393477221960143,-0.24265070227851027,-0.1767596096228093,Bearish,29.1842,13.9576,7885019.476190476,21.921433333333336,22.07466666666667,22.221233333333338,21.621633333333335,21.475066666666667,21.321833333333334
999,2004-11-01,21.7682,21.7482,20.6888,20.6888,5679770,22.28124285714283,22.586538000000022,23.966189000000007,24.540277499999966,28.55575119447702,23.499809502003025,22.298899999999996,21.097990497996967,-0.3384224050127074,-0.2090921687007889,Bearish,29.1842,13.9576,7698909.333333333,21.395066666666665,22.101333333333333,22.454466666666665,20.335666666666665,19.982533333333333,19.276266666666665
1000,2004-11-02,20.6888,20.5089,19.8292,20.4089,13675789,22.20889999999997,22.50298400000002,23.910019000000005,24.533280999999967,26.522218795912096,23.67403196665444,22.229934999999998,20.785838033345556,-0.4319287543912047,-0.25365948583887205,Bearish,29.1842,13.9576,7685012.476190476,20.668799999999997,20.9287,21.348499999999998,19.989099999999997,19.5693,19.309399999999997
1001,2004-11-03,20.4089,20.9286,20.249,20.309,7445638,22.138461904761876,22.42182800000002,23.851051000000005,24.525385499999967,25.815597121230677,23.790238975488435,22.124995,20.45975102451156,-0.5082356804924046,-0.3045747247695786,Bearish,29.1842,13.9576,8071795.0,20.742066666666663,21.17513333333333,21.421666666666663,20.062466666666662,19.81593333333333,19.38286666666666
1002,2004-11-04,20.309,20.5888,19.3895,19.6893,8980656,22.009009523809496,22.32548000000002,23.788085000000006,24.514990999999963,21.91509018343302,23.950467069943013,21.986069999999998,20.021672930056983,-0.61166320743218,-0.36599242130209886,Bearish,29.1842,13.9576,8259381.285714285,20.388899999999996,21.088499999999996,21.588199999999993,19.1896,18.6899,17.9903
1003,2004-11-05,19.6893,19.8692,19.3095,19.7093,4412447,21.87765238095235,22.22793400000002,23.729317000000005,24.501298499999965,22.32300032694569,24.028537199834933,21.846145,19.663752800165067,-0.6841302076564233,-0.42961997857296375,Bearish,29.1842,13.9576,7713943.523809524,19.949166666666663,20.18903333333333,20.508866666666663,19.389466666666664,19.069633333333332,18.829766666666664
1004,2004-11-08,19.7093,20.9686,19.6493,20.9486,18839609,21.803404761904734,22.179560000000016,23.69553500000001,24.493802499999966,42.40178951489994,23.94704553472102,21.762189999999997,19.577334465278973,-0.6342484533289046,-0.4705456735241519,Bearish,29.1842,13.9576,7131885.142857143,21.395033333333327,21.841466666666662,22.714333333333325,20.07573333333333,19.202866666666665,18.75643333333333
1005,2004-11-09,19.7093,20.9686,19.6493,20.9486,18839609,21.72344761904759,22.12558800000001,23.66595100000001,24.486306499999966,42.40178951489994,23.735396268757565,21.644254999999998,19.55311373124243,-0.5879394041739694,-0.49402441965411537,Bearish,29.1842,13.9576,7522461.047619048,21.395033333333327,21.841466666666662,22.714333333333325,20.07573333333333,19.202866666666665,18.75643333333333
1006,2004-11-10,20.9486,21.0885,20.6088,20.7687,6944680,21.602561904761878,22.076014000000015,23.629770000000008,24.477910999999963,40.633499927647,23.503466204895286,21.51932,19.535173795104715,-0.5593082186061515,-0.5070811794445226,Bearish,29.1842,13.9576,8068751.857142857,21.0352,21.3017,21.5149,20.5555,20.342299999999998,20.075799999999997
1007,2004-11-11,20.9486,21.0885,20.6088,20.7687,6944680,21.483576190476164,22.023242000000014,23.58839200000001,24.46951549999996,40.63349992764701,23.2706303157769,21.40238,19.534129684223103,-0.530502495228447,-0.5117654426013074,Bearish,29.1842,13.9576,7229259.904761905,21.0352,21.3017,21.5149,20.5555,20.342299999999998,20.075799999999997
1008,2004-11-12,20.7687,21.0486,20.6888,21.0086,4644313,21.383628571428545,21.975668000000013,23.55401100000001,24.462818999999964,44.23045300077723,23.096842417678108,21.318424999999998,19.540007582321888,-0.4827509741179554,-0.505962548904637,Bullish,29.1842,13.9576,6792129.238095238,21.141866666666665,21.275133333333333,21.501666666666665,20.782066666666665,20.555533333333333,20.422266666666665
1009,2004-11-15,20.7687,21.0486,20.6888,21.0086,4644313,21.303671428571402,21.938088000000015,23.510035000000013,24.458521499999964,44.23045300077723,22.980039432422704,21.25446,19.5288805675773,-0.43983737810126655,-0.4927375147439629,Bullish,29.1842,13.9576,6674432.571428572,21.141866666666665,21.275133333333333,21.501666666666665,20.782066666666665,20.555533333333333,20.422266666666665
1010,2004-11-16,20.7687,21.0486,20.6888,21.0086,4644313,21.242752380952354,21.902108000000016,23.459263000000014,24.451425499999964,44.23045300077723,22.767591302583792,21.170505,19.573418697416205,-0.4012032230670961,-0.4744306564085895,Bullish,29.1842,13.9576,6697168.476190476,21.141866666666665,21.275133333333333,21.501666666666665,20.782066666666665,20.555533333333333,20.422266666666665
1011,2004-11-17,20.7687,21.0486,20.6888,21.0086,4644313,21.16279523809521,21.864528000000018,23.410689000000016,24.445728499999962,44.23045300077723,22.565734203977634,21.094545,19.623355796022366,-0.36636218168058576,-0.4528169614629888,Bullish,29.1842,13.9576,6807375.285714285,21.141866666666665,21.275133333333333,21.501666666666665,20.782066666666665,20.555533333333333,20.422266666666665
1012,2004-11-18,21.0086,21.8281,21.0686,21.6482,19233972,21.120909523809495,21.841340000000017,23.365313000000015,24.44622799999996,54.184933266727285,22.475980304338208,21.067555,19.65912969566179,-0.28386777966345633,-0.41902712510308227,Bullish,29.1842,13.9576,6782195.19047619,21.961333333333332,22.274466666666665,22.72083333333333,21.201833333333333,20.755466666666667,20.442333333333334
1013,2004-11-19,21.6482,21.9481,21.5683,21.6682,15257053,21.096157142857116,21.82335000000002,23.321337000000018,24.441330499999957,54.45867020465032,22.375011491192996,21.03957,19.704128508807006,-0.21440501136327228,-0.3781027023551203,Bullish,29.1842,13.9576,7418812.476190476,21.888099999999994,22.107999999999997,22.267899999999994,21.508299999999995,21.348399999999998,21.128499999999995
1014,2004-11-22,21.6682,21.9281,21.4883,21.6283,10849689,21.067604761904736,21.81335600000002,23.274763000000018,24.43373499999996,53.76846174697525,22.280194760383974,21.013585,19.746975239616024,-0.16072215857693806,-0.3346265935994838,Bullish,29.1842,14.2416,7826649.0,21.87483333333333,22.121366666666667,22.314633333333333,21.43503333333333,21.241766666666663,20.995233333333328
1015,2004-11-23,21.6283,21.7882,21.1485,21.2285,11929995,21.02381904761902,21.79696600000002,23.22579000000002,24.42643899999996,47.29963380001883,22.206419256073612,20.985599999999998,19.764780743926384,-0.14872422937309437,-0.29744612075420596,Bullish,29.1842,14.2416,8237141.523809524,21.628300000000003,22.028100000000002,22.268000000000004,20.9886,20.7487,20.3489
1016,2004-11-24,21.2285,21.4084,21.0286,21.2485,7986109,20.99811904761902,21.78697200000002,23.179416000000018,24.41854349999996,47.63900716163457,22.151743007040572,20.964615,19.777486992959425,-0.13603383778178468,-0.2651636641597217,Bullish,29.1842,14.2416,8702537.761904761,21.4284,21.6083,21.8082,21.0486,20.8487,20.6688
1017,2004-11-25,21.2485,21.2884,20.8287,21.0086,9813977,20.966709523809495,21.76618400000002,23.12904300000002,24.40934849999996,43.980458735650366,22.04338227820512,20.92364,19.80389772179488,-0.14367830205888765,-0.24086659173955488,Bullish,29.1842,14.2416,8986924.047619049,21.255099999999995,21.501599999999996,21.714799999999993,20.795399999999997,20.5822,20.3357
1018,2004-11-26,21.0086,21.8681,21.2085,21.7082,24119807,20.96099999999997,21.75658800000002,23.08426700000002,24.40495099999996,54.866083572673574,22.03160234391634,20.92064,19.809677656083657,-0.09222164812146971,-0.21113760301593784,Bullish,29.1842,14.2416,9260529.238095239,21.981366666666666,22.25453333333333,22.640966666666664,21.32176666666667,20.935333333333336,20.66216666666667
1019,2004-11-29,21.7082,22.3279,21.7882,22.128,21356089,20.978133333333304,21.748592000000016,23.04149000000002,24.40824949999996,59.90133380585634,22.2150230200715,20.992599999999996,19.770176979928493,-0.01736732782154249,-0.17238354797705877,Bullish,29.1842,15.1317,10152789.285714285,22.374533333333336,22.621066666666668,22.914233333333335,21.834833333333336,21.541666666666668,21.295133333333336
1020,2004-11-30,22.128,22.6677,22.188,22.6477,35252055,21.071414285714255,21.761784000000016,23.00850800000002,24.41354649999996,65.09319531983323,22.49159654160207,21.104539999999993,19.717483458397915,0.08293468754531474,-0.12131990087258405,Bullish,29.1842,15.1507,10994610.523809524,22.814266666666665,22.980833333333333,23.293966666666666,22.334566666666664,22.02143333333333,21.854866666666663
1021,2004-12-01,22.6477,22.8276,22.4278,22.4878,18211220,21.17040952380949,21.778176000000016,22.973927000000018,24.417943999999963,62.41547104565489,22.673808395396456,21.213479999999993,19.75315160460353,0.1478182074191139,-0.06749227921424447,Bullish,29.1842,15.1507,12402814.57142857,22.734333333333336,22.980866666666667,23.134133333333335,22.334533333333336,22.18126666666667,21.934733333333337
1022,2004-12-02,22.4878,22.6477,22.3279,22.4478,9132100,21.27225714285711,21.786572000000014,22.94354300000002,24.422541499999962,61.731351091459096,22.72855787383111,21.351404999999993,19.974252126168874,0.19377745281973802,-0.015238332807447963,Bullish,29.1842,15.1507,12618787.476190476,22.621033333333337,22.79426666666667,22.940833333333337,22.301233333333336,22.154666666666667,21.981433333333335
1023,2004-12-03,22.4478,22.5278,22.2079,22.3079,6604440,21.39695238095235,21.782974000000014,22.909362000000016,24.42603949999996,59.28387209410844,22.694882522390863,21.481334999999994,20.267787477609126,0.2164170045972078,0.031092734673483197,Bullish,29.1842,15.1507,12699095.19047619,22.48783333333333,22.667766666666665,22.80773333333333,22.16793333333333,22.027966666666664,21.84803333333333
1024,2004-12-06,22.3079,22.6477,22.3079,22.6077,10957173,21.5349714285714,21.78377400000001,22.879378000000017,24.43103649999996,62.697021495313365,22.84575391584023,21.564289999999996,20.282826084159762,0.2556039240285912,0.0759949725445048,Bullish,29.1842,15.2264,12585942.047619049,22.7343,22.8609,23.0741,22.3945,22.1813,22.0547
1025,2004-12-07,22.6077,22.8476,22.6277,22.6877,12323215,21.617785714285684,21.78937200000001,22.849594000000014,24.43643349999996,63.57450178747833,22.988593215649303,21.651244999999996,20.31389678435069,0.28977482758276807,0.11875094355215746,Bullish,29.1842,15.2264,12897595.666666666,22.8143,22.9409,23.0342,22.5944,22.5011,22.3745
1026,2004-12-08,22.6877,23.6272,22.7077,23.4073,63391598,21.734866666666637,21.810160000000014,22.826407000000014,24.44003149999996,70.3343073624328,23.25960544113178,21.783174999999996,20.306744558868214,0.37064861438353347,0.16913047771843268,Bullish,29.1842,15.6315,12587291.19047619,23.7871,24.1669,24.706599999999998,22.8676,22.3279,21.9481
1027,2004-12-09,23.4073,23.7871,23.2674,23.5472,39274967,21.867176190476158,21.835746000000015,22.80641800000001,24.443229499999962,71.44383919445184,23.509289705108177,21.922099999999993,20.33491029489181,0.44094746598659995,0.22349387537206614,Bullish,29.1842,15.6315,14708814.476190476,23.8004,24.0536,24.3201,23.2807,23.0142,22.761
1028,2004-12-10,23.5472,25.0064,23.0675,23.7471,148822813,22.00900476190473,21.872926000000017,22.790627000000015,24.44802699999996,72.99788162926819,23.774660709438646,22.059024999999995,20.343389290561344,0.5069463102227729,0.2801843623422075,Bullish,29.1842,15.6315,16248351.952380951,24.813166666666664,25.87923333333333,26.752066666666664,22.874266666666664,22.00143333333333,20.935366666666663
1029,2004-12-13,23.7471,24.2468,23.7871,23.967,31400153,22.14988095238092,21.913704000000017,22.780033000000014,24.453723999999962,74.63328328157243,24.040869689266522,22.206944999999994,20.373020310733466,0.570419520832619,0.3382313940402898,Bullish,29.1842,15.6315,23004453.523809522,24.2135,24.46,24.6732,23.7538,23.540599999999998,23.294099999999997
1030,2004-12-14,23.967,24.1469,23.887,23.987,1674646,22.29170952380949,21.957680000000018,22.77103800000001,24.459320999999964,74.7828763919897,24.258779636314834,22.355864999999994,20.452950363685154,0.6152441784804168,0.3936339509283152,Bullish,29.1842,15.6315,24278541.14285714,24.126933333333334,24.266866666666665,24.386833333333332,23.867033333333335,23.74706666666667,23.607133333333337
1031,2004-12-15,23.987,24.0869,23.887,24.0869,786440,22.438295238095208,21.99126200000002,22.76184300000001,24.465317499999966,75.55823060593796,24.44952138544315,22.509779999999996,20.570038614556843,0.6513211133499972,0.4451713834126516,Bullish,29.1842,15.6315,24137128.42857143,24.153533333333336,24.220166666666668,24.353433333333335,23.953633333333336,23.82036666666667,23.753733333333336
1032,2004-12-16,24.0869,24.3468,23.927,24.007,1278250,22.58107619047616,22.022046000000024,22.755247000000008,24.470614999999963,73.60883263769902,24.629425971015895,22.627719999999997,20.6260140289841,0.6657902661583606,0.4892951599617934,Bullish,29.1842,15.6315,23953420.19047619,24.260199999999998,24.5134,24.68,23.840399999999995,23.673799999999996,23.420599999999993
1033,2004-12-17,24.007,24.4867,24.0869,24.4667,761538,22.715290476190447,22.06122400000002,22.755447000000007,24.478110999999963,77.24618489724602,24.87020166603807,22.767644999999995,20.66508833396192,0.7062103686018517,0.5326782016898051,Bullish,29.1842,16.0113,23793131.476190478,24.606633333333335,24.746566666666666,25.006433333333334,24.206833333333336,23.94696666666667,23.807033333333337
1034,2004-12-20,24.4667,24.6866,24.4067,24.6666,1775397,22.8580714285714,22.10200200000002,22.763043000000007,24.486206499999962,78.62574528537294,25.108170627224734,22.919559999999997,20.73094937277526,0.7457769973698092,0.5752979608258059,Bullish,29.1842,16.0313,22913491.76190476,24.76656666666667,24.866533333333333,25.046466666666667,24.48666666666667,24.306733333333337,24.206766666666674
1035,2004-12-21,24.6666,25.3541,24.4374,25.1249,48406177,23.02457619047616,22.13835400000002,22.768426000000005,24.49669349999996,81.40876608861217,25.359143966745886,23.114379999999997,20.869616033254108,0.8048371538419126,0.6212057994290272,Bullish,29.1842,16.1113,22271508.14285714,25.506866666666664,25.88883333333333,26.423566666666662,24.590166666666665,24.055433333333333,23.673466666666666
1036,2004-12-22,25.1249,25.6041,25.0624,25.3124,33966563,23.21904761904759,22.179254000000025,22.775883000000004,24.50861749999996,82.41742438317291,25.585562915201667,23.317574999999998,21.04958708479833,0.856894687786248,0.6683435771004713,Bullish,29.1842,16.1912,24059912.333333332,25.5902,25.868,26.131899999999998,25.0485,24.7846,24.506800000000002
1037,2004-12-23,25.3124,25.8333,25.3124,25.3958,41388697,23.416538095238067,22.225020000000022,22.776778,24.51965949999996,82.86279874001043,25.716114814769888,23.536935,21.35775518523011,0.8945683148049,0.713588524641357,Bullish,29.1842,16.1912,25109272.714285713,25.71526666666667,26.034733333333335,26.23616666666667,25.194366666666667,24.992933333333333,24.673466666666666
1038,2004-12-24,25.3958,25.6041,24.9999,25.1041,12938391,23.611561904761878,22.273348000000023,22.774955999999996,24.52904299999996,75.6454060616089,25.817618482227303,23.70673,21.595841517772698,0.8906206628701696,0.7489949522871195,Bullish,29.1842,16.2512,26699872.14285714,25.47216666666667,25.840233333333334,26.07636666666667,24.86796666666667,24.631833333333336,24.263766666666672
1039,2004-12-27,25.1041,25.2499,24.6458,24.6458,7531016,23.751447619047592,22.320506000000023,22.768350999999992,24.53583499999996,65.92920121632537,25.850130799574494,23.832620000000002,21.81510920042551,0.8408187057945824,0.7673597029886121,Bullish,29.1842,16.4511,26848653.76190476,25.04853333333334,25.45126666666667,25.652633333333338,24.44443333333334,24.24306666666667,23.84033333333334
1040,2004-12-28,24.6458,24.8958,24.4166,24.5833,5100549,23.868366666666642,22.358418000000025,22.759122999999992,24.54231449999996,64.70855268319276,25.89530471895235,23.929400000000005,21.96349528104766,0.7872323439171893,0.7713342311743275,Bullish,29.1842,16.4511,26058711.333333332,24.847200000000004,25.111100000000004,25.326400000000007,24.368000000000002,24.1527,23.8888
1041,2004-12-29,24.5833,25.1458,24.6041,24.6874,10811320,23.965495238095215,22.401610000000023,22.75173499999999,24.548714999999962,65.84290798396839,25.914391906735293,24.039380000000005,22.164368093264716,0.744581691803365,0.765983723300135,Bearish,29.1842,16.4711,25284638.0,25.02076666666667,25.354133333333337,25.562466666666673,24.479066666666668,24.270733333333332,23.937366666666666
1042,2004-12-30,24.6874,24.8749,23.8541,24.3541,6112884,24.054366666666645,22.444932000000023,22.74601099999999,24.553448999999958,59.273728204529185,25.864583496377612,24.134695000000004,22.404806503622396,0.6760926430896461,0.7480055072580372,Bearish,29.1842,16.8109,24120793.476190478,24.86796666666667,25.381833333333336,25.888766666666672,23.84716666666667,23.340233333333334,22.82636666666667
1043,2004-12-31,24.3541,24.9583,24.1666,24.6249,13589649,24.158038095238073,22.49287200000002,22.743394999999985,24.55883749999996,62.54356871921705,25.773520217755923,24.250545000000006,22.72756978224409,0.636330651726027,0.7256705361516351,Bearish,29.1842,17.2906,23544682.23809524,24.999933333333342,25.374966666666673,25.791633333333344,24.20823333333334,23.791566666666668,23.416533333333337
1044,2005-01-03,24.6249,24.9583,24.4166,24.4999,9167928,24.262419047619026,22.539910000000024,22.739528999999983,24.563500999999956,60.14316532122421,25.670408541741743,24.345155000000005,23.019901458258268,0.5879549530596435,0.6981274195332368,Bearish,29.1842,17.2906,23756946.476190478,24.83326666666667,25.166633333333337,25.374966666666673,24.291566666666668,24.083233333333332,23.749866666666666
1045,2005-01-04,24.4999,25.3541,24.5833,25.1249,25292225,24.382285714285693,22.606644000000024,22.73791499999998,24.570689999999953,66.96928941230918,25.593543538963235,24.467015000000007,23.34048646103678,0.5932109731579551,0.6771441302581804,Bearish,29.1842,17.5105,23879017.333333332,25.458233333333325,25.79156666666666,26.229033333333323,24.687433333333328,24.249966666666666,23.91663333333333
1046,2005-01-05,25.1249,25.3333,24.5416,24.6874,11639813,24.477509523809502,22.667028000000023,22.73232599999998,24.575391499999956,59.31166263555204,25.549742102636053,24.531020000000005,23.512297897363958,0.5556684137118104,0.6528489869489065,Bearish,29.1842,17.5105,24561638.85714286,25.166600000000006,25.645800000000005,25.95830000000001,24.374900000000004,24.0624,23.5832
1047,2005-01-06,24.6874,25.1874,24.7499,25.0833,13812495,24.55731904761902,22.732132000000025,22.734093999999978,24.573177499999957,63.3910750074848,25.54677173517656,24.60782500000001,23.66887826482346,0.5515040903427604,0.6325800076276773,Bearish,29.1842,17.5105,24529095.904761903,25.263833333333334,25.444366666666667,25.701333333333334,24.826333333333334,24.569366666666667,24.388833333333334
1048,2005-01-07,25.0833,25.2083,24.0624,24.5833,16541402,24.60665714285712,22.788434000000024,22.729662999999974,24.569162999999957,55.78417256492738,25.5020313028419,24.64963500000001,23.79723869715812,0.5020704570440131,0.6064780975109445,Bearish,29.1842,17.7104,22168186.23809524,25.173599999999997,25.7639,26.319499999999998,24.027699999999996,23.472099999999998,22.881799999999995
1049,2005-01-10,24.5833,25.3333,24.5416,25.0416,27274078,24.668299999999974,22.875490000000028,22.731013999999973,24.565740999999957,60.46696032348646,25.51117748387084,24.703365000000012,23.895552516129186,0.49417834597469223,0.584018147203694,Bearish,29.1842,17.9902,21085635.523809522,25.402733333333334,25.76386666666667,26.194433333333336,24.61103333333333,24.180466666666664,23.81933333333333
1050,2005-01-11,25.0416,25.7083,25.1874,25.4583,37682395,24.73931428571426,22.97647800000003,22.73973099999997,24.554807499999956,64.18140264822595,25.578343364249797,24.77693000000001,23.975516635750225,0.515604431650015,0.5703354040929582,Bearish,29.1842,18.0102,15297600.523809524,25.71526666666667,25.972233333333335,26.23616666666667,25.194366666666667,24.930433333333333,24.673466666666666
1051,2005-01-12,25.4583,25.1458,24.4166,24.5208,12611618,24.764733333333304,23.06071400000003,22.74127099999997,24.537287499999955,52.279926319841984,25.545801634738314,24.79862500000001,24.051448365261702,0.4517290921460635,0.5466141417035792,Bearish,29.1842,18.0102,15596754.904761905,24.972200000000004,25.423600000000004,25.701400000000007,24.243000000000002,23.9652,23.5138
1052,2005-01-13,24.5208,24.7083,23.3124,23.3124,7443351,24.727852380952353,23.13317600000003,22.729327999999967,24.510726999999957,41.57765909561727,25.69657241148705,24.763895000000012,23.831217588512974,0.3001398194048406,0.4973192772438315,Bearish,29.1842,18.8298,16117563.095238095,24.243,25.1736,25.6389,22.847099999999998,22.3818,21.451199999999996
1053,2005-01-14,23.3124,24.0624,22.5624,23.8749,8363829,24.721561904761877,23.21648800000003,22.722210999999966,24.484580499999957,47.01504193604792,25.73769043436597,24.734305000000013,23.730919565634057,0.2228246932468423,0.44242036044443367,Bearish,29.1842,19.6893,16434558.857142856,24.4374,24.9999,25.9374,22.9374,21.9999,21.4374
1054,2005-01-17,23.8749,25.6458,23.1249,25.6249,48355992,24.776714285714256,23.310014000000034,22.744786999999963,24.467283999999953,59.609741134253284,25.857075356965797,24.782220000000013,23.70736464303423,0.2993119910632629,0.4137986865681995,Bearish,29.1842,19.6893,16771967.38095238,26.47216666666667,27.319433333333336,28.99306666666667,23.95126666666667,22.277633333333334,21.430366666666668
1055,2005-01-18,25.6249,26.5624,24.6666,25.4166,93616030,24.81242857142854,23.399374000000034,22.762480999999966,24.448445999999954,57.84714411156606,25.897470630379186,24.796805000000013,23.69613936962084,0.3392104495682844,0.3988810391682165,Bearish,29.1842,19.6893,19038369.95238095,26.43046666666667,27.444333333333336,28.326266666666672,24.53466666666667,23.652733333333334,22.63886666666667
1056,2005-01-19,25.4166,26.0416,25.4166,25.5624,22810811,24.833261904761873,23.495248000000032,22.785630999999963,24.430336999999955,58.7662003558882,25.938419400713173,24.809305000000013,23.680190599286853,0.37823504868682534,0.3947518410719383,Bearish,29.1842,19.6893,23411733.42857143,25.93046666666667,26.298533333333335,26.55546666666667,25.30546666666667,25.048533333333335,24.68046666666667
1057,2005-01-20,25.4166,26.0416,25.4166,25.5624,22810811,24.845166666666636,23.59112200000003,22.807181999999962,24.41272799999995,58.7662003558882,25.966224096717326,24.817635000000013,23.6690459032827,0.40449950613084695,0.39670137408372,Bullish,29.1842,19.6893,22192906.476190478,25.93046666666667,26.298533333333335,26.55546666666667,25.30546666666667,25.048533333333335,24.68046666666667
1058,2005-01-21,25.4166,26.0416,25.4166,25.5624,22810811,24.85309999999997,23.68219800000003,22.82893299999996,24.397617499999953,58.7662003558882,26.028691012673722,24.840550000000015,23.652408987326307,0.42046739152281987,0.40145457757154,Bullish,29.1842,19.6893,21661680.19047619,25.93046666666667,26.298533333333335,26.55546666666667,25.30546666666667,25.048533333333335,24.68046666666667
1059,2005-01-24,25.5624,26.4583,25.8541,26.3124,41840614,24.910638095238067,23.788274000000033,22.86318099999996,24.38585749999995,63.83250505121908,26.26908871332193,24.923880000000015,23.578671286678098,0.48801525168435944,0.4187667123941039,Bullish,29.1842,19.6893,20777018.95238095,26.562433333333342,26.812466666666673,27.166633333333344,25.95823333333334,25.604066666666668,25.354033333333337
1060,2005-01-25,26.3124,26.3541,25.2083,25.5833,10938624,24.955280952380924,23.879768000000034,22.890937999999956,24.370551999999954,56.55742026421229,26.338927428625638,24.973880000000015,23.608832571374393,0.4772141136150907,0.43045619263830126,Bullish,29.1842,19.6893,22153315.285714287,26.222166666666666,26.86103333333333,27.367966666666664,25.07636666666667,24.569433333333336,23.93056666666667
1061,2005-01-26,25.5833,25.6249,24.8749,24.8958,8036167,24.970161904761873,23.957512000000037,22.911019999999954,24.35880499999995,50.69070767264009,26.3436106032098,24.98430000000001,23.624989396790223,0.4084700411834419,0.4260589623473294,Bearish,29.1842,19.6893,22315582.333333332,25.388833333333334,25.881866666666667,26.138833333333334,24.638833333333334,24.381866666666667,23.888833333333334
1062,2005-01-27,24.8958,25.1041,24.4374,24.4791,10348477,24.960242857142827,24.014130000000037,22.927734999999952,24.34327549999995,47.47618484456004,26.33932131716163,24.990550000000013,23.641778682838396,0.31671477029045647,0.40419012393595477,Bearish,29.1842,19.6893,22455373.666666668,24.90966666666667,25.340233333333334,25.57636666666667,24.24296666666667,24.006833333333336,23.576266666666672
1063,2005-01-28,24.4791,24.5416,23.2708,23.2708,9639538,24.908657142857113,24.046182000000034,22.93476599999995,24.32770099999995,39.628647836195356,26.460900989194837,24.922845000000013,23.38478901080519,0.14482884841942223,0.35231786883264826,Bearish,29.1842,19.6893,22433333.523809522,24.118000000000002,24.9652,25.3888,22.847200000000004,22.423600000000004,21.576400000000007
1064,2005-01-31,23.2708,23.4999,22.4999,23.2499,9158780,24.843180952380923,24.078614000000034,22.945984999999947,24.30862399999995,39.50700463022043,26.555621887678893,24.860345000000013,23.165068112321133,0.006842683438762265,0.2832228317538711,Bearish,29.1842,19.6893,22601269.42857143,23.66656666666667,24.083233333333336,24.66656666666667,22.66656666666667,22.083233333333336,21.66656666666667
1065,2005-02-01,23.2499,23.9166,23.3333,23.7083,8713343,24.805485714285684,24.128210000000035,22.962587999999947,24.292638499999953,43.59648194054054,26.551712445548795,24.789515000000012,23.02731755445123,-0.06477659320920637,0.2136229467612556,Bearish,29.1842,19.6893,22390275.666666668,23.972166666666666,24.23603333333333,24.555466666666664,23.38886666666667,23.069433333333336,22.80556666666667
1066,2005-02-02,23.7083,24.7499,23.8333,24.1249,13502747,24.757866666666636,24.185738000000036,22.986354999999943,24.27973549999995,47.09677344376944,26.5470083521678,24.761390000000013,22.975771647832225,-0.08691731886548482,0.1535148936359075,Bearish,29.1842,19.6893,22368628.76190476,24.63876666666667,25.152633333333334,25.555366666666668,23.72216666666667,23.319433333333336,22.80556666666667
1067,2005-02-03,24.1249,24.4166,23.6666,23.6666,5169537,24.709257142857112,24.238898000000034,23.002540999999948,24.265740499999946,43.871297725508306,26.531030571665852,24.69055500000001,22.85007942833417,-0.13983307464900108,0.09484529997892578,Bearish,29.1842,19.6893,21807225.04761905,24.1666,24.6666,24.9166,23.4166,23.1666,22.6666
1068,2005-02-04,23.6666,24.2499,23.7708,23.8958,8022953,24.65270952380949,24.282650000000036,23.019618999999942,24.24759399999995,45.86796817151613,26.528785175256676,24.656180000000013,22.78357482474335,-0.16141398787370775,0.043593442408399075,Bearish,29.1842,19.6893,21499116.666666668,24.17353333333334,24.45126666666667,24.652633333333338,23.69443333333334,23.49306666666667,23.21533333333334
1069,2005-02-07,23.8958,24.3541,24.0833,24.1041,5456162,24.629890476190447,24.322172000000037,23.035381999999945,24.23048899999995,47.689227795046754,26.48789751299971,24.609305000000013,22.730712487000318,-0.15986611090874803,0.0029015317449696543,Bearish,29.1842,19.6893,21223424.19047619,24.277699999999996,24.451299999999996,24.548499999999994,24.006899999999998,23.9097,23.7361
1070,2005-02-08,24.1041,24.5416,24.0416,24.0624,9022710,24.583261904761873,24.350466000000036,23.05612499999994,24.212875999999948,47.345803911874235,26.390263083368467,24.539510000000014,22.68875691663156,-0.16015804649564558,-0.029710383903153392,Bearish,29.1842,19.6893,20695555.61904762,24.3888,24.7152,24.8888,23.8888,23.7152,23.3888
1071,2005-02-09,24.0624,24.4791,23.9999,24.3749,12206456,24.5316714285714,24.388208000000034,23.08319199999994,24.197424999999942,50.23786750079403,26.384355217450516,24.532215000000015,22.680074782549514,-0.13363283310651397,-0.05049487374382551,Bearish,29.1842,19.6893,19826442.85714286,24.569366666666664,24.76383333333333,25.048566666666662,24.090166666666665,23.805433333333333,23.610966666666666
1072,2005-02-10,24.3749,25.7916,24.9166,25.1458,26863579,24.561433333333305,24.442168000000038,23.11436999999994,24.186028499999942,56.57442189596513,26.405602545824358,24.623885000000012,22.842167454175666,-0.04983179317934372,-0.05036225763092915,Bullish,29.1842,19.6893,18613302.904761903,25.652733333333334,26.159666666666666,26.527733333333334,24.777733333333334,24.409666666666666,23.902733333333334
1073,2005-02-11,25.1458,25.4583,24.5208,24.7083,14856719,24.62790476190473,24.490176000000037,23.13657499999994,24.173243999999944,52.48943404494791,26.413926050406207,24.665555000000012,22.917183949593817,-0.018508108983645855,-0.043991427901472493,Bullish,29.1842,19.6893,19291967.714285713,25.270799999999994,25.833299999999998,26.208299999999994,24.333299999999994,23.958299999999998,23.395799999999994
1074,2005-02-14,24.7083,25.2499,24.6249,24.9583,15060126,24.679495238095207,24.537188000000036,23.160480999999937,24.16330849999995,54.51071368883695,26.330880096097722,24.632225000000012,22.933569903902303,0.026187177596842304,-0.029955706801809534,Bullish,29.1842,19.6893,19644985.23809524,25.263833333333334,25.569366666666667,25.888833333333334,24.638833333333334,24.319366666666667,24.013833333333334
1075,2005-02-15,24.9583,25.4791,24.9374,24.9583,29710388,24.647752380952348,24.58260000000004,23.185985999999936,24.15477249999995,54.51071368883695,26.277106420310023,24.60931000000001,22.94151357969,0.060906422893843626,-0.0117832808626789,Bullish,29.1842,19.6893,19963856.523809522,25.312466666666662,25.66663333333333,25.85416666666666,24.770766666666663,24.583233333333332,24.229066666666665
1076,2005-02-16,24.9583,26.6249,25.5416,26.2291,81824266,24.686442857142826,24.639036000000036,23.224597999999933,24.154489499999944,63.63210230727755,26.409044680111904,24.64264500000001,22.876245319888113,0.18878837948956928,0.02833105120777074,Bullish,29.1842,19.6893,19075970.61904762,26.722133333333336,27.21516666666667,27.805433333333337,25.638833333333334,25.048566666666666,24.555533333333333
1077,2005-02-17,26.2291,28.1874,26.7083,28.0208,78909993,24.803509523809492,24.728508000000037,23.28212699999993,24.162365499999947,72.1202583083444,27.03997193656584,24.76556500000001,22.491158063434177,0.42975699642935794,0.10861624025208819,Bullish,29.1842,19.6893,18514458.04761905,28.569366666666674,29.117933333333337,30.048466666666673,27.090266666666675,26.15973333333334,25.611166666666676
1078,2005-02-18,28.0208,30.0624,27.7499,29.9999,100181212,25.014819047619014,24.853564000000038,23.363244999999928,24.178937499999947,78.17872153294144,28.20126579266502,24.98744000000001,21.773614207335,0.7715294798274321,0.24119888816715698,Bullish,29.1842,19.6893,21185847.666666668,30.79156666666667,31.583233333333336,33.10406666666667,28.47906666666667,26.958233333333336,26.16656666666667
1079,2005-02-21,29.9999,32.2499,30.8958,32.2499,68146825,25.333271428571397,25.019222000000035,23.466462999999926,24.208158499999946,82.76436663537497,29.77582904462894,25.28431500000001,20.79280095537108,1.209994764770908,0.4349580634879072,Bullish,29.9999,19.6893,24870152.476190478,32.70126666666667,33.15263333333333,34.055366666666664,31.347166666666674,30.44443333333334,29.993066666666678
1080,2005-02-22,32.2499,33.4166,31.8958,32.1249,85780730,25.61005714285711,25.181980000000035,23.569829999999925,24.237853999999942,81.736706379744,31.00459584271845,25.61139500000001,20.218194157281566,1.52976107331898,0.6539186654541218,Bullish,32.2499,19.6893,27029010.285714287,33.06239999999999,33.9999,34.58319999999999,31.54159999999999,30.958299999999994,30.020799999999987
1081,2005-02-23,32.1249,33.1041,31.4166,32.5416,54746607,25.941404761904728,25.351074000000036,23.671167999999923,24.268833499999943,82.51607560927017,32.1585179889056,25.99368500000001,19.82885201109442,1.7960980834541473,0.8823545490541269,Bullish,32.2499,19.6893,29121396.76190476,33.2916,34.0416,34.97910000000001,31.604100000000003,30.6666,29.9166
1082,2005-02-24,32.5416,33.1249,30.9166,32.0208,80499515,26.280690476190443,25.511350000000036,23.766697999999923,24.289712999999942,78.03399020863333,33.022297861506615,26.37077000000001,19.719242138493406,1.9427530277657006,1.0944342447964417,Bullish,32.5416,19.6893,31207491.19047619,33.12493333333333,34.22906666666667,35.33323333333333,30.916633333333337,29.81246666666667,28.70833333333334
1083,2005-02-25,32.0208,33.4791,31.6458,32.1666,59933678,26.64676190476187,25.665348000000037,23.863285999999924,24.31092199999994,78.38791377812476,33.761626267578954,26.815560000000012,19.869493732421066,2.047144758747507,1.2849763475866547,Bullish,32.5416,19.6893,34658126.809523806,33.2152,34.2638,35.048500000000004,31.3819,30.5972,29.5486
1084,2005-02-28,32.1666,32.6041,30.6249,31.8124,38498945,27.05350476190473,25.808264000000037,23.955132999999922,24.33105949999994,75.21724097159296,34.31231770237594,27.24368500000001,20.175052297624074,2.0773485963116265,1.443450797331649,Bullish,32.5416,19.6893,37019326.85714286,32.736033333333324,33.659666666666666,34.71523333333333,30.756833333333326,29.701266666666662,28.777633333333323
1085,2005-03-01,31.8124,32.3541,31.4999,31.8749,29610019,27.464219047619014,25.943264000000035,24.04080899999992,24.34891099999994,75.4062762045313,34.79963528797683,27.652015000000013,20.504394712023203,2.082324838319849,1.571225605529289,Bullish,32.5416,19.6893,38393584.333333336,32.31936666666667,32.76383333333334,33.173566666666666,31.46516666666666,31.05543333333333,30.61096666666666
1086,2005-03-02,31.8749,32.1249,30.2916,30.2916,16577738,27.77770952380949,26.042848000000035,24.11105099999992,24.35984549999994,62.41752187424995,35.00403991665574,27.960350000000012,20.91666008334428,1.9361902719351818,1.6442185388104675,Bullish,32.5416,19.6893,39367452.85714286,31.5138,32.736,33.3471,29.680500000000002,29.0694,27.847200000000004
1087,2005-03-03,30.2916,30.9166,29.1041,30.1249,16391864,28.063423809523776,26.137430000000037,24.181224999999916,24.369946499999937,61.22181890445948,35.098414945606365,28.28326500000001,21.468115054393657,1.7863345259422374,1.6726417362368216,Bullish,32.5416,19.6893,39741947.85714286,30.99296666666667,31.861033333333335,32.805466666666675,29.18046666666667,28.236033333333335,27.36796666666667
1088,2005-03-04,30.1249,31.0416,29.7916,30.1666,20762130,28.372947619047586,26.238680000000034,24.25601399999992,24.379655999999937,61.42091094280164,35.14756524396393,28.59680500000001,22.04604475603609,1.6518955850538362,1.6684925060002245,Bearish,32.5416,19.6893,39879524.85714286,30.874933333333328,31.583266666666663,32.12493333333333,29.624933333333328,29.083266666666663,28.374933333333328
1089,2005-03-07,30.1666,31.2916,29.9583,30.3333,14780235,28.679495238095207,26.352430000000037,24.33646799999992,24.391098499999938,62.25518358850475,35.16051529738082,28.90826500000001,22.656014702619203,1.541038915297353,1.6430017878596501,Bearish,32.5416,19.6893,40622029.28571428,31.097166666666666,31.86103333333333,32.43046666666666,29.76386666666667,29.194433333333336,28.43056666666667
1090,2005-03-08,30.3333,31.2499,30.1041,30.6249,11480619,28.990009523809494,26.473262000000037,24.415839999999918,24.408096999999938,63.732620076087144,35.114557685903364,29.23639000000001,23.358222314096658,1.4598852405274911,1.6063784783932182,Bearish,32.5416,19.6893,40943804.61904762,31.215166666666665,31.805433333333333,32.36096666666667,30.069366666666664,29.51383333333333,28.923566666666662
1091,2005-03-09,30.6249,32.4999,30.4166,30.6666,38995838,29.304495238095207,26.592846000000037,24.497227999999918,24.426103499999936,63.94993560767519,35.01350953806006,29.55097500000001,24.088440461939964,1.382992928493806,1.5617013684133358,Bearish,32.5416,19.6893,41230683.52380952,31.972133333333336,33.27766666666666,34.05543333333333,29.888833333333338,29.11106666666667,27.80553333333334
1092,2005-03-10,30.6666,32.0833,30.2083,30.8333,19186710,29.612038095238063,26.722430000000035,24.583680999999913,24.45054049999994,64.8565105153583,34.93079552929356,29.835350000000012,24.739904470706463,1.3202870666042372,1.5134185080515161,Bearish,32.5416,19.6893,42657975.333333336,31.874966666666666,32.91663333333334,33.749966666666666,29.999966666666666,29.166633333333333,28.124966666666666
1093,2005-03-11,30.8333,30.6666,29.5833,30.4166,15000412,29.86302857142854,26.838264000000034,24.665567999999915,24.471594499999938,60.744296221296835,34.642707085553205,30.120765000000013,25.598822914446817,1.2228715102337304,1.455309108487959,Bearish,32.5416,19.6893,42990368.38095238,30.86103333333333,31.305466666666664,31.94433333333333,29.777733333333334,29.13886666666667,28.694433333333336
1094,2005-03-14,30.4166,32.6874,30.4791,32.6041,46312647,30.239019047619017,27.000348000000034,24.770128999999915,24.499088499999935,71.10262687129628,34.47376768387652,30.50305500000001,26.5323423161235,1.3071143477185636,1.42567015633408,Bearish,32.5416,19.6893,42425455.666666664,33.367966666666675,34.13183333333333,35.57626666666667,31.159666666666674,29.715233333333337,28.951366666666676
1095,2005-03-15,32.6041,33.7499,31.6666,31.8124,19418449,30.56540476190473,27.134098000000037,24.870370999999913,24.520724999999935,64.47198861586813,33.926472192594055,30.845760000000013,27.765047807405967,1.2950651252611678,1.3995491501194974,Bearish,32.6041,19.6893,43923357.0,33.15266666666666,34.492933333333326,35.23596666666666,31.069366666666667,30.326333333333334,28.98606666666667
1096,2005-03-16,31.8124,32.4583,30.2291,30.2291,7453769,30.816395238095208,27.244932000000034,24.95597999999991,24.53454499999993,53.68893574931739,33.31382781503507,31.045760000000012,28.777692184964955,1.1445631404269,1.348551948180978,Bearish,32.6041,19.6893,44130896.190476194,31.715233333333334,33.20136666666667,33.944433333333336,29.48603333333333,28.742966666666664,27.25683333333333
1097,2005-03-17,30.2291,29.7708,28.7291,28.7291,7855502,30.935442857142828,27.317848000000037,25.02498999999991,24.544362999999926,45.862852524383094,33.174598233724545,31.081175000000012,28.987751766275483,0.8939469056943317,1.2576309396836487,Bearish,32.6041,19.6893,43071057.190476194,29.42356666666667,30.118033333333337,30.465266666666672,28.381866666666667,28.034633333333332,27.340166666666665
1098,2005-03-18,28.7291,30.6666,27.5416,29.1666,14655090,30.990004761904732,27.409514000000037,25.098973999999913,24.55636849999992,48.23304580017356,33.24739706857882,31.039510000000014,28.83162293142121,0.722308010611048,1.1505663538691286,Bearish,32.6041,19.6893,39548735.0952381,30.708266666666663,32.24993333333333,33.83326666666666,27.583266666666663,25.99993333333333,24.458266666666663
1099,2005-03-21,29.1666,29.1666,27.7083,27.7083,5229632,30.88088095238092,27.462848000000037,25.16916899999991,24.56767899999992,41.68226320602418,33.38048125034483,30.812430000000013,28.2443787496552,0.46327003855877535,1.013107090807058,Bearish,32.6041,19.6893,36488977.809523806,28.680500000000002,29.6527,30.1388,27.222200000000004,26.736100000000004,25.763900000000007
1100,2005-03-22,27.7083,27.4999,26.3333,26.6666,12935723,30.615009523809494,27.487014000000034,25.231745999999912,24.57088249999992,37.739299286984505,33.603829378959546,30.539515000000012,27.47520062104048,0.17194205431772147,0.8448740835091908,Bearish,32.6041,19.6893,31967474.0,27.333233333333325,27.999866666666662,28.499833333333324,26.166633333333326,25.666666666666664,25.000033333333327
1101,2005-03-23,27.7083,27.4999,26.3333,26.6666,12935723,30.355090476190444,27.529930000000036,25.29532199999991,24.57318649999992,37.739299286984505,33.598836966584976,30.245765000000013,26.892693033415053,-0.05826581999441771,0.6642461028084691,Bearish,32.6041,19.6893,29338373.904761903,27.333233333333325,27.999866666666662,28.499833333333324,26.166633333333326,25.666666666666664,25.000033333333327
1102,2005-03-24,26.6666,27.4999,25.3333,25.3333,5318313,30.011838095238062,27.570348000000035,25.35176199999991,24.569923499999923,33.092483520050614,33.78336335677795,29.91139000000001,26.039416643222072,-0.34432423069487683,0.46253203610779986,Bearish,32.6041,19.6893,25869564.04761905,26.77770000000001,28.222100000000005,28.94430000000001,24.61110000000001,23.888900000000007,22.444500000000012
1103,2005-03-25,25.3333,24.5833,24.0833,24.0833,1369472,29.633861904761872,27.574516000000035,25.395501999999905,24.562409499999923,29.43342585887513,33.99219015789116,29.507225000000012,25.022259842108866,-0.6642352449964335,0.23717857988695318,Bearish,32.6041,19.6893,23515835.76190476,24.41663333333333,24.749966666666666,24.91663333333333,23.91663333333333,23.749966666666666,23.41663333333333
1104,2005-03-28,24.0833,25.4166,22.8958,22.8958,3609745,29.192395238095205,27.519934000000035,25.4149739999999,24.555254499999922,26.442221285667213,34.257477818999185,29.06139500000001,23.865312181000835,-1.00203748987661,-0.010664634065759487,Bearish,32.6041,19.6893,19747738.476190478,24.576333333333338,26.256866666666667,27.097133333333336,22.05553333333334,21.215266666666672,19.534733333333342
1105,2005-03-29,22.8958,23.9999,21.7708,23.7291,7172227,28.80747619047616,27.486184000000033,25.442778999999902,24.55436499999992,31.688502372537066,34.17128253945795,28.65410500000001,23.13692746054207,-1.1888040636160468,-0.24629251997581697,Bearish,32.6041,19.6893,17065646.42857143,24.562399999999997,25.395699999999998,26.791499999999996,22.333299999999998,20.9375,20.1042
1106,2005-03-30,23.7291,25.4999,24.3749,25.2083,18032079,28.490019047619015,27.479102000000033,25.487174999999898,24.558472499999922,39.88479543847442,34.058498567126364,28.399940000000008,22.741381432873652,-1.2035846662481866,-0.4377509492302909,Bearish,32.6041,19.6893,15573897.952380951,25.6805,26.1527,26.8055,24.5555,23.9027,23.4305
1107,2005-03-31,25.2083,26.0833,23.9583,23.9583,6970217,28.1884333333333,27.447020000000034,25.519070999999894,24.553731499999923,35.95841799037857,34.00680663913204,28.09161000000001,22.176413360867986,-1.3011639456181143,-0.6104335485078556,Bearish,32.6041,19.6893,15022567.476190476,25.374966666666666,26.791633333333333,27.499966666666666,23.249966666666666,22.541633333333333,21.124966666666666
1108,2005-04-01,23.9583,23.4583,22.7708,22.8124,6867815,27.840219047619012,27.392020000000034,25.53710899999989,24.54555999999992,32.77329521558007,33.9818232695839,27.723900000000008,21.465976730416116,-1.454197695031958,-0.7791863778126761,Bearish,32.6041,19.6893,14565066.476190476,23.256866666666674,23.701333333333338,23.944366666666674,22.569366666666674,22.326333333333338,21.881866666666674
1109,2005-04-04,22.8124,24.5208,23.1041,24.5208,7430392,27.571371428571393,27.356188000000035,25.57223099999989,24.541132999999917,41.14369365286704,33.719285526200174,27.43327500000001,21.147264473799844,-1.4212412571649438,-0.9075973536831297,Bearish,32.6041,19.6893,14111540.333333334,24.99303333333334,25.465266666666672,26.409733333333342,23.576333333333338,22.631866666666667,22.159633333333336
1110,2005-04-05,24.5208,24.8958,23.3124,23.3124,8385554,27.237042857142825,27.310770000000034,25.595268999999885,24.52726599999992,37.57950113006785,33.418888453876505,27.067650000000008,20.716411546123506,-1.475620785819963,-1.0212020401104964,Bearish,32.6041,19.6893,13476695.666666666,24.368,25.4236,25.9514,22.784599999999998,22.2568,21.201199999999996
1111,2005-04-06,23.3124,23.9166,22.7499,23.2916,7078464,26.88783809523806,27.278686000000036,25.618098999999884,24.514393999999914,37.51925219809069,33.0278451054658,26.69890000000001,20.369954894534217,-1.5030688976058642,-1.11757541160957,Bearish,32.6041,19.6893,13172187.047619049,23.888833333333334,24.486066666666666,25.055533333333333,22.722133333333336,22.15266666666667,21.555433333333337
1112,2005-04-07,23.2916,24.0208,23.1666,23.4999,4222507,26.54656666666663,27.259102000000034,25.63661599999988,24.500964499999913,38.5812171072838,32.5084607373024,26.33223000000001,20.15599926269762,-1.4908283139896206,-1.19222599208558,Bearish,32.6041,19.6893,12962560.61904762,23.95826666666667,24.416633333333337,24.812466666666673,23.104066666666668,22.708233333333332,22.249866666666666
1113,2005-04-08,23.4999,23.7499,22.6666,22.7083,3539994,26.159661904761872,27.247852000000034,25.647016999999877,24.484176999999914,36.07201550798581,32.01656007710985,25.946815000000008,19.877069922890165,-1.5273961950425416,-1.2592600326769723,Bearish,32.6041,19.6893,11306687.714285715,23.416600000000006,24.124900000000004,24.499900000000007,22.333300000000005,21.9583,21.250000000000004
1114,2005-04-11,22.7083,23.0833,21.5833,21.5833,3800701,25.739028571428538,27.214520000000036,25.646566999999877,24.460664999999914,32.8065054640828,30.924914977564306,25.395775000000008,19.86663502243571,-1.6283836095991866,-1.3330847480614152,Bearish,32.6041,19.6893,10561606.0,22.583299999999994,23.583299999999998,24.083299999999994,21.083299999999994,20.583299999999998,19.583299999999994
1115,2005-04-12,21.5833,20.5208,20.5208,20.5208,511122,25.163633333333298,27.150770000000033,25.639489999999874,24.432639999999914,30.04052427436949,29.91202638451762,24.831195000000008,19.750363615482396,-1.773705559925915,-1.421208910434315,Bearish,32.6041,19.6893,10028286.42857143,20.5208,20.5208,20.5208,20.5208,20.5208,20.5208
1116,2005-04-13,20.5208,22.0416,19.7916,21.7708,6820552,24.68546190476187,27.103688000000034,25.644712999999868,24.412064499999914,36.79239815051286,29.00666526032775,24.40828000000001,19.809894739672266,-1.7676335203251945,-1.490493832412491,Bearish,32.6041,19.6893,7847261.428571428,22.61106666666667,23.451333333333334,24.86106666666667,20.36106666666667,18.951333333333334,18.11106666666667
1117,2005-04-14,21.7708,22.7499,20.9583,22.7083,7241596,24.327328571428534,27.084522000000035,25.661709999999868,24.395376499999916,41.36321551110676,28.305660653245667,24.107240000000008,19.90881934675435,-1.6679459278138005,-1.5259842514927529,Bearish,32.6041,19.6893,7247361.571428572,23.319366666666674,23.930433333333337,25.110966666666673,21.527766666666675,20.34723333333334,19.736166666666676
1118,2005-04-15,22.7083,24.3958,22.5624,24.3958,20892737,24.120980952380915,27.094522000000033,25.688585999999862,24.386426499999917,48.572281510215944,27.37531650426725,23.868700000000008,20.362083495732765,-1.4362197977514377,-1.5080313607444897,Bullish,32.6041,19.6893,7237258.095238095,25.006933333333333,25.618066666666667,26.840333333333334,23.17353333333333,21.951266666666665,21.34013333333333
1119,2005-04-18,24.3958,25.7291,23.2499,23.3333,30174629,23.843204761904726,27.079106000000035,25.70063899999986,24.371064499999918,44.834681800176284,26.685370573495494,23.649950000000008,20.61452942650452,-1.3230586440244991,-1.4710368174004915,Bullish,32.6041,19.6893,7858078.80952381,24.958299999999998,26.583299999999998,27.437499999999996,22.4791,21.6249,19.9999
1120,2005-04-19,23.3333,24.2291,22.1666,22.1666,12824935,23.57931428571425,27.041190000000032,25.69582799999986,24.352167999999914,41.095208673330994,26.187432227635114,23.424950000000006,20.6624677723649,-1.312392114534454,-1.439307876827284,Bullish,32.6041,19.6893,8597104.476190476,23.5416,24.9166,25.6041,21.4791,20.7916,19.4166
1121,2005-04-20,22.1666,23.4374,21.3958,23.0416,9013689,23.406695238095203,27.014524000000034,25.70136599999986,24.337646499999913,44.81285274764395,25.57342837644212,23.243700000000008,20.913971623557895,-1.2192785416914305,-1.3953020098001132,Bullish,32.6041,19.6893,8958785.57142857,23.85406666666666,24.66653333333333,25.89566666666666,21.812466666666662,20.583333333333332,19.770866666666663
1122,2005-04-21,23.0416,24.0208,22.4999,22.8749,7027771,23.22613809523806,26.969106000000032,25.70563699999986,24.324589999999912,44.239998001909335,25.247071150900958,23.120780000000007,20.994488849099056,-1.1457294057979936,-1.3453874889996893,Bullish,32.6041,19.6893,8772022.047619049,23.763833333333334,24.65276666666667,25.284733333333335,22.242933333333333,21.610966666666666,20.722033333333332
1123,2005-04-22,23.0416,24.0208,22.4999,22.8749,7027771,23.109071428571394,26.932438000000033,25.71130699999986,24.31033449999991,44.23999800190934,25.142021403206368,23.06036000000001,20.978698596793652,-1.0750486935646997,-1.2913197299126913,Bullish,32.6041,19.6893,8490691.0,23.763833333333334,24.65276666666667,25.284733333333335,22.242933333333333,21.610966666666666,20.722033333333332
1124,2005-04-25,22.8749,23.4999,21.9999,22.0833,3460842,23.0138333333333,26.874938000000032,25.706062999999858,24.292720499999913,41.33028674316772,25.14393505769225,23.019735000000008,20.895534942307766,-1.0705683783555386,-1.2471694596012608,Bullish,32.6041,19.6893,8572093.761904761,23.0555,24.0277,24.5555,21.5555,21.0277,20.0555
1125,2005-04-26,22.0833,22.8124,21.6041,22.7083,3398460,23.004904761904726,26.829938000000034,25.706268999999857,24.277931499999912,44.43753000415831,25.071208774009474,22.968695000000007,20.86618122599054,-1.0050004005893243,-1.1987356477988735,Bullish,32.6041,19.6893,8671682.80952381,23.14576666666667,23.583233333333336,24.35406666666667,21.93746666666667,21.166633333333333,20.729166666666668
1126,2005-04-27,22.7083,23.8333,23.2499,23.8333,11442631,23.009866666666632,26.782022000000033,25.710528999999855,24.268467999999917,49.61070057091269,24.783558593574803,22.89994500000001,21.016331406425216,-0.8524328920763153,-1.1294750966543619,Bullish,32.6041,19.6893,8661621.61904762,24.02776666666667,24.222233333333335,24.61116666666667,23.444366666666667,23.055433333333333,22.860966666666666
1127,2005-04-28,23.8333,24.3333,23.3541,23.6458,10463584,22.93546190476187,26.694522000000035,25.711514999999853,24.258966499999918,48.79527106513258,24.737495782919595,22.88432000000001,21.031144217080424,-0.7381428738159634,-1.0512086520866821,Bullish,32.6041,19.6893,8864974.19047619,24.20136666666667,24.756933333333336,25.18056666666667,23.222166666666666,22.79853333333333,22.242966666666664
1128,2005-04-29,23.6458,24.0208,22.6874,23.0208,8222930,22.89081904761901,26.554940000000034,25.70425199999985,24.247439499999917,46.07661034033678,24.74852451757479,22.894740000000006,21.040955482425222,-0.690045077471634,-0.9789759371636725,Bullish,32.6041,19.6893,8504569.666666666,23.798599999999997,24.5764,25.131999999999998,22.465199999999996,21.909599999999998,21.131799999999995
1129,2005-05-02,23.0208,23.3958,21.8749,21.8749,3157320,22.846176190476154,26.347440000000034,25.68333099999985,24.231681999999918,41.51011896467729,24.50764116946066,22.762445000000007,21.017248830539355,-0.7359086834414974,-0.9303624864192375,Bullish,32.6041,19.6893,8564222.666666666,22.888833333333334,23.90276666666667,24.409733333333335,21.367933333333333,20.860966666666666,19.847033333333332
1130,2005-05-03,21.8749,22.3541,21.3958,22.0833,3023155,22.730104761904727,26.146608000000032,25.664293999999845,24.217665999999923,42.62382202478362,24.45095008171625,22.700990000000008,20.951029918283766,-0.7468307828943388,-0.8936561457142578,Bullish,32.6041,19.6893,8387532.428571428,22.493000000000002,22.9027,23.4513,21.534700000000004,20.986100000000004,20.576400000000007
1131,2005-05-04,22.0833,22.3958,21.8749,21.8749,2154006,22.661652380952347,25.933274000000033,25.642173999999844,24.20200849999992,41.76735560828996,24.39339372515885,22.63015500000001,20.866916274841167,-0.7635015926320996,-0.8676252350978262,Bullish,32.6041,19.6893,8177664.0,22.22216666666667,22.569433333333336,22.74306666666667,21.70126666666667,21.527633333333334,21.180366666666668
1132,2005-05-05,21.8749,22.8749,21.7708,22.6666,4904003,22.631890476190442,25.746190000000034,25.628769999999847,24.19200849999992,46.190814356599205,24.306349507526807,22.588490000000007,20.870630492473207,-0.7047063399465046,-0.8350414560675619,Bullish,32.6041,19.6893,7880923.619047619,23.10406666666666,23.54153333333333,24.20816666666666,21.999966666666662,21.333333333333332,20.895866666666663
1133,2005-05-06,22.6666,23.4583,22.4999,23.2083,13659654,22.618004761904725,25.567024000000032,25.616185999999843,24.18581649999992,49.04302739993788,24.35202481058068,22.613490000000006,20.87495518941933,-0.6073983061905928,-0.789512826092168,Bullish,32.6041,19.6893,7777377.857142857,23.611099999999997,24.0139,24.569499999999998,22.652699999999996,22.097099999999998,21.694299999999995
1134,2005-05-09,23.2083,24.3541,22.7499,24.3541,15555875,22.696376190476155,25.417858000000034,25.613060999999842,24.188051999999917,54.53284582101682,24.579436990355568,22.75203000000001,20.92462300964445,-0.4328350511830763,-0.7181772711103497,Bullish,32.6041,19.6893,8226765.80952381,24.888833333333334,25.423566666666666,26.493033333333333,23.284633333333336,22.21516666666667,21.680433333333337
1135,2005-05-10,24.3541,24.7499,23.8541,23.9166,18488697,22.80748571428568,25.258692000000032,25.600977999999845,24.184701999999916,52.21949778761438,24.50285413195299,22.921820000000007,21.340785868047025,-0.32603665992438735,-0.6397491488731573,Bullish,32.6041,19.6893,8798950.61904762,24.49296666666667,25.069333333333336,25.388766666666672,23.59716666666667,23.277733333333334,22.70136666666667
1136,2005-05-11,23.9166,24.8749,23.4999,24.6249,14383585,23.002919047619013,25.145358000000034,25.594102999999844,24.184992999999913,55.51004867717921,24.717805662047304,23.06452500000001,21.411244337952716,-0.18214462506445273,-0.5482282441114164,Bullish,32.6041,19.6893,9498379.0,25.16656666666667,25.708233333333336,26.54156666666667,23.79156666666667,22.958233333333336,22.41656666666667
1137,2005-05-12,24.6249,25.4166,24.2083,24.2291,18186572,23.119980952380917,25.027442000000033,25.58243599999985,24.17960699999991,53.30104295930116,24.85988938972389,23.14056500000001,21.42124061027613,-0.09890676726747571,-0.4583639487426282,Bullish,32.6041,19.6893,10158972.476190476,25.027699999999996,25.826299999999996,26.235999999999994,23.819399999999998,23.4097,22.6111
1138,2005-05-13,24.2291,25.3749,24.4791,25.0833,9215572,23.233076190476158,24.92577600000003,25.582227999999844,24.178591999999913,57.25455891033615,25.01642599495062,23.17494000000001,21.3334540050494,0.03557653177309206,-0.35957585263948416,Bullish,32.6041,19.6893,10700211.523809524,25.479100000000006,25.874900000000004,26.374900000000007,24.583300000000005,24.0833,23.687500000000004
1139,2005-05-16,25.0833,25.5416,24.3749,24.7083,6041990,23.24795714285711,24.813276000000034,25.582852999999844,24.175601999999913,55.051130523769686,25.202615067377515,23.243690000000008,21.2847649326225,0.11062097937726278,-0.2655364862361348,Bullish,32.6041,19.6893,10794210.38095238,25.374966666666662,26.04163333333333,26.54166666666666,24.208266666666663,23.708233333333332,23.041566666666665
1140,2005-05-17,24.7083,25.9374,24.8541,25.9374,15014515,23.37196190476187,24.719526000000034,25.596393999999847,24.177758499999914,60.42677943584921,25.649071950252495,23.43223000000001,21.215388049747528,0.26620371206568905,-0.15918844657577003,Bullish,32.6041,19.6893,10087031.952380951,26.2985,26.6596,27.381800000000002,25.2152,24.493,24.131899999999998
1141,2005-05-18,25.9374,26.5416,24.6458,25.0833,16610771,23.510852380952347,24.60786000000003,25.600352999999846,24.176043999999916,55.46290357222672,25.855390378590577,23.53431500000001,21.213239621409443,0.31693202158436407,-0.0639643529437432,Bullish,32.6041,19.6893,9365121.761904761,26.201333333333338,27.319366666666667,28.097133333333336,24.30553333333334,23.527766666666672,22.409733333333342
1142,2005-05-19,25.0833,26.0833,24.6666,25.8333,7278440,23.643790476190443,24.507860000000033,25.615144999999842,24.18057799999992,58.673305164152936,26.186225891576782,23.68223500000001,21.178244108423236,0.4128937225282314,0.03140726215065173,Bullish,32.6041,19.6893,9545399.666666666,26.38886666666667,26.944433333333336,27.80556666666667,24.972166666666666,24.11103333333333,23.555466666666664
1143,2005-05-20,25.8333,26.2083,25.6249,26.0833,10564589,23.796571428571394,24.421194000000032,25.62972899999984,24.18656199999992,59.7157104374527,26.52401598761435,23.842655000000008,21.161294012385664,0.5033150697346436,0.12578882366745012,Bullish,32.6041,19.6893,9462768.761904761,26.319433333333333,26.555566666666667,26.902833333333334,25.73603333333333,25.388766666666665,25.15263333333333
1144,2005-05-23,26.0833,25.5833,24.7916,24.7916,8877873,23.88784285714282,24.264944000000032,25.632645999999845,24.18608749999992,52.36612713867073,26.56213292036383,23.97807000000001,21.39400707963619,0.46538062586804685,0.19370718410756946,Bullish,32.6041,19.6893,9631188.666666666,25.319399999999998,25.8472,26.1111,24.527699999999996,24.263799999999996,23.735999999999994
1145,2005-05-24,24.7916,26.0208,24.5833,26.0208,5696033,24.07534285714282,24.14911200000003,25.641604999999846,24.189759999999925,57.7012805079639,26.804473197050545,24.143695000000008,21.48291680294947,0.5284122652789129,0.26064820034183817,Bullish,32.6041,19.6893,9719288.761904761,26.499966666666666,26.979133333333333,27.937466666666666,25.062466666666666,24.104133333333333,23.624966666666666
1146,2005-05-25,26.0208,27.0833,26.2499,26.5833,7855883,24.259866666666632,24.07619600000003,25.660563999999844,24.196444999999926,59.913913256180194,27.140422363099997,24.281195000000007,21.421967636900018,0.6166460310249882,0.33184776647846814,Bullish,32.6041,19.6893,9825726.42857143,27.02776666666667,27.472233333333335,27.86116666666667,26.194366666666667,25.805433333333333,25.360966666666666
1147,2005-05-26,26.5833,26.7708,25.2708,25.7083,3347513,24.349152380952347,24.01578000000003,25.666813999999846,24.200453999999926,55.08667346633985,27.29279424372287,24.38432000000001,21.47584575627715,0.6089471747744781,0.3872676481376701,Bullish,32.6041,19.6893,10037984.666666666,26.562466666666666,27.416633333333333,28.062466666666666,25.062466666666666,24.416633333333333,23.562466666666666
1148,2005-05-27,25.7083,26.2291,25.3124,25.9166,3086553,24.45728571428568,23.95078000000003,25.68014699999985,24.204904999999926,55.99560904024711,27.439969819984412,24.52911000000001,21.618250180015607,0.6125922626149674,0.43233257103312955,Bullish,32.6041,19.6893,9652502.857142856,26.326333333333334,26.736066666666666,27.243033333333333,25.409633333333336,24.90266666666667,24.492933333333337
1149,2005-05-30,25.9166,26.7083,25.4791,26.6249,3216906,24.62890952380949,23.929112000000032,25.695979999999846,24.213496999999926,59.03172407017577,27.54455544431674,24.766610000000007,21.988664555683275,0.664969556363328,0.47885996809916925,Bullish,32.6041,19.6893,9301215.666666666,27.062433333333342,27.499966666666673,28.291633333333344,25.83323333333334,25.041566666666668,24.604033333333337
1150,2005-05-31,26.6249,26.6249,25.9999,26.2499,2693333,24.837242857142822,23.92077800000003,25.703895999999844,24.221813499999925,56.79738412076173,27.53294208553462,24.97494000000001,22.4169379144654,0.6685133670623209,0.5167906478917996,Bullish,32.6041,19.6893,9062833.57142857,26.583233333333336,26.916566666666668,27.208233333333336,25.958233333333336,25.666566666666668,25.333233333333336
1151,2005-06-01,26.2499,27.2499,26.2499,26.4999,7056103,25.04755714285711,23.91744400000003,25.723686999999845,24.232478999999927,57.94032334458446,27.413568404261383,25.20619000000001,22.998811595738637,0.6836144909197941,0.5501554164973985,Bullish,32.6041,19.6893,9040738.952380951,27.083233333333336,27.666566666666668,28.083233333333336,26.083233333333336,25.666566666666668,25.083233333333336
1152,2005-06-02,26.4999,27.6874,26.7499,27.5416,19067156,25.317399999999967,23.961610000000032,25.76597899999985,24.247653499999924,62.40353465298527,27.55607097161595,25.44994000000001,23.34380902838407,0.7707539527349709,0.594275123744913,Bullish,32.6041,19.6893,9232784.095238095,27.9027,28.2638,28.8402,26.9652,26.3888,26.0277
1153,2005-06-03,27.5416,27.4999,26.4791,26.5416,3995087,25.501923809523777,24.010776000000032,25.79264599999985,24.257428499999925,56.234382661862526,27.502879930623592,25.61660500000001,23.73033006937643,0.750470010251302,0.6255141010461908,Bullish,32.6041,19.6893,10038172.19047619,27.2013,27.861,28.2221,26.1805,25.819399999999998,25.159699999999997
1154,2005-06-06,26.5416,27.0208,25.2708,26.8749,3666790,25.676523809523776,24.090358000000034,25.80514599999985,24.274966499999923,57.734156648998706,27.611432380602544,25.74264500000001,23.873857619397477,0.7526137019207759,0.6509340212211078,Bullish,32.6041,19.6893,9994890.476190476,27.506866666666674,28.138833333333338,29.256866666666674,25.756866666666674,24.638833333333338,24.006866666666674
1155,2005-06-07,26.8749,28.1041,27.3749,27.7708,12794570,25.839223809523777,24.171192000000033,25.828687999999847,24.295584499999922,61.54846138140017,27.806080038561152,25.93535500000001,24.064629961438865,0.8171842443749746,0.6841840658518812,Bullish,32.6041,19.6893,9519039.80952381,28.124966666666662,28.47913333333333,28.85416666666666,27.395766666666663,27.020733333333332,26.666566666666665
1156,2005-06-08,27.7708,27.7083,26.3958,27.0833,5974018,25.990019047619015,24.20869200000003,25.843896999999846,24.314763999999922,57.2767485142224,27.8911066746224,26.05827500000001,24.22544332537762,0.8036177549088883,0.7080708036632826,Bullish,32.6041,19.6893,9387549.095238095,27.72913333333333,28.374966666666666,29.04163333333333,26.41663333333333,25.749966666666666,25.10413333333333
1157,2005-06-09,27.0833,27.4583,26.9166,27.0833,1867635,26.10708571428568,24.27119200000003,25.859105999999848,24.333143999999926,57.2767485142224,27.879903218704847,26.20098500000001,24.522066781295173,0.7838307018524553,0.7232227833011171,Bullish,32.6041,19.6893,8791612.0,27.38886666666667,27.694433333333336,27.93056666666667,26.847166666666666,26.61103333333333,26.305466666666664
1158,2005-06-10,27.0833,27.3124,26.6666,26.9583,805624,26.237047619047583,24.354110000000034,25.873064999999848,24.350998999999923,56.45059631476622,27.92214748154829,26.29473500000001,24.66732251845173,0.7494239713740214,0.7284630209156979,Bullish,32.6041,19.6893,8195614.380952381,27.291600000000006,27.624900000000004,27.937400000000007,26.645800000000005,26.3333,26.000000000000004
1159,2005-06-13,26.9583,27.5833,26.8333,26.9583,3957735,26.3263333333333,24.402860000000032,25.879523999999847,24.371352499999926,56.45059631476622,27.884582245944493,26.407235000000007,24.92988775405552,0.71392668713737,0.7255557541600324,Bearish,32.6041,19.6893,7367950.19047619,27.41663333333333,27.874966666666666,28.16663333333333,26.66663333333333,26.374966666666666,25.91663333333333
1160,2005-06-14,26.9583,27.2083,26.3333,26.5208,1315603,26.41264285714282,24.46702800000003,25.888898999999846,24.389918499999926,53.3282813802437,27.898452107961752,26.436405000000008,24.974357892038263,0.6430792229959756,0.709060447927221,Bearish,32.6041,19.6893,7117577.0,27.04163333333333,27.562466666666666,27.91663333333333,26.16663333333333,25.812466666666666,25.29163333333333
1161,2005-06-15,26.5208,26.9791,26.5624,26.7499,1212946,26.4513333333333,24.536194000000034,25.90743999999985,24.409229999999926,54.74001984179823,27.847621811855365,26.519735000000008,25.19184818814465,0.5985191958425098,0.6869521975102788,Bearish,32.6041,19.6893,6892510.952380952,26.9652,27.1805,27.381899999999998,26.5485,26.3471,26.131800000000002
1162,2005-06-16,26.7499,26.7083,25.6249,25.6874,803718,26.480099999999965,24.579944000000033,25.919522999999845,24.423628999999924,47.555615117116936,27.856831395985353,26.51244000000001,25.168048604014665,0.47202892732235924,0.6439675434726949,Bearish,32.6041,19.6893,6235293.380952381,26.388833333333334,27.09026666666667,27.472233333333335,25.305433333333333,24.923466666666666,24.222033333333332
1163,2005-06-17,25.6874,26.1458,25.6249,25.8333,1193000,26.480099999999965,24.642444000000033,25.945147999999843,24.439956999999925,48.55411387270886,27.864556145880883,26.49994000000001,25.135323854119136,0.3791863644952045,0.5910113076771968,Bearish,32.6041,19.6893,5482576.571428572,26.111099999999997,26.3889,26.631999999999998,25.590199999999996,25.347099999999998,25.069299999999995
1164,2005-06-20,25.8333,27.1041,26.1666,26.9166,3253623,26.51978095238092,24.749110000000034,25.98181499999985,24.463899999999924,55.35138588256427,27.7322703592992,26.60619000000001,25.480109640700817,0.38854234673039656,0.5505175154878368,Bearish,32.6041,19.6893,5192793.714285715,27.2916,27.6666,28.2291,26.3541,25.7916,25.4166
1165,2005-06-21,26.9166,26.9583,26.3124,26.6666,883379,26.60906666666663,24.872026000000034,26.01139799999985,24.486992999999924,53.59161239594235,27.732134416348778,26.63848000000001,25.54482558365124,0.3715016792881052,0.5147143482478904,Bearish,32.6041,19.6893,4844652.476190476,26.979133333333326,27.291666666666664,27.625033333333327,26.333233333333325,25.999866666666662,25.687333333333324
1166,2005-06-22,26.6666,26.8333,25.8749,26.1041,607934,26.6130333333333,24.95869200000003,26.031189999999853,24.50877249999992,49.7584082311936,27.732682370319772,26.61452000000001,25.496357629680247,0.3090452967702042,0.47358053795235316,Bearish,32.6041,19.6893,4463962.285714285,26.666633333333326,27.229166666666664,27.625033333333327,25.708233333333325,25.312366666666662,24.749833333333324
1167,2005-06-23,26.1041,26.1041,25.1041,25.6041,2480016,26.566404761904728,25.016608000000033,26.05056499999985,24.52655299999992,46.569796574826384,27.745145061792936,26.60931000000001,25.473474938207087,0.21670430993401268,0.4222052923486851,Bearish,32.6041,19.6893,4221671.857142857,26.1041,26.6041,27.1041,25.1041,24.6041,24.1041
1168,2005-06-24,25.6041,25.8124,25.4166,25.5833,1004711,26.56045238095235,25.040358000000033,26.067439999999852,24.543529499999924,46.436483578488705,27.777372932437906,26.59264500000001,25.407917067562117,0.1402285588807679,0.36580994565510166,Bearish,32.6041,19.6893,3965678.1904761903,25.791600000000006,25.999900000000004,26.187400000000007,25.395800000000005,25.2083,25.000000000000004
1169,2005-06-27,25.5833,25.7499,25.0833,25.2083,345322,26.526723809523777,25.077858000000035,26.07848199999985,24.556931999999925,43.99142752388517,27.850945112930436,26.52181500000001,25.192684887069586,0.04879908373784758,0.30240777327165086,Bearish,32.6041,19.6893,3854116.1904761903,25.61103333333334,26.01376666666667,26.277633333333338,24.94443333333334,24.68056666666667,24.27783333333334
1170,2005-06-28,25.2083,25.8749,25.0208,25.5208,849456,26.474147619047585,25.144942000000032,26.093065999999848,24.574595499999926,46.5186045378345,27.880669872967022,26.485360000000007,25.090050127032992,0.001538964081849059,0.2422340114336905,Bearish,32.6041,19.6893,3723581.380952381,25.92353333333334,26.32626666666667,26.777633333333338,25.06943333333334,24.61806666666667,24.21533333333334
1171,2005-06-29,25.5208,25.8749,25.3541,25.4166,703095,26.434466666666633,25.19244200000003,26.10348299999985,24.593337499999926,45.776901709719716,27.90210001321429,26.43119500000001,24.960289986785728,-0.04381798395725767,0.18502361235550085,Bearish,32.6041,19.6893,3610845.6666666665,25.74296666666667,26.069333333333336,26.263766666666672,25.22216666666667,25.027733333333334,24.70136666666667
1172,2005-06-30,25.4166,26.0208,25.4791,25.5416,1593715,26.3888333333333,25.24577600000003,26.107440999999852,24.610905499999923,46.871260538603906,27.75781252333943,26.331195000000008,24.904577476660585,-0.06888319414223076,0.13424225105595453,Bearish,32.6041,19.6893,3516072.4285714286,25.881899999999998,26.2222,26.4236,25.340199999999996,25.138799999999996,24.798499999999994
1173,2005-07-01,25.5416,26.2083,25.6249,25.7291,1015765,26.302523809523773,25.30286000000003,26.117648999999854,24.62711199999992,48.548703201587564,27.73704351182083,26.29057000000001,24.84409648817919,-0.07277892070718295,0.09283801670332703,Bearish,32.6041,19.6893,3255958.714285714,26.083299999999998,26.4375,26.6667,25.499899999999997,25.270699999999998,24.916499999999996
1174,2005-07-04,25.7291,25.7916,25.4166,25.4166,290817,26.248952380952346,25.369526000000032,26.12223199999986,24.64135649999992,45.9450091674923,27.6858156294611,26.217655000000008,24.749494370538915,-0.09993051364887151,0.05428431063288732,Bearish,32.6041,19.6893,2396368.6666666665,25.6666,25.9166,26.0416,25.2916,25.1666,24.9166
1175,2005-07-05,25.4166,25.5208,25.1249,25.5208,454077,26.184471428571392,25.42577600000003,26.127856999999857,24.65692149999992,46.96633965849993,27.416467370832944,26.105155000000007,24.79384262916707,-0.1117520692168732,0.021077034662935215,Bearish,32.6041,19.6893,2219974.8571428573,25.65276666666667,25.784733333333335,26.04866666666667,25.256866666666667,24.992933333333333,24.860966666666666
1176,2005-07-06,25.5208,26.2916,25.2708,26.2499,1922521,26.112047619047583,25.474108000000033,26.128064999999857,24.676331499999918,53.575973053109806,27.298568508553323,26.063485000000007,24.82840149144669,-0.06157862051126983,0.0045459036280942056,Bearish,32.6041,19.6893,2066988.5238095238,26.60406666666666,26.95823333333333,27.62486666666666,25.583266666666663,24.916633333333333,24.562466666666666
1177,2005-07-07,26.2499,26.9791,26.0416,26.2083,5897153,26.07038095238092,25.525358000000033,26.109939999999856,24.69603349999992,53.16880510344498,27.166018024867974,26.019735000000008,24.873451975132042,-0.02488570633438769,-0.0013404183644021746,Bearish,32.6041,19.6893,1549271.9047619049,26.777733333333334,27.347166666666666,27.715233333333334,25.840233333333334,25.472166666666666,24.902733333333334
1178,2005-07-08,26.2083,26.4791,26.0208,26.1249,926322,26.024742857142822,25.587440000000033,26.071189999999856,24.71721749999992,52.31048425533965,27.042513355299576,25.978065000000008,24.91361664470044,-0.002507090311649307,-0.001573752753851601,Bearish,32.6041,19.6893,1545611.6666666667,26.395733333333325,26.66656666666666,26.854033333333323,25.937433333333328,25.749966666666666,25.47913333333333
1179,2005-07-11,26.1249,26.5624,25.9166,26.2708,1658892,25.992004761904727,25.67535800000003,26.011398999999855,24.73893099999992,53.71808033926949,26.920055896372645,25.94369000000001,24.967324103627377,0.02669333067837698,0.0040796639325941155,Bullish,32.6041,19.6893,1500787.238095238,26.58326666666667,26.895733333333336,27.22906666666667,25.93746666666667,25.604133333333333,25.291666666666668
1180,2005-07-12,26.2708,26.7291,25.8333,25.9999,3635282,25.946366666666634,25.753690000000034,25.950148999999854,24.759989499999918,50.72436727620055,26.858175551284443,25.91764500000001,24.97711444871558,0.027656699480495206,0.008795071042174333,Bullish,32.6041,19.6893,1541419.0476190476,26.54156666666666,27.08323333333333,27.43736666666666,25.645766666666663,25.291633333333333,24.749966666666666
1181,2005-07-13,25.9999,26.3124,25.9999,26.0833,1288922,25.9255333333333,25.837858000000033,25.885565999999855,24.77836699999992,51.618315573239315,26.748671871379088,25.884315000000008,25.019958128620928,0.034749290998043136,0.013985915033348093,Bullish,32.6041,19.6893,1526064.142857143,26.263833333333334,26.444366666666667,26.576333333333334,25.951333333333334,25.819366666666667,25.638833333333334
1182,2005-07-14,26.0833,26.3749,26.0208,26.0416,676033,25.89180476190473,25.90535800000003,25.825773999999857,24.79623599999992,51.11895204296256,26.764028964898124,25.90202500000001,25.040021035101894,0.03658366565141691,0.018505465156961855,Bullish,32.6041,19.6893,1524793.619047619,26.270733333333325,26.499866666666662,26.624833333333324,25.916633333333326,25.791666666666664,25.562533333333327
1183,2005-07-15,26.0416,26.1666,25.7499,25.9166,674636,25.902719047619012,25.959524000000034,25.763273999999857,24.813279999999914,49.570855472796445,26.767630251903675,25.90619000000001,25.044749748096343,0.02763243592797693,0.02033085931116487,Bullish,32.6041,19.6893,1499226.3333333333,26.138833333333334,26.361066666666666,26.555533333333333,25.722133333333336,25.52766666666667,25.305433333333337
1184,2005-07-18,25.9166,26.1458,25.6249,25.7916,713513,25.9007333333333,25.988274000000033,25.703065999999858,24.829099499999913,48.00522488241482,26.576482192580478,25.84994000000001,25.123397807419543,0.010332954681086193,0.018331278385149134,Bearish,32.6041,19.6893,1493079.5714285714,26.083299999999998,26.375,26.6042,25.562399999999997,25.333199999999998,25.041499999999996
1185,2005-07-19,25.7916,25.5624,25.0833,25.2499,847678,25.821366666666634,26.014940000000035,25.636815999999857,24.838812499999907,41.83827819836904,26.447248740448142,25.77910500000001,25.110961259551875,-0.04655106002438103,0.005354810703243099,Bearish,32.6041,19.6893,1470246.857142857,25.51376666666667,25.777633333333334,25.992866666666668,25.03466666666667,24.819433333333336,24.55556666666667
1186,2005-07-20,25.2499,25.5833,25.2083,25.4791,454204,25.764819047619014,26.032024000000032,25.58869099999986,24.849870999999908,45.05455796045822,26.410717020257476,25.74785500000001,25.08499297974254,-0.0723040509186994,-0.010176961621145402,Bearish,32.6041,19.6893,1355678.0476190476,25.638833333333338,25.79856666666667,26.013833333333338,25.263833333333338,25.04856666666667,24.888833333333338
1187,2005-07-21,25.4791,25.9166,25.3124,25.4999,737144,25.736047619047586,26.05744000000003,25.542440999999858,24.861832999999905,45.34991059226146,26.411555097023186,25.74264500000001,25.073734902976835,-0.08999765858896325,-0.02614110101470897,Bearish,32.6041,19.6893,1335241.142857143,25.8402,26.1805,26.444399999999998,25.236,24.9721,24.631800000000002
1188,2005-07-22,25.4999,25.9166,25.4166,25.6249,870801,25.737038095238063,26.068272000000032,25.497023999999854,24.876518999999902,47.187208817884,26.411896659694587,25.74472500000001,25.077553340305432,-0.09286304740653151,-0.03948549029307348,Bearish,32.6041,19.6893,1341394.0,25.8888,26.1527,26.3888,25.3888,25.1527,24.8888
1189,2005-07-25,25.6249,25.7291,25.2499,25.3124,254481,25.724138095238064,26.080354000000035,25.446814999999855,24.8916414999999,43.27063150135883,26.40172772966675,25.749930000000013,25.098132270333277,-0.11897851673760229,-0.055384095581979244,Bearish,32.6041,19.6893,1264764.7142857143,25.611033333333328,25.909666666666663,26.090233333333327,25.13183333333333,24.951266666666665,24.65263333333333
1190,2005-07-26,25.3124,25.5208,24.9999,25.5208,518618,25.739019047619017,26.072022000000032,25.395773999999857,24.9058069999999,46.461999868610526,26.40172772966675,25.749930000000013,25.098132270333277,-0.12145897257547489,-0.06859907098067837,Bearish,32.6041,19.6893,1229039.4761904762,25.694433333333333,25.868066666666667,26.215333333333334,25.17353333333333,24.826266666666665,24.65263333333333
1191,2005-07-27,25.5208,25.3749,24.5833,24.9166,680480,25.71024761904759,26.068688000000034,25.338273999999856,24.9177509999999,39.52042131851535,26.459100470939156,25.72493000000001,24.990759529060867,-0.17021649241910097,-0.08892255526836289,Bearish,32.6041,19.6893,1237291.6666666667,25.333233333333325,25.749866666666662,26.124833333333324,24.541633333333326,24.166666666666664,23.750033333333327
1192,2005-07-28,24.9166,25.1666,24.4791,24.5833,637537,25.670566666666634,26.043688000000035,25.275773999999856,24.9297274999999,36.29868146764433,26.56231987692038,25.67701500000001,24.791710123079643,-0.23306507357956008,-0.11775105893060232,Bearish,32.6041,19.6893,1229245.1904761905,25.006899999999998,25.4305,25.694399999999998,24.319399999999998,24.0555,23.631899999999998
1193,2005-07-29,24.5833,24.7083,23.3958,24.5833,710210,25.624933333333303,26.013688000000034,25.21744099999985,24.9415044999999,36.29868146764433,26.624382195017027,25.61972500000001,24.615067804982992,-0.2796494027100671,-0.15013072768649527,Bearish,32.6041,19.6893,1226123.380952381,25.062466666666666,25.541633333333333,26.374966666666666,23.749966666666666,22.916633333333333,22.437466666666666
1194,2005-08-01,24.5833,24.9999,24.2291,24.9999,558893,25.59020952380949,26.017854000000035,25.14139899999985,24.9557639999999,43.030946794118904,26.636283051643854,25.59889000000001,24.56149694835617,-0.27972716026006594,-0.17605001420120941,Bearish,32.6041,19.6893,1184051.7142857143,25.25683333333333,25.513766666666665,26.02763333333333,24.486033333333328,23.972166666666663,23.715233333333327
1195,2005-08-02,24.9999,24.9999,24.3749,24.7916,692804,25.560447619047586,25.993270000000035,25.071190999999853,24.970780999999896,40.714024223325836,26.65787093240953,25.562430000000013,24.466989067590497,-0.29321683172790003,-0.19948337770654753,Bearish,32.6041,19.6893,1162295.9047619049,25.069366666666664,25.347133333333332,25.694366666666664,24.444366666666664,24.097133333333332,23.819366666666664
1196,2005-08-03,24.7916,25.3333,24.7083,24.9999,960117,25.535642857142825,25.961602000000035,25.018898999999852,24.987439499999894,43.96330905730325,26.57376929728702,25.499930000000013,24.426090702713008,-0.28382763607759287,-0.2163522293807566,Bearish,32.6041,19.6893,1181438.142857143,25.319366666666674,25.638833333333338,25.944366666666674,24.694366666666674,24.388833333333338,24.069366666666674
1197,2005-08-04,24.9999,25.7291,24.7916,25.3749,2515971,25.49397619047616,25.954934000000033,24.985356999999848,25.005173499999895,49.34574001269682,26.48244463647839,25.458260000000013,24.434075363521636,-0.24332239576948922,-0.2217462626585031,Bearish,32.6041,19.6893,1205535.2857142857,25.80546666666667,26.236033333333335,26.74296666666667,24.86796666666667,24.361033333333335,23.93046666666667
1198,2005-08-05,25.3749,25.4166,24.5833,25.1666,506548,25.444371428571397,25.939934000000036,24.94535699999985,25.022165499999893,46.66450235579495,26.394165163392778,25.410345000000014,24.42652483660725,-0.22543114030565192,-0.22248323818793286,Bearish,32.6041,19.6893,1233794.8095238095,25.527699999999996,25.888799999999996,26.360999999999994,24.694399999999998,24.2222,23.8611
1199,2005-08-08,25.1666,25.4583,24.7291,24.9999,656467,25.39079999999997,25.907434000000034,24.91827299999985,25.04372099999989,44.57699761045766,26.26187743060259,25.346800000000012,24.431722569397436,-0.22214276476782402,-0.2224151435039111,Bullish,32.6041,19.6893,977099.3333333334,25.39576666666667,25.791633333333337,26.124966666666673,24.666566666666668,24.333233333333332,23.937366666666666
1200,2005-08-09,24.9999,25.2916,24.3541,24.3541,386232,25.299528571428542,25.869518000000035,24.89514799999985,25.063446999999886,37.56595793564519,26.224751044529203,25.264510000000012,24.30426895547082,-0.2685516698049355,-0.23164244876411597,Bearish,32.6041,19.6893,964249.0952380953,24.9791,25.6041,25.9166,24.0416,23.7291,23.1041
1201,2005-08-10,24.3541,24.5624,23.5624,24.3749,257912,25.22214761904759,25.827018000000034,24.872230999999847,25.083776499999885,37.90470867922147,26.136729982247257,25.179090000000013,24.22145001775277,-0.3001922458903614,-0.24535240818936505,Bearish,32.6041,19.6893,903646.2380952381,24.770733333333336,25.166566666666668,25.770733333333336,23.770733333333336,23.166566666666668,22.770733333333336
1202,2005-08-11,24.3749,24.2291,23.4999,23.4999,256895,25.099128571428544,25.746184000000035,24.853896999999847,25.102829499999885,30.42591083513863,26.177892675524404,25.052005000000015,23.926117324475626,-0.3913614465739279,-0.2745542158662776,Bearish,32.6041,19.6893,742819.0952380953,23.986033333333328,24.472166666666663,24.715233333333327,23.25683333333333,23.013766666666665,22.52763333333333
1203,2005-08-12,23.4999,24.5624,23.1249,24.3749,588369,25.019761904761875,25.702850000000034,24.856812999999846,25.12615749999988,42.618483119411856,26.063976473465885,24.974920000000015,23.885863526534145,-0.38852977820265977,-0.29734932833355404,Bearish,32.6041,19.6893,693674.9523809524,24.91656666666667,25.458233333333336,26.35406666666667,23.47906666666667,22.583233333333336,22.04156666666667
1204,2005-08-15,24.3749,24.2916,23.9583,24.0416,66701,24.930476190476163,25.646184000000034,24.86827099999985,25.14162249999988,39.76018115344374,25.981148943750796,24.887420000000013,23.79369105624923,-0.40847157901488274,-0.31957377846981977,Bearish,32.6041,19.6893,689500.4761904762,24.23603333333333,24.430466666666664,24.56933333333333,23.902733333333334,23.76386666666667,23.569433333333336
1205,2005-08-16,24.0416,24.0833,23.8333,23.9166,90587,24.841190476190448,25.569100000000034,24.87014599999985,25.15646249999988,38.711579838503894,25.978634984237775,24.820755000000013,23.66287501576225,-0.4294120602322664,-0.3415414348223091,Bearish,32.6041,19.6893,660551.1904761905,24.055500000000002,24.1944,24.305500000000002,23.805500000000002,23.6944,23.555500000000002
1206,2005-08-17,23.9166,23.9166,23.6249,23.7499,39767,24.769761904761875,25.502432000000034,24.85556199999985,25.17136849999988,37.29882292796226,25.939884975861737,24.734295000000014,23.52870502413829,-0.4542228411264304,-0.36407771608313333,Bearish,32.6041,19.6893,630888.0476190476,23.9027,24.0555,24.194399999999998,23.611,23.4721,23.319300000000002
1207,2005-08-18,23.9166,23.9166,23.6249,23.7499,39767,24.68741904761902,25.435764000000034,24.85347799999985,25.186274499999882,37.29882292796226,25.871294362963525,24.646795000000015,23.422295637036505,-0.46848515845232797,-0.38495920455697225,Bearish,32.6041,19.6893,592416.0952380953,23.9027,24.0555,24.194399999999998,23.611,23.4721,23.319300000000002
1208,2005-08-19,23.7499,24.4999,24.0416,24.4999,286244,24.639799999999973,25.386596000000036,24.87035299999985,25.20373099999988,47.32870004668483,25.730597713649182,24.590545000000013,23.450492286350844,-0.4144914166597715,-0.3908656469775321,Bearish,32.6041,19.6893,572681.0,24.652666666666665,24.805433333333333,25.110966666666666,24.194366666666664,23.88883333333333,23.736066666666662
1209,2005-08-22,24.4999,25.7083,24.9166,25.7083,2742247,24.643771428571398,25.361596000000034,24.88222799999985,25.22722949999988,58.77189771406247,25.81192775859203,24.610340000000015,23.408752241408,-0.2710684974016715,-0.36690621706236,Bullish,32.6041,19.6893,551209.5714285715,25.972200000000004,26.236100000000004,26.763900000000007,25.180500000000002,24.6527,24.3888
1210,2005-08-23,25.7083,26.8124,25.2916,26.3541,6524653,24.69337619047616,25.358262000000035,24.912644999999852,25.25395699999988,63.354067221137974,26.02285202206292,24.652005000000013,23.281157977937106,-0.10409420456524998,-0.314343814562938,Bullish,32.6041,19.6893,640326.0476190476,27.0138,27.6735,28.5346,25.493,24.631899999999998,23.972199999999997
1211,2005-08-24,26.3541,26.6249,25.8958,26.0208,2074472,24.717185714285684,25.343680000000035,24.93993699999985,25.27901799999988,59.66817591686803,26.199778844228806,24.707215000000012,23.214651155771218,0.0013243348885296768,-0.25121018467264444,Bullish,32.6041,19.6893,938905.6666666666,26.46520000000001,26.909600000000005,27.19430000000001,25.73610000000001,25.451400000000007,25.007000000000012
1212,2005-08-25,26.0208,26.5624,25.9583,26.1874,4079703,24.77769999999997,25.353680000000036,24.966811999999848,25.30171399999988,60.89292664296798,26.41134549163993,24.787420000000015,23.1634945083601,0.09719214403450138,-0.18152971893121528,Bullish,32.6041,19.6893,1012993.9523809524,26.51376666666667,26.840133333333334,27.117866666666668,25.90966666666667,25.631933333333336,25.30556666666667
1213,2005-08-26,26.1874,26.3541,25.8541,25.9583,1010302,24.84317619047616,25.356180000000037,24.99931199999985,25.32316449999988,58.272348362355345,26.554429918975497,24.856170000000013,23.15791008102453,0.1529188646584423,-0.11464000221328376,Bullish,32.6041,19.6893,1174861.7142857143,26.256899999999998,26.5555,26.756899999999998,25.756899999999998,25.5555,25.256899999999998
1214,2005-08-29,25.9583,26.4583,26.0208,26.1666,3704397,24.9185714285714,25.341180000000037,25.045144999999852,25.345855999999877,59.959591436083016,26.706093278008865,24.914505000000013,23.12291672199116,0.211453259852032,-0.0494213498002206,Bullish,32.6041,19.6893,1192612.4285714286,26.409666666666666,26.652733333333334,26.847166666666666,25.972166666666666,25.777733333333334,25.534666666666666
1215,2005-08-30,26.1666,26.5624,26.0416,26.3124,4749764,24.9810714285714,25.334096000000034,25.10306099999985,25.371275499999875,61.14390260873706,26.881169550220946,24.990545000000015,23.099920449779084,0.2665345864583841,0.013769837451500344,Bullish,32.6041,19.6893,1335192.761904762,26.56933333333333,26.826266666666665,27.09013333333333,26.048533333333328,25.784666666666663,25.527733333333327
1216,2005-08-31,26.3124,27.1458,26.5833,26.6874,10093487,25.07134761904759,25.345762000000036,25.152226999999854,25.398469999999875,64.08620342081292,27.105149174846673,25.074920000000013,23.044690825153353,0.3365665707059975,0.07832918410239978,Bullish,32.6041,19.6893,1534758.0476190476,27.02770000000001,27.368000000000006,27.59020000000001,26.46520000000001,26.243000000000006,25.90270000000001
1217,2005-09-01,26.6874,26.9166,26.1041,26.1666,3259722,25.126904761904733,25.357012000000037,25.186809999999856,25.424259999999872,57.56657728114701,27.196791737675255,25.114505000000015,23.032218262324776,0.3460541188121802,0.13187417104435586,Bullish,32.6041,19.6893,1982409.619047619,26.687433333333328,27.208266666666663,27.499933333333328,25.874933333333328,25.583266666666663,25.062433333333328
1218,2005-09-02,26.1666,26.3958,25.8333,25.8958,1898762,25.151709523809494,25.363262000000034,25.201809999999856,25.445197999999873,54.463949698114774,27.26097503056823,25.150965000000014,23.040954969431798,0.32794146711403727,0.17108763025829216,Bullish,32.6041,19.6893,2091914.619047619,26.249966666666666,26.604133333333333,26.812466666666666,25.687466666666666,25.479133333333333,25.124966666666666
1219,2005-09-05,25.8958,26.3333,25.8333,25.9374,2015902,25.188414285714256,25.377844000000035,25.227850999999855,25.464244999999874,54.86637824416599,27.3338374582379,25.197840000000014,23.06184254176213,0.3133319369560752,0.19953649159784875,Bullish,32.6041,19.6893,2062523.7142857143,26.23603333333334,26.53466666666667,26.73603333333334,25.73603333333334,25.53466666666667,25.23603333333334
1220,2005-09-06,25.9374,26.2499,25.8333,26.0208,3405067,25.237028571428542,25.387844000000037,25.26639299999985,25.481110499999872,55.71142842336212,27.4090329481485,25.28117500000001,23.153317051851523,0.3049679809980539,0.22062278947788977,Bullish,32.6041,19.6893,2134397.714285714,26.23603333333334,26.45126666666667,26.652633333333338,25.81943333333334,25.61806666666667,25.40283333333334
1221,2005-09-07,26.0208,26.3124,25.9166,26.0416,2770325,25.317385714285685,25.400344000000036,25.296392999999853,25.49887949999987,55.93303234806337,27.474340068891564,25.364510000000013,23.254679931108463,0.296598864723272,0.23581800452696622,Bullish,32.6041,19.6893,2265283.4285714286,26.2638,26.486,26.6596,25.868,25.694399999999998,25.472199999999997
1222,2005-09-08,26.0416,26.9166,25.9374,26.5208,12657356,25.4195714285714,25.419928000000038,25.332851999999853,25.51924449999987,60.7995169220853,27.49852544201334,25.515555000000013,23.532584557986688,0.32488860137724274,0.2536321238970215,Bullish,32.6041,19.6893,2378811.6666666665,26.979133333333326,27.437466666666662,27.958333333333325,25.999933333333328,25.479066666666665,25.02073333333333
1223,2005-09-09,26.5208,26.9374,26.5624,26.6249,7996654,25.56838095238092,25.437844000000037,25.37035199999985,25.540829499999873,61.7867833839965,27.594640180941624,25.62805500000001,23.661469819058397,0.35165476426708153,0.27323665197103353,Bullish,32.6041,19.6893,2969261.380952381,26.85406666666667,27.083233333333336,27.22906666666667,26.47906666666667,26.333233333333336,26.10406666666667
1224,2005-09-12,26.6249,27.8541,26.5416,27.2916,17953944,25.707271428571396,25.475344000000035,25.422434999999854,25.564248999999872,67.44217583008242,27.742974210594678,25.790555000000012,23.838135789405346,0.4218019885908326,0.30294971929499337,Bullish,32.6041,19.6893,3337821.3333333335,27.9166,28.5416,29.2291,26.6041,25.9166,25.2916
1225,2005-09-13,27.2916,27.6249,26.8749,27.1249,14005103,25.85409523809521,25.507426000000038,25.466600999999855,25.58643499999987,64.85753947946601,27.784753720180504,25.950970000000012,24.11718627981952,0.4586557741596877,0.33409093026793224,Bullish,32.6041,19.6893,4164753.476190476,27.54156666666667,27.958233333333336,28.29156666666667,26.79156666666667,26.458233333333336,26.04156666666667
1226,2005-09-14,27.1249,27.4999,27.0833,27.0833,7182899,26.004890476190447,25.524094000000037,25.499100999999854,25.60481499999987,64.19635800088834,27.71110778869187,26.117640000000012,24.524172211308155,0.4789844577346045,0.3630696357612667,Bullish,32.6041,19.6893,4828486.904761905,27.36103333333334,27.63876666666667,27.777633333333338,26.94443333333334,26.80556666666667,26.52783333333334
1227,2005-09-15,27.0833,27.2916,26.8333,26.9166,6180601,26.15568571428568,25.538260000000037,25.531808999999857,25.62166199999987,61.491155278801024,27.47817655527225,26.27597500000001,25.07377344472777,0.476154970988631,0.38568670280673956,Bullish,32.6041,19.6893,5166216.047619048,27.194366666666667,27.472133333333332,27.652666666666665,26.73606666666667,26.555533333333337,26.277766666666672
1228,2005-09-16,26.9166,27.1458,26.3958,26.4999,2313326,26.286638095238064,25.545760000000037,25.56659999999986,25.63542599999987,55.22633997885764,27.261654727384034,26.37597500000001,25.490295272615988,0.4352708435268191,0.39560353095075546,Bullish,32.6041,19.6893,5458636.714285715,26.96520000000001,27.430500000000006,27.71520000000001,26.21520000000001,25.930500000000006,25.46520000000001
1229,2005-09-19,26.4999,27.4999,26.2916,27.2916,10645647,26.419576190476157,25.566176000000038,25.62076699999986,25.65204899999987,62.94974261799956,27.37049568911685,26.45514000000001,25.53978431088317,0.4614343237943217,0.4087696895194687,Bullish,32.6041,19.6893,5566901.428571428,27.7638,28.236,28.9721,26.5555,25.819399999999998,25.347199999999997
1230,2005-09-20,27.2916,28.2083,27.1249,27.1458,18770367,26.48802857142854,25.589094000000035,25.67139199999986,25.66784299999987,60.86739905107264,27.45647786820416,26.49472500000001,25.53297213179586,0.46504349695211644,0.4200244510059982,Bullish,32.6041,19.6893,6060206.333333333,27.861099999999997,28.5764,28.944499999999998,26.777699999999996,26.409599999999998,25.694299999999995
1231,2005-09-21,27.1458,27.7499,26.8749,26.9166,17637589,26.514814285714255,25.605760000000036,25.721808999999862,25.681991499999867,57.63949676149175,27.492205256640897,26.539515000000012,25.586824743359127,0.44428779504495,0.42487711981378856,Bullish,32.6041,19.6893,6823450.142857143,27.486033333333328,28.055466666666664,28.361033333333328,26.611033333333328,26.305466666666664,25.736033333333328
1232,2005-09-22,26.9166,27.2916,26.5624,26.7708,7325576,26.55052857142854,25.620344000000035,25.76285099999986,25.69581049999987,55.61887318579786,27.512144975356268,26.56868500000001,25.62522502464375,0.41133232722543767,0.4221681612961184,Bearish,32.6041,19.6893,7352637.571428572,27.187466666666662,27.60413333333333,27.91666666666666,26.458266666666663,26.145733333333332,25.729066666666665
1233,2005-09-23,26.8124,27.7083,26.8124,27.4999,20318725,26.61302857142854,25.652010000000036,25.80576699999986,25.71097649999987,62.66698189481092,27.628246412088075,26.64576500000001,25.66328358791195,0.43898679172894717,0.42553188738268416,Bullish,32.6041,19.6893,7602690.142857143,27.868,28.2361,28.7639,26.972099999999998,26.4443,26.076199999999996
1234,2005-09-26,27.4999,27.7916,27.3333,27.6458,9973298,26.693385714285682,25.689094000000036,25.83868399999986,25.725872499999873,63.90237665635213,27.767333504880845,26.71972500000001,25.672116495119177,0.467289442929939,0.43388339849213514,Bullish,32.6041,19.6893,8375976.904761905,27.847166666666666,28.04853333333333,28.305466666666664,27.38886666666667,27.131933333333336,26.93056666666667
1235,2005-09-27,27.6458,27.9999,27.0833,27.1874,13176864,26.741995238095207,25.727844000000037,25.871391999999855,25.736184999999875,57.467916618943484,27.812469079820957,26.76347500000001,25.714480920179064,0.4475711275696952,0.43662094430764714,Bullish,32.6041,19.6893,8802786.238095239,27.76376666666667,28.340133333333334,28.680366666666668,26.84716666666667,26.506933333333336,25.93056666666667
1236,2005-09-28,27.1874,27.2083,26.3333,26.6666,10356989,26.758861904761872,25.751594000000036,25.891808999999856,25.74295599999987,51.164514612756626,27.811769896541225,26.76243500000001,25.713100103458796,0.3854764801783972,0.42639205148179715,Bearish,32.6041,19.6893,9253856.095238095,27.138833333333338,27.61106666666667,28.013833333333338,26.263833333333338,25.86106666666667,25.388833333333338
1237,2005-09-29,26.6666,26.8333,26.1874,26.2083,3552572,26.736047619047586,25.765762000000038,25.911600999999855,25.74701849999987,46.346882384341306,27.80926666134864,26.76452000000001,25.719773338651382,0.2958743891432931,0.40028851901409634,Bearish,32.6041,19.6893,9520866.80952381,26.631933333333333,27.055566666666667,27.277833333333334,25.98603333333333,25.763766666666665,25.34013333333333
1238,2005-09-30,26.2083,26.9791,26.1041,26.8333,6762363,26.767795238095204,25.789930000000037,25.929100999999854,25.755664499999874,52.86501248829861,27.777168148259573,26.81139500000001,25.84562185174045,0.27215908261558397,0.37466263173439385,Bearish,32.6041,19.6893,9209394.666666666,27.17356666666667,27.513833333333334,28.04856666666667,26.29856666666667,25.763833333333334,25.42356666666667
1239,2005-10-03,26.8333,27.1666,26.7083,26.8749,2475061,26.814419047619015,25.821180000000037,25.950766999999857,25.76680999999987,53.27192769889276,27.73688358764787,26.85827000000001,25.979656412352153,0.2537957047649222,0.3504892463404995,Bearish,32.6041,19.6893,9376187.095238095,27.124899999999997,27.374899999999997,27.583199999999994,26.6666,26.4583,26.2083
1240,2005-10-04,26.8749,27.0833,26.5208,26.7499,6073752,26.85310952380949,25.845762000000036,25.958891999999857,25.77764299999987,51.82417529973179,27.687645916295523,26.89472500000001,26.1018040837045,0.22654467420084146,0.32570033191256786,Bearish,32.6041,19.6893,9403629.904761905,27.04853333333334,27.34716666666667,27.61103333333334,26.48603333333334,26.22216666666667,25.92353333333334
1241,2005-10-05,26.7499,27.3333,26.7083,26.9791,10694434,26.898742857142825,25.887012000000038,25.977849999999858,25.78910149999987,54.27782224442447,27.63137814694207,26.94160000000001,26.251821853057955,0.2208962066739879,0.30473950686485185,Bearish,32.6041,19.6893,9596860.857142856,27.305500000000002,27.6319,27.930500000000002,26.680500000000002,26.3819,26.055500000000002
1242,2005-10-06,26.9791,27.9166,26.9583,27.5624,25582280,26.971161904761875,25.946594000000037,25.995140999999858,25.80514299999987,59.87829106634549,27.705444417766962,26.993680000000012,26.28191558223306,0.2604844875954093,0.29588850301096337,Bearish,32.6041,19.6893,9943973.57142857,27.999899999999997,28.437399999999997,28.958199999999994,27.0416,26.5208,26.0833
1243,2005-10-07,27.5624,27.8541,27.0833,27.0833,12339731,26.997947619047586,25.996594000000037,26.005140999999856,25.817434999999872,54.02486613101301,27.708636048193075,27.01660000000001,26.324563951806947,0.25031365939885575,0.28677353428854185,Bearish,32.6041,19.6893,11030257.142857144,27.597166666666666,28.11103333333333,28.367966666666664,26.82636666666667,26.569433333333336,26.05556666666667
1244,2005-10-10,27.0833,27.4583,26.6041,26.6666,5857767,26.999933333333303,26.029928000000037,26.023890999999857,25.828268499999872,49.49310156173728,27.68132603550642,26.98535000000001,26.289373964493603,0.2062514588528508,0.27066911920140363,Bearish,32.6041,19.6893,11015132.142857144,27.215233333333334,27.76386666666667,28.069433333333336,26.36103333333333,26.055466666666664,25.50683333333333
1245,2005-10-11,26.6666,27.2916,26.6458,26.8541,6835417,26.979099999999967,26.071178000000035,26.03222399999986,25.83691449999987,51.46590157313137,27.666935735100836,26.971810000000012,26.27668426489919,0.18433661274013602,0.2534026179091501,Bearish,32.6041,19.6893,10913280.38095238,27.215199999999996,27.576299999999996,27.860999999999994,26.569399999999998,26.2847,25.9236
1246,2005-10-12,26.8541,27.8749,27.0208,27.4999,18076547,26.99695714285711,26.121178000000036,26.04138999999986,25.850976999999872,57.60776466429013,27.723908786151323,26.992640000000012,26.2613712138487,0.21658296848954706,0.2460386880252295,Bearish,32.6041,19.6893,10383826.714285715,27.909599999999998,28.3193,28.763699999999996,27.0555,26.6111,26.2014
1247,2005-10-13,27.4999,27.7499,27.2708,27.3958,5519433,27.011838095238062,26.161596000000035,26.05826499999986,25.86253949999987,56.36944074139115,27.7674720876415,27.01660000000001,26.26572791235852,0.2310747518431917,0.24304590078882193,Bearish,32.6041,19.6893,10577705.0,27.67353333333334,27.95126666666667,28.152633333333338,27.19443333333334,26.99306666666667,26.71533333333334
1248,2005-10-14,27.3958,27.7083,27.2916,27.5416,6127494,27.041599999999967,26.209096000000034,26.07451499999986,25.877330999999867,57.73962221848096,27.813457935262562,27.06868500000001,26.323912064737456,0.25142615188558537,0.24472195100817462,Bullish,32.6041,19.6893,10498492.333333334,27.73606666666667,27.930533333333337,28.152766666666672,27.319366666666667,27.097133333333332,26.902666666666665
1249,2005-10-17,27.5416,27.9583,27.6249,27.6666,3589925,27.09715714285711,26.262430000000037,26.084931999999863,25.89045599999987,58.93043793167764,27.871554075842198,27.08743500000001,26.303315924157822,0.27447723565799365,0.2506730079381384,Bullish,32.6041,19.6893,10495963.42857143,27.874966666666662,28.083333333333332,28.208366666666663,27.54156666666666,27.41653333333333,27.20816666666666
1250,2005-10-18,27.6666,27.7708,26.4791,27.0833,1764216,27.087238095238064,26.317014000000036,26.09326599999986,25.89858099999987,51.62070131295846,27.86797178138231,27.08431000000001,26.30064821861771,0.24287820173998753,0.24911404669850823,Bearish,32.6041,19.6893,10556753.857142856,27.74303333333334,28.402766666666672,29.034733333333342,26.451333333333338,25.819366666666667,25.159633333333336
1251,2005-10-19,27.0833,27.4374,26.6666,27.2291,829001,27.09120476190473,26.374098000000036,26.100557999999864,25.912122499999864,53.18387680922477,27.882058216059402,27.09993500000001,26.317811783940616,0.22698405035989921,0.24468804743078643,Bearish,32.6041,19.6893,10133828.57142857,27.55546666666667,27.881833333333336,28.326266666666672,26.78466666666667,26.340233333333334,26.01386666666667
1252,2005-10-20,27.2291,27.4791,26.0416,26.4999,1492075,27.071361904761872,26.434098000000034,26.09014099999986,25.928059999999864,45.30030364387888,27.899609089543922,27.086390000000012,26.273170910456102,0.1537748542602877,0.22650540879668668,Bearish,32.6041,19.6893,9279477.80952381,27.30546666666667,28.111033333333335,28.74296666666667,25.86796666666667,25.236033333333335,24.43046666666667
1253,2005-10-21,26.4999,26.5624,25.2499,25.4166,1027326,27.00687619047616,26.454932000000035,26.078890999999864,25.935768499999863,36.61655313611652,28.0505720987929,26.98222500000001,25.91387790120712,0.008247707979847974,0.18285386863331893,Bearish,32.6041,19.6893,8510643.80952381,26.236033333333328,27.055466666666664,27.548533333333328,24.923533333333328,24.430466666666664,23.611033333333328
1254,2005-10-24,25.4166,26.6874,25.4604,26.6874,3811246,26.96818571428568,26.507848000000035,26.077015999999862,25.941080999999862,48.97359097633014,27.964595356112593,26.934305000000013,25.904014643887432,-0.004488918968984734,0.14538531111285818,Bearish,32.6041,19.6893,8210727.142857143,27.096400000000003,27.5054,28.323400000000003,25.869400000000002,25.0514,24.642400000000002
1255,2005-10-25,26.6874,27.2571,25.9644,26.1616,2173698,26.897509523809493,26.552748000000033,26.060923999999865,25.94480599999987,45.05931727630922,27.95892333675495,26.88301500000001,25.807106663245072,-0.05636076151899516,0.10503609658648752,Bearish,32.6041,19.6893,7424656.714285715,26.957666666666665,27.753733333333333,28.250366666666665,25.664966666666665,25.168333333333333,24.372266666666665
1256,2005-10-26,26.1616,26.1835,24.8688,25.2851,1829139,26.80692380952378,26.583452000000033,26.042941999999865,25.94341949999987,39.40526847231366,28.094483910062536,26.813940000000013,25.53339608993749,-0.16627903404086553,0.050773070461016916,Bearish,32.6041,19.6893,7053247.19047619,26.022800000000004,26.7605,27.337500000000002,24.708100000000005,24.131100000000004,23.393400000000007
1257,2005-10-27,25.2851,26.5341,25.1975,26.5341,2922531,26.800614285714254,26.639136000000036,26.03744999999987,25.948277999999867,49.18944133551014,28.08762149527877,26.83023000000001,25.57283850472125,-0.15086709332106807,0.010445037704599917,Bearish,32.6041,19.6893,6512879.333333333,26.97963333333333,27.425166666666662,28.316233333333326,25.64303333333333,24.751966666666668,24.306433333333334
1258,2005-10-28,25.2851,26.5341,25.1975,26.5341,2922531,26.81612857142854,26.679820000000035,26.033207999999867,25.953136499999868,49.18944133551015,28.07926164411782,26.81527000000001,25.551278355882197,-0.1370729278759697,-0.019058555411514008,Bearish,32.6041,19.6893,6158857.523809524,26.97963333333333,27.425166666666662,28.316233333333326,25.64303333333333,24.751966666666668,24.306433333333334
1259,2005-10-31,26.5341,27.7172,25.8548,27.2571,3140676,26.83630952380949,26.710796000000038,26.03619599999987,25.95785999999987,54.15869792117819,28.112873531622043,26.83438000000001,25.555886468377977,-0.06702823497310462,-0.02865249132383213,Bearish,32.6041,19.6893,6128855.571428572,28.031266666666664,28.80543333333333,29.89366666666666,26.168866666666666,25.080633333333335,24.30646666666667
1260,2005-11-01,26.5341,27.7172,25.8548,27.2571,3140676,26.85450952380949,26.728856000000036,26.043558999999867,25.966228999999867,54.15869792117819,28.150586333844664,26.85974000000001,25.568893666155354,-0.01138605979310725,-0.025199205017687153,Bullish,32.6041,19.6893,5956394.285714285,28.031266666666664,28.80543333333333,29.89366666666666,26.168866666666666,25.080633333333335,24.30646666666667
1261,2005-11-02,27.2571,27.7392,26.9285,27.1037,3797525,26.87135714285711,26.750514000000035,26.047096999999873,25.977268499999862,52.88597348122658,28.160258584667176,26.86597000000001,25.571681415332847,0.020100955630461215,-0.01613917288805748,Bullish,32.6041,19.6893,5988090.238095238,27.585766666666665,28.067833333333333,28.396466666666665,26.775066666666664,26.44643333333333,25.964366666666663
1262,2005-11-03,27.2571,27.7392,26.9285,27.1037,3797525,26.877290476190442,26.768840000000033,26.061259999999876,25.990391499999863,52.88597348122658,28.10294731643321,26.843035000000008,25.583122683566806,0.044541198989318076,-0.0040030985125823655,Bullish,32.6041,19.6893,5879698.476190476,27.585766666666665,28.067833333333333,28.396466666666665,26.775066666666664,26.44643333333333,25.964366666666663
1263,2005-11-04,27.2571,27.7392,26.9285,27.1037,3797525,26.855447619047585,26.79174800000003,26.07396399999988,26.00955599999986,52.88597348122658,28.10477649101205,26.844055000000008,25.583333508987966,0.06318194579196401,0.00943391034832691,Bullish,32.6041,19.7093,5551274.238095238,27.585766666666665,28.067833333333333,28.396466666666665,26.775066666666664,26.44643333333333,25.964366666666663
1264,2005-11-07,27.1037,28.2869,27.038,28.1555,9950937,26.906504761904724,26.831526000000032,26.086352999999875,26.03408399999986,60.77904730854606,28.298692011279694,26.918500000000005,25.538307988720316,0.16097077082774547,0.03974128244421062,Bullish,32.6041,20.5208,4513904.952380952,28.615600000000004,29.0757,29.864500000000003,27.366700000000005,26.577900000000003,26.117800000000006
1265,2005-11-08,28.1555,28.4184,27.8268,27.9364,4230384,26.966971428571394,26.864006000000032,26.099050999999875,26.05522449999986,58.57753592022621,28.421618404102045,26.972615000000008,25.52361159589797,0.21827345972099366,0.07544771789956722,Bullish,32.6041,20.5208,4400152.857142857,28.294266666666672,28.652133333333335,28.885866666666672,27.702666666666673,27.468933333333336,27.111066666666673
1266,2005-11-09,28.1555,28.4184,27.8268,27.9364,4230384,27.01850952380949,26.88898600000003,26.117373999999877,26.074281999999858,58.57753592022621,28.487047099540714,26.994440000000008,25.501832900459302,0.26068128196247287,0.11249443071214835,Bullish,32.6041,20.5208,4322658.428571428,28.294266666666672,28.652133333333335,28.885866666666672,27.702666666666673,27.468933333333336,27.111066666666673
1267,2005-11-10,27.9364,28.1335,27.8268,27.8925,2027210,27.03720476190473,26.92350400000003,26.140257999999875,26.09541149999986,58.08860276570926,28.553710801035216,27.01927500000001,25.484839198964806,0.2874340625566525,0.14748235708104918,Bullish,32.6041,20.5208,4198609.238095238,28.07506666666667,28.257633333333338,28.381766666666675,27.76836666666667,27.644233333333332,27.461666666666666
1268,2005-11-11,27.8925,27.9802,27.4981,27.9364,1819483,27.062947619047588,26.964316000000032,26.16378899999988,26.115614499999857,58.46198087657473,28.609554247869273,27.039015000000013,25.468475752130754,0.3086206107423273,0.1797100078133048,Bullish,32.6041,20.5208,3434355.095238095,28.111700000000006,28.287000000000003,28.593800000000005,27.629600000000007,27.322800000000004,27.147500000000008
1269,2005-11-14,27.9364,29.3167,28.0678,29.3167,21136927,27.14747619047616,27.03190200000003,26.20487299999988,26.141677499999858,68.08830087267096,28.96493054418117,27.12152000000001,25.278109455818853,0.43181211589358526,0.23013042942936088,Bullish,32.6041,20.5208,3258167.0,29.733000000000004,30.149300000000004,30.981900000000007,28.4841,27.6515,27.2352
1270,2005-11-15,29.3167,30.2808,29.4044,29.6235,21657705,27.240661904761872,27.10395600000003,26.24589999999988,26.169482999999857,69.76549716862431,29.389867176718912,27.24853000000001,25.107192823281107,0.54788281518994,0.2936809065814767,Bullish,32.6041,20.5208,3972901.904761905,30.134733333333333,30.645966666666666,31.011133333333333,29.258333333333333,28.893166666666666,28.381933333333333
1271,2005-11-16,29.6235,29.8207,29.01,29.1195,6002985,27.337623809523777,27.16551400000003,26.282928999999882,26.193205999999858,63.830480485480834,29.63425471062673,27.343050000000012,25.051845289373293,0.592372590249024,0.3534192433149862,Bullish,32.6041,20.5208,4833272.380952381,29.623466666666662,30.12743333333333,30.43416666666666,28.812766666666665,28.506033333333335,28.002066666666668
1272,2005-11-17,29.1195,29.251,28.6156,29.0757,2346868,27.42555714285711,27.216612000000033,26.31826999999988,26.21285549999986,63.32629125824113,29.84702554845707,27.471840000000007,25.096654451542946,0.6169845497369231,0.40613230459937355,Bullish,32.6041,20.5208,5035118.523809524,29.345933333333335,29.61616666666667,29.981333333333335,28.710533333333334,28.345366666666667,28.075133333333333
1273,2005-11-18,29.0757,29.7111,29.0538,29.2729,5477253,27.55760476190473,27.26957200000003,26.35370799999988,26.235678499999857,64.67903487673851,29.966123449902895,27.66465500000001,25.363186550097126,0.6449673151506659,0.453899306709632,Bullish,32.6041,20.5208,5107397.904761905,29.638066666666663,30.00323333333333,30.295366666666663,28.980766666666664,28.688633333333332,28.323466666666665
1274,2005-11-21,29.2729,29.6016,29.0538,29.2291,5062053,27.739152380952348,27.30832200000003,26.391832999999878,26.257032499999855,64.11336749840153,30.14347272324862,27.79174000000001,25.440007276751402,0.6560470622394909,0.4943288578156038,Bullish,32.6041,20.5208,5297168.285714285,29.535866666666667,29.842633333333335,30.08366666666667,28.988066666666665,28.74703333333333,28.440266666666663
1275,2005-11-22,29.2291,29.4044,28.8347,29.251,4370647,27.861228571428537,27.35084400000003,26.42913499999988,26.278495999999855,64.28157470357637,30.254806877672397,27.946210000000008,25.63761312232762,0.6589984645200282,0.5272627791564887,Bullish,32.6041,20.5208,5489298.142857143,29.492033333333328,29.733066666666662,30.061733333333326,28.92233333333333,28.593666666666667,28.352633333333333
1276,2005-11-23,29.251,30.0179,29.1414,29.733,14841473,28.0312952380952,27.40383800000003,26.463965999999886,26.296015499999857,67.85298796704679,30.25522998161503,28.168605000000003,26.081980018384975,0.6922510051726434,0.5602604243597196,Bullish,32.6041,20.5208,5515936.285714285,30.12013333333334,30.50726666666667,30.99663333333334,29.24363333333334,28.75426666666667,28.36713333333334
1277,2005-11-24,29.7988,30.7629,29.7988,30.3685,22368804,28.273361904761867,27.472876000000028,26.50556799999989,26.307753999999854,71.84954827948671,30.514521802406698,28.360325000000007,26.206128197593316,0.76110982186432,0.6004303038606397,Bullish,32.6041,20.5208,6119163.666666667,30.821333333333335,31.274166666666666,31.785433333333334,29.857233333333337,29.34596666666667,28.89313333333334
1278,2005-11-25,30.3685,30.3246,29.7988,29.9083,7815735,28.43403809523806,27.541044000000028,26.54340199999989,26.307295999999855,65.49920063315156,30.61204661232911,28.52903500000001,26.446023387670913,0.7696743099063532,0.6342791050697824,Bullish,32.6041,20.5208,7097242.952380952,30.22233333333333,30.536366666666666,30.74813333333333,29.69653333333333,29.484766666666665,29.17073333333333
1279,2005-11-28,29.9083,30.237,29.755,29.7988,4301405,28.58949999999997,27.59118800000003,26.578681999999894,26.295040499999853,64.04864106864088,30.723299694752782,28.65612000000001,26.588940305247235,0.7588781189432012,0.6591989078444661,Bullish,32.6041,20.5208,7330252.666666667,30.10553333333333,30.412266666666664,30.58753333333333,29.62353333333333,29.448266666666665,29.14153333333333
1280,2005-11-29,29.7988,31.1134,29.733,31.0477,29111602,28.770004761904726,27.66922600000003,26.629159999999896,26.289654499999855,71.73675513395325,31.0551804917559,28.845650000000006,26.636119508244114,0.8413987315054818,0.6956388725766692,Bullish,32.6041,20.5208,7395913.333333333,31.52973333333333,32.01176666666666,32.91013333333333,30.14933333333333,29.250966666666667,28.768933333333333
1281,2005-11-30,31.0477,30.8067,29.5139,29.6673,13794708,28.884776190476153,27.72424000000003,26.6649999999999,26.27528299999986,57.18144131320473,31.058164025150415,28.973830000000003,26.88949597484959,0.7863456646354123,0.7137802309884178,Bullish,32.6041,20.5208,8632624.095238095,30.47803333333333,31.288766666666664,31.77083333333333,29.18523333333333,28.703166666666664,27.89243333333333
1282,2005-12-01,29.6673,29.9741,28.6594,29.2291,8233221,28.985985714285675,27.773406000000033,26.6968749999999,26.261324499999855,53.47240034069527,30.98084469300816,29.080100000000005,27.17935530699185,0.6992955904251268,0.7108833028757596,Bearish,32.6041,20.5208,9139958.952380951,29.915666666666663,30.60223333333333,31.23036666666666,28.600966666666665,27.972833333333334,27.286266666666666
1283,2005-12-02,29.2291,29.6892,28.9223,29.5358,6036018,29.10179999999996,27.814124000000035,26.733066999999902,26.248170499999855,55.64116653810406,30.879197292053643,29.201705000000004,27.524212707946365,0.6475908816800278,0.6982248186366132,Bearish,32.6041,20.5208,9351182.57142857,29.84256666666667,30.149333333333335,30.60946666666667,29.07566666666667,28.615533333333335,28.30876666666667
1284,2005-12-05,29.5358,29.8864,29.5358,29.6454,3467195,29.222833333333295,27.854116000000037,26.771604999999898,26.23733549999986,56.42287024400232,30.892444548327603,29.276200000000006,27.65995545167241,0.6084445613620133,0.6802687671816933,Bearish,32.6041,20.5208,9457777.476190476,29.8426,30.0398,30.1932,29.492,29.3386,29.1414
1285,2005-12-06,29.6454,30.4999,29.755,30.4342,14836645,29.331342857142822,27.919052000000033,26.823447999999903,26.23013199999986,61.659595357134975,30.969221494358685,29.401090000000003,27.832958505641322,0.6337647427497579,0.6709679622953062,Bearish,32.6041,20.5208,9442047.476190476,30.704399999999996,30.9746,31.449299999999997,29.959499999999995,29.484799999999996,29.214599999999994
1286,2005-12-07,30.4342,30.5876,29.8864,30.0617,5052651,29.43254761904758,27.986954000000033,26.869273999999905,26.228982499999862,58.10832627226357,30.94682891011458,29.507355,28.06788108988542,0.6166650017544058,0.6601073701871261,Bearish,32.6041,20.5208,9674700.238095239,30.47073333333333,30.879766666666665,31.17193333333333,29.76953333333333,29.477366666666665,29.06833333333333
1287,2005-12-08,30.0617,30.1274,29.733,29.8426,3216398,29.523319047619005,28.05964000000003,26.912700999999906,26.227570999999863,56.063011673079366,30.843804206008507,29.604859999999995,28.365915793991483,0.5787621847152593,0.6438383330927527,Bearish,32.6041,20.5208,9713855.80952381,30.069,30.2954,30.4634,29.674599999999998,29.5066,29.280199999999997
1288,2005-12-09,29.8426,30.1274,29.6235,29.7988,2702735,29.614095238095192,28.11895000000003,26.95443999999991,26.225731999999862,55.64137727010778,30.673207254747098,29.697979999999994,28.72275274525289,0.5389766478929623,0.6228659960527947,Bearish,32.6041,20.5208,9665570.761904761,30.076300000000003,30.353800000000003,30.580200000000005,29.572400000000002,29.346,29.0685
1289,2005-12-12,29.7988,30.1713,29.7111,29.8426,2691427,29.704866666666618,28.17830400000003,26.99974199999991,26.22327849999986,55.997761981411884,30.685217553694844,29.724274999999995,28.763332446305146,0.5051574763325561,0.5993242921087469,Bearish,32.6041,20.5208,9697738.61904762,30.105566666666665,30.368533333333332,30.565766666666665,29.645366666666664,29.44813333333333,29.185166666666664
1290,2005-12-13,29.8426,30.2589,29.7988,29.9741,6553747,29.73617142857138,28.24278800000003,27.04427499999991,26.220024499999862,57.11183786468994,30.70753414106481,29.741804999999992,28.776075858935176,0.4833942225307233,0.5761382781931422,Bearish,32.6041,20.5208,9739259.761904761,30.2224,30.4707,30.6825,29.7623,29.5505,29.3022
1291,2005-12-14,29.9741,30.6971,29.755,30.1932,17249960,29.76329999999995,28.307070000000024,27.097040999999912,26.217657499999863,58.97557154865333,30.735917160178953,29.795489999999994,28.855062839821034,0.47831253681668784,0.5565731299178514,Bearish,32.6041,20.5208,9044822.61904762,30.675199999999993,31.157199999999996,31.617299999999993,29.733099999999993,29.272999999999996,28.790999999999993
1292,2005-12-15,30.1932,30.478,29.9522,30.1493,5015045,29.81233809523805,28.358808000000025,27.152700999999915,26.214237499999864,58.42770838941568,30.740401646880393,29.849169999999997,28.9579383531196,0.4653783096980959,0.5383341658739003,Bearish,32.6041,20.5208,8834930.0,30.43413333333334,30.71896666666667,30.95993333333334,29.90833333333334,29.66736666666667,29.38253333333334
1293,2005-12-16,30.1493,31.1134,30.1274,31.0039,26809456,29.9041571428571,28.437220000000025,27.21690699999992,26.217173999999865,65.20426414597692,30.917857001849125,29.935719999999996,28.953582998150868,0.5181144188251459,0.5342902164641494,Bearish,32.6041,20.5208,8787885.238095239,31.36906666666666,31.73423333333333,32.35506666666666,30.383066666666664,29.762233333333334,29.397066666666667
1294,2005-12-19,31.0039,31.1134,30.1493,30.1932,5760574,29.94798095238091,28.507752000000025,27.268839999999923,26.205119499999864,55.89601745230009,30.915963104103316,29.983925,29.051886895896683,0.48885622034833176,0.5252034172409858,Bearish,32.6041,20.5208,9952770.38095238,30.821299999999997,31.449399999999997,31.785399999999996,29.8572,29.5212,28.8931
1295,2005-12-20,30.1932,30.478,29.8645,30.3904,3797652,30.00328095238091,28.578478000000022,27.324827999999926,26.198009499999866,57.48586914122667,30.924818796433033,30.040895,29.156971203566965,0.4760931734465714,0.5153813684821029,Bearish,32.6041,20.5208,9966261.857142856,30.6241,30.8578,31.2376,30.010599999999997,29.630799999999997,29.397099999999995
1296,2005-12-21,30.3904,30.8505,30.2808,30.3465,4155933,30.055447619047577,28.635410000000025,27.37829399999993,26.198596499999866,56.99332507314708,30.95320284444314,30.07157,29.189937155556862,0.4571660777435227,0.5037383103343869,Bearish,32.6041,20.5208,9906052.285714285,30.7044,31.0623,31.2741,30.1347,29.9229,29.564999999999998
1297,2005-12-22,30.3465,30.7848,30.1274,30.1713,5016569,30.076319047619005,28.690920000000023,27.42625799999993,26.205807499999867,54.96910861994873,30.934202592290486,30.061709999999998,29.18921740770951,0.42315121840075065,0.4876208919476596,Bearish,32.6041,20.5208,9895827.80952381,30.59493333333333,31.018566666666665,31.25233333333333,29.93753333333333,29.703766666666667,29.280133333333332
1298,2005-12-23,30.1713,30.3904,29.9741,30.0836,1939545,30.06275238095234,28.74176000000002,27.47542799999993,26.21039249999987,53.93642966818069,30.940144438063765,30.070475,29.20080556193623,0.38468315232421446,0.4670333440229706,Bearish,32.6041,20.5208,9427975.238095239,30.324633333333338,30.56566666666667,30.740933333333338,29.90833333333334,29.73306666666667,29.49203333333334
1299,2005-12-26,30.0836,30.1493,29.7111,29.755,1842987,30.055452380952335,28.783528000000025,27.522978999999932,26.22062599999987,50.135867720962324,30.940895555232522,30.068284999999996,29.19567444476747,0.3239473951152547,0.43841615424142744,Bearish,32.6041,20.5208,8455153.38095238,30.032499999999995,30.31,30.470699999999997,29.594299999999993,29.433599999999995,29.15609999999999
1300,2005-12-27,29.755,30.1274,29.6673,30.0179,1137606,30.06588571428567,28.842220000000026,27.57961699999993,26.23738249999987,52.98993485352166,30.764793183087168,30.016795000000002,29.268796816912836,0.293642771716609,0.40946147773646374,Bearish,32.6041,20.5208,8170736.80952381,30.207766666666668,30.397633333333335,30.66786666666667,29.747666666666667,29.477433333333334,29.287566666666667
1301,2005-12-28,30.0179,30.237,29.7988,29.8426,1784290,30.008499999999955,28.894490000000022,27.634293999999933,26.253262499999874,50.89797921078135,30.76097376761785,30.025560000000002,29.290146232382156,0.25256943119953235,0.37808306842907746,Bearish,32.6041,20.5208,8020079.714285715,30.120133333333335,30.397666666666666,30.558333333333334,29.681933333333337,29.52126666666667,29.24373333333334
1302,2005-12-29,29.8426,29.9741,29.6892,29.755,628898,30.01267619047615,28.959592000000026,27.696844999999936,26.275370999999872,49.839124521348175,30.70441805281755,30.051855,29.399291947182448,0.21052314525367777,0.34457108379399753,Bearish,32.6041,20.5208,6718779.142857143,29.923000000000002,30.091,30.207900000000002,29.6381,29.5212,29.3532
1303,2005-12-30,29.755,30.1493,29.7111,29.7988,1513674,30.03980476190472,29.047236000000026,27.75108399999994,26.30394849999987,50.39479555213517,30.6852401666113,30.065005000000003,29.444769833388705,0.1786757913615844,0.3113920253075149,Bearish,32.6041,20.5208,6091835.80952381,30.0617,30.3246,30.4999,29.623499999999996,29.448199999999996,29.185299999999994
1304,2006-01-02,29.7988,30.1932,29.9083,30.0179,1263893,30.062761904761867,29.113846000000027,27.810846999999935,26.339558999999866,53.18836461353161,30.673997855155157,30.083630000000007,29.493262144844856,0.1691660321428614,0.2829468266745842,Bearish,32.6041,20.5208,5771857.380952381,30.1713,30.3247,30.4562,29.8864,29.7549,29.601499999999998
1305,2006-01-03,30.0179,30.4561,29.9741,30.4342,3219320,30.100323809523772,29.199298000000027,27.876022999999936,26.37308449999987,58.02528202337094,30.673997855155157,30.083630000000007,29.493262144844856,0.19299666486730516,0.2649567943131284,Bearish,32.6041,20.5208,5544613.333333333,30.602166666666662,30.77013333333333,31.08416666666666,30.120166666666663,29.80613333333333,29.638166666666663
1306,2006-01-04,30.4342,31.2011,30.3246,30.7848,18597579,30.11701904761901,29.309292000000024,27.946371999999936,26.40096699999987,61.62185609796798,30.784267623625603,30.119785000000007,29.455302376374412,0.23743608748768352,0.25945265294803943,Bearish,32.6041,20.5208,5532809.761904762,31.215733333333336,31.64666666666667,32.09223333333334,30.339233333333336,29.893666666666668,29.462733333333336
1307,2006-01-05,30.7848,31.1134,30.3246,30.5657,4872240,30.14101904761901,29.389924000000022,28.01452999999994,26.434003999999867,58.262138362245416,30.834696328589178,30.155940000000008,29.477183671410838,0.2520694119054987,0.2579760047395313,Bearish,32.6041,20.5208,5711901.857142857,31.0112,31.456699999999998,31.799999999999997,30.2224,29.8791,29.433600000000002
1308,2006-01-06,30.5657,30.8943,30.237,30.3027,2255138,30.162928571428534,29.46529600000002,28.072557999999944,26.47145549999987,54.426179669742105,30.842171235845253,30.181135000000005,29.520098764154756,0.23968162434788454,0.25431712866120193,Bearish,32.6041,20.5208,5703310.857142857,30.718999999999998,31.1353,31.3763,30.061699999999995,29.820699999999995,29.404399999999992
1309,2006-01-09,30.3027,31.0696,30.3027,30.7848,4871986,30.209880952380917,29.535850000000018,28.123322999999946,26.50277549999987,59.66822640461302,30.91965847535287,30.22824500000001,29.53683152464715,0.26570279792128915,0.2565942625132194,Bullish,32.6041,20.5208,5657536.571428572,31.135366666666663,31.48593333333333,31.902266666666662,30.368466666666663,29.952133333333332,29.601566666666663
1310,2006-01-10,30.3027,31.0696,30.3027,30.7848,4871986,30.254747619047585,29.606404000000015,28.167629999999946,26.540137499999872,59.66822640461302,30.9902458733434,30.26878000000001,29.54731412665662,0.28306180516060664,0.26188777104269684,Bullish,32.6041,20.5208,5760834.238095238,31.135366666666663,31.48593333333333,31.902266666666662,30.368466666666663,29.952133333333332,29.601566666666663
1311,2006-01-11,30.3027,31.0696,30.3027,30.7848,4871986,30.29335238095235,29.680026000000016,28.215269999999947,26.577603499999878,59.66822640461302,31.052764375384747,30.29836000000001,29.543955624615272,0.2934363914004052,0.2681974951142385,Bullish,32.6041,20.5208,5864670.380952381,31.135366666666663,31.48593333333333,31.902266666666662,30.368466666666663,29.952133333333332,29.601566666666663
1312,2006-01-12,30.3027,31.0696,30.3027,30.7848,4871986,30.321523809523775,29.753648000000016,28.261243999999948,26.61402799999988,59.66822640461302,31.10985825673961,30.330135000000006,29.5504117432604,0.2982206240224663,0.2742021208958841,Bullish,32.6041,20.5208,5784586.523809524,31.135366666666663,31.48593333333333,31.902266666666662,30.368466666666663,29.952133333333332,29.601566666666663
1313,2006-01-13,30.3027,31.0696,30.3027,30.7848,4871986,30.35178571428568,29.827270000000016,28.30950899999995,26.65441049999988,59.66822640461302,31.06620108832391,30.319180000000006,29.5721589116761,0.2985704287944806,0.2790757824756034,Bullish,32.6041,20.5208,5195159.19047619,31.135366666666663,31.48593333333333,31.902266666666662,30.368466666666663,29.952133333333332,29.601566666666663
1314,2006-01-16,30.7848,31.1134,30.237,30.3904,2006120,30.32257142857139,29.871968000000017,28.35174699999995,26.69844599999988,52.51079437265689,31.07435328553928,30.329040000000003,29.583726714460724,0.2639798720911344,0.2760566003987096,Bearish,32.6041,20.5208,5188346.857142857,30.923533333333328,31.456666666666663,31.79993333333333,30.047133333333328,29.703866666666663,29.170733333333327
1315,2006-01-17,30.3904,30.5876,30.1274,30.1274,2342675,30.319438095238052,29.915788000000017,28.38989699999995,26.74647899999988,48.34613585294766,31.06567592384858,30.315890000000003,29.566104076151426,0.21289063396639563,0.2634234071122468,Bearish,32.6041,20.5208,4007235.619047619,30.434199999999997,30.740999999999996,30.894399999999994,29.974,29.820600000000002,29.513800000000003
1316,2006-01-18,30.1274,30.3904,29.996,30.237,800542,30.31213333333329,29.961800000000018,28.425392999999954,26.78880999999988,50.12148514724279,31.060825794899966,30.310415,29.560004205100032,0.17918036895166622,0.2465747994801307,Bearish,32.6041,20.5208,3844478.523809524,30.419599999999992,30.602199999999996,30.813999999999993,30.02519999999999,29.813399999999994,29.63079999999999
1317,2006-01-19,30.237,30.4342,29.9083,30.0836,1249537,30.299614285714245,30.005622000000017,28.464562999999952,26.82568649999988,47.652782680411704,31.0606543173935,30.306030000000003,29.551405682606507,0.13849021409452433,0.22495788240300943,Bearish,32.6041,20.5208,3701759.0,30.375766666666667,30.667933333333334,30.901666666666667,29.849866666666667,29.616133333333334,29.323966666666667
1318,2006-01-20,30.0836,30.237,29.7111,29.8426,1125536,30.283961904761863,30.043746000000013,28.504030999999955,26.85292049999988,43.98716506221277,31.06982502473286,30.293979999999998,29.518134975267134,0.08580715585494758,0.19712773709339707,Bearish,32.6041,20.5208,3563359.1904761903,30.14936666666667,30.456133333333334,30.67526666666667,29.62346666666667,29.404333333333334,29.09756666666667
1319,2006-01-23,29.8426,30.4342,29.7988,30.237,2890260,30.291266666666623,30.062152000000015,28.547026999999957,26.887438999999876,50.67425403897378,31.054396316811218,30.31808,29.58176368318878,0.07501550446091798,0.17270529056690126,Bearish,32.6041,20.5208,3378071.904761905,30.514533333333333,30.792066666666667,31.149933333333333,29.879133333333332,29.521266666666666,29.24373333333333
1320,2006-01-24,30.237,30.8943,29.9741,30.1493,7002869,30.310042857142815,30.072668000000018,28.58831199999996,26.92735249999988,49.26580069880864,31.052430729342458,30.32465,29.59686927065754,0.0587096179902602,0.14990615605157304,Bearish,32.6041,20.5208,3423344.0476190476,30.704366666666658,31.25943333333333,31.62456666666666,29.784166666666657,29.419033333333328,28.863966666666656
1321,2006-01-25,30.1493,30.478,29.7769,30.1713,2198727,30.31734761904757,30.093704000000017,28.62960899999996,26.96300099999988,49.643907849063744,31.038804970405035,30.341085,29.643365029594964,0.04702028109170442,0.1293289810595993,Bearish,32.6041,20.5208,3669052.714285714,30.50723333333333,30.843166666666665,31.20833333333333,29.806133333333328,29.440966666666665,29.105033333333328
1322,2006-01-26,30.1713,30.3465,29.8426,30.237,1199987,30.336128571428524,30.116930000000014,28.66677099999996,26.999811499999883,50.822617557478125,31.011681348870038,30.365184999999997,29.718688651129956,0.04256715068865802,0.11197661498541105,Bearish,32.6041,20.5208,3719582.285714286,30.441466666666667,30.645933333333332,30.945366666666665,29.93756666666667,29.638133333333336,29.43366666666667
1323,2006-01-27,30.237,31.2011,30.1932,31.0915,8383140,30.39977142857138,30.153302000000018,28.711436999999965,27.040894499999887,62.96488763372871,31.09509821127947,30.429819999999996,29.76454178872052,0.10675837728811288,0.11093296744595141,Bearish,32.6041,20.5208,3691758.3333333335,31.463999999999995,31.836499999999997,32.47189999999999,30.456099999999996,29.8207,29.448199999999996
1324,2006-01-30,31.0915,31.8584,30.7848,31.2449,7454278,30.468633333333287,30.193618000000015,28.750969999999967,27.086702499999884,64.65219760878038,31.216756157808515,30.491169999999993,29.76558384219147,0.1680710661932352,0.12236058719540817,Bullish,32.6041,20.5208,4061007.9523809524,31.807266666666674,32.36963333333334,32.88086666666668,30.733666666666675,30.22243333333334,29.660066666666676
1325,2006-01-31,31.2449,31.5955,30.8067,30.8067,2549258,30.506195238095188,30.224732000000017,28.787787999999967,27.12719449999988,56.70467503359151,31.247596077462354,30.50979499999999,29.771993922537625,0.17923660802837915,0.13373579136200237,Bullish,32.6041,20.5208,4343893.857142857,31.332566666666665,31.858433333333334,32.12136666666667,30.543766666666663,30.28083333333333,29.75496666666666
1326,2006-02-01,30.8067,31.0258,30.237,30.4342,1392722,30.506195238095188,30.238756000000016,28.821296999999973,27.160198999999878,50.96889741982136,31.219684134408492,30.492264999999993,29.764845865591493,0.1562268575228245,0.1382340045941668,Bullish,32.6041,20.5208,4405101.714285715,30.89433333333334,31.35446666666667,31.68313333333334,30.105533333333337,29.776866666666667,29.316733333333335
1327,2006-02-02,30.4342,31.0477,30.4999,30.6971,1692052,30.502019047618994,30.24532800000002,28.85910199999997,27.19545549999988,54.46936558872395,31.231145639758548,30.498834999999993,29.766524360241437,0.15739099194129125,0.1420654020635917,Bullish,32.6041,20.5208,4318120.857142857,30.996566666666663,31.29603333333333,31.54436666666666,30.448766666666664,30.200433333333333,29.900966666666665
1328,2006-02-03,30.6971,31.7269,30.8505,31.5516,4139035,30.548966666666615,30.278194000000017,28.90961899999997,27.23810949999988,63.57248405494814,31.4183974962647,30.561279999999993,29.704162503735287,0.22467467569431676,0.1585872567897367,Bullish,32.6041,20.5208,3513095.761904762,31.90216666666667,32.25273333333334,32.77856666666667,31.02576666666667,30.499933333333335,30.14936666666667
1329,2006-02-06,31.5516,33.1292,32.209,33.0197,14957851,30.678347619047567,30.342612000000017,28.966899999999967,27.293833499999877,73.40913421248109,32.04542296105321,30.673024999999996,29.300627038946782,0.3919428076866396,0.20525836696911728,Bullish,32.6041,20.5208,3478181.238095238,33.36293333333333,33.70616666666666,34.283133333333325,32.44273333333334,31.865766666666673,31.522533333333342
1330,2006-02-07,33.0197,34.663000000000004,32.8663,34.663000000000004,11123355,30.863023809523757,30.414918000000014,29.042071999999973,27.356731999999873,79.93913489301137,33.083814153473,30.866934999999994,28.650055846526985,0.6496162124363316,0.29412993606256016,Bullish,33.0197,20.5208,4083072.3333333335,35.261900000000004,35.860800000000005,37.058600000000006,33.4652,32.2674,31.6685
1331,2006-02-08,33.0197,34.663000000000004,32.8663,34.663000000000004,11123355,31.047699999999946,30.514832000000016,29.11953599999997,27.420672499999874,79.93913489301138,33.82577203229283,31.060844999999993,28.295917967707155,0.8440940513435109,0.4041227591187503,Bullish,34.663000000000004,20.5208,4380756.571428572,35.261900000000004,35.860800000000005,37.058600000000006,33.4652,32.2674,31.6685
1332,2006-02-09,33.0197,34.663000000000004,32.8663,34.663000000000004,11123355,31.23237619047614,30.623510000000014,29.198457999999974,27.480654499999872,79.93913489301138,34.42875580370234,31.254754999999996,28.08075419629765,0.9868434231215737,0.5206668919193149,Bullish,34.663000000000004,20.5208,4678440.80952381,35.261900000000004,35.860800000000005,37.058600000000006,33.4652,32.2674,31.6685
1333,2006-02-10,34.663000000000004,36.3939,35.0793,36.3939,13847434,31.499476190476138,30.760672000000014,29.287397999999975,27.54658249999987,84.83758168926799,35.40789018297443,31.535209999999996,27.662529817025565,1.2255155129975925,0.6616366161349705,Bullish,34.663000000000004,20.5208,4976125.047619048,36.8321,37.2703,38.146699999999996,35.5175,34.6411,34.2029
1334,2006-02-13,36.3939,38.1906,36.5473,38.0373,12553938,31.844833333333277,30.92851000000001,29.39131299999998,27.614998499999874,87.86685307460714,36.67215465611235,31.917554999999993,27.162955343887635,1.5296407627523294,0.8352374454584423,Bullish,36.3939,20.5208,5403527.333333333,38.636166666666675,39.23503333333334,40.27946666666668,36.99286666666667,35.948433333333334,35.34956666666667
1335,2006-02-14,38.0373,38.5631,36.1529,37.6867,9398778,32.192276190476136,31.07356000000001,29.496305999999983,27.683848999999878,84.01067148472006,37.59178883252749,32.295519999999996,26.9992511674725,1.722515636346472,1.0126930836360482,Bullish,38.0373,20.5208,5769334.571428572,38.78223333333332,39.87776666666666,41.19243333333332,36.37203333333333,35.05736666666667,33.96183333333333
1336,2006-02-15,37.6867,38.7603,37.4676,38.2345,6482218,32.578328571428514,31.23701600000001,29.611984999999983,27.751896999999875,85.11022256616624,38.49346875374799,32.695395,26.897321246252,1.8976977665259724,1.189694020214033,Bullish,38.0373,20.5208,6121365.904761905,38.84066666666667,39.44683333333334,40.133366666666674,37.54796666666667,36.86143333333333,36.255266666666664
1337,2006-02-16,38.2345,38.5193,36.6131,36.8103,4031551,32.8913428571428,31.376370000000016,29.718004999999984,27.81480299999988,71.36891883842313,38.96362416058665,33.031729999999996,27.099835839413345,1.899711141834402,1.3316974445381067,Bullish,38.2345,20.5208,6318487.0,38.015366666666665,39.22043333333333,39.92156666666666,36.10916666666667,35.408033333333336,34.20296666666667
1338,2006-02-17,36.8103,37.9058,36.372,37.0294,4106637,33.222095238095186,31.520982000000014,29.819965999999987,27.87453349999988,72.11481073480908,39.37713969926024,33.39107,27.405000300739754,1.8971175054881897,1.4447814567281232,Bullish,38.2345,20.5208,6472344.571428572,37.832800000000006,38.6362,39.366600000000005,36.29900000000001,35.5686,34.76520000000001
1339,2006-02-20,37.0294,38.8699,37.4676,38.8699,3901070,33.65196666666662,31.70152800000001,29.93991599999999,27.945341499999877,77.43326072292793,40.07584581112973,33.822715,27.569584188870273,2.0202863943281884,1.5598824442481363,Bullish,38.2345,20.5208,6608396.952380952,39.33733333333334,39.80476666666667,40.739633333333344,37.93503333333334,37.000166666666665,36.53273333333333
1340,2006-02-21,38.8699,40.798,39.8778,40.798,2743137,34.15487142857138,31.918006000000013,30.080396999999994,28.019644499999877,81.42921235912026,41.06334062326064,34.355149999999995,27.646959376739346,2.2475715762475232,1.6974202706480137,Bullish,38.8699,20.5208,6740565.238095238,41.104733333333336,41.41146666666667,42.02493333333334,40.184533333333334,39.57106666666667,39.26433333333333
1341,2006-02-22,40.798,42.8357,39.5491,42.8357,8741929,34.758985714285664,32.170856000000015,30.238962999999995,28.108406499999873,84.54409223817437,42.35579673261172,34.988369999999996,27.62094326738827,2.5625822278795027,1.8704526620943116,Bullish,40.798,20.5208,6733559.380952381,43.931233333333346,45.026766666666674,47.217833333333346,40.644633333333346,38.453566666666674,37.358033333333346
1342,2006-02-23,42.8357,44.9611,43.7122,44.9611,17439010,35.46326190476185,32.467092000000015,30.412949999999995,28.204045499999875,86.99442777675569,43.9396191756268,35.724575,27.5095308243732,2.949729807045536,2.0863080910845566,Bullish,42.8357,20.5208,6816371.761904762,45.3774,45.7937,46.6263,44.1285,43.2959,42.8796
1343,2006-02-24,44.9611,46.8892,43.3835,46.4072,7005537,36.23327142857138,32.77515800000002,30.606189,28.305664999999873,88.34797882641017,45.63759251752147,36.490359999999995,27.343127482478522,3.3347938100155616,2.3360052348707576,Bullish,44.9611,20.5208,7542099.523809524,47.73643333333334,49.06566666666667,51.24213333333334,44.23073333333333,42.05426666666666,40.72503333333333
1344,2006-02-27,46.4072,46.6701,44.1066,44.4791,4455771,36.87077619047614,33.06087600000002,30.784314,28.404102499999873,76.86189056291735,46.595662826271294,37.152069999999995,27.7084771737287,3.444670236159986,2.5577382351286033,Bullish,46.4072,20.5208,7818554.285714285,46.06393333333335,47.648766666666674,48.62743333333335,43.500433333333355,42.52176666666668,40.93693333333336
1345,2006-02-28,44.4791,46.6701,43.252,46.6044,3038909,37.6021809523809,33.38515600000002,30.981817,28.50702049999987,79.95538056641003,47.76551528199063,37.94195499999999,28.118394718009355,3.661039855091829,2.7783985591212486,Bullish,46.4072,20.5208,7631536.714285715,47.76566666666667,48.92693333333333,51.18376666666666,44.34756666666667,42.09073333333334,40.92946666666668
1346,2006-03-01,46.6044,47.3275,45.1364,46.0347,2327429,38.32732380952376,33.698920000000015,31.167165000000004,28.60427749999987,76.98417324308883,48.514518379317366,38.721979999999995,28.929441620682624,3.7433928060487816,2.971397408506755,Bullish,46.6044,20.5208,7421281.047619048,47.196000000000005,48.3573,49.387100000000004,45.004900000000006,43.975100000000005,42.81380000000001
1347,2006-03-02,46.4072,47.5904,45.6184,47.0864,5838583,39.120285714285664,34.037222000000014,31.36407100000001,28.71116799999987,78.56756070697523,49.253328491367846,39.541444999999996,29.829561508632146,3.8491508980401363,3.1469481064134315,Bullish,46.6044,20.5208,7410717.761904762,47.91173333333332,48.737066666666664,49.883733333333325,45.93973333333332,44.79306666666666,43.96773333333332
1348,2006-03-03,47.0864,49.4309,47.3275,49.2994,8509809,40.00610952380947,34.42153800000002,31.581649000000006,28.82808199999987,81.45815874881731,50.30035207860054,40.428835,30.557317921399456,4.064680447058549,3.3304945745424552,Bullish,47.0864,20.5208,7622425.428571428,50.04436666666666,50.78933333333333,52.14776666666666,47.94096666666666,46.58253333333333,45.83756666666666
1349,2006-03-06,49.2994,49.89100000000001,46.8454,46.8454,4183502,40.734385714285665,34.76334600000001,31.77343700000001,28.929184499999874,70.15830062487908,50.75291578411177,41.12012,31.48732421588823,3.991460800881427,3.4626878198102498,Bullish,49.2994,20.5208,7947080.523809524,48.8758,50.90620000000001,51.92140000000001,45.830199999999984,44.81499999999998,42.78459999999997
1350,2006-03-07,46.8454,47.9629,44.5229,47.6561,2904363,41.431357142857095,35.11611000000001,31.979165000000012,29.036215499999876,71.561795627057,51.32526950920786,41.769775,32.21428049079215,3.9532794735246313,3.560806150553126,Bullish,49.2994,20.5208,7949198.0,48.90503333333333,50.15396666666666,52.345033333333326,45.46503333333333,43.27396666666667,42.02503333333333
1351,2006-03-08,47.6561,49.2994,45.2898,46.0566,5789287,41.97390952380948,35.440390000000015,32.16744000000001,29.133998999999875,65.06031550189525,51.481853899736386,42.339455,33.197056100263616,3.7507182686322693,3.5987885741689545,Bullish,49.2994,20.5208,7375222.380952381,48.47406666666667,50.891533333333335,52.48366666666667,44.464466666666674,42.87233333333334,40.454866666666675
1352,2006-03-09,46.0566,48.1601,44.6982,47.5466,2585976,42.58741428571424,35.796222000000014,32.377907000000015,29.234023999999877,67.97878724891336,51.676210319725456,42.98363500000001,34.29105968027456,3.6681336406552703,3.6126575874662175,Bullish,49.2994,20.5208,7121219.142857143,48.90506666666667,50.263533333333335,52.36696666666667,45.44316666666667,43.339733333333335,41.98126666666667
1353,2006-03-10,47.5466,48.2039,45.5746,46.0128,975109,43.127880952380906,36.12050200000001,32.583869000000014,29.331379999999882,62.21754018620338,51.69779808058081,43.46458,35.231361919419186,3.4392740758225173,3.5779808851374773,Bearish,49.2994,20.5208,6714677.285714285,47.61960000000001,49.226400000000005,50.24890000000001,44.99030000000001,43.967800000000004,42.36100000000001
1354,2006-03-13,46.0128,47.19600000000001,43.7341,43.9094,706144,43.48576190476186,36.39833200000001,32.75608900000002,29.41655249999988,55.296398314926385,51.60608686642907,43.758185000000005,35.91028313357094,3.052981549804578,3.4729810180708975,Bearish,49.2994,20.5208,6231427.476190476,46.15889999999999,48.40840000000001,49.6208,42.696999999999974,41.48459999999998,39.23509999999996
1355,2006-03-14,43.9094,46.1005,41.7183,46.1005,2433262,43.86972380952376,36.711658000000014,32.955478000000014,29.508200999999875,60.2561492759768,51.568485631927814,44.178875000000005,36.789264368072196,2.8903275017870556,3.356450314814129,Bearish,49.2994,20.5208,5605651.761904762,47.561233333333334,49.021966666666664,51.94343333333333,43.17903333333334,40.25756666666667,38.79683333333334
1356,2006-03-15,46.1005,47.2617,44.9173,45.7937,993658,44.255771428571386,37.01183600000001,33.160564000000015,29.601752999999874,59.26465332834867,51.44808621970633,44.556835,37.665583780293666,2.7054797148583702,3.2262561948229775,Bearish,49.2994,20.5208,5123714.80952381,47.06449999999998,48.33529999999999,49.40889999999998,44.72009999999998,43.64649999999999,42.37569999999998
1357,2006-03-16,45.7937,47.6561,45.2678,47.1084,2847445,44.678338095238054,37.34269000000001,33.36630700000002,29.701878499999875,62.139605937995036,51.04912827796913,45.07174,39.094351722030865,2.6347006257848022,3.1079450810153424,Bearish,49.2994,20.5208,4723471.0,48.087066666666665,49.065733333333334,50.475366666666666,45.698766666666664,44.28913333333333,43.31046666666666
1358,2006-03-17,47.1084,47.3275,46.0128,46.1443,2106997,45.12281428571424,37.65952200000001,33.562409000000024,29.797808499999874,58.85901295426316,50.23838587574585,45.527485,40.81658412425415,2.472313583054401,2.980818781423154,Bearish,49.2994,20.5208,4550386.571428572,46.976933333333335,47.80956666666667,48.29163333333334,45.66223333333333,45.180166666666665,44.34753333333333
1359,2006-03-20,46.1443,48.1382,45.7937,46.9769,4606706,45.59650476190472,37.98336400000001,33.759607000000024,29.897901499999872,60.78450008239697,49.55095961547456,45.932835,42.31471038452543,2.3833309873761195,2.861321222613747,Bearish,49.2994,20.5208,4458741.142857143,48.145499999999984,49.31409999999999,50.48999999999998,45.80099999999999,44.625099999999996,43.45649999999999
1360,2006-03-21,46.9769,48.423,47.1741,48.2039,2955818,46.040980952380906,38.33174600000001,33.969075000000025,30.00631699999987,63.495939630733524,49.18420503137318,46.303129999999996,43.42205496862681,2.384335153299105,2.765924008750819,Bearish,49.2994,20.5208,4482553.952380952,48.693233333333346,49.18256666666667,49.942133333333345,47.44433333333335,46.684766666666675,46.19543333333335
1361,2006-03-22,48.2039,50.6141,48.9708,50.6141,5285153,46.50841428571424,38.728332000000016,34.204179000000025,30.12563799999987,68.15386106293599,49.693355812142904,46.69205,43.6907441878571,2.5502166490701157,2.722782536814678,Bearish,49.2994,20.5208,4437541.952380952,51.16186666666668,51.70963333333334,52.805166666666686,49.51856666666668,48.423033333333336,47.875266666666676
1362,2006-03-23,48.2039,50.6141,48.9708,50.6141,5285153,46.87881428571424,39.124918000000015,34.43928300000002,30.250271499999872,68.153861062936,50.316186218436954,46.9747,43.63321378156304,2.6511184859383476,2.708449726639412,Bearish,50.6141,20.5208,4558590.333333333,51.16186666666668,51.70963333333334,52.805166666666686,49.51856666666668,48.423033333333336,47.875266666666676
1363,2006-03-24,50.6141,52.1479,50.9208,51.7096,5884321,47.20017142857139,39.54341400000001,34.68534200000002,30.37965299999987,70.16094145364927,51.15182971910926,47.23982,43.327810280890745,2.7873507685452097,2.7242299350205714,Bullish,50.6141,20.5208,4393981.952380952,52.26473333333334,52.81986666666667,53.49183333333334,51.03763333333334,50.36566666666667,49.81053333333334
1364,2006-03-27,51.7096,54.2951,51.4467,53.8788,12386613,47.555961904761865,40.013182000000015,34.94257500000002,30.514463999999876,73.69603634135922,52.36932992706127,47.709805,43.05028007293873,3.035362377213886,2.786456423459234,Bullish,51.7096,20.5208,3843758.6666666665,54.967033333333326,56.05526666666666,57.815433333333324,52.11863333333333,50.358466666666665,49.27023333333333
1365,2006-03-28,53.8788,54.5142,52.7175,53.2434,5322760,47.973309523809476,40.47550200000001,35.19564500000002,30.64734799999988,71.04107747594752,53.2523365431588,48.041754999999995,42.83117345684119,3.1443952628977385,2.858044191346935,Bullish,53.8788,20.5208,4100000.380952381,54.2659,55.2884,56.0626,52.4692,51.695,50.6725
1366,2006-03-29,53.2434,53.7254,51.7096,52.4546,2726747,48.25189047619043,40.919854000000015,35.44082700000002,30.77910049999988,67.77671371087744,53.824159625912365,48.36274999999999,42.90134037408762,3.1310621076597585,2.9126477746095,Bullish,53.8788,20.5208,4141285.5714285714,53.55013333333333,54.64566666666666,55.56593333333333,51.53433333333333,50.614066666666666,49.51853333333333
1367,2006-03-30,52.4546,53.1558,52.0164,52.3231,2148670,48.55133809523805,41.36464400000002,35.68513300000002,30.91269549999988,67.22215823906382,54.31350628554361,48.62458499999999,42.93566371445637,3.074444255462936,2.945007070780187,Bullish,53.8788,20.5208,4126420.714285714,52.980466666666665,53.63783333333333,54.11986666666667,51.84106666666666,51.35903333333333,50.70166666666666
1368,2006-03-31,52.3231,52.7614,51.7096,51.9287,439974,48.78192380952377,41.80636600000002,35.92505600000002,31.044422499999882,65.49136819738254,54.620097521806805,48.756049999999995,42.892002478193184,2.96358702932055,2.9487230624882597,Bullish,53.8788,20.5208,4117908.380952381,52.55686666666666,53.18503333333333,53.60866666666666,51.50506666666666,51.08143333333333,50.45326666666666
1369,2006-04-03,51.9287,52.6956,51.622,52.1479,1255635,48.91756666666662,42.24458400000001,36.15336800000002,31.179120499999883,66.01509680857744,54.99417264569756,49.02117499999999,43.048177354302425,2.860446045541522,2.931067659098912,Bearish,53.8788,20.5208,3860831.761904762,52.68833333333335,53.22876666666667,53.761933333333346,51.61473333333335,51.081566666666674,50.54113333333335
1370,2006-04-04,52.1479,52.6956,51.7096,51.8192,824682,49.154414285714246,42.677982000000014,36.37532500000002,31.31061249999988,64.43585017460215,55.28709276263845,49.22932999999999,43.17156723736153,2.7208188241130316,2.889017892101736,Bearish,53.8788,20.5208,3515394.904761905,52.440000000000005,53.0608,53.426,51.45400000000001,51.088800000000006,50.46800000000001
1371,2006-04-05,51.8192,52.0602,50.8332,51.0085,785550,49.31405238095234,43.09472600000001,36.59421500000002,31.43857199999988,60.58616419633399,55.399012689278784,49.476924999999994,43.554837310721204,2.515746570012496,2.814363627683888,Bearish,53.8788,20.5208,3355451.095238095,51.76806666666668,52.52763333333334,52.99506666666668,50.54106666666667,50.07363333333333,49.31406666666667
1372,2006-04-06,51.0085,51.1838,49.5186,49.9349,799780,49.49873333333329,43.48868400000001,36.80280700000002,31.560538499999883,55.82923757311327,55.45388215773231,49.59633999999999,43.73879784226767,2.2407646436372914,2.6996438308745687,Bearish,53.8788,20.5208,3254555.238095238,50.90626666666666,51.87763333333333,52.57146666666666,49.24106666666666,48.54723333333333,47.57586666666666
1373,2006-04-07,49.9349,52.4108,50.3512,52.4108,2856846,49.730361904761864,43.915070000000014,37.03418600000002,31.693946999999884,63.03693089195556,55.653603621177126,49.916239999999995,44.178876378822864,2.197294876321827,2.59917403996402,Bearish,53.8788,20.5208,3016959.6666666665,53.09733333333333,53.78386666666667,55.156933333333335,51.03773333333333,49.66466666666666,48.978133333333325
1374,2006-04-10,52.4108,54.2075,51.0523,51.2714,4901208,49.980771428571394,44.31560000000001,37.25460900000002,31.823220999999887,58.320530484508815,55.336687696824484,50.28433999999999,45.2319923031755,2.0473046611735626,2.4888001642059288,Bearish,53.8788,20.5208,3029858.238095238,53.301833333333335,55.33226666666667,56.457033333333335,50.146633333333334,49.02186666666667,46.99143333333333
1375,2006-04-11,52.4108,54.2075,51.0523,51.2714,4901208,50.33134285714283,44.72489400000001,37.47481300000002,31.951973999999883,58.320530484508815,55.22826537315092,50.54288499999999,45.857504626849064,1.9064598525967327,2.3723321018840897,Bearish,53.8788,20.5208,3216815.3333333335,53.301833333333335,55.33226666666667,56.457033333333335,50.146633333333334,49.02186666666667,46.99143333333333
1376,2006-04-12,52.4108,54.2075,51.0523,51.2714,4901208,50.577576190476165,45.141638000000015,37.69019700000002,32.07708149999988,58.320530484508815,54.96983302100128,50.81676999999999,46.663706978998704,1.7743853176422775,2.2527427450357274,Bearish,53.8788,21.7708,3416580.285714286,53.301833333333335,55.33226666666667,56.457033333333335,50.146633333333334,49.02186666666667,46.99143333333333
1377,2006-04-13,53.2434,53.6816,49.9568,53.2434,7431155,50.93232380952379,45.59256400000001,37.91894600000002,32.21225699999988,64.1230414788596,55.03489510684013,51.12351999999999,47.21214489315985,1.807997743901403,2.1637937448088627,Bearish,53.8788,21.8749,3534101.523809524,54.63106666666667,56.01873333333334,58.35586666666667,50.90626666666667,48.56913333333333,47.181466666666665
1378,2006-04-14,53.2434,53.4625,52.104,52.6299,1240389,51.19525238095236,46.014130000000016,38.14616200000002,32.34478199999988,61.265439848931344,54.668597250993976,51.44779999999999,48.227002749006,1.7647881320656609,2.0839926222602223,Bearish,53.8788,21.8749,3840649.0,53.36026666666666,54.09063333333333,54.71876666666666,52.00176666666666,51.37363333333333,50.64326666666666
1379,2006-04-17,52.6299,53.8131,52.3012,53.0462,4557029,51.52391428571427,46.41466000000002,38.378636000000014,32.47865899999988,62.487084553193995,54.30437252948443,51.75126499999999,49.19815747051555,1.7440320187235159,2.016000501552881,Bearish,53.8788,21.8749,3764122.523809524,53.805799999999984,54.56539999999999,55.31769999999998,52.29389999999999,51.541599999999995,50.78199999999999
1380,2006-04-18,53.0462,53.7912,52.1479,52.1698,2469852,51.771195238095224,46.764796000000025,38.589857000000016,32.609508499999876,58.3172039253976,53.91916631843315,51.949559999999984,49.97995368156682,1.6379828470882387,1.9403969706599526,Bearish,53.8788,21.8749,3880790.714285714,53.25803333333334,54.34626666666667,54.90133333333334,51.614733333333334,51.059666666666665,49.97143333333333
1381,2006-04-19,52.1698,53.09,49.5624,50.9428,1444686,51.901619047619036,47.09039200000002,38.80261200000001,32.73380599999987,52.98604375067659,53.89583723964329,51.965994999999985,50.03615276035668,1.4383490761821065,1.8399873917643834,Bearish,53.8788,21.8749,3779035.761904762,52.8344,54.726000000000006,56.36200000000001,49.306799999999996,47.67079999999999,45.77919999999999
1382,2006-04-20,50.9428,52.1479,50.8332,51.0523,593196,51.922485714285706,47.41817800000002,39.02084400000001,32.85885949999988,53.3954996512421,53.86508761495989,51.98790499999999,50.11072238504009,1.2742844513846237,1.7268468036884315,Bearish,53.8788,21.8749,3707077.095238095,51.85573333333334,52.65916666666667,53.17043333333334,50.54103333333334,50.02976666666667,49.226333333333336
1383,2006-04-21,51.0523,51.6658,49.2994,50.395,1184233,51.91205238095237,47.698200000000014,39.22943600000001,32.981251499999885,50.549521382639725,53.92180280824541,51.922174999999996,49.92254719175458,1.078787842766829,1.597235011504111,Bearish,53.8788,21.8749,3483650.5714285714,51.60739999999999,52.819799999999994,53.97379999999999,49.24099999999999,48.086999999999996,46.874599999999994
1384,2006-04-24,50.395,51.6877,48.6421,49.0803,616193,51.78684761904761,47.919060000000016,39.42378500000001,33.09769499999989,45.343674935077445,53.831163626464814,51.682249999999996,49.53333637353518,0.8084507523367463,1.439478159670638,Bearish,53.8788,21.8749,3288368.6666666665,50.96463333333334,52.84896666666667,54.01023333333334,47.91903333333334,46.75776666666667,44.87343333333334
1385,2006-04-25,49.0803,49.2994,46.6263,47.2836,2289822,51.472790476190475,48.110998000000016,39.59227900000001,33.20786349999989,39.37559031804433,54.14918750603051,51.384260000000005,48.6193324939695,0.4441085788962269,1.2404042435157558,Bearish,53.8788,21.8749,3037505.4285714286,48.84656666666666,50.40953333333333,51.51966666666666,46.17346666666666,45.06333333333333,43.500366666666665
1386,2006-04-26,47.2836,49.6281,45.1364,49.5186,4459455,51.29541904761905,48.336680000000015,39.786848000000006,33.32806099999989,48.46271409363702,54.070415181008016,51.23746000000001,48.40450481899201,0.3318848409710782,1.0587003630068204,Bearish,53.8788,21.8749,2556705.8571428573,51.052333333333344,52.586066666666675,55.544033333333346,46.56063333333334,43.60266666666667,42.06893333333334
1387,2006-04-27,49.5186,51.3591,47.9848,49.5624,5903505,51.157695238095236,48.59172200000001,39.984046000000006,33.44837349999989,48.625235298390365,53.976031120326695,51.09942500000001,48.222818879673326,0.2436721136397395,0.8956947131334042,Bearish,53.8788,21.8749,2515596.095238095,51.28606666666666,53.00973333333333,54.66036666666666,47.911766666666665,46.26113333333333,44.53746666666667
1388,2006-04-28,49.5624,50.3731,47.0864,48.6421,2436057,50.98240952380952,48.82397600000001,40.17247900000001,33.56345949999989,45.38664114118123,53.97433753752505,50.93509500000001,47.89585246247497,0.09836844278311219,0.7362294590633458,Bearish,53.8788,21.8749,2666870.285714286,50.31466666666667,51.987233333333336,53.60136666666667,47.027966666666664,45.41383333333333,43.74126666666666
1389,2006-05-01,49.5624,50.3731,47.0864,48.6421,2436057,50.82590476190475,49.01942000000001,40.36047400000001,33.68010799999989,45.38664114118123,53.90169533639019,50.759805000000014,47.61791466360984,-0.016594472478153932,0.5856646727550459,Bearish,53.8788,21.8749,2680555.380952381,50.31466666666667,51.987233333333336,53.60136666666667,47.027966666666664,45.41383333333333,43.74126666666666
1390,2006-05-02,48.6421,50.3512,48.6859,49.8472,1597908,50.71634761904761,49.20040400000002,40.55920500000001,33.80173999999989,50.40325861576262,53.78765555452716,50.66120500000001,47.534754445472856,-0.010342688452332993,0.4664632005135701,Bearish,53.8788,21.8749,2775606.9523809524,50.570299999999996,51.2934,52.2356,48.904999999999994,47.962799999999994,47.23969999999999
1391,2006-05-03,49.8472,51.0304,50.1321,50.7237,2929773,50.66418095238094,49.358164000000016,40.76451000000001,33.93077549999989,53.7321879712396,53.769550518621315,50.64696500000001,47.5243794813787,0.06459352625110881,0.3860892656610778,Bearish,53.8788,21.8749,2791905.6666666665,51.12536666666667,51.527033333333335,52.02366666666667,50.22706666666667,49.73043333333334,49.328766666666674
1392,2006-05-04,50.7237,51.2714,49.7596,50.1759,1315603,50.62453333333332,49.46246000000002,40.96477600000001,34.05873849999989,51.4097111404445,53.77236249828906,50.65901500000001,47.54566750171096,0.07886898191618741,0.32464520891209975,Bearish,53.8788,22.6666,2892148.095238095,51.044999999999995,51.9141,52.556799999999996,49.533199999999994,48.890499999999996,48.02139999999999
1393,2006-05-05,50.1759,50.7456,49.4747,50.0663,1003314,50.63079047619046,49.53564200000002,41.15540000000001,34.18615349999989,50.93534971366317,53.55749521099185,50.541790000000006,47.52608478900816,0.08041164396812661,0.27579849592330513,Bearish,53.8788,23.2083,2917388.714285714,50.71636666666669,51.36643333333335,51.98726666666669,49.44546666666668,48.82463333333334,48.17456666666668
1394,2006-05-08,50.0663,50.5265,49.5186,49.7377,663582,50.50349999999999,49.64081400000002,41.35084500000001,34.30984249999989,49.46176370397855,53.48069806901697,50.46510500000001,47.44951193098305,0.05449080490377867,0.23153695771939983,Bearish,53.8788,23.4999,2927080.8095238097,50.33659999999998,50.93549999999999,51.34449999999998,49.328699999999984,48.91969999999999,48.320799999999984
1395,2006-05-09,49.7377,50.3073,48.3135,48.5545,773607,50.3741238095238,49.67981600000002,41.532486000000006,34.428656999999895,44.47263874727943,53.43087991056288,50.32926000000001,47.227640089437145,-0.06082484741049399,0.17306459669342106,Bearish,53.8788,23.4999,2822639.6666666665,49.80336666666667,51.052233333333334,51.79716666666667,47.80956666666667,47.06463333333333,45.81576666666667
1396,2006-05-10,48.5545,48.9708,47.3932,47.8752,667013,50.212399999999995,49.71662600000001,41.70777300000002,34.54303349999989,41.86190882118155,53.40470204968786,50.15945000000001,46.91419795031215,-0.20466788158937277,0.09751810103686229,Bearish,53.8788,23.4999,2626087.238095238,48.766266666666674,49.657333333333334,50.34386666666667,47.18866666666668,46.50213333333334,45.61106666666668
1397,2006-05-11,47.8752,48.2039,46.7797,47.7657,772972,50.04546190476191,49.73021200000001,41.88371700000002,34.6549874999999,41.43960804886515,52.963789680737364,49.885565000000014,46.807340319262664,-0.3237680607142508,0.013260868686639657,Bearish,53.8788,23.4999,2424458.904761905,48.386500000000005,49.0073,49.810700000000004,46.962300000000006,46.1589,45.53810000000001
1398,2006-05-12,47.7657,49.2775,46.9988,47.7876,2532996,49.78566190476191,49.699976000000014,42.06075700000001,34.768092499999895,41.56657155163598,52.57858287637896,49.643450000000016,46.70831712362107,-0.41164349380964893,-0.07172000381261807,Bearish,53.8788,23.4999,2227876.238095238,49.04379999999999,50.3,51.32249999999999,46.76509999999999,45.742599999999996,44.48639999999999
1399,2006-05-15,47.7876,47.7657,45.5965,45.6184,575028,49.45178095238095,49.67543600000001,42.219391000000016,34.8711849999999,33.7591651972813,52.270017114703826,49.27206000000001,46.274102885296195,-0.6488422690973863,-0.1871444568695717,Bearish,53.8788,23.4999,1994630.5714285714,47.057233333333336,48.49606666666667,49.22643333333334,44.88803333333333,44.157666666666664,42.71883333333333
1400,2006-05-16,45.6184,46.451,43.4492,43.7998,929752,49.01147619047619,49.59831,42.357210000000016,34.968413499999905,28.864250401049464,52.40277460912159,48.85356000000001,45.304345390878424,-0.9723610557861022,-0.3441877766528778,Bearish,53.8788,23.4999,1962946.7142857143,45.68413333333333,47.568466666666666,48.68593333333333,42.682333333333325,41.56486666666666,39.68053333333332
1401,2006-05-17,43.7998,45.487,43.3835,45.3336,2869297,48.685942857142855,49.583850000000005,42.51212000000001,35.073206999999904,37.142302182508566,52.2996710807663,48.57310000000001,44.84652891923372,-1.0923947370289895,-0.4938291687281001,Bearish,53.8788,23.4999,1790219.238095238,46.085899999999995,46.8382,48.1894,43.98239999999999,42.63119999999999,41.87889999999999
1402,2006-05-18,45.3336,45.0926,43.0768,43.0768,1112831,48.311371428571434,49.494454,42.64533800000001,35.1710914999999,31.359724360125334,52.424480553330135,48.17432500000001,43.924169446669886,-1.3540189062417483,-0.6658671162308297,Bearish,53.8788,23.4999,1809240.4285714286,44.420666666666655,45.764533333333326,46.436466666666654,42.404866666666656,41.73293333333333,40.38906666666666
1403,2006-05-19,43.0768,45.224,41.2362,45.224,3448137,48.033833333333334,49.478678,42.799590000000016,35.2753369999999,40.80288387494669,52.222866112050376,47.91577500000001,43.608683887949645,-1.3722780826193528,-0.8071493095085344,Bearish,53.8788,23.4999,1793437.8095238095,46.55326666666666,47.88253333333333,50.54106666666666,42.56546666666666,39.90693333333333,38.57766666666666
1404,2006-05-22,45.224,45.9471,44.4791,45.1802,1597019,47.78550952380952,49.504093999999995,42.95121300000002,35.3810299999999,40.679940561921015,52.15071091026081,47.720770000000016,43.29082908973922,-1.3744392255634068,-0.9206072927195088,Bearish,53.8788,23.4999,1929387.380952381,45.92516666666667,46.67013333333333,47.393166666666666,44.45716666666667,43.73413333333334,42.98916666666668
1405,2006-05-23,45.1802,46.0128,44.8296,45.3555,716816,47.6081380952381,49.489194,43.10042600000001,35.48822449999991,41.44044941982916,52.170558757980466,47.62436500000002,43.07817124201957,-1.3464852580630122,-1.0057828857882094,Bearish,53.8788,23.4999,1949043.857142857,45.96900000000001,46.5825,47.15220000000001,44.78580000000001,44.216100000000004,43.60260000000001
1406,2006-05-24,45.3555,45.9033,44.9173,45.3117,437433,47.5142380952381,49.479554,43.24569500000001,35.596033499999905,41.29798433786163,51.97942866105135,47.414020000000015,42.84861133894868,-1.3127334572229614,-1.0671730000751598,Bearish,53.8788,23.4999,1953835.4285714286,45.83756666666666,46.36343333333333,46.823566666666665,44.851566666666656,44.391433333333325,43.86556666666665
1407,2006-05-25,45.3117,45.6184,44.742,44.7639,370859,47.287823809523815,49.432663999999995,43.38767700000001,35.70110349999991,39.470357059296184,51.76693944521049,47.174095000000015,42.58125055478954,-1.3150289584767876,-1.1167441917554854,Bearish,53.8788,23.4999,1865626.4285714286,45.34086666666668,45.91783333333334,46.21726666666668,44.464466666666674,44.165033333333334,43.58806666666667
1408,2006-05-26,44.7639,45.5089,43.8217,43.8217,1929254,47.01445714285715,49.38621199999999,43.52286700000001,35.79771249999991,36.480023459635355,51.69527619771303,46.93307500000002,42.170873802287005,-1.3770025966844628,-1.1687958727412808,Bearish,53.8788,23.4999,1670931.380952381,44.94649999999999,46.071299999999994,46.63369999999999,43.259299999999996,42.6969,41.5721
1409,2006-05-29,43.8217,44.1504,41.6306,41.6306,614922,46.68057619047619,49.27928599999999,43.63132500000002,35.87732399999991,30.662254706639914,51.800358167869504,46.58250000000001,41.364641832130516,-1.584653708138518,-1.2519674398207283,Bearish,53.8788,23.4999,1481681.3333333333,43.31046666666667,44.99033333333333,45.83026666666667,40.790666666666674,39.95073333333334,38.27086666666668
1410,2006-05-30,41.6306,43.3835,39.6587,42.1127,1459805,46.36965238095238,49.157461999999995,43.74460400000001,35.956116999999914,33.18702444159456,51.533563694534635,46.19577500000001,40.85798630546539,-1.690826473999799,-1.3397392466565425,Bearish,53.8788,23.4999,1394960.619047619,43.777899999999995,45.443099999999994,47.50269999999999,40.0531,37.993500000000004,36.328300000000006
1411,2006-05-31,42.1127,42.9453,40.316,40.798,685562,45.938738095238094,48.96113999999999,43.844736000000005,36.03000299999991,29.98096291631579,51.106297465741974,45.69949000000001,40.29268253425805,-1.8596179404267374,-1.4437149854105815,Bearish,53.8788,23.4999,1348472.4285714286,42.39020000000001,43.982400000000005,45.01950000000001,39.76090000000001,38.723800000000004,37.131600000000006
1412,2006-06-01,40.798,42.8357,41.4115,42.8357,954781,45.56311904761905,48.805572000000005,43.965244999999996,36.11324449999991,39.70377565261765,50.46350240751319,45.33248000000001,40.20145759248683,-1.8081181726367035,-1.516595622855806,Bearish,53.8788,23.4999,1305027.380952381,43.31043333333333,43.78516666666667,44.734633333333335,41.88623333333332,40.93676666666666,40.462033333333316
1413,2006-06-02,42.8357,44.9611,43.8217,44.9611,1425755,45.314795238095236,48.670602,44.10700799999999,36.208258499999914,47.83960406790794,49.72614832149527,45.07722000000001,40.42829167850475,-1.577616438070315,-1.5287997858987077,Bearish,53.8788,23.4999,1210980.142857143,45.3409,45.7207,46.4803,44.201499999999996,43.4419,43.062099999999994
1414,2006-06-05,44.9611,47.19600000000001,46.0128,47.19600000000001,1313697,45.17811428571429,48.536946,44.27506399999999,36.31340549999991,54.753167433878616,49.20475168321642,44.95013500000001,40.6955183167836,-1.2007627549989763,-1.4631923797187614,Bullish,53.8788,23.4999,1216225.4761904762,47.59040000000002,47.98480000000002,48.77360000000003,46.4072,45.618399999999994,45.22399999999999
1415,2006-06-06,47.19600000000001,49.4966,46.0566,49.0365,1541117,45.14472380952381,48.452808000000005,44.46415499999999,36.42702599999991,59.51248417452687,49.31483706113186,44.974235000000014,40.63363293886817,-0.7450026015385376,-1.3195544240827166,Bullish,53.8788,23.4999,1231005.619047619,50.33653333333332,51.63656666666666,53.77653333333332,46.89653333333332,44.756566666666664,43.456533333333326
1416,2006-06-07,49.0365,50.2854,47.6561,48.2039,1625859,45.12802857142857,48.367794,44.643823999999995,36.53460849999992,56.611493664468306,49.37732857258121,44.990670000000016,40.60401142741882,-0.4458537337101234,-1.144814286008198,Bullish,53.8788,23.4999,1272793.0,49.774166666666666,51.344433333333335,52.40346666666667,47.144866666666665,46.08583333333333,44.515566666666665
1417,2006-06-08,48.2039,49.168,46.451,48.2039,2512668,45.143680952380954,48.28541,44.825027,36.644794999999924,56.611493664468306,49.45843923600835,45.012580000000014,40.566720763991675,-0.20639688588204308,-0.9571308059829671,Bullish,53.8788,23.4999,1313376.4285714286,49.430933333333336,50.65796666666667,52.147933333333334,46.71393333333334,45.22396666666667,43.99693333333334
1418,2006-06-09,48.2039,50.6141,47.1303,50.6141,1961017,45.27931904761905,48.259118,45.032742,36.76838649999992,62.7135390755512,50.09566899536647,45.153905000000016,40.21214100463356,0.17583052350898498,-0.7305385400845766,Bullish,53.8788,23.4999,1401264.761904762,51.77536666666666,52.93663333333333,55.259166666666665,48.29156666666666,45.96903333333333,44.80776666666666
1419,2006-06-12,50.6141,52.1259,51.0085,51.9287,587987,45.47651428571429,48.254734,45.249659,36.898342999999926,65.55869192220494,51.22782697262707,45.46942000000002,39.71101302737297,0.5781610519662408,-0.4687986216744131,Bullish,53.8788,23.4999,1457838.3333333333,52.3669,52.8051,53.484300000000005,51.2495,50.570299999999996,50.132099999999994
1420,2006-06-13,51.9287,52.367,49.3433,49.3433,419646,45.65389047619048,48.205216,45.441599000000004,37.01495549999992,56.43769142991718,51.687622689036694,45.74659500000002,39.80556731096335,0.6805458129858408,-0.23892973474236232,Bullish,53.8788,23.4999,1365218.857142857,51.3591,53.3749,54.382799999999996,48.3354,47.3275,45.3117
1421,2006-06-14,49.3433,49.9568,44.4133,44.4133,708558,45.68310476190477,48.07331200000001,45.584019000000005,37.10681399999993,43.89633930168144,51.667887819980464,45.700580000000016,39.73327218001957,0.35972993272500275,-0.11919780124888929,Bullish,53.8788,23.4999,1357819.7142857143,48.10896666666667,51.804633333333335,53.65246666666667,42.565466666666666,40.71763333333333,37.021966666666664
1422,2006-06-15,44.4133,46.6263,43.8217,46.6263,884776,45.74466190476191,48.00714,45.74791200000001,37.20734149999993,49.33851111021067,51.73273862269905,45.87805500000002,40.02337137730098,0.280814585708967,-0.039195323857318026,Bullish,53.8788,23.4999,1347286.6666666667,47.56116666666666,48.49603333333333,50.36576666666666,44.75656666666666,42.88683333333333,41.95196666666666
1423,2006-06-16,46.6263,48.9489,46.8892,48.9489,2189961,46.02428571428572,47.937901999999994,45.926486000000004,37.31896149999993,54.344104885101366,52.05921715839355,46.06430000000002,40.06938284160648,0.40106478863704353,0.0488566986415543,Bullish,53.8788,23.4999,1252785.6666666667,49.63546666666667,50.32203333333334,51.69516666666667,47.575766666666674,46.20263333333334,45.516066666666674
1424,2006-06-19,48.9489,51.381,49.1242,51.2714,3567437,46.31225714285714,47.937901999999994,46.126751000000006,37.438860499999926,58.73474800884293,52.75904435427354,46.36886000000001,39.97867564572648,0.6759780269580489,0.17428096430485324,Bullish,53.8788,23.4999,1304077.5714285714,52.060199999999995,52.849,54.31699999999999,49.803399999999996,48.3354,47.5466
1425,2006-06-20,51.2714,51.8411,49.0803,49.8691,2599570,46.535538095238095,47.90985599999999,46.317375,37.55258149999993,55.278106582825046,53.14249285151057,46.59454000000001,40.04658714848945,0.7717980509764075,0.2937843816391641,Bullish,53.8788,23.4999,1309758.5238095238,51.4467,53.0243,54.207499999999996,48.685900000000004,47.502700000000004,45.92510000000001
1426,2006-06-21,49.8691,50.395,47.5904,48.2039,912727,46.67117619047619,47.848505999999986,46.49507200000001,37.658184499999926,51.40901793933244,53.29513280702477,46.73915000000001,40.18316719297525,0.7052388327460406,0.3760752718605394,Bullish,53.8788,23.4999,1357499.0476190476,49.86913333333334,51.53436666666667,52.67373333333334,47.06453333333334,45.92516666666667,44.259933333333336
1427,2006-06-22,48.2039,48.423,46.0566,46.0566,778944,46.70664761904762,47.70476999999999,46.648667,37.753884499999934,46.85473496159096,53.30586560709057,46.80378500000001,40.30170439290946,0.4737598004259951,0.39561217757363054,Bullish,53.8788,23.4999,1366828.142857143,47.63420000000001,49.211800000000004,50.000600000000006,45.26780000000001,44.479000000000006,42.90140000000001
1428,2006-06-23,46.0566,48.1601,44.2599,44.6982,1290193,46.70351904761905,47.54613599999999,46.780133000000006,37.84487599999993,44.18785622602811,53.28014458192049,46.84761000000002,40.415075418079546,0.17864021897381832,0.3522177858536681,Bearish,53.8788,23.4999,1383090.5714285714,47.15223333333333,49.60626666666666,51.052433333333326,43.25203333333333,41.80586666666667,39.35183333333333
1429,2006-06-26,44.6982,46.451,42.4633,42.4633,831542,46.63883333333334,47.33447799999999,46.87456900000001,37.92073449999994,40.139854552292086,53.1957149651948,46.88924500000002,40.58277503480523,-0.23289723337730805,0.23519478200747285,Bearish,53.8788,23.4999,1426868.380952381,45.121766666666666,47.780233333333335,49.10946666666667,41.13406666666666,39.80483333333333,37.14636666666666
1430,2006-06-27,42.4633,42.4413,40.3598,40.3598,405035,46.57831904761905,47.09827799999999,46.93153700000002,37.986804499999934,36.72933947664308,53.41253721131903,46.801600000000015,40.190662788681,-0.7204733315626299,0.04406115929345228,Bearish,53.8788,23.4999,1374596.380952381,41.74746666666666,43.13513333333333,43.82896666666666,39.66596666666666,38.97213333333333,37.584466666666664
1431,2006-06-28,40.3598,42.3756,39.2204,42.3756,1542895,46.5908380952381,46.92693399999999,47.00866300000003,38.06409949999994,41.83006944131408,53.23570267134721,46.88048000000001,40.52525732865281,-0.9334623163908802,-0.15144353584341425,Bearish,53.8788,23.4999,1364601.761904762,43.42733333333334,44.47906666666667,46.58253333333334,40.272133333333336,38.16866666666667,37.116933333333336
1432,2006-06-29,42.3756,44.4791,42.9453,44.4791,835354,46.766128571428574,46.795469999999995,47.106824000000024,38.15264099999993,46.66226286096597,53.14675249737232,46.96265000000001,40.7785475026277,-0.9218957111549955,-0.3055339709057305,Bearish,53.8788,23.4999,1368558.4285714286,44.990366666666674,45.50163333333334,46.52416666666667,43.456566666666674,42.43403333333334,41.922766666666675
1433,2006-06-30,44.4791,46.0128,42.529,43.8217,1729405,46.81308095238095,46.664004,47.18110200000003,38.23424999999994,45.393128090894486,53.1827823788373,46.90568000000001,40.62857762116272,-0.9547697872675656,-0.4353811341780975,Bearish,53.8788,23.4999,1375691.380952381,45.71333333333332,47.604966666666655,49.19713333333331,42.22953333333332,40.637366666666665,38.74573333333333
1434,2006-07-03,43.8217,44.0408,41.6306,41.6306,665361,46.65448571428571,46.51500999999999,47.21703500000003,38.30417399999994,41.355787194119465,53.308780680003075,46.62741000000001,39.94603931999695,-1.1444338664182325,-0.5771916806261245,Bearish,53.8788,23.4999,1412578.238095238,43.23740000000001,44.8442,45.647600000000004,40.82720000000001,40.02380000000001,38.417000000000016
1435,2006-07-04,41.6306,43.1644,40.5789,42.2441,723169,46.41868095238095,46.414219999999986,47.262609000000026,38.37945749999994,42.88748690974424,53.133320335306806,46.28779000000001,39.44225966469321,-1.2310489271041618,-0.7079631299217319,Bearish,53.8788,23.4999,1376369.0,43.41270000000001,44.581300000000006,45.99820000000001,40.827200000000005,39.4103,38.2417
1436,2006-07-05,42.2441,42.9453,41.4334,42.4852,564229,46.10671428571428,46.27355199999999,47.305116000000034,38.458550499999944,43.511901088743535,52.97981264603859,46.001855000000006,39.023897353961424,-1.2656476336005014,-0.8195000306574858,Bearish,53.8788,23.4999,1348248.619047619,43.14253333333334,43.799866666666674,44.654433333333344,41.630633333333336,40.776066666666665,40.11873333333333
1437,2006-07-06,42.4852,43.1425,41.6745,41.7183,443659,45.79787619047619,46.11666999999999,47.35419600000003,38.53610049999994,41.94114769405493,52.81698891764811,45.677575000000004,38.5381610823519,-1.339508755401333,-0.9235017756062552,Bearish,53.8788,23.4999,1301730.142857143,42.682366666666674,43.646433333333334,44.15036666666667,41.21436666666668,40.71043333333334,39.74636666666668
1438,2006-07-07,41.7183,42.9234,41.1924,41.5649,470085,45.48173333333333,45.97512599999999,47.39955100000003,38.60975849999994,41.61751868989415,52.200881208604436,45.225115,38.24934879139557,-1.3943491356680653,-1.0176712476186172,Bearish,53.8788,23.4999,1245434.9047619049,42.59473333333333,43.62456666666667,44.32573333333333,40.86373333333333,40.16256666666666,39.13273333333333
1439,2006-07-10,41.5649,41.7402,39.5053,39.5053,299076,44.95274285714285,45.79238999999998,47.40590500000003,38.67291049999994,37.44028753290332,51.287772636759335,44.603945,37.92011736324067,-1.5857238024221303,-1.1312817585793198,Bearish,53.8788,23.4999,1148169.0476190476,40.99523333333334,42.48516666666667,43.23013333333334,38.760333333333335,38.015366666666665,36.52543333333333
1440,2006-07-11,39.5053,40.2941,38.9137,40.075,302379,44.388280952380946,45.59694599999998,47.39867500000003,38.73953599999994,39.256473625309866,50.73025756860305,44.140530000000005,37.55080243139696,-1.6721441390252068,-1.2394542346684971,Bearish,53.8788,23.4999,1069029.0,40.60816666666667,41.141333333333336,41.98856666666667,39.22776666666667,38.38053333333333,37.847366666666666
1441,2006-07-12,40.075,41.4115,39.8778,41.1048,598914,43.99597142857142,45.40456799999998,47.381366000000035,38.81016449999994,42.50571256279688,50.693981270471866,43.975105,37.25622872952813,-1.6386473185401584,-1.3192928514428295,Bearish,53.8788,23.4999,1055428.619047619,41.71826666666667,42.33173333333333,43.25196666666667,40.184566666666676,39.26433333333334,38.65086666666668
1442,2006-07-13,41.1048,42.1784,40.7542,41.3677,786312,43.85094285714285,45.228403999999976,47.34543200000003,38.87919099999994,43.338987578756274,50.407002464506405,43.712175,37.0173475354936,-1.5727572475784797,-1.3699857306699594,Bearish,53.8788,23.4999,1063965.1904761905,42.11266666666667,42.85763333333334,43.536866666666675,40.68846666666666,40.00923333333333,39.26426666666666
1443,2006-07-14,41.3677,41.6306,40.557,41.4992,375560,43.60679523809523,45.05706199999998,47.296352000000034,38.95127049999994,43.777912742349876,49.64528500789634,43.339690000000004,37.03409499210367,-1.4927207846019073,-1.394532741456349,Bearish,53.8788,23.4999,1067667.761904762,41.90086666666667,42.302533333333336,42.97446666666667,40.827266666666674,40.15533333333334,39.753666666666675
1444,2006-07-17,41.4992,42.3975,40.6227,41.3896,955289,43.24682857142856,44.890099999999975,47.26545700000004,39.02488549999995,43.47562435635906,48.038113282410336,42.845600000000005,37.65308671758967,-1.421746110935338,-1.3999754153521469,Bearish,53.8788,23.4999,1043419.380952381,42.31716666666667,43.244733333333336,44.09196666666667,40.54236666666667,39.69513333333334,38.767566666666674
1445,2006-07-18,41.3896,43.4273,41.1924,43.1644,2170268,42.86078095238094,44.782297999999976,47.231057000000035,39.10643699999994,49.55061778065861,46.592898576727706,42.510365,38.427831423272295,-1.2083574508155408,-1.3616518224448257,Bullish,53.8788,23.4999,984625.4761904762,43.99699999999999,44.8296,46.231899999999996,41.76209999999999,40.35979999999999,39.527199999999986
1446,2006-07-19,43.1644,45.0926,42.5071,43.7122,1735630,42.56759523809523,44.69903799999997,47.20783200000003,39.18749849999995,51.29073655216507,45.490610733503615,42.28578,39.08094926649639,-0.9837030025642477,-1.2860620584687101,Bullish,53.8788,23.4999,918093.619047619,45.03416666666667,46.35613333333333,47.61966666666667,42.448666666666675,41.18513333333334,39.86316666666668
1447,2006-07-20,43.7122,44.4791,42.288,42.77,1290193,42.30883809523809,44.599123999999975,47.164668000000034,39.26436949999995,48.2105909282043,44.83548753511443,42.12145,39.407412464885574,-0.8716426456429858,-1.2031781759035654,Bullish,53.8788,23.4999,876953.619047619,44.070066666666676,45.37013333333334,46.26116666666668,41.87896666666667,40.98793333333333,39.687866666666665
1448,2006-07-21,42.77,43.2959,42.4194,42.8138,611746,42.154419047619044,44.49964799999997,47.099812000000036,39.34073049999995,48.365824358922374,44.49673029366459,42.02723,39.557729706335415,-0.7704188030905073,-1.1166263013409536,Bullish,53.8788,23.4999,894928.1904761905,43.26666666666666,43.71953333333333,44.14316666666666,42.39016666666666,41.96653333333333,41.51366666666666
1449,2006-07-24,42.8138,43.6903,42.6166,42.7481,599676,42.06155714285713,44.44224199999997,47.058839000000035,39.416137999999954,48.13276793433865,44.52411373046347,42.041470000000004,39.55882626953654,-0.6875736979215787,-1.0308157806570786,Bullish,53.8788,23.4999,886966.380952381,43.42006666666668,44.09203333333334,44.49376666666668,42.346366666666675,41.944633333333336,41.27266666666667
1450,2006-07-25,42.7481,43.4492,42.5947,42.6824,415962,42.07199047619047,44.41989399999998,47.00910200000003,39.49413349999995,47.88428294606884,44.529546592992425,42.15760000000001,39.785653407007594,-0.6200719921861335,-0.9486670229628895,Bullish,53.8788,23.4999,854084.619047619,43.22283333333331,43.76326666666665,44.07733333333331,42.36833333333332,42.05426666666666,41.513833333333324
1451,2006-07-26,42.6824,43.0548,42.3756,42.4633,345068,42.17215714285714,44.36248799999998,46.973169000000034,39.57030449999995,47.01264585042702,44.53585092399591,42.16198500000001,39.78811907600411,-0.5775977555878669,-0.874453169487885,Bullish,53.8788,23.4999,834295.0952380953,42.88686666666667,43.310433333333336,43.56606666666667,42.20766666666667,41.95203333333333,41.52846666666667
1452,2006-07-27,42.4633,43.274,42.288,42.7262,428286,42.188852380952376,44.35547599999998,46.924965000000036,39.651435999999954,48.23037479578038,44.217789595770775,42.07434000000001,39.93089040422924,-0.5167658294144317,-0.8029157014731944,Bullish,53.8788,23.4999,831439.5238095238,43.23746666666668,43.74873333333334,44.22346666666668,42.25146666666667,41.77673333333333,41.26546666666667
1453,2006-07-28,42.7262,42.9891,41.7402,41.7402,477835,42.058428571428564,44.28579999999998,46.882239000000034,39.73305399999995,44.13380136991532,43.96092475523472,41.970265000000005,39.97960524476529,-0.5418716897695575,-0.750706899132467,Bullish,53.8788,23.4999,778362.9047619047,42.5728,43.4054,43.8217,41.3239,40.9076,40.075
1454,2006-07-31,41.7402,43.0548,42.1127,42.2003,140517,41.98121904761904,44.22620199999999,46.86514800000005,39.81061849999996,46.420751661038054,43.98545315800071,41.99875000000001,40.01204684199931,-0.5186632135261959,-0.7042981620112128,Bullish,53.8788,23.4999,761338.1904761905,42.79916666666666,43.39803333333333,43.74126666666666,41.857066666666654,41.513833333333324,40.91496666666665
1455,2006-08-01,42.2003,42.6166,42.0689,42.3318,293486,42.01460952380952,44.16572799999998,46.82746100000005,39.89146949999996,47.08744261013241,43.99237044637369,42.00313500000001,40.013899553626324,-0.4840792140360861,-0.6602543724161875,Bullish,53.8788,23.4999,685676.8571428572,42.60929999999999,42.886799999999994,43.15699999999999,42.06159999999999,41.791399999999996,41.51389999999999
1456,2006-08-02,42.3318,43.6903,42.3318,42.5509,682386,42.029219047619044,44.11051199999998,46.795033000000046,39.977798499999956,48.24301776793898,43.9990430106097,42.006420000000006,40.013796989390315,-0.4339888530220506,-0.61500126853736,Bullish,53.8788,23.4999,667968.5238095238,43.38353333333332,44.21616666666666,44.74203333333332,42.02503333333332,41.49916666666666,40.66653333333332
1457,2006-08-03,42.5509,43.3835,42.7481,42.7919,640459,42.04382380952381,44.07107199999999,46.75186800000005,40.05908749999996,49.54821261248378,44.07648623086163,42.06010000000001,40.04371376913839,-0.3705734550421411,-0.5661157058383163,Bullish,53.8788,23.4999,666026.4761904762,43.2009,43.609899999999996,43.836299999999994,42.5655,42.3391,41.9301
1458,2006-08-04,42.7919,43.2301,42.6824,42.8357,400208,42.09703333333333,44.05135199999999,46.71878200000005,40.14059549999996,49.796004132592245,44.15364752944647,42.12364000000001,40.09363247055355,-0.31317195001467013,-0.515526954673587,Bullish,53.8788,23.4999,669656.4761904762,43.14973333333333,43.463766666666665,43.69743333333333,42.60203333333333,42.36836666666667,42.05433333333333
1459,2006-08-07,42.8357,43.274,42.7262,42.7262,172026,42.15233333333333,44.07326399999999,46.676275000000054,40.21794099999996,49.14613790202,43.93352199652515,42.28468500000001,40.63584800347487,-0.2733653925143429,-0.4670946422417382,Bullish,53.8788,23.4999,667587.380952381,43.091400000000014,43.45660000000001,43.63920000000002,42.54360000000001,42.361000000000004,41.99580000000001
1460,2006-08-08,42.7262,43.252,42.5728,42.7262,469831,42.30570952380952,44.08553399999999,46.621498000000045,40.29528649999996,49.14613790202001,43.72522832019702,42.417245,41.109261679802984,-0.23906264356093487,-0.42148824250557754,Bullish,53.8788,23.4999,653394.0952380953,43.12786666666666,43.52953333333333,43.807066666666664,42.44866666666666,42.17113333333333,41.76946666666666
1461,2006-08-09,42.7262,44.4791,42.7262,43.3835,2532234,42.46325714285714,44.13724399999999,46.54919200000005,40.376685499999965,53.381643984275165,43.75638324779689,42.531180000000006,41.30597675220312,-0.15702872180472127,-0.3685963383654063,Bullish,53.8788,23.4999,661525.2857142857,44.33299999999999,45.2825,46.085899999999995,42.58009999999999,41.77669999999999,40.82719999999998
1462,2006-08-10,43.3835,43.6903,42.1127,42.9891,673619,42.55298571428571,44.14031199999999,46.472942000000046,40.45611249999996,50.65539788588131,43.728509209150054,42.61225,41.49599079084995,-0.12242973784410793,-0.3193630182611466,Bullish,53.8788,23.4999,767708.8571428572,43.74870000000001,44.508300000000006,45.32630000000001,42.1711,41.3531,40.5935
1463,2006-08-11,42.9891,43.1644,42.2003,42.5071,617590,42.60724285714285,44.091231999999984,46.380917000000046,40.533129499999966,47.46502365005965,43.65778882976062,42.66264500000001,41.667501170239404,-0.13237720354055682,-0.28196585531702867,Bullish,53.8788,23.7499,771266.2380952381,43.04756666666667,43.588033333333335,44.01166666666667,42.083466666666666,41.65983333333333,41.119366666666664
1464,2006-08-14,42.9891,43.1644,42.2003,42.5071,617590,42.6552380952381,43.997453999999976,46.26720000000004,40.60488749999996,47.465023650059656,43.53002065582809,42.71852000000001,41.907019344171935,-0.13866222990056087,-0.25330513023373513,Bullish,53.8788,23.7499,763231.8571428572,43.04756666666667,43.588033333333335,44.01166666666667,42.083466666666666,41.65983333333333,41.119366666666664
1465,2006-08-15,42.5071,42.9453,42.288,42.5071,349260,42.70845238095238,43.86686599999997,46.15983700000003,40.67774099999996,47.46502365005965,43.4752059925957,42.68565500000001,41.896104007404325,-0.14200619949998838,-0.2310453440869858,Bullish,53.8788,23.7499,774757.0952380953,42.872266666666675,43.23743333333334,43.52956666666668,42.21496666666667,41.92283333333333,41.55766666666666
1466,2006-08-16,42.5071,43.0768,42.0908,42.8357,918317,42.6928,43.759501999999976,46.06364800000003,40.752237499999964,50.138964307064505,43.28171438049942,42.64183000000001,42.0019456195006,-0.11679470902090117,-0.20819521707376887,Bullish,53.8788,23.7499,745898.5714285715,43.24473333333333,43.65376666666666,44.230733333333326,42.25873333333333,41.68176666666667,41.272733333333335
1467,2006-08-17,42.8357,43.0768,42.2003,42.2003,563467,42.62080476190476,43.639429999999976,45.96242000000004,40.823776499999965,45.33398566750509,43.278108625590185,42.61334500000001,41.948581374409834,-0.1463983024173956,-0.19583583414249423,Bullish,53.8788,23.7499,686281.8571428572,42.78463333333333,43.368966666666665,43.66113333333333,41.90813333333333,41.615966666666665,41.03163333333333
1468,2006-08-18,42.2003,42.6166,41.9155,42.288,237584,42.59785238095238,43.47290799999998,45.86601300000003,40.89553449999997,46.101749827153895,43.25957225175559,42.58705500000001,41.91453774824442,-0.16092763282868816,-0.188854193879733,Bullish,53.8788,24.4999,630464.5714285715,42.631233333333334,42.974466666666665,43.33233333333333,41.93013333333334,41.57226666666667,41.22903333333334
1469,2006-08-21,42.288,42.8138,41.3239,41.5211,689882,42.536295238095235,43.26475599999998,45.75974500000003,40.95655649999996,40.71651275784746,43.337671180273794,42.52570500000001,41.713738819726224,-0.23165428619562078,-0.19741421234291057,Bearish,53.8788,25.2851,580340.3333333334,42.44863333333334,43.37616666666667,43.93853333333334,40.95873333333334,40.39636666666667,39.46883333333334
1470,2006-08-22,41.5211,41.6087,39.5053,40.7542,468433,42.44134761904762,43.09297399999998,45.64909500000003,41.01220999999997,36.16681669292594,43.545021155428856,42.42929500000001,41.313568844571165,-0.3456041794466884,-0.22705220576366614,Bearish,53.8788,25.2851,584061.0952380953,41.740166666666674,42.72613333333334,43.843566666666675,39.636766666666674,38.519333333333336,37.53336666666667
1471,2006-08-23,40.7542,40.7104,39.571,40.2064,206710,42.32344285714286,43.008835999999974,45.54107400000004,41.06764449999997,33.30410536998475,43.793585757474034,42.31645000000001,40.83931424252599,-0.4746417974702055,-0.276570124104974,Bearish,53.8788,25.2851,577811.4285714285,40.7542,41.302,41.8936,39.614799999999995,39.023199999999996,38.47539999999999
1472,2006-08-24,40.2064,40.4913,38.344,38.4536,300854,42.13250476190476,42.84538199999997,45.42626100000003,41.11453399999996,26.167075966176938,44.32770695227565,42.102820000000015,39.87793304772438,-0.71015512444054,-0.3632871241720872,Bearish,53.8788,25.2851,567847.0476190476,39.84860000000001,41.24360000000001,41.99590000000001,37.70130000000001,36.949000000000005,35.55400000000001
1473,2006-08-25,38.4536,39.0013,36.5473,36.5473,534881,41.83827142857143,42.59734999999998,45.267626000000035,41.15090599999997,20.91702812325144,45.13360379994493,41.843175000000016,38.552746200055104,-1.0386506925860672,-0.49835983785488325,Bearish,53.8788,25.2851,565741.619047619,38.183299999999996,39.8193,40.637299999999996,35.729299999999995,34.9113,33.275299999999994
1474,2006-08-28,36.5473,37.5333,34.8383,37.4457,980191,41.63377142857143,42.32083599999998,45.12936900000004,41.191988999999964,28.225726661302318,45.40582775676355,41.60544500000002,37.805062243236485,-1.212515303610779,-0.6411909310060624,Bearish,53.8788,25.2851,570817.5714285715,38.373233333333324,39.30076666666666,41.068233333333325,35.678233333333324,33.91076666666666,32.983233333333324
1475,2006-08-29,37.4457,37.9058,36.372,37.4676,269854,41.40840476190476,42.072805999999986,44.991331000000045,41.233071999999964,28.399439750272364,45.548538693368144,41.36223500000001,37.17593130663188,-1.3331691691872862,-0.7795865786423072,Bearish,53.8788,25.2851,594739.2857142857,38.12493333333333,38.782266666666665,39.65873333333333,36.59113333333333,35.714666666666666,35.05733333333333
1476,2006-08-30,37.4676,38.7165,37.2046,38.0153,2280420,41.20285714285714,41.869033999999985,44.85877000000005,41.27448349999996,32.78109762898365,45.52603945106194,41.135455000000015,36.74487054893809,-1.368814571913184,-0.8974321772964825,Bearish,53.8788,25.2851,600898.1904761905,38.753,39.490700000000004,40.264900000000004,37.241099999999996,36.466899999999995,35.72919999999999
1477,2006-08-31,38.0153,38.1906,37.0732,37.4676,278240,40.96079523809524,41.69725399999999,44.70101200000005,41.309978999999956,30.754290426991744,45.46658925469093,40.86924000000001,36.27189074530909,-1.4248340233717869,-1.0029125465115434,Bearish,53.8788,25.2851,695514.0952380953,38.08106666666666,38.69453333333333,39.19846666666666,36.963666666666654,36.459733333333325,35.84626666666665
1478,2006-09-01,37.4676,37.8182,37.1608,37.6867,355359,40.71769047619048,41.557023999999984,44.55158000000005,41.34887099999996,32.550882742733044,45.31527991107738,40.61179000000001,35.908300088922644,-1.4350084195473656,-1.089331721118708,Bearish,53.8788,25.2851,676269.0476190476,37.94966666666665,38.21263333333332,38.60706666666665,37.292266666666656,36.89783333333333,36.63486666666666
1479,2006-09-04,37.6867,38.0592,37.2485,37.2485,156526,40.451633333333334,41.452727999999986,44.39360300000005,41.38611949999996,30.82814661032623,45.15360467563432,40.33790500000002,35.52220532436572,-1.4615825656160126,-1.163781890018169,Bearish,53.8788,25.2851,662692.8571428572,37.78896666666666,38.32943333333333,38.59966666666666,36.97826666666666,36.70803333333333,36.167566666666666
1480,2006-09-05,37.2485,37.6429,36.3282,36.4816,139882,40.154271428571434,41.375163999999984,44.23672100000005,41.413288999999956,28.03199306029887,44.988984392281004,40.02567500000002,35.06236560771904,-1.5269237619305827,-1.2364102644006516,Bearish,53.8788,25.2851,651088.9523809524,37.306933333333326,38.13226666666666,38.62163333333332,35.99223333333333,35.50286666666667,34.677533333333336
1481,2006-09-06,36.4816,36.8103,36.372,36.372,88554,39.851690476190484,41.25509199999998,44.09101300000006,41.44681249999996,27.646067568678802,44.63067254573137,39.675100000000015,34.71952745426866,-1.5694591862575962,-1.3030200487720405,Bearish,53.8788,25.2851,649558.2857142857,36.664199999999994,36.956399999999995,37.10249999999999,36.225899999999996,36.0798,35.7876
1482,2006-09-07,36.372,37.3799,36.2625,36.7883,467544,39.53763333333334,41.10127599999999,43.94837300000005,41.48460849999996,31.503500692977017,44.22750832338681,39.365060000000014,34.50261167661322,-1.551689969576401,-1.3527540329329126,Bearish,53.8788,25.2851,631402.2380952381,37.35796666666667,37.92763333333333,38.475366666666666,36.24056666666667,35.69283333333334,35.12316666666668
1483,2006-09-08,36.7883,36.8979,35.9338,36.5035,179903,39.228795238095245,40.95491199999999,43.80945800000005,41.519446999999964,30.312858113372084,43.85509853597581,39.06488000000002,34.27466146402422,-1.5428042303580725,-1.3907640724179446,Bearish,53.8788,25.2851,533083.6666666666,36.956333333333326,37.409166666666664,37.92043333333333,35.992233333333324,35.48096666666666,35.02813333333332
1484,2006-09-11,36.5035,37.2485,36.372,36.6569,430700,38.95021428571429,40.85543799999999,43.685224000000055,41.554504499999965,31.80781025121202,43.397717884474055,38.77237000000001,34.147022115525964,-1.50602361723422,-1.4138159813811997,Bearish,53.8788,25.2851,509573.38095238095,37.14626666666666,37.63563333333333,38.02276666666666,36.26976666666666,35.88263333333333,35.39326666666666
1485,2006-09-12,36.6569,38.344,37.0294,38.1249,1618363,38.7415380952381,40.77305399999999,43.59363700000005,41.592957999999975,44.15444559967375,42.85395856297888,38.55326000000001,34.252561437021136,-1.342938822140205,-1.3996405495330007,Bullish,53.8788,25.2851,500673.85714285716,38.636133333333326,39.14736666666666,39.950733333333325,37.32153333333333,36.518166666666666,36.00693333333333
1486,2006-09-13,38.1249,38.7822,37.2704,37.9058,1344951,38.52242857142857,40.681465999999986,43.47750900000005,41.632178499999974,42.905822899134165,42.13677171136589,38.30676500000001,34.47675828863414,-1.2173397510877493,-1.3631803898439503,Bullish,53.8788,25.2851,548329.7142857143,38.70186666666667,39.497933333333336,40.21366666666667,37.19006666666667,36.474333333333334,35.678266666666666
1487,2006-09-14,37.9058,38.344,37.0732,38.1249,932674,38.29810476190477,40.609597999999984,43.363134000000045,41.673589999999976,44.593171309903404,41.49084897765411,38.102995000000014,34.71514102234592,-1.0875850401368155,-1.3080613199025233,Bullish,53.8788,25.2851,595743.5714285715,38.62153333333333,39.11816666666667,39.89233333333333,37.35073333333333,36.576566666666665,36.07993333333333
1488,2006-09-15,38.1249,38.344,37.4676,37.4676,169612,38.072738095238094,40.52765199999998,43.251389000000046,41.71193399999997,40.70646049876039,40.65895265516758,37.861975000000015,35.06499734483245,-1.0259654228375226,-1.251642140489523,Bullish,53.8788,25.2851,596427.2380952381,38.051866666666676,38.63613333333334,38.92826666666668,37.17546666666667,36.88333333333333,36.29906666666667
1489,2006-09-18,37.4676,38.1249,36.8103,37.0294,300727,37.82232857142857,40.47813399999998,43.13526200000005,41.74786799999997,38.309225208942394,39.89174742232863,37.63739000000001,35.38303257767139,-1.0009521566020325,-1.2015041437120249,Bullish,53.8788,25.2851,577672.2380952381,37.83276666666667,38.63613333333333,39.14736666666667,36.51816666666667,36.006933333333336,35.203566666666674
1490,2006-09-19,37.0294,37.6867,36.8541,37.0074,525098,37.607390476190474,40.416781999999984,43.00686400000005,41.78303449999998,38.18763319428305,39.20453535189325,37.45005000000001,35.695564648106775,-0.9717029918123785,-1.1555439133320955,Bullish,53.8788,25.2851,580679.0476190476,37.51136666666666,38.01533333333333,38.34396666666666,36.67876666666666,36.35013333333333,35.84616666666666
1491,2006-09-20,37.0074,37.5552,36.9198,37.0951,296408,37.43314761904762,40.33658799999998,42.87057800000006,41.81754399999998,39.01855657894838,38.51396103875983,37.29448500000001,36.07500896124019,-0.9307174297485474,-1.110578616615386,Bullish,53.8788,25.2851,572832.1904761905,37.46026666666666,37.82543333333333,38.09566666666666,36.824866666666665,36.554633333333335,36.18946666666667
1492,2006-09-21,37.0951,37.7743,37.1389,37.2485,273793,37.292295238095235,40.25420399999998,42.741304000000056,41.853039999999986,40.5245862558793,38.331641753357786,37.23423000000001,36.136818246642235,-0.8757627309264748,-1.0636154394776036,Bullish,53.8788,25.2851,564640.5238095238,37.63556666666667,38.02263333333333,38.270966666666666,37.00016666666667,36.75183333333334,36.364766666666675
1493,2006-09-22,37.2485,38.5631,37.2923,38.0811,1238738,37.27455714285714,40.18584199999998,42.621452000000055,41.88842599999998,48.02712583045468,38.41990617052166,37.31092000000001,36.201933829478364,-0.7563086195311044,-1.0021540754883038,Bullish,53.8788,25.2851,567834.9523809524,38.66536666666667,39.249633333333335,39.93616666666667,37.39456666666667,36.70803333333333,36.12376666666667
1494,2006-09-25,38.0811,38.7603,37.862,38.1249,948936,37.34968095238095,40.12054799999998,42.50532400000006,41.92808449999998,48.395914269731975,38.50854522608871,37.34488000000001,36.181214773911314,-0.6506062972751181,-0.9318445198456666,Bullish,53.8788,25.2851,612496.0952380953,38.636133333333326,39.14736666666666,39.534433333333325,37.73783333333333,37.350766666666665,36.83953333333333
1495,2006-09-26,38.1249,39.0452,37.9934,39.0452,874358,37.42584761904762,40.03816399999998,42.410231000000046,41.97135849999999,55.53523028692925,38.803772362845635,37.423760000000016,36.0437476371544,-0.4869625257380932,-0.842868121024152,Bullish,53.8788,25.2851,632213.0,39.3958,39.7464,40.4476,38.344,37.6428,37.2922
1496,2006-09-27,39.0452,39.5929,38.5631,38.585,847932,37.47905714285715,39.93561999999998,42.31732900000004,42.01255099999999,51.68456921426585,38.90169327224205,37.45224500000002,36.00279672775799,-0.38991327424055555,-0.7522771516674327,Bullish,53.8788,25.2851,627173.3333333334,39.26423333333333,39.943466666666666,40.29403333333333,38.23443333333333,37.88386666666666,37.20463333333333
1497,2006-09-28,38.585,39.0013,38.4536,38.5631,335920,37.50514285714286,39.85148199999998,42.225303000000046,42.05450999999998,51.50156154139932,39.03530390765753,37.50702000000002,35.97873609234251,-0.31118108831808655,-0.6640579389975635,Bullish,53.8788,25.2851,654700.8571428572,38.89173333333333,39.22036666666666,39.43943333333333,38.34403333333333,38.124966666666666,37.79633333333333
1498,2006-09-29,38.5631,39.3081,37.9496,38.1468,1374046,37.53748571428572,39.758141999999985,42.12889500000006,42.09482599999998,48.02072156037778,39.08210150955297,37.530025000000016,35.97794849044706,-0.27915922084814326,-0.5870781953676795,Bullish,53.8788,25.2851,562105.619047619,38.98673333333334,39.826666666666675,40.34523333333335,37.628233333333334,37.10966666666666,36.26973333333333
1499,2006-10-02,38.1468,40.0311,38.6508,38.8918,1591428,37.59487142857144,39.681015999999985,42.06162900000006,42.140509999999985,54.01106301008276,39.2665696745631,37.61219000000001,35.957810325436924,-0.19145936205148217,-0.50795442870444,Bullish,53.8788,25.2851,614286.8571428572,39.731666666666676,40.57153333333334,41.11196666666668,38.35136666666667,37.81093333333333,36.971066666666665
1500,2006-10-03,38.8918,39.2862,38.2564,38.4317,722787,37.65121428571429,39.59600199999999,42.00794800000006,42.182578999999976,50.16593431145336,39.3151904954488,37.70969500000002,36.10419950455123,-0.15726990730137658,-0.43781752442382726,Bullish,53.8788,25.2851,673147.2857142857,39.059799999999996,39.6879,40.0896,38.029999999999994,37.628299999999996,37.00019999999999
1501,2006-10-04,38.4317,38.8918,38.1249,38.7822,652148,37.76076666666667,39.52237999999999,41.942434000000056,42.22727699999998,52.915873833782825,39.3767149281626,37.83020500000002,36.28369507183744,-0.10073093383845588,-0.37040020630675297,Bullish,53.8788,25.2851,700112.0952380953,39.07436666666668,39.366533333333344,39.841266666666684,38.30746666666667,37.83273333333333,37.54056666666666
1502,2006-10-05,38.7822,39.089,38.4097,38.8699,843993,37.87971428571429,39.44525399999999,41.90036500000006,42.27285149999998,53.60572823440477,39.466421516471605,37.93428500000002,36.40214848352843,-0.04829007504171301,-0.305978180053745,Bullish,53.8788,25.2851,724505.7142857143,39.16936666666666,39.46883333333333,39.84866666666666,38.490066666666664,38.11023333333333,37.810766666666666
1503,2006-10-06,38.8699,39.0671,38.5631,39.0452,403130,37.98718571428572,39.39135399999999,41.83857700000005,42.31908349999998,55.02422574763827,39.51747343053146,38.06137000000002,36.605266569468576,0.007330427719743682,-0.24331645849904726,Bullish,53.8788,25.2851,760479.0,39.220499999999994,39.3958,39.7245,38.71649999999999,38.38779999999999,38.212499999999984
1504,2006-10-09,39.0452,40.9952,38.8918,40.9952,2626886,38.20107619047619,39.36725199999999,41.796727000000054,42.37396999999997,67.08134746407349,40.08355318758457,38.27828500000002,36.473016812415466,0.2063797626158177,-0.15337721427607426,Bullish,53.8788,25.2851,757411.6666666666,41.69633333333333,42.39746666666666,43.79973333333332,39.592933333333335,38.19066666666667,37.48953333333334
1505,2006-10-10,40.9952,42.4633,40.6008,41.7183,2363638,38.44209523809524,39.35498199999999,41.760355000000054,42.43039049999997,70.26470674100578,40.80143600950436,38.45795500000001,36.11447399049567,0.41766138098036265,-0.039169495224786854,Bullish,53.8788,25.2851,873934.6666666666,42.587466666666664,43.45663333333333,44.44996666666666,40.72496666666667,39.731633333333335,38.86246666666667
1506,2006-10-11,41.7183,42.5947,41.6306,41.8498,1136843,38.61947142857143,39.340959999999995,41.725736000000055,42.485715499999976,70.81739437440976,41.40766282994465,38.655155000000015,35.90264717005538,0.5889257670952617,0.08644955723922285,Bullish,53.8788,25.2851,965979.3333333334,42.419466666666665,42.989133333333335,43.38356666666667,41.45536666666666,41.06093333333333,40.49126666666666
1507,2006-10-12,41.8498,42.2441,40.7542,40.7542,602217,38.75510952380952,39.300205999999996,41.68563900000006,42.53665799999998,60.6952369669761,41.6731631017755,38.78662000000001,35.900076898224526,0.6289975708366171,0.1949591599587017,Bullish,53.8788,25.2851,943049.8095238095,41.74746666666667,42.74073333333334,43.237366666666674,40.25756666666666,39.76093333333333,38.767666666666656
1508,2006-10-13,40.7542,41.6306,41.1924,41.2143,260453,38.90222380952381,39.267778,41.65956500000005,42.591215999999974,63.08172590724608,41.977705448008024,38.97395500000001,35.970204551992,0.6899279290859823,0.29395291378415783,Bullish,53.8788,25.2851,907681.5238095238,41.499133333333326,41.783966666666664,41.93733333333333,41.060933333333324,40.90756666666666,40.62273333333332
1509,2006-10-16,41.2143,41.9374,40.7542,40.798,68353,39.06081428571429,39.229214,41.65123900000004,42.64128199999998,59.55806824872742,42.127121497078164,39.162385000000015,36.197648502921865,0.6965938459014538,0.37448110020761705,Bullish,53.8788,25.2851,875671.0,41.572199999999995,42.346399999999996,42.755399999999995,40.388999999999996,39.98,39.205799999999996
1510,2006-10-17,40.798,41.4115,40.9733,41.4115,151571,39.269485714285715,39.20291999999999,41.64422700000004,42.694415499999984,62.851329999160164,42.328538593510416,39.382590000000015,36.43664140648961,0.7428182098349225,0.44814852213307815,Bullish,53.8788,25.2851,870849.1428571428,41.557566666666666,41.70363333333333,41.99576666666666,41.11936666666667,40.82723333333334,40.68116666666668
1511,2006-10-18,41.4115,42.025,41.6087,41.8498,639189,39.50007619047619,39.172245999999994,41.65474500000005,42.74974049999999,65.04155177021892,42.55689516458097,39.620325000000015,36.68375483541906,0.8055328173630301,0.5196253811790685,Bullish,53.8788,25.2851,863746.4761904762,42.04696666666666,42.24413333333333,42.46326666666666,41.63066666666666,41.41153333333333,41.21436666666666
1512,2006-10-19,41.8498,42.5071,41.6306,42.5071,365396,39.75779047619048,39.162606,41.65145900000005,42.80835199999999,68.08084787468562,42.8646135503772,39.88325500000001,36.901896449622825,0.8979225204991437,0.5952848090430836,Bullish,53.8788,25.2851,869179.380952381,42.79926666666667,43.091433333333335,43.67576666666667,41.92276666666667,41.338433333333334,41.04626666666667
1513,2006-10-20,41.8498,42.5071,41.6306,42.5071,365396,40.0082,39.162606,41.62691900000004,42.866963500000004,68.0808478746856,43.17375099144561,40.10455500000002,37.03535900855443,0.9600748802724652,0.6682428232889599,Bullish,53.8788,25.2851,872464.5238095238,42.79926666666667,43.091433333333335,43.67576666666667,41.92276666666667,41.338433333333334,41.04626666666667
1514,2006-10-23,41.8498,42.5071,41.6306,42.5071,365396,40.21896190476191,39.162606,41.58003000000004,42.927547000000004,68.08084787468562,43.42182009248741,40.32366500000002,37.22550990751263,0.9978287247641262,0.7341600035839931,Bullish,53.8788,25.2851,876826.5714285715,42.79926666666667,43.091433333333335,43.67576666666667,41.92276666666667,41.338433333333334,41.04626666666667
1515,2006-10-24,41.8498,42.5071,41.6306,42.5071,365396,40.4276380952381,39.162606,41.51473600000004,42.98944550000001,68.0808478746856,43.67564354451774,40.496760000000016,37.31787645548229,1.0160366801377734,0.7905353388947491,Bullish,53.8788,25.2851,835238.8571428572,42.79926666666667,43.091433333333335,43.67576666666667,41.92276666666667,41.338433333333334,41.04626666666667
1516,2006-10-25,41.8498,42.5071,41.6306,42.5071,365396,40.592490476190484,39.156034,41.45776800000003,43.05079600000002,68.0808478746856,43.8596930706576,40.69286500000002,37.52603692934244,1.0187234066540185,0.8361729524466031,Bullish,53.8788,25.2851,807451.2380952381,42.79926666666667,43.091433333333335,43.67576666666667,41.92276666666667,41.338433333333334,41.04626666666667
1517,2006-10-26,41.8498,42.5071,41.6306,42.5071,365396,40.77925714285715,39.162169999999996,41.400800000000025,43.11291350000002,68.0808478746856,43.99238003962835,40.89006500000002,37.78774996037169,1.009219008264708,0.870782163610224,Bullish,53.8788,26.5341,783214.9523809524,42.79926666666667,43.091433333333335,43.67576666666667,41.92276666666667,41.338433333333334,41.04626666666667
1518,2006-10-27,41.8498,42.5071,41.6306,42.5071,365396,40.967066666666675,39.166551999999996,41.31973000000003,43.176236000000024,68.0808478746856,44.01532892474026,41.10808000000002,38.200831075259785,0.9902714709709173,0.8946800250823627,Bullish,53.8788,26.5341,760237.0476190476,42.79926666666667,43.091433333333335,43.67576666666667,41.92276666666667,41.338433333333334,41.04626666666667
1519,2006-10-30,42.5048,44.2707,42.6789,43.7981,1094478,41.2361761904762,39.212092,41.23842400000003,43.24404150000003,75.19617560658406,44.29894089607853,41.35339500000002,38.407849103921514,1.0671271443621535,0.9291694489383209,Bullish,53.8788,27.1037,761640.6666666666,44.486233333333345,45.17436666666667,46.078033333333345,42.894433333333346,41.99076666666667,41.30263333333335
1520,2006-10-31,43.7981,44.1463,42.5297,42.6789,397089,41.4165142857143,39.25058599999999,41.171780000000034,43.30668950000004,62.24240826941985,44.237830207381684,41.565755000000024,38.893679792618364,1.025899798507858,0.9485155188522283,Bullish,53.8788,27.1037,748327.9047619047,43.7069,44.734899999999996,45.323499999999996,42.0903,41.5017,40.4737
1521,2006-11-01,42.6789,42.28100000000001,40.5649,40.5649,389466,41.51809523809525,39.25775599999999,41.13329600000004,43.358657500000035,46.091329386169726,44.0546633600494,41.65489000000002,39.25511663995064,0.8132698289809,0.9214663808779626,Bearish,53.8788,27.1037,691454.619047619,41.708966666666676,42.85303333333335,43.42506666666669,39.992866666666664,39.42083333333333,38.27676666666665
1522,2006-11-02,40.5649,41.2613,40.0177,40.54,505082,41.60180000000001,39.29948399999999,41.07243300000004,43.410172500000044,45.940117372014164,43.84276709682712,41.73839500000002,39.63402290317292,0.6354250399899115,0.8642581127003524,Bearish,53.8788,27.1037,675582.1904761905,41.194966666666666,41.84993333333333,42.43856666666667,39.951366666666665,39.36273333333333,38.707766666666664
1523,2006-11-03,40.54,42.2312,40.9877,41.9328,922730,41.74765238095239,39.407194,41.00227200000004,43.464379000000044,54.86074730092299,43.58627092999313,41.882775000000024,40.17927907000692,0.5999531963076237,0.8113971294218066,Bearish,53.8788,27.1037,668579.0476190476,42.44676666666667,42.96073333333334,43.69026666666667,41.203266666666664,40.47373333333333,39.95976666666666
1524,2006-11-06,41.9328,42.5297,41.0374,41.2861,396281,41.854361904761916,39.484002,40.90241900000004,43.51458500000004,50.67909372988009,43.57502631828174,41.89732000000002,40.2196136817183,0.5137361883365159,0.7518649412047484,Bearish,53.8788,27.8925,672328.4285714285,42.198066666666655,43.11003333333333,43.690366666666655,40.705766666666655,40.125433333333326,39.213466666666655
1525,2006-11-07,41.2861,41.7338,40.2913,40.5897,100139,41.83505238095239,39.546443999999994,40.80962500000004,43.56350000000005,46.56315138919734,43.6121961541145,41.84089000000002,40.069583845885546,0.3847794306573178,0.6784478390952623,Bearish,53.8788,27.8925,672002.2857142857,41.4519,42.3141,42.894400000000005,40.0094,39.4291,38.5669
1526,2006-11-08,40.5897,40.8384,40.1918,40.4405,146454,41.77420476190478,39.594947999999995,40.731991000000036,43.61353150000005,45.706676122408645,43.64388884526149,41.77042500000003,39.89696115473857,0.26745798882139127,0.596249869040488,Bearish,53.8788,27.8925,551681.0,40.78866666666666,41.13683333333333,41.43526666666666,40.14206666666666,39.84363333333333,39.49546666666666
1527,2006-11-09,40.5897,40.8384,40.1918,40.4405,146454,41.707095238095256,39.654405999999994,40.67583000000004,43.66224850000006,45.70667612240864,43.66682790425566,41.754740000000034,39.842652095744405,0.17249152597191397,0.5114982004267732,Bearish,53.8788,27.8925,446100.8095238095,40.78866666666666,41.13683333333333,41.43526666666666,40.14206666666666,39.84363333333333,39.49546666666666
1528,2006-11-10,40.4405,40.2415,39.2964,39.7939,161931,41.66136666666669,39.696549999999995,40.62678700000004,43.70346000000006,41.83867471412394,43.76853855670927,41.68372000000004,39.598901443290806,0.04454125991068025,0.4181068123235546,Bearish,53.8788,27.9364,398939.4285714286,40.25813333333334,40.72236666666667,41.203233333333344,39.31303333333334,38.832166666666666,38.36793333333333
1529,2006-11-13,39.7939,40.4156,39.2716,39.6944,197159,41.588990476190496,39.745467999999995,40.59909800000005,43.73683350000006,41.26003447155845,43.85763576142494,41.62854000000003,39.39944423857512,-0.06414958968044004,0.3216555319227557,Bearish,53.8788,29.0757,377973.4285714286,40.31613333333333,40.937866666666665,41.46013333333333,39.172133333333335,38.64986666666667,38.02813333333334
1530,2006-11-14,39.6944,40.1918,39.2964,39.57,138485,41.53051428571431,39.807235999999996,40.59120000000004,43.76136850000005,40.50575987434611,43.93918279555964,41.536465000000035,39.13374720444043,-0.15849883548909105,0.22562465844038634,Bearish,53.8788,29.0757,374959.4285714286,40.07573333333334,40.58146666666667,40.97113333333334,39.18033333333334,38.79066666666667,38.284933333333335
1531,2006-11-15,39.57,40.1669,38.799,39.2964,55094,41.42979523809525,39.86572399999999,40.560408000000045,43.78453550000005,38.82468064111897,43.99564574287273,41.40879500000003,38.821944257127335,-0.25243857125951763,0.13001201250040553,Bearish,53.8788,29.0757,378299.04761904763,40.042533333333346,40.78866666666667,41.410433333333344,38.67463333333335,38.052866666666674,37.30673333333335
1532,2006-11-16,39.2716,39.2964,38.799,39.0477,99215,41.29636190476192,39.910911999999996,40.50609400000005,43.80645900000004,37.3089272889754,43.96452825017268,41.23582500000003,38.50712174982738,-0.3430006027462156,0.035409489451081314,Bearish,53.8788,29.0757,373704.90476190473,39.2964,39.5451,39.7938,38.799,38.5503,38.3016
1533,2006-11-17,39.0477,40.2415,38.4011,39.371,612150,41.14702380952382,39.968261999999996,40.46158700000005,43.82134450000004,40.55778174495864,43.85746500150772,41.07902000000003,38.30057499849234,-0.3842546091503678,-0.048523330269208506,Bearish,53.8788,29.2291,347991.85714285716,40.27463333333334,41.17826666666667,42.11503333333334,38.43423333333334,37.49746666666667,36.593833333333336
1534,2006-11-20,39.371,39.9928,38.5503,38.6498,126473,40.96334285714287,40.00811999999999,40.43177900000005,43.824407000000036,36.067484366808344,43.774633571480976,40.886155000000024,37.99767642851907,-0.4697287781661501,-0.13276441984859683,Bearish,53.8788,29.2291,359742.04761904763,39.578300000000006,40.506800000000005,41.02080000000001,38.1358,37.6218,36.6933
1535,2006-11-21,38.6498,39.4208,38.3762,38.9482,164588,40.79387142857144,40.02458599999999,40.39882000000005,43.83071450000004,39.073128589250295,43.613772276669444,40.70821000000002,37.8026477233306,-0.5075386965897266,-0.2077192751968228,Bearish,53.8788,29.2291,348364.7619047619,39.45393333333334,39.95966666666667,40.49853333333334,38.409333333333336,37.870466666666665,37.364733333333334
1536,2006-11-22,38.9482,40.0923,38.7741,39.6198,1096326,40.65638095238097,40.058865999999995,40.37016600000005,43.83764100000004,45.305534271352734,43.383180622075216,40.56384500000003,37.74450937792484,-0.47780300650460816,-0.2617360214583799,Bearish,53.8788,29.2291,338802.4761904762,40.216699999999996,40.8136,41.5349,38.89849999999999,38.17719999999999,37.58029999999999
1537,2006-11-23,39.6198,40.3908,39.6944,40.2167,510626,40.5473142857143,40.10070199999999,40.35515000000005,43.85467300000005,50.1830588799556,43.126085721376455,40.44932500000002,37.77256427862359,-0.40144481049485137,-0.2896777792656742,Bearish,53.8788,29.2291,373608.6666666667,40.50686666666667,40.79703333333333,41.203266666666664,39.81046666666667,39.40423333333334,39.11406666666667
1538,2006-11-24,40.2167,40.3659,39.7441,39.7441,110649,40.41574285714287,40.14623199999999,40.33694200000005,43.86824650000005,46.63686667350175,42.829366243632194,40.31117500000002,37.792983756367846,-0.3747454283163236,-0.30669130907580405,Bearish,53.8788,29.2291,380524.38095238095,40.15863333333334,40.57316666666667,40.78043333333334,39.53683333333334,39.32956666666667,38.91503333333334
1539,2006-11-27,39.7441,40.0177,39.4457,39.4457,76577,40.269961904761914,40.194557999999994,40.336346000000056,43.871125500000055,44.498696743024524,42.060769651710366,40.09355500000002,38.12634034828968,-0.3733604943779767,-0.32002514613623856,Bearish,53.8788,29.2291,368393.5714285714,39.82703333333333,40.20836666666666,40.39903333333333,39.25503333333334,39.06436666666667,38.68303333333334
1540,2006-11-28,39.4457,40.6892,38.9482,40.0426,739200,40.09112857142858,40.255261999999995,40.33602200000006,43.867348500000055,49.4875290969555,41.53150120400695,39.96174000000002,38.39197879599309,-0.3204046573108599,-0.3201010483711628,Bearish,53.8788,29.2291,354640.28571428574,40.83846666666666,41.63433333333333,42.57946666666666,39.09746666666666,38.15233333333333,37.35646666666666
1541,2006-11-29,40.0426,39.9928,38.799,39.1472,203280,39.92295238095239,40.29630399999999,40.316446000000056,43.84890600000005,43.21263156550516,41.47325387193593,39.89085500000002,38.308456128064115,-0.34669162647695373,-0.325419163992321,Bearish,53.8788,29.2291,337722.28571428574,39.82699999999999,40.5068,41.020799999999994,38.63319999999999,38.11919999999999,37.439399999999985
1542,2006-11-30,39.1472,39.5451,38.799,38.99800000000001,78540,39.848338095238105,40.33129399999999,40.29274900000006,43.819090500000044,42.2512693575938,41.4123070679361,39.81375500000003,38.21520293206396,-0.3752379228153231,-0.3353829157569214,Bearish,53.8788,29.2291,328493.28571428574,39.42906666666668,39.86013333333334,40.17516666666668,38.68296666666668,38.36793333333334,37.93686666666668
1543,2006-12-01,38.99800000000001,38.7741,37.8042,38.3265,154308,39.74293333333335,40.336201999999986,40.261022000000054,43.77868700000005,38.138778141162774,41.036875022223896,39.63344000000002,38.23000497777615,-0.4468939906266911,-0.3576851307308754,Bearish,53.8788,29.5358,313687.28571428574,38.799,39.271499999999996,39.768899999999995,37.829100000000004,37.331700000000005,36.85920000000001
1544,2006-12-04,38.3265,39.6446,38.799,39.1969,294987,39.6126523809524,40.357641999999984,40.239095000000056,43.752276000000045,45.5384546091088,40.71971032816125,39.528980000000026,38.3382496718388,-0.4285083572523902,-0.3718497760351783,Bearish,53.8788,29.6454,296983.7619047619,39.62800000000001,40.0591,40.473600000000005,38.78240000000001,38.367900000000006,37.93680000000001
1545,2006-12-05,39.1969,39.2964,38.6995,39.0229,120351,39.504880952380965,40.35719599999999,40.197680000000055,43.71436850000005,44.39519398667846,40.55494435188995,39.45064000000003,38.346335648110106,-0.42310071449757203,-0.3820999637276571,Bearish,53.8788,29.755,267091.2380952381,39.31303333333334,39.60316666666667,39.909933333333335,38.71613333333334,38.40936666666667,38.11923333333334
1546,2006-12-06,39.0229,39.7192,38.6995,39.2964,249942,39.44329523809525,40.37142399999998,40.15352200000006,43.68067700000004,46.661910349451055,40.40100231045838,39.393435000000025,38.38586768954167,-0.3922246329717396,-0.3841248975764736,Bearish,53.8788,29.755,253951.7142857143,39.77723333333334,40.25806666666667,40.79693333333334,38.75753333333334,38.21866666666667,37.73783333333334
1547,2006-12-07,39.2964,39.5451,38.7493,38.8488,95172,39.36750000000001,40.37713799999998,40.11431000000006,43.63948900000004,43.534157526972905,40.224845735449506,39.313850000000016,38.40285426455053,-0.39927015732646964,-0.3871539495264728,Bearish,53.8788,29.755,261085.19047619047,39.34616666666667,39.84353333333333,40.14196666666667,38.55036666666667,38.251933333333334,37.75456666666667
1548,2006-12-08,38.8488,39.0477,38.6498,38.7493,107646,39.28696666666667,40.38918799999998,40.07366500000006,43.58673850000004,42.84660791495082,40.176308514417684,39.261620000000015,38.346931485582346,-0.4081773897146377,-0.39135863756410577,Bearish,53.8788,29.755,258643.19047619047,38.981399999999994,39.213499999999996,39.37929999999999,38.583499999999994,38.417699999999996,38.185599999999994
1549,2006-12-11,38.7493,39.5451,38.1026,39.2964,820628,39.26327619047619,40.39727999999998,40.03914800000006,43.54899350000003,47.73445589580973,40.13494632205201,39.241720000000015,38.34849367794802,-0.366861091560466,-0.3864591283633778,Bullish,53.8788,29.755,256795.19047619047,39.86013333333333,40.42386666666666,41.302633333333326,38.417633333333335,37.53886666666667,36.97513333333334
1550,2006-12-12,39.2964,39.5451,38.8736,38.9234,183530,39.22656190476191,40.40711399999997,40.00155800000007,43.50533000000003,44.9142144671291,40.099549715785706,39.20939000000001,38.31923028421432,-0.3600650050686198,-0.38118030370442624,Bullish,53.8788,29.755,288161.71428571426,39.354466666666674,39.78553333333333,40.02596666666667,38.68296666666668,38.442533333333344,38.011466666666685
1551,2006-12-13,38.9234,39.0229,38.3016,38.4508,251559,39.17326666666666,40.40048599999997,39.96143300000006,43.467301000000035,41.56351020138868,40.11516671539573,39.167110000000015,38.2190532846043,-0.38833741587906445,-0.3826117261393539,Bearish,53.8788,29.755,287512.71428571426,38.88193333333334,39.31306666666667,39.60323333333334,38.160633333333344,37.87046666666667,37.439333333333344
1552,2006-12-14,38.4508,38.799,38.3016,38.3265,96905,39.12708095238096,40.38961799999997,39.917436000000066,43.42120050000003,40.703417505689075,40.14696511752078,39.131050000000016,38.11513488247925,-0.41597833698834563,-0.3892850483091522,Bearish,53.8788,29.755,292897.1904761905,38.64979999999999,38.973099999999995,39.14719999999999,38.15239999999999,37.9783,37.654999999999994
1553,2006-12-15,38.3265,38.7493,38.1026,38.5006,152345,39.10102857142857,40.37872599999997,39.88504000000006,43.38363950000003,42.49826004155322,40.132750457323375,39.087530000000015,38.042309542676655,-0.41900551635329464,-0.3952291419179807,Bearish,53.8788,29.755,294888.1904761905,38.799066666666654,39.097533333333324,39.44576666666665,38.15236666666666,37.80413333333333,37.50566666666666
1554,2006-12-18,38.5006,38.5006,36.5855,36.5855,333680,38.968385714285716,40.29053199999997,39.82889200000007,43.34702000000002,31.281610285376388,40.488835446224336,38.98431500000002,37.4797945537757,-0.5693737564101298,-0.4300580648164105,Bearish,53.8788,29.755,297418.1904761905,37.86223333333334,39.13896666666667,39.77733333333334,35.94713333333335,35.30876666666668,34.03203333333335
1555,2006-12-19,36.5855,36.5606,34.7699,34.7699,327327,38.78362857142857,40.15156399999997,39.753273000000064,43.29036700000002,24.641533010856932,41.150478475336925,38.77540000000001,36.4003215246631,-0.8255292293160821,-0.5091522977163448,Bearish,53.8788,29.755,284157.71428571426,35.96370000000001,37.157500000000006,37.75440000000001,34.17300000000001,33.576100000000004,32.38230000000001
1556,2006-12-20,33.4268,34.5709,33.0538,34.1481,853430,38.55505238095238,39.99752999999997,39.66924500000006,43.23213900000002,22.852444135213275,41.58100020734093,38.501815000000015,35.4226297926591,-1.066415377839931,-0.6206049137410621,Bearish,53.8788,29.755,293722.1904761905,34.79473333333332,35.44136666666666,36.31183333333332,33.27763333333332,32.40716666666666,31.76053333333332
1557,2006-12-21,34.3222,34.3719,32.4817,32.631,296027,38.222252380952376,39.83506599999997,39.56763600000006,43.15975200000002,19.191300467410276,42.02266855348858,38.12253000000001,34.222391446511445,-1.3640131822065982,-0.7692865674341693,Bearish,53.8788,29.755,326524.1904761905,33.841366666666666,35.05173333333333,35.731566666666666,31.951166666666666,31.27133333333333,30.060966666666666
1558,2006-12-22,31.8351,34.2476,31.5615,32.3325,305498,37.84681428571428,39.65742999999997,39.462604000000056,43.090693000000016,18.561206771096074,42.31711749068515,37.75195000000001,33.18678250931487,-1.605441511186676,-0.9365175561846707,Bearish,53.8788,29.755,288414.71428571426,33.86623333333334,35.39996666666667,36.55233333333334,31.180133333333337,30.02776666666667,28.494033333333338
1559,2006-12-25,31.8351,34.2476,31.5615,32.3325,305498,37.49388095238095,39.48811999999997,39.358667000000054,43.01747100000002,18.561206771096074,42.45940247392444,37.39629000000001,32.33317752607557,-1.776299130630477,-1.104473871073832,Bearish,53.8788,29.755,278646.71428571426,33.86623333333334,35.39996666666667,36.55233333333334,31.180133333333337,30.02776666666667,28.494033333333338
1560,2006-12-26,32.5812,33.3274,32.3325,32.9792,165743,37.18595238095237,39.31947399999997,39.26119700000006,42.94134750000002,24.7675240923745,42.300280566162016,37.04312000000001,31.785959433838006,-1.8383306087630231,-1.2512452186116703,Bearish,53.8788,29.755,287925.2380952381,33.42690000000001,33.8746,34.421800000000005,32.432000000000016,31.884800000000013,31.437100000000022
1561,2006-12-27,32.9792,33.6756,32.5812,33.2776,191384,36.863809523809515,39.14802999999997,39.16013800000005,42.85466500000001,27.512547946894113,42.15737638610536,36.749640000000014,31.341903613894665,-1.8421771445219903,-1.3694316037937342,Bearish,53.8788,29.755,292171.2380952381,33.77506666666667,34.272533333333335,34.86946666666667,32.68066666666667,32.083733333333335,31.586266666666667
1562,2006-12-28,33.2776,33.8248,32.4817,33.4517,159968,36.59259523809523,38.96692199999997,39.06476400000006,42.76885300000001,29.137139106433256,41.95869497435549,36.472325000000005,30.98595502564452,-1.810309021318652,-1.4576070872987177,Bearish,53.8788,29.755,266084.7619047619,34.02376666666667,34.59583333333334,35.366866666666674,32.68066666666666,31.909633333333325,31.337566666666653
1563,2006-12-29,33.0786,33.3771,32.3325,32.5812,177524,36.28703333333332,38.76840399999997,38.965505000000064,42.67321100000001,25.99951324365126,41.85169467514969,36.18506000000001,30.518425324850327,-1.8341524117283612,-1.5329161521846464,Bearish,53.8788,29.7988,264022.28571428574,33.194700000000005,33.8082,34.2393,32.15010000000001,31.71900000000001,31.105500000000013
1564,2007-01-01,33.0786,33.3771,32.3325,32.5812,177524,36.013447619047604,38.56988599999997,38.86624600000007,42.56672300000001,25.99951324365126,41.55132678311644,35.854275,30.157223216883565,-1.8319311089242447,-1.592719143532566,Bearish,53.8788,29.8426,268735.8095238095,33.194700000000005,33.8082,34.2393,32.15010000000001,31.71900000000001,31.105500000000013
1565,2007-01-02,33.0786,33.3771,32.3325,32.5812,177524,35.69841428571427,38.37136799999997,38.766987000000064,42.46341200000002,25.99951324365127,41.20458024958708,35.53219,29.85979975041292,-1.809314064175446,-1.636038127661142,Bearish,53.8788,29.8426,269841.3333333333,33.194700000000005,33.8082,34.2393,32.15010000000001,31.71900000000001,31.105500000000013
1566,2007-01-03,32.8299,32.8299,32.5563,32.8051,45045,35.402328571428555,38.17732799999997,38.66668100000007,42.36516450000002,28.473848124885432,40.72198715491067,35.207625,29.69326284508933,-1.7531142249656995,-1.6594533471220534,Bearish,53.8788,29.8426,264247.85714285716,32.904566666666675,33.00403333333334,33.17816666666668,32.63096666666667,32.456833333333336,32.35736666666667
1567,2007-01-04,32.8299,34.4217,32.8299,34.4217,668168,35.17019999999999,38.01561999999997,38.588895000000065,42.27565750000002,43.23277362803104,40.24783843312049,34.986270000000005,29.724701566879514,-1.5601449580638658,-1.6395916693104158,Bullish,53.8788,29.8426,260661.85714285713,34.9523,35.4829,36.5441,33.3605,32.2993,31.768700000000003
1568,2007-01-05,34.4714,34.5212,33.6507,34.3222,415916,34.954647619047606,37.85192199999997,38.50923700000007,42.187625000000025,42.64945140924926,39.739272151342426,34.764915,29.790557848657578,-1.3991161027069978,-1.5914965559897323,Bullish,53.8788,29.8426,280577.38095238095,34.678700000000006,35.0352,35.549200000000006,33.80820000000001,33.294200000000004,32.93770000000001
1569,2007-01-08,34.5212,35.1181,34.3222,34.4217,422268,34.74857142857142,37.66439399999997,38.438243000000064,42.09899400000003,43.470847400060535,39.04039343979364,34.52118,30.001966560206366,-1.2490722291059555,-1.523011690612977,Bullish,53.8788,29.8426,295850.90476190473,34.91913333333333,35.41656666666666,35.715033333333324,34.12323333333333,33.82476666666667,33.327333333333335
1570,2007-01-09,34.6207,35.0683,34.4217,34.5709,197274,34.52354761904761,37.50223399999997,38.37641000000007,42.01275250000003,44.74872061424644,38.348111067346714,34.303555,30.258998932653288,-1.1053800520213102,-1.4394853628946436,Bullish,53.8788,29.8426,310832.90476190473,34.95223333333334,35.33356666666667,35.59883333333334,34.30563333333334,34.04036666666667,33.65903333333334
1571,2007-01-10,34.5709,35.5658,34.5709,34.944,671055,34.33405238095237,37.389815999999975,38.32378600000007,41.93243000000003,47.91926271656246,37.716747159687415,34.128215000000004,30.539682840312597,-0.9504408243678526,-1.3416764551892855,Bullish,53.8788,29.8426,281149.38095238095,35.48290000000001,36.021800000000006,36.47780000000001,34.48800000000001,34.032000000000004,33.493100000000005
1572,2007-01-11,34.8694,35.0683,34.6704,34.944,342573,34.167061904761894,37.27789599999997,38.28869000000007,41.85747550000003,47.919262716562464,37.020320413348706,33.95909,30.8978595866513,-0.818218457125198,-1.236984855576468,Bullish,53.8788,29.8426,304364.85714285716,35.11806666666668,35.29213333333334,35.51596666666668,34.72016666666668,34.49633333333334,34.32226666666668
1573,2007-01-12,34.9689,35.1181,34.6455,34.6953,303650,33.9941476190476,37.133145999999975,38.270170000000064,41.76889800000003,45.8837671720791,36.05129449147412,33.76882500000001,31.486355508525897,-0.7251403237342302,-1.1346159492080203,Bullish,53.8788,29.8426,308698.85714285716,34.99376666666667,35.292233333333336,35.46636666666667,34.52116666666667,34.347033333333336,34.04856666666667
1574,2007-01-15,35.0186,35.516,34.8196,35.1678,246362,33.835442857142844,37.010779999999976,38.247391000000064,41.68838000000002,50.21094389896758,35.69650519673789,33.69794,31.699374803262113,-0.6062598451659866,-1.0289447283996136,Bullish,53.8788,29.8426,318543.85714285716,35.516,35.8642,36.212399999999995,34.8196,34.4714,34.123200000000004
1575,2007-01-16,35.143,35.1927,34.6455,34.6455,114923,33.743061904761895,36.891895999999974,38.21917000000007,41.60525050000003,45.84689231679837,35.67763601897239,33.691720000000004,31.705803981027618,-0.5478758822402554,-0.932730959167742,Bullish,53.8788,29.8426,323020.85714285716,35.0103,35.3751,35.557500000000005,34.4631,34.280699999999996,33.91589999999999
1576,2007-01-17,34.7948,35.4165,34.6953,34.8694,456803,33.74779999999999,36.78047399999998,38.187711000000064,41.52324050000003,47.93593962753513,35.77091720157458,33.727785000000004,31.684652798425425,-0.47802889268601945,-0.8417905458713975,Bullish,53.8788,29.8426,312603.85714285716,35.29216666666666,35.71493333333333,36.013366666666656,34.57096666666666,34.272533333333335,33.84976666666667
1577,2007-01-18,35.0683,36.4363,34.9689,36.4114,1183413,33.85557619047618,36.69989199999998,38.17714900000007,41.43908050000004,59.5183315868488,36.20399659186813,33.916805000000004,31.629613408131874,-0.2948492981043671,-0.7324022963179914,Bullish,53.8788,29.8426,318769.38095238095,36.90883333333333,37.40626666666667,38.37623333333333,35.44143333333332,34.47146666666666,33.97403333333332
1578,2007-01-19,36.0632,38.227,36.0632,38.227,1969853,34.12205238095237,36.66855399999998,38.182552000000065,41.367066000000044,68.4251404734527,37.05711355990681,34.21153,31.365946440093197,-0.003138227727248477,-0.5865494825998427,Bullish,53.8788,29.8426,334482.85714285716,38.94826666666666,39.66953333333333,41.11206666666666,36.78446666666667,35.34193333333334,34.62066666666667
1579,2007-01-22,38.7493,39.2218,36.8093,38.5503,1478862,34.418138095238085,36.64567199999998,38.19557000000006,41.294586500000044,69.70342485101138,37.804122256819156,34.522420000000004,31.240717743180856,0.25123640835428773,-0.41899230440901664,Bullish,53.8788,30.1493,414188.85714285716,39.578300000000006,40.606300000000005,41.99080000000001,37.165800000000004,35.7813,34.7533
1580,2007-01-23,38.799,38.9482,37.6798,37.6798,307461,34.672771428571416,36.60786799999998,38.20755200000006,41.22213650000004,62.38052893601937,38.23108173033809,34.757450000000006,31.28381826966192,0.37822808724033763,-0.25954822607914574,Bullish,53.8788,30.1493,470063.3333333333,38.525400000000005,39.371,39.793800000000005,37.257000000000005,36.8342,35.988600000000005
1581,2007-01-24,37.8539,38.6995,37.8539,38.2021,407138,34.92148095238094,36.58598199999998,38.22585300000006,41.15843300000004,64.77193572367509,38.71295281589793,35.003675,31.294397184102078,0.5150776580229675,-0.1046230492587231,Bullish,53.8788,30.1713,470156.8095238095,38.64976666666667,39.097433333333335,39.49536666666667,37.804166666666674,37.40623333333334,36.95856666666668
1582,2007-01-25,38.2021,39.2467,38.2021,38.3265,1167474,35.16190476190475,36.571557999999975,38.24123500000006,41.09480400000004,65.3371204905138,39.152234212346706,35.247415000000004,31.342595787653302,0.6263497985732016,0.04157152030766187,Bullish,53.8788,30.237,481651.8095238095,38.98143333333333,39.63636666666666,40.026033333333324,37.93683333333333,37.54716666666667,36.89223333333334
1583,2007-01-26,38.6995,39.2964,38.3016,38.799,919034,35.41653809523808,36.560117999999974,38.26419000000006,41.036824000000045,67.47177755521088,39.553553857069005,35.558305000000004,31.563056142931003,0.7440832443197039,0.18207386511007026,Bullish,53.8788,30.4342,528132.2857142857,39.2964,39.7938,40.291199999999996,38.3016,37.8042,37.3068
1584,2007-01-29,38.6995,39.2964,38.3016,38.799,919034,35.7126238095238,36.56310199999998,38.28561100000006,40.98541750000005,67.47177755521088,39.85707577077431,35.869195000000005,31.881314229225705,0.8278449668353929,0.3112280854551348,Bullish,53.8788,30.4342,564278.2857142857,39.2964,39.7938,40.291199999999996,38.3016,37.8042,37.3068
1585,2007-01-30,38.6995,39.2964,38.3016,38.799,919034,36.008709523809515,36.560117999999974,38.292352000000065,40.94299450000005,67.47177755521088,40.06224315199625,36.180085000000005,32.29792684800376,0.8840361173324638,0.4257896918306006,Bullish,53.8788,30.4342,599588.2857142857,39.2964,39.7938,40.291199999999996,38.3016,37.8042,37.3068
1586,2007-01-31,39.0477,39.7939,38.6,39.2467,410718,36.326114285714276,36.55265599999998,38.30576100000007,40.89163500000004,69.68137097658892,40.27826491566839,36.502165000000005,32.72606508433162,0.9536999974389175,0.531371752952264,Bullish,53.8788,30.4342,634898.2857142857,39.827066666666674,40.40743333333334,41.02096666666667,38.633166666666675,38.01963333333334,37.439266666666676
1587,2007-02-01,39.2218,39.7939,38.6995,38.9482,829521,36.61864285714285,36.527285999999975,38.313994000000065,40.83856400000005,66.44074822987565,40.52124481300995,36.72849000000001,32.935735186990065,0.9735996186341325,0.6198173260886377,Bullish,53.8788,30.6971,646002.7619047619,39.594899999999996,40.2416,40.689299999999996,38.500499999999995,38.0528,37.406099999999995
1588,2007-02-02,39.0477,40.8882,38.9234,40.8882,1888887,36.92657142857142,36.55016799999998,38.34820000000006,40.79979450000005,74.68185799364628,41.088719644178894,37.056790000000014,33.02486035582113,1.1328531723496482,0.7224244953408399,Bullish,53.8788,31.5516,683358.7619047619,41.54313333333333,42.19806666666666,43.50793333333333,39.57833333333333,38.26846666666667,37.613533333333336
1589,2007-02-05,39.0477,40.8882,38.9234,40.8882,1888887,37.23923809523809,36.579017999999984,38.38678800000007,40.761025000000046,74.68185799364629,41.54970743681075,37.38011500000001,33.21052256318927,1.244714467456113,0.8268824897638944,Bullish,53.8788,32.3325,741488.2380952381,41.54313333333333,42.19806666666666,43.50793333333333,39.57833333333333,38.26846666666667,37.613533333333336
1590,2007-02-06,41.6592,42.9276,41.5348,42.5794,2262876,37.62769999999999,36.629753999999984,38.44250800000007,40.72468600000005,79.71752482884517,42.31621144815513,37.78054000000001,33.24486855184489,1.4530808443348988,0.9521221606780953,Bullish,53.8788,32.3325,811629.7142857143,43.15973333333333,43.740066666666664,44.55253333333333,41.76693333333333,40.95446666666666,40.374133333333326
1591,2007-02-07,42.6789,43.8479,42.28100000000001,42.8779,1352852,38.02327142857142,36.70436799999999,38.50033600000007,40.68545700000005,80.45638803094984,43.02803614549222,38.17723500000001,33.3264338545078,1.6235834946606147,1.0864144274745993,Bullish,53.8788,32.3325,899277.7142857143,43.723533333333314,44.56916666666665,45.290433333333304,42.156633333333325,41.435366666666674,40.589733333333335
1592,2007-02-08,43.2758,43.2758,42.1317,42.5297,969161,38.384495238095234,36.775001999999986,38.553148000000064,40.64722600000005,76.93560259417212,43.52168584923478,38.55652000000001,33.59135415076525,1.7108891780250843,1.2113093775846964,Bullish,53.8788,32.3325,954305.2380952381,43.15976666666666,43.78983333333333,44.30386666666666,42.01566666666667,41.50163333333334,40.87156666666667
1593,2007-02-09,42.9028,43.2261,41.7835,41.7835,519866,38.71018571428571,36.84414199999999,38.59017200000007,40.60581200000004,69.87839179222219,43.73289247646197,38.910930000000015,34.08896752353806,1.700267828204943,1.3091010677087458,Bullish,53.8788,32.3325,968500.7619047619,42.74523333333334,43.70696666666667,44.187833333333344,41.30263333333333,40.82176666666666,39.86003333333333
1594,2007-02-12,42.4799,42.4799,39.8436,40.7887,348926,39.000347619047616,36.87597799999999,38.61681000000007,40.56106700000005,61.74663732462871,43.75688206931797,39.191975000000006,34.627067930682045,1.593212721329273,1.3659233984328512,Bullish,53.8788,32.3325,976943.2857142857,42.231199999999994,43.6737,44.86749999999999,39.594899999999996,38.4011,36.9586
1595,2007-02-13,40.7887,40.7887,39.7939,40.54,340263,39.25616666666666,36.906319999999994,38.63175800000007,40.52099450000005,59.87085890058199,43.57574298632436,39.486700000000006,35.397657013675655,1.471342051026923,1.3870071289516654,Bullish,53.8788,32.3325,979099.2857142857,40.9545,41.369,41.9493,39.959700000000005,39.379400000000004,38.96490000000001
1596,2007-02-14,40.6892,41.1866,38.8239,39.2964,217025,39.477638095238085,36.906319999999994,38.63887200000007,40.478100500000046,51.45355141560246,43.210569124003534,39.70805,36.205530875996466,1.2598873429435784,1.361583171750048,Bearish,53.8788,32.3325,983570.7619047619,40.71403333333334,42.13166666666667,43.07673333333334,38.35133333333334,37.406266666666674,35.98863333333335
1597,2007-02-15,39.3462,39.3462,38.3762,39.2467,168861,39.68608095238094,36.91427799999999,38.64570800000007,40.43550550000005,51.144085034729734,43.02097243429897,39.84981500000001,36.678657565701045,1.0758953369757833,1.3044456047951951,Bearish,53.8788,32.3325,988432.7619047619,39.6032,39.959700000000005,40.57320000000001,38.633199999999995,38.01969999999999,37.66319999999999
1598,2007-02-16,39.0477,39.0477,38.1772,38.3016,110072,39.77609047619047,36.90532399999999,38.64725600000007,40.38807550000004,45.535488746398606,43.01722514405804,39.85354500000001,36.689864855941984,0.8440885478332021,1.2123741934027965,Bearish,53.8788,32.3325,974721.2380952381,38.84046666666667,39.379333333333335,39.71096666666667,37.96996666666667,37.638333333333335,37.09946666666667
1599,2007-02-19,37.829,38.799,37.8042,38.7741,147609,39.80214285714285,36.89487799999999,38.64607900000007,40.35385400000004,48.571948768862114,43.011435174008895,39.86473500000001,36.718034825991126,0.6905466070766693,1.1080086761375711,Bearish,53.8788,32.3325,923609.7619047619,39.114,39.4539,40.108799999999995,38.1192,37.4643,37.1244
1600,2007-02-20,39.1223,39.6944,38.6995,38.7493,341880,39.81161904761903,36.89139599999999,38.64925500000007,40.32860150000005,48.41936525921156,42.94877670271586,39.91821,36.88764329728414,0.5604023901639792,0.9984874189428528,Bearish,53.8788,32.3325,836836.2380952381,39.395966666666666,40.042633333333335,40.39086666666667,38.401066666666665,38.05283333333333,37.406166666666664
1601,2007-02-21,38.4259,39.2964,37.8042,39.0726,346500,39.87794285714284,36.903831999999994,38.65215900000007,40.297296500000044,50.59810034960604,42.91652118263809,39.961735000000004,37.006948817361916,0.47784150921912527,0.8943582369981072,Bearish,53.8788,32.3325,782694.2380952381,39.644600000000004,40.2166,41.1368,38.15240000000001,37.232200000000006,36.66020000000001
1602,2007-02-22,39.1472,40.0923,39.0726,39.6446,505313,39.94663333333332,36.930194,38.65990600000007,40.28013550000005,54.27785882142946,42.89097786508149,40.027640000000005,37.16430213491852,0.45334120068148565,0.8061548297347829,Bearish,53.8788,32.3325,784553.2380952381,40.13373333333332,40.62286666666666,41.15343333333332,39.11403333333332,38.58346666666666,38.09433333333332
1603,2007-02-23,40.2167,40.2167,37.6798,37.6798,697967,39.91583809523808,36.91377799999999,38.64625200000007,40.242414500000045,42.55288930312031,42.969468672740184,39.971680000000006,36.97389132725983,0.27224333842913495,0.6993725314736533,Bearish,53.8788,32.3325,789228.2380952381,39.371066666666664,41.062333333333335,41.90796666666667,36.83416666666666,35.98853333333333,34.29726666666666
1604,2007-02-26,36.5855,36.8093,35.8145,35.8145,478055,39.77371904761903,36.898357999999995,38.59444500000007,40.19558600000005,34.85503680587959,43.29794891567728,39.822455000000005,36.34696108432273,-0.02154379967090847,0.555189265244741,Bearish,53.8788,32.3325,766870.7619047619,36.47769999999999,37.140899999999995,37.47249999999999,35.482899999999994,35.1513,34.488099999999996
1605,2007-02-27,34.944,35.317,34.0237,34.0486,504273,39.54750952380951,36.883931999999994,38.51774800000007,40.13905150000005,29.427571513168292,43.8641152066648,39.584935,35.305754793335204,-0.39234291015190337,0.36568283016541214,Bearish,53.8788,32.3325,745871.7619047619,34.902499999999996,35.7564,36.1958,33.609199999999994,33.169799999999995,32.31589999999999
1606,2007-02-28,33.8248,34.7699,33.1284,33.7999,168861,39.30945714285713,36.876968,38.43724900000007,40.08149250000005,28.748613718037596,44.281010476377844,39.312595,34.34417952362216,-0.6982232057122033,0.15290162298988907,Bearish,53.8788,32.3325,726121.2380952381,34.6704,35.5409,36.3119,33.0289,32.2579,31.3874
1607,2007-03-01,33.5512,34.1481,33.0786,33.3274,190806,39.0275857142857,36.89089599999999,38.362981000000076,40.02431000000005,27.4526770816917,44.644680111193566,39.031555,33.41842988880643,-0.9676083580091586,-0.07120037320992045,Bearish,53.8788,32.3325,690398.7142857143,33.95746666666667,34.58753333333333,35.02696666666667,32.88796666666667,32.44853333333334,31.818466666666673
1608,2007-03-02,33.5015,33.7502,32.631,32.6807,124394,38.729133333333316,36.897859999999994,38.27764500000007,39.968605000000046,25.74227019673196,44.802667577146174,38.621179999999995,32.43969242285382,-1.2192268293756143,-0.30080566444305923,Bearish,53.8788,32.3325,679926.7142857143,33.41026666666667,34.139833333333335,34.52946666666667,32.29106666666667,31.901433333333337,31.171866666666673
1609,2007-03-05,32.0838,32.5812,32.0838,32.2082,101987,38.31579999999998,36.89537399999999,38.19174700000007,39.92149300000005,24.539285023563906,44.869601060245415,38.18718,31.50475893975458,-1.440161793216852,-0.5286768901978178,Bearish,53.8788,32.3325,646349.2380952381,32.498333333333335,32.78846666666667,32.99573333333334,32.00093333333333,31.79366666666666,31.503533333333323
1610,2007-03-06,32.631,33.5015,32.3823,32.3823,301917,37.91075714285713,36.88343599999999,38.10145500000007,39.87284100000005,25.91312561787832,44.49611886691735,37.677325,30.858531133082657,-1.582958567813634,-0.739533225720981,Bearish,53.8788,32.2082,561258.7619047619,33.128433333333334,33.87456666666667,34.24763333333333,32.009233333333334,31.636166666666668,30.890033333333335
1611,2007-03-07,32.4569,33.402,32.4569,33.402,442019,37.47373809523808,36.885923999999996,38.01697700000007,39.83586100000005,33.544530431369616,43.825048534022926,37.20353000000001,30.582011465977093,-1.5954533790468588,-0.9107172563861565,Bearish,53.8788,32.2082,485688.7619047619,33.717033333333326,34.032066666666665,34.66213333333333,32.77193333333332,32.14186666666666,31.82683333333332
1612,2007-03-08,33.4766,34.0735,33.2279,33.6507,1014783,37.03434761904761,36.889903999999994,37.92841300000007,39.789936000000054,35.29513557286549,43.07678223789056,36.75958000000001,30.442377762109448,-1.5672216399384524,-1.0420181330966156,Bearish,53.8788,32.2082,398981.28571428574,34.0735,34.496300000000005,34.91910000000001,33.2279,32.805099999999996,32.382299999999994
1613,2007-03-09,33.8248,33.8994,33.402,33.6009,407715,36.60916666666666,36.91029799999999,37.83935100000007,39.733135000000054,35.09576985404645,42.3658462564414,36.35045000000001,30.335053743558618,-1.5312153299254447,-1.1398575724623814,Bearish,53.8788,32.2082,382882.7619047619,33.866200000000006,34.1315,34.363600000000005,33.36880000000001,33.136700000000005,32.87140000000001
1614,2007-03-12,33.3274,33.3274,32.7553,32.8299,264726,36.18280476190475,36.91527199999999,37.74257900000008,39.66130450000005,32.075035765941436,41.791243509555834,35.952510000000004,30.113776490444174,-1.5470597841326281,-1.2212980147964307,Bearish,53.8788,32.2082,356147.2380952381,33.18643333333333,33.542966666666665,33.75853333333333,32.614333333333335,32.39876666666667,32.042233333333336
1615,2007-03-13,33.2527,33.2527,32.7304,32.7304,254562,35.799076190476185,36.918255999999985,37.64481200000008,39.57977400000005,31.695883228066897,41.16098491537562,35.56203000000001,29.963075084624393,-1.5497805413133818,-1.286994520099821,Bearish,53.8788,32.2082,343997.71428571426,33.07860000000001,33.4268,33.6009,32.556300000000014,32.38220000000001,32.03400000000002
1616,2007-03-14,33.004,33.0289,32.3574,32.431999999999995,36960,35.41298095238095,36.91079399999998,37.54406100000008,39.50091450000005,30.530312869807645,40.70036178499743,35.21881000000001,29.73725821500259,-1.5580548605710831,-1.3412065881940733,Bearish,53.8788,32.2082,339504.1904761905,32.8548,33.2776,33.5263,32.183299999999996,31.934599999999996,31.511799999999994
1617,2007-03-15,32.7304,32.7304,32.4569,32.7304,49781,35.10031428571428,36.87696799999998,37.44629400000008,39.42354700000005,33.176669888216814,40.14813016571247,34.89299500000001,29.637859834287553,-1.522977989783577,-1.377560868511974,Bearish,53.8788,32.2082,325061.1904761905,32.82156666666666,32.912733333333335,33.09506666666667,32.54806666666666,32.365733333333324,32.27456666666665
1618,2007-03-16,32.5812,34.0237,32.3574,34.0237,1320281,34.8516,36.87099799999998,37.361460000000086,39.34059500000005,43.26440849771387,39.7051181531713,34.67910000000001,29.653081846828723,-1.3749710056647757,-1.3770428959425343,Bullish,53.8788,32.2082,317097.1904761905,34.57913333333333,35.134566666666665,36.24543333333333,32.91283333333333,31.801966666666665,31.246533333333332
1619,2007-03-19,33.9491,34.3719,32.8299,32.8299,491337,34.59104285714285,36.83916199999997,37.25177800000009,39.24510100000005,37.61906148472296,39.09756879181861,34.38189000000001,29.666211208181416,-1.3385738414045747,-1.3693490850349423,Bullish,53.8788,32.2082,371926.71428571426,33.857899999999994,34.88589999999999,35.39989999999999,32.3159,31.801900000000003,30.773900000000005
1620,2007-03-20,32.8299,33.5761,32.8299,33.4517,197390,34.33759523809523,36.81677799999998,37.159506000000086,39.165643000000046,41.87346002255911,38.39663352031225,34.11701000000001,29.837386479687765,-1.245200862666188,-1.3445194405611915,Bullish,53.8788,32.2082,390082.1904761905,33.741899999999994,34.03209999999999,34.48809999999999,32.9957,32.5397,32.249500000000005
1621,2007-03-21,33.6756,33.6756,32.8797,32.9294,207669,34.06045714285714,36.77648599999998,37.083151000000086,39.108223500000044,39.4402483097533,37.45790392860473,33.80985000000001,30.161796071395298,-1.1995200290373518,-1.3155195582564236,Bullish,53.8788,32.2082,392452.71428571426,33.44343333333333,33.95746666666667,34.239333333333335,32.64753333333333,32.36566666666666,31.851633333333325
1622,2007-03-22,33.1284,33.1284,32.5812,32.7056,85932,33.75726666666666,36.73171799999998,37.004807000000085,39.038620000000044,38.41030448120995,35.96526135600132,33.46290000000001,30.960538643998703,-1.1679134496525165,-1.2859983365356422,Bullish,53.8788,32.2082,386061.71428571426,33.028933333333335,33.352266666666665,33.57613333333333,32.48173333333334,32.25786666666667,31.93453333333334
1623,2007-03-23,33.1284,33.1284,32.5812,32.7056,85932,33.42683809523809,36.69192399999998,36.912535000000084,38.95740350000005,38.41030448120995,34.81813427447078,33.214190000000016,31.610245725529253,-1.1298409051241904,-1.2547668502533518,Bullish,53.8788,32.2082,373653.71428571426,33.028933333333335,33.352266666666665,33.57613333333333,32.48173333333334,32.25786666666667,31.93453333333334
1624,2007-03-26,32.5066,32.9792,32.5066,32.7056,115038,33.189971428571425,36.64267999999998,36.82673000000008,38.864574500000046,38.41030448120995,34.14290134569358,33.058745000000016,31.974588654306448,-1.0871363086404742,-1.2212407419307763,Bullish,53.8788,32.2082,353683.1904761905,32.95433333333333,33.203066666666665,33.42693333333333,32.48173333333333,32.257866666666665,32.00913333333333
1625,2007-03-27,32.9045,33.2279,32.3325,32.6807,253869,33.04074285714286,36.60338399999998,36.74764000000008,38.77863250000005,38.27142380142654,33.9849878727991,32.99035000000002,31.995712127200942,-1.0432755984764128,-1.1856477132399035,Bullish,53.2434,32.2082,325924.6666666667,33.16156666666668,33.64243333333334,34.056966666666675,32.266166666666685,31.851633333333346,31.37076666666669
1626,2007-03-28,32.9294,32.9294,32.431999999999995,32.5812,77039,32.970866666666666,36.55761999999998,36.669047000000084,38.70051900000004,37.68505393748657,33.86582233930611,32.92941500000002,31.993007660693927,-1.0049599355447256,-1.149510157700868,Bullish,53.2434,32.2082,315249.14285714284,32.863066666666676,33.14493333333334,33.36046666666668,32.36566666666667,32.15013333333333,31.868266666666663
1627,2007-03-29,32.5315,32.7056,32.3574,32.6558,72765,32.91638571428572,36.48250799999998,36.59120000000008,38.633515000000045,38.446519154318274,33.820844654602226,32.89583500000002,31.97082534539781,-0.9575370094809301,-1.1111155280568803,Bullish,53.2434,32.2082,294904.6666666667,32.788466666666665,32.92113333333333,33.13666666666666,32.440266666666666,32.22473333333333,32.09206666666667
1628,2007-03-30,32.4817,32.7304,32.3325,32.5315,144606,32.878485714285716,36.36859799999998,36.51857600000008,38.572681500000044,37.62159869017857,33.8225653657754,32.88837500000002,31.954184634224635,-0.9193858621719073,-1.0727695948798857,Bullish,53.2434,32.2082,290328.6666666667,32.73043333333333,32.92936666666667,33.12833333333333,32.33253333333333,32.13356666666667,31.93463333333333
1629,2007-04-02,32.3823,32.8797,32.3823,32.8299,123816,32.88559047619047,36.25418999999997,36.449931000000085,38.52451450000004,40.89994844298421,33.80093761719144,32.919460000000015,32.03798238280859,-0.8552140417768399,-1.0292584842592765,Bullish,53.2434,32.2082,288128.6666666667,33.012299999999996,33.1947,33.509699999999995,32.5149,32.1999,32.0175
1630,2007-04-03,32.8299,33.0786,32.7304,32.9792,106953,32.92230476190476,36.16017799999997,36.384023000000084,38.48761150000004,42.52747103103139,33.79573603316716,32.94930500000002,32.102873966832874,-0.7832809740396556,-0.9800629822153523,Bullish,53.2434,32.2082,288101.14285714284,33.1284,33.2776,33.4766,32.7802,32.5812,32.432
1631,2007-04-04,33.004,33.3025,32.6807,32.9294,333795,32.94835714285714,36.05472399999997,36.32035300000008,38.44038050000004,42.1109011002711,33.74622644598608,32.92567500000001,32.10512355401394,-0.7219695281026617,-0.9284442913928141,Bullish,53.2434,32.2082,288337.61904761905,33.26103333333333,33.592666666666666,33.88283333333333,32.63923333333333,32.349066666666666,32.01743333333333
1632,2007-04-05,32.9792,33.7502,32.8797,33.7253,497921,32.96375238095237,35.96269999999998,36.26712900000008,38.38661150000004,50.462445085583404,33.76366922787391,32.92940500000001,32.09514077212611,-0.6022153237007188,-0.8631984978543951,Bullish,53.2434,32.2082,289855.61904761905,34.02376666666666,34.32223333333333,34.89426666666666,33.15326666666666,32.58123333333333,32.28276666666666
1633,2007-04-06,33.8745,34.0984,33.7004,33.8248,529914,32.972042857142846,35.86321599999998,36.21166700000008,38.33662700000004,51.40628714374884,33.81562047062468,32.9406,32.06557952937533,-0.49359062995331726,-0.7892769242741795,Bullish,53.2434,32.2082,292517.61904761905,34.048666666666676,34.272533333333335,34.44666666666667,33.65066666666668,33.47653333333334,33.252666666666684
1634,2007-04-09,33.9491,33.9491,33.4517,33.6507,189420,32.974414285714275,35.76024999999998,36.16167600000008,38.29672750000004,49.624636807693015,33.90755641178345,32.98164000000001,32.05572358821657,-0.4167491675591606,-0.7147713729311758,Bullish,53.2434,32.2082,269428.61904761905,33.91596666666666,34.18123333333333,34.41336666666666,33.41856666666666,33.18643333333333,32.921166666666664
1635,2007-04-10,33.775,35.317,33.775,35.317,2105334,33.09284761904761,35.69060999999998,36.12536400000008,38.26209200000004,62.88363653865638,34.477927630803144,33.11097000000001,31.744012369196874,-0.21887224781946912,-0.6155915479088344,Bullish,53.2434,32.2082,259033.61904761905,35.830999999999996,36.345,37.373,34.288999999999994,33.260999999999996,32.74699999999999
1636,2007-04-11,35.8145,36.287,35.4663,35.8145,1456686,33.239709523809516,35.62196599999998,36.087311000000085,38.22873850000004,65.77965624957562,35.04751542024879,33.280095,31.512674579751213,-0.021659592777616865,-0.4968051568825909,Bullish,53.2434,32.2082,346681.61904761905,36.24556666666667,36.676633333333335,37.06626666666667,35.42486666666667,35.03523333333333,34.604166666666664
1637,2007-04-12,35.6404,36.8093,35.317,36.2373,2262645,33.420914285714275,35.56774799999998,36.04751700000008,38.20133350000004,68.06047671530303,35.62093551595288,33.45544,31.289944484047126,0.1668262149363997,-0.36407888251879283,Bullish,53.2434,32.2082,403925.61904761905,36.92539999999999,37.613499999999995,38.41769999999999,35.43309999999999,34.628899999999994,33.94079999999999
1638,2007-04-13,36.0632,36.4611,35.9886,36.1129,274428,33.5819857142857,35.47224199999998,36.01120500000008,38.17407350000004,66.6528244736165,36.00807444395038,33.559900000000006,31.111725556049635,0.30267548063898886,-0.2307280098872365,Bullish,53.0462,32.2082,509910.61904761905,36.38646666666667,36.66003333333334,36.858966666666674,35.91396666666667,35.71503333333333,35.44146666666666
1639,2007-04-16,36.3119,37.9036,36.0881,37.9036,2298797,33.766742857142845,35.41254999999998,35.99578400000008,38.16606500000004,74.74880509946745,36.88003241176381,33.813585,30.747137588236203,0.5485086605411453,-0.0748806758015601,Bullish,53.0462,32.2082,520608.09523809527,38.50876666666666,39.11393333333333,40.32426666666666,36.69326666666666,35.48293333333333,34.87776666666666
1640,2007-04-17,38.3016,38.7244,36.8342,38.0031,2483366,34.01308571428571,35.32102399999997,35.97538900000008,38.15570550000004,75.1103925772177,37.60207655851692,34.04115500000001,30.4802334414831,0.7427995147603141,0.08865536231081475,Bullish,52.1698,32.2082,567204.0952380953,38.8736,39.7441,40.7638,36.9834,35.9637,35.0932
1641,2007-04-18,38.3265,38.5254,37.3067,37.6052,1041579,34.21087142857142,35.21556999999998,35.95996900000008,38.13820750000004,70.74746624252681,38.116144657126846,34.27494500000001,30.433745342873173,0.8548154317153873,0.2418873761917293,Bullish,51.9287,32.2082,662062.619047619,38.31816666666666,39.03113333333333,39.53686666666666,37.099466666666665,36.59373333333333,35.880766666666666
1642,2007-04-19,37.6798,37.6798,36.8093,36.9088,430700,34.40036666666666,35.10315199999997,35.93907700000008,38.11591300000004,63.7661465202946,38.418680420646155,34.48510500000001,30.55152957935387,0.8772824272589261,0.36896638640516866,Bullish,51.9287,32.2082,702262.0952380953,37.45596666666666,38.00313333333333,38.32646666666666,36.58546666666666,36.26213333333333,35.71496666666666
1643,2007-04-20,36.8093,38.028,36.5606,36.8093,1311387,34.59578095238095,35.00366799999997,35.923905000000076,38.092463500000036,62.8124258285613,38.65912621778625,34.69029000000001,30.72145378221377,0.8769499317188618,0.4705630954679073,Bullish,51.9287,32.2082,712882.619047619,37.70466666666666,38.60003333333333,39.17206666666666,36.23726666666666,35.66523333333333,34.769866666666665
1644,2007-04-23,36.9585,37.058,36.1627,36.2124,360591,34.76277142857142,34.91214199999997,35.894060000000074,38.06657750000004,57.27788974782757,38.77769458949898,34.86563000000001,30.953565410501042,0.8190797436835524,0.5402664251110363,Bullish,51.9287,32.2082,771237.619047619,36.792699999999996,37.373,37.687999999999995,35.8974,35.5824,35.0021
1645,2007-04-24,36.2622,37.1078,36.2622,36.6601,847539,34.95108095238094,34.834543999999966,35.87043200000008,38.03405600000004,60.11645943357632,38.91624040429697,35.064600000000006,31.212959595703037,0.8001195707933988,0.5922370542475088,Bullish,51.9287,32.2082,784316.619047619,37.09120000000001,37.5223,37.936800000000005,36.24560000000001,35.831100000000006,35.40000000000001
1646,2007-04-25,37.0083,37.058,36.486,37.058,757911,35.1595238095238,34.78977599999997,35.84804800000008,38.00078500000004,62.50117223867072,39.05619662982784,35.28844000000001,31.520683370172176,0.8078878732778279,0.6353672180535727,Bullish,51.9287,32.2082,819197.619047619,37.24866666666667,37.43933333333334,37.820666666666675,36.67666666666667,36.29533333333333,36.10466666666667
1647,2007-04-26,37.1824,38.6747,37.1575,38.1772,3247745,35.42599999999999,34.76838599999997,35.84133200000007,37.97782100000004,68.25140399965389,39.329341953170406,35.564510000000006,31.799678046829605,0.8940483624234332,0.6871034469275448,Bullish,51.9287,32.2082,843199.619047619,38.84876666666666,39.52033333333333,40.365966666666665,37.33156666666666,36.48593333333333,35.81436666666666
1648,2007-04-27,38.3016,38.3016,37.058,37.257,445022,35.64510476190475,34.747493999999975,35.826409000000076,37.95003700000004,60.092246635270484,39.362207564245075,35.800785000000005,32.239362435754934,0.8779581660284137,0.7252743907477186,Bullish,51.9287,32.2082,994185.619047619,38.01973333333334,38.78246666666667,39.26333333333334,36.77613333333334,36.29526666666667,35.53253333333334
1649,2007-04-30,37.1824,37.9036,36.7347,37.1575,791753,35.86539047619046,34.71516199999997,35.80502000000007,37.92208400000004,59.26720905445806,39.34873415658572,36.017165000000006,32.68559584341429,0.8474093435989403,0.7497013813179629,Bullish,51.9287,32.2082,1011912.1428571428,37.79583333333333,38.43416666666666,38.96473333333333,36.62693333333333,36.09636666666666,35.458033333333326
1650,2007-05-01,37.1824,37.9036,36.7347,37.1575,791753,36.07146666666666,34.68332599999997,35.78736100000007,37.894459500000046,59.26720905445806,39.28205736418505,36.22608000000001,33.17010263581497,0.8138179944750021,0.7625247039493708,Bullish,51.9287,32.2082,1042728.6666666666,37.79583333333333,38.43416666666666,38.96473333333333,36.62693333333333,36.09636666666666,35.458033333333326
1651,2007-05-02,37.3067,37.9285,37.0829,37.1824,827211,36.27161904761904,34.64552199999997,35.77467700000007,37.86805500000004,59.42887478759522,39.115931401540784,36.43873000000001,33.76152859845923,0.7802120315491266,0.7660621694693219,Bullish,51.9287,32.2082,1074535.1904761905,37.71296666666667,38.24353333333333,38.558566666666664,36.86736666666667,36.55233333333334,36.02176666666667
1652,2007-05-03,37.3067,37.7047,37.2073,37.4808,685262,36.48835238095238,34.60224599999997,35.76622000000007,37.84182800000004,61.40575568413921,39.02879787263426,36.626505000000016,34.224212127365774,0.7687952568174694,0.7666087869389514,Bullish,51.9287,32.2082,1108833.1904761905,37.72123333333334,37.96166666666667,38.218633333333344,37.22383333333333,36.96686666666666,36.726433333333325
1653,2007-05-04,37.3814,37.9036,36.8093,37.2073,742665,36.65416190476191,34.59279599999997,35.75328700000007,37.81916350000004,58.58792580398441,38.833803782681244,36.79563000000002,34.75745621731879,0.7292716269642625,0.7591413549440136,Bearish,51.9287,32.2082,1125569.7142857143,37.80416666666667,38.40103333333333,38.898466666666664,36.70986666666667,36.21243333333334,35.61556666666667
1654,2007-05-07,37.058,37.058,35.3668,35.3668,649110,36.72759047619048,34.583841999999976,35.74110000000007,37.784996000000035,43.96647387745505,38.47983935094155,36.88143500000002,35.28303064905848,0.5431745195070263,0.7159479878566162,Bearish,51.9287,32.2082,1137224.1904761905,36.494266666666675,37.62173333333334,38.18546666666668,34.80306666666667,34.239333333333335,33.11186666666667
1655,2007-05-08,34.8196,35.8145,34.3222,35.4663,571379,36.81404761904762,34.61219599999997,35.74806400000007,37.75066850000004,44.768960018830086,38.459155903987366,36.88890000000002,35.318644096012676,0.3991192413623921,0.6525822385577713,Bearish,51.9287,32.2082,1142900.1904761905,36.0798,36.6933,37.5721,34.5875,33.7087,33.0952
1656,2007-05-09,35.5658,36.0632,35.0683,35.317,564564,36.81404761904762,34.64253799999997,35.75975300000007,37.71449900000004,43.756327516406095,38.51524739311009,36.86402500000002,35.21280260688995,0.26979708052129325,0.5760252069504757,Bearish,51.9287,32.2082,1161088.7142857143,35.89736666666666,36.47773333333333,36.892266666666664,34.90246666666666,34.48793333333333,33.90756666666666
1657,2007-05-10,35.3668,35.4911,34.8196,35.1181,224994,36.780885714285716,34.678351999999975,35.78462400000007,37.676130000000036,42.38100127744631,38.60948202032256,36.80806500000002,35.00664797967748,0.1495350219646312,0.4907271699533068,Bearish,51.9287,32.2082,1087718.7142857143,35.46626666666666,35.814433333333334,36.137766666666664,34.79476666666666,34.47143333333333,34.12326666666666
1658,2007-05-11,35.0683,36.1129,35.0683,35.5658,1719333,36.74890952380953,34.736053999999974,35.81695700000007,37.639780500000036,46.4602326464636,38.639231909369705,36.78071000000002,34.922188090630335,0.08932246871409433,0.4104462297054643,Bearish,51.9287,32.2082,1029066.7142857143,36.096366666666675,36.62693333333334,37.14096666666668,35.05176666666667,34.537733333333335,34.00716666666667
1659,2007-05-14,34.745,35.317,33.8994,34.7948,472395,36.68614285714286,34.78778599999997,35.84158000000007,37.60012350000004,41.06800515200407,38.59860439345879,36.62527000000002,34.65193560654125,-0.020374801994606173,0.3242820233654502,Bearish,51.9287,32.2082,1003194.7142857143,35.4414,36.088,36.859,34.0238,33.2528,32.6062
1660,2007-05-15,35.1181,35.317,34.8196,35.0186,284939,36.54876190476191,34.84051199999997,35.86197400000007,37.561585500000035,43.13125058173094,38.461383969019565,36.47604500000002,34.490706030980476,-0.08823477417954706,0.24177866385645075,Bearish,51.9287,32.2082,1012621.7142857143,35.283866666666675,35.54913333333334,35.781266666666674,34.786466666666676,34.55433333333334,34.28906666666668
1661,2007-05-16,35.143,35.143,34.2725,34.5709,205706,36.38532380952382,34.86388999999997,35.87490700000007,37.517522500000034,40.10626269931266,38.40289160563163,36.324330000000025,34.24576839436842,-0.17610985467567275,0.15820096015002605,Bearish,51.9287,32.2082,916723.7142857143,35.05176666666667,35.53263333333334,35.92226666666667,34.18126666666667,33.79163333333334,33.31076666666667
1662,2007-05-17,34.6207,34.944,34.3222,34.3222,286556,36.22899047619048,34.87731999999997,35.88361200000007,37.474188000000034,38.49128199087871,38.42813618572773,36.19500000000002,33.96186381427231,-0.26279021854385576,0.07400272441124968,Bearish,51.9287,32.2082,808263.7142857143,34.73673333333334,35.15126666666667,35.35853333333334,34.11493333333334,33.90766666666667,33.49313333333334
1663,2007-05-18,34.5709,34.7948,34.3222,34.4217,159159,36.11055714285715,34.893735999999976,35.90201700000007,37.43376100000003,39.54022917208686,38.4172725289648,36.07562000000002,33.73396747103524,-0.3197701022748376,-0.004751840925967782,Bearish,51.9287,32.2082,772310.2380952381,34.7036,34.9855,35.1762,34.231,34.0403,33.7584
1664,2007-05-21,34.4963,34.4963,34.0735,34.3222,61100,35.99212380952381,34.92358199999998,35.91942700000007,37.39283650000004,38.82715098321064,38.442565380787705,35.981110000000015,33.519654619212325,-0.3687056795310184,-0.0775426086469779,Bearish,51.9287,32.2082,759379.7142857143,34.521166666666666,34.72013333333333,34.94396666666666,34.09836666666667,33.87453333333334,33.675566666666676
1665,2007-05-22,33.974000000000004,34.546,33.974000000000004,34.3222,360245,35.90211428571428,34.95541799999998,35.93683700000007,37.351912000000034,38.82715098321064,38.40631960467474,35.864215000000016,33.32211039532529,-0.40284374513593946,-0.1426028359447702,Bearish,51.9287,32.2082,699842.2380952381,34.58746666666667,34.85273333333333,35.15946666666667,34.015466666666676,33.70873333333334,33.44346666666668
1666,2007-05-23,34.4217,35.2673,34.2227,34.8196,1220373,35.81447142857143,35.00316999999998,35.95698200000007,37.31183150000003,44.61771548899464,38.271304934459955,35.75229500000002,33.23328506554008,-0.3853206484430842,-0.19114639844443299,Bearish,51.9287,32.2082,699825.7619047619,35.31703333333333,35.81446666666666,36.36163333333332,34.27243333333333,33.72526666666667,33.227833333333336
1667,2007-05-24,35.0683,35.6652,35.0186,35.2176,1003580,35.72683333333333,35.05291399999998,35.96494100000007,37.27691800000003,48.79448855138709,37.871243676669565,35.60431500000002,33.33738632333048,-0.3354513202826652,-0.22000738281207943,Bearish,51.9287,32.2082,717579.7619047619,35.58233333333333,35.947066666666665,36.22893333333333,34.93573333333333,34.653866666666666,34.28913333333333
1668,2007-05-25,35.2922,35.5409,34.9689,35.0435,315315,35.57760952380953,35.073309999999985,35.97215400000007,37.24069550000004,47.1203965104953,37.63993889661422,35.49364000000002,33.34734110338582,-0.3064454213503396,-0.23729499051973146,Bearish,51.9287,32.2082,729278.2857142857,35.39996666666668,35.75643333333334,35.97196666666668,34.827966666666676,34.612433333333335,34.25596666666667
1669,2007-05-28,35.0435,35.5658,34.944,35.317,257103,35.48522857142858,35.12305199999999,35.98110700000007,37.20967500000003,50.021321965820086,37.407924763996085,35.40161500000002,33.395305236003956,-0.25841008262729304,-0.24151800894124378,Bearish,51.9287,32.2082,589638.7619047619,35.607200000000006,35.897400000000005,36.229000000000006,34.985400000000006,34.653800000000004,34.363600000000005
1670,2007-05-29,35.2176,35.8145,35.0683,35.1678,486833,35.390480952380955,35.15737399999998,35.98707600000007,37.18174300000003,48.459528020911364,37.14060688927772,35.30213000000002,33.46365311072232,-0.2297327080422562,-0.23916094876144628,Bullish,51.9287,32.2082,580690.2380952381,35.6321,36.0964,36.3783,34.8859,34.604,34.1397
1671,2007-05-30,35.3917,36.7347,34.944,36.1875,2469044,35.34429047619047,35.222535999999984,35.99951100000007,37.161648500000034,58.090485743639576,36.931608619744416,35.25238500000002,33.57316138025562,-0.12330305321874135,-0.2159893696529053,Bullish,51.9287,32.2082,566170.2380952381,36.966800000000006,37.7461,38.7575,35.17610000000001,34.16470000000001,33.38540000000002
1672,2007-05-31,36.3119,36.8093,36.0632,36.0632,1094709,35.29099523809524,35.289687999999984,36.01070300000007,37.14969650000003,56.69962182753786,36.573630561113866,35.18150500000002,33.78937943888618,-0.04842850253685782,-0.1824771962296958,Bullish,51.9287,32.2082,646041.2380952381,36.5606,37.058,37.3067,35.8145,35.5658,35.068400000000004
1673,2007-06-01,35.8642,36.4114,35.2176,35.4911,371679,35.19624761904762,35.34539799999998,36.01866100000007,37.14441550000003,50.684551090712496,36.14781708887896,35.09569500000002,34.04357291112108,-0.03485182034977896,-0.15295212105371242,Bullish,51.9287,32.2082,658779.2380952381,36.19580000000001,36.90050000000001,37.389600000000016,35.00200000000001,34.5129,33.80820000000001
1674,2007-06-04,35.516,35.7399,35.0932,35.4165,232964,35.110971428571425,35.39961599999998,36.02114800000007,37.13426950000003,49.940563691857975,36.153082732202094,35.09818000000002,34.04327726779795,-0.02976864404536883,-0.1283154256520437,Bullish,51.9287,32.2082,643846.7142857143,35.73986666666665,36.06323333333332,36.386566666666646,35.093166666666654,34.76983333333333,34.44646666666666
1675,2007-06-05,35.317,35.6652,35.0683,35.3668,272349,35.110971428571425,35.45333799999998,36.02836100000007,37.12376550000003,49.42009359366674,36.142037515661244,35.09320500000002,34.044372484338794,-0.029411527065619225,-0.10853464593475881,Bullish,51.9287,32.2082,619575.2380952381,35.66523333333334,35.96366666666667,36.26213333333334,35.06833333333334,34.76986666666667,34.471433333333344
1676,2007-06-06,35.3917,35.715,35.1678,35.1927,217949,35.09794285714285,35.50556799999998,36.03159400000007,37.10965250000003,47.55059407954413,36.131910165184806,35.086990000000014,34.04206983481522,-0.04268487955081923,-0.0953646926579709,Bullish,51.9287,32.2082,601634.2380952381,35.5492,35.9057,36.0964,35.001999999999995,34.811299999999996,34.45479999999999
1677,2007-06-07,35.143,35.3917,34.8694,34.8694,96443,35.076628571428564,35.54983999999998,36.01617400000007,37.096661500000025,44.2063492777117,36.12360940750635,35.07455500000002,34.025500592493685,-0.07838810580502553,-0.09196937528738183,Bullish,51.9287,32.2082,584804.2380952381,35.217600000000004,35.5658,35.739900000000006,34.6953,34.5212,34.173
1678,2007-06-08,34.8942,35.0932,34.5709,34.6704,182490,35.05530952380951,35.59261799999998,35.98060800000007,37.081580000000024,42.23724051282201,36.06752372487614,35.02978500000002,33.9920462751239,-0.12134205109473584,-0.09784391044885263,Bearish,51.9287,32.2082,562512.7619047619,34.985433333333326,35.300466666666665,35.50773333333333,34.463133333333325,34.25586666666666,33.94083333333332
1679,2007-06-11,34.5958,35.2673,34.5958,34.8196,108570,35.019776190476186,35.63241199999998,35.94330100000007,37.069435500000026,44.24258110980809,36.06769634016026,35.031025000000014,33.99435365983977,-0.14171061733487988,-0.10661725182605808,Bearish,51.9287,32.2082,560488.7619047619,35.19266666666667,35.565733333333334,35.86416666666667,34.521166666666666,34.22273333333333,33.849666666666664
1680,2007-06-12,34.6207,35.8642,34.6207,35.2176,858743,35.03990952380951,35.67717999999998,35.91867900000007,37.06311550000002,49.29913367116051,36.08079355508951,35.04097500000002,34.00115644491053,-0.12430467216878327,-0.11015473589460312,Bearish,51.2714,32.2082,483785.7619047619,35.84763333333332,36.47766666666666,37.09113333333332,34.60413333333332,33.99066666666666,33.360633333333325
1681,2007-06-13,35.516,35.6901,34.9689,35.4414,332409,35.060042857142854,35.72741999999998,35.89107200000007,37.058462500000026,51.93856456532935,36.11480037368214,35.08450000000001,34.05419962631789,-0.09139796672903344,-0.10640338206148918,Bullish,51.2714,32.2082,502183.28571428574,35.76470000000001,36.08800000000001,36.485900000000015,35.04350000000001,34.6456,34.322300000000006
1682,2007-06-14,35.317,35.7399,35.0683,35.0683,388311,35.083728571428566,35.75427999999997,35.85849000000007,37.049862500000025,47.49910418203448,36.091229797448584,35.121805000000016,34.15238020255145,-0.09433775059557092,-0.10399025576830553,Bullish,51.2714,32.2082,504443.7619047619,35.51603333333333,35.963766666666665,36.18763333333333,34.844433333333335,34.62056666666667,34.17283333333334
1683,2007-06-15,35.1181,35.1181,34.5709,34.8694,237699,35.109785714285714,35.775171999999976,35.81919400000007,37.04169200000002,45.27725513274484,36.067495117286356,35.14419000000002,34.22088488271369,-0.11143259264945726,-0.10547872314453588,Bearish,51.2714,32.2082,513139.2380952381,35.1347,35.4,35.6819,34.587500000000006,34.305600000000005,34.04030000000001
1684,2007-06-18,34.8196,35.1678,34.7948,35.1678,117117,35.145314285714285,35.805513999999974,35.78288200000007,37.03424650000002,49.12233217084276,36.02927479377348,35.18647000000002,34.34366520622656,-0.09975211172131537,-0.10433340085989178,Bullish,51.2714,32.2082,510812.71428571426,35.29213333333333,35.416466666666665,35.66513333333333,34.919133333333335,34.67046666666667,34.54613333333334
1685,2007-06-19,34.9937,36.1129,34.8942,35.715,1021020,35.2116380952381,35.81347399999997,35.752042000000074,37.02219700000003,55.32193015366974,36.029024786770435,35.25611000000002,34.48319521322961,-0.04581267952152501,-0.09262925659221842,Bullish,49.8691,32.2082,508810.71428571426,36.25386666666667,36.79273333333334,37.47256666666667,35.03516666666666,34.35533333333333,33.816466666666656
1686,2007-06-20,35.317,36.486,35.317,35.6901,1290020,35.2767761904762,35.81098599999998,35.71647600000007,37.01111850000002,54.99354313875535,36.06734642567213,35.29963500000002,34.53192357432792,-0.0050166835869731585,-0.07510674199116937,Bullish,48.2039,32.2082,554521.1904761905,36.34506666666666,37.00003333333333,37.51406666666666,35.176066666666664,34.66203333333333,34.00706666666667
1687,2007-06-21,35.5658,35.8145,35.0683,35.2176,191153,35.295728571428576,35.790591999999975,35.67917000000007,36.99658200000002,49.04426795647135,36.06734642567213,35.29963500000002,34.53192357432792,-0.010689146218460621,-0.06222322283662762,Bullish,46.0566,32.2082,598796.1904761905,35.66530000000001,36.11300000000001,36.41150000000001,34.91910000000001,34.6206,34.172900000000006
1688,2007-06-22,35.143,35.3419,34.3222,34.8196,418226,35.2767761904762,35.764725999999975,35.61848400000007,36.98334200000002,44.66147127070851,36.07701162871116,35.28844000000002,34.49986837128888,-0.04676085744006997,-0.059130749757316095,Bullish,44.6982,32.2082,549785.7142857143,35.3336,35.8476,36.3533,34.3139,33.8082,33.2942
1689,2007-06-25,34.8196,35.0683,34.5709,35.0683,164934,35.277957142857154,35.70801999999997,35.56028500000007,36.973536500000016,47.80057852347376,36.07020641394236,35.276005000000026,34.481803586057694,-0.054649966147138684,-0.05823459303528061,Bullish,44.4791,32.2082,521911.71428571426,35.234100000000005,35.3999,35.731500000000004,34.736700000000006,34.405100000000004,34.23930000000001
1690,2007-06-26,35.2424,35.317,34.8196,35.0683,153615,35.266114285714295,35.64932399999997,35.48517400000007,36.963841000000016,47.80057852347376,36.06911739647245,35.271030000000025,34.4729426035276,-0.060208100135334064,-0.0586292944552913,Bearish,44.4791,32.2082,514750.71428571426,35.317,35.5657,35.8144,34.8196,34.5709,34.3222
1691,2007-06-27,35.2673,35.7647,35.0683,35.2424,414183,35.26966666666667,35.602067999999974,35.40881900000007,36.95457750000002,50.098749458190625,35.90214940658413,35.223775000000025,34.54540059341592,-0.049988312232805754,-0.056901098010794196,Bullish,44.4791,32.2082,509822.71428571426,35.64863333333333,36.05486666666666,36.345033333333326,34.95223333333333,34.66206666666667,34.255833333333335
1692,2007-06-28,35.4414,35.5658,35.0683,35.2673,192077,35.22584761904763,35.56923799999997,35.33619500000007,36.94467150000002,50.434857002514896,35.74372037411028,35.18398000000002,34.62423962588976,-0.039425363736718566,-0.05340595115597907,Bullish,44.4791,32.2082,506363.1904761905,35.53263333333333,35.79796666666667,36.03013333333333,35.03513333333333,34.80296666666666,34.537633333333325
1693,2007-06-29,35.3668,35.5409,34.8196,35.1927,513860,35.184395238095235,35.53690599999997,35.270287000000074,36.93022950000002,49.36214045822514,35.710880569569184,35.16906000000002,34.62723943043086,-0.036651254644489484,-0.05005501185368115,Bullish,43.8217,32.2082,397936.1904761905,35.549200000000006,35.9057,36.270500000000006,34.82790000000001,34.463100000000004,34.10660000000001
1694,2007-07-02,35.2673,36.9337,35.1927,36.9337,2446983,35.25309047619048,35.551331999999974,35.231737000000074,36.92427350000002,67.0017699237778,36.18358720748568,35.24492000000002,34.306252792514364,0.10482306164878707,-0.019079397153187502,Bullish,43.7981,32.2082,370276.71428571426,37.51403333333333,38.094366666666666,39.25503333333333,35.77303333333333,34.61236666666667,34.03203333333333
1695,2007-07-03,37.3067,38.3762,37.1824,37.257,2377914,35.34073333333333,35.563269999999974,35.19890700000007,36.91533250000002,69.15083306633547,36.62476645572246,35.33943000000002,34.054093544277585,0.24026051103356139,0.03278858448416228,Bullish,43.7981,32.2082,469100.71428571426,38.02799999999999,38.79899999999999,39.22179999999999,36.834199999999996,36.4114,35.6404
1696,2007-07-04,37.2321,37.7296,37.058,37.6549,761607,35.449690476190476,35.575207999999975,35.18249200000007,36.910682000000016,71.6021367144672,37.09331890641478,35.462540000000025,33.83176109358527,0.37537577182182247,0.10130602195169433,Bullish,43.7981,32.2082,571241.1904761905,37.90366666666666,38.15243333333333,38.57526666666666,37.23206666666666,36.80923333333333,36.56046666666666
1697,2007-07-05,37.6549,38.1524,37.1824,37.1824,731462,35.5444380952381,35.55531199999997,35.16184900000007,36.903778500000016,64.99730746950615,37.346568020562735,35.57819000000002,33.809811979437306,0.4392652123616614,0.16889786003368773,Bullish,43.7981,32.2082,594539.1904761905,37.82906666666666,38.47573333333333,38.79906666666666,36.85906666666666,36.53573333333333,35.889066666666665
1698,2007-07-06,37.6549,38.799,37.3067,38.1524,2525985,35.70077142857143,35.57321999999997,35.16035700000007,36.90380650000001,70.92640906624858,37.793469186550354,35.75229000000003,33.71111081344971,0.5616940878574113,0.24745710559843243,Bullish,43.7981,32.2082,618992.1904761905,38.86536666666668,39.57833333333334,40.35766666666668,37.37306666666668,36.59373333333334,35.88076666666668
1699,2007-07-09,38.6,40.0426,38.0777,40.0426,2987754,35.95659047619048,35.63092199999997,35.17304200000007,36.909560500000005,78.55098248705596,38.733915148500515,36.013440000000024,33.29296485149953,0.8019982599653943,0.3583653364718248,Bullish,43.7981,32.2082,734684.6666666666,40.69756666666667,41.352533333333334,42.66246666666667,38.73266666666667,37.42273333333333,36.76776666666667
1700,2007-07-10,40.4156,41.2861,39.1472,39.2964,3241623,36.16977142857143,35.67369999999997,35.17851300000007,36.91388400000001,70.6715708563509,39.26098180549422,36.21738000000003,33.173778194505836,0.9216052522441274,0.4710133196262853,Bullish,43.7981,32.2082,868268.6666666666,40.6726,42.0488,42.8115,38.5337,37.771,36.394800000000004
1701,2007-07-11,39.6944,40.2415,38.5503,39.5451,4448829,36.375842857142864,35.72095399999997,35.183238000000074,36.91769850000001,71.69080714718547,39.767624566152435,36.42256500000003,33.07750543384762,1.02465112651101,0.5817408810032303,Bullish,43.7981,32.2082,1017461.6666666666,40.34096666666665,41.13683333333333,42.032166666666654,38.64976666666665,37.754433333333324,36.95856666666665
1702,2007-07-12,40.0426,40.1669,38.99800000000001,39.2964,1919957,36.55941428571428,35.757265999999966,35.179756000000076,36.919831000000016,69.10451728575823,40.14048308116904,36.63397000000002,33.127456918831,1.073868821432228,0.6801664690890299,Bullish,43.7981,32.2082,1188418.142857143,39.9762,40.65599999999999,41.145099999999985,38.80730000000001,38.31820000000002,37.638400000000026
1703,2007-07-13,39.2964,40.54,38.799,39.4208,4087545,36.76667619047619,35.80153599999997,35.197166000000074,36.921709000000014,69.69346839311926,40.469728520796764,36.86154000000002,33.253351479203275,1.1101155189182847,0.7661562790548808,Bullish,43.7981,32.2082,1264015.6666666667,40.37420000000001,41.327600000000004,42.11520000000001,38.63320000000001,37.845600000000005,36.89220000000001
1704,2007-07-16,39.6446,39.6446,37.8042,37.9534,1450565,36.913533333333326,35.85326799999997,35.21855500000007,36.906500000000015,56.10681008930756,40.551328321692786,37.00082000000002,33.45031167830725,1.0088054896675516,0.814686121177415,Bullish,43.7981,32.2082,1440169.6666666667,39.130599999999994,40.30779999999999,40.97099999999999,37.2902,36.627,35.4498
1705,2007-07-17,37.6549,38.8488,37.6549,38.3513,3461304,37.06512857142857,35.91096799999997,35.26158200000007,36.889665000000015,58.4709989530827,40.678153466615285,37.132635000000015,33.587116533384744,0.9496764868110787,0.8416841943041478,Bullish,43.7981,32.2082,1497925.1904761905,38.915099999999995,39.478899999999996,40.108999999999995,37.721199999999996,37.0911,36.5273
1706,2007-07-18,38.0529,38.5254,36.4363,36.4363,1770500,37.09947619047619,35.93335399999997,35.28794600000007,36.862597500000014,45.71020457409814,40.66936325078258,37.16994500000001,33.670526749217444,0.7397642881422044,0.821300213071759,Bearish,43.7981,32.2082,1657172.1904761905,37.82903333333334,39.22176666666667,39.91813333333334,35.73993333333335,35.04356666666668,33.65083333333335
1707,2007-07-19,36.0632,36.8093,34.6207,34.6207,1257102,37.04855238095237,35.92340599999997,35.300879000000066,36.831930000000014,37.38067592403742,40.71497971993582,37.14010000000002,33.56522028006422,0.4220386135367704,0.7414478931647613,Bearish,43.7981,32.2082,1692861.7142857143,36.07976666666667,37.538833333333336,38.26836666666667,33.89116666666667,33.161633333333334,31.70256666666667
1708,2007-07-20,33.8248,34.5709,33.203,34.3222,963732,37.005914285714276,35.89853399999997,35.31729400000007,36.79746950000001,36.212327060954564,40.76056386350425,37.11523000000001,33.46989613649577,0.14448671903351595,0.6220556583385123,Bearish,43.7981,32.2082,1691294.1904761905,34.86106666666667,35.39993333333334,36.22896666666667,33.493166666666674,32.66413333333334,32.125266666666676
1709,2007-07-23,34.8196,35.8145,34.6704,35.715,1091013,37.04855238095237,35.91693799999997,35.35236200000007,36.77205450000002,44.87071182351357,40.73063925168807,37.147565000000014,33.56449074831196,0.03649151144226437,0.5049428289592627,Bearish,43.7981,32.2082,1728083.6666666667,36.12953333333334,36.54406666666667,37.27363333333334,34.98543333333334,34.25586666666667,33.84133333333334
1710,2007-07-24,35.8145,36.0632,35.0932,35.1927,748094,37.05447619047618,35.92041999999997,35.38046600000007,36.740960500000014,42.5388550593987,40.72280407883798,37.15378500000001,33.584765921162045,-0.09020093338212831,0.38591407649098447,Bearish,43.7981,32.2082,1760121.142857143,35.8062,36.4197,36.776199999999996,34.8362,34.4797,33.8662
1711,2007-07-25,34.8694,35.9388,34.7201,35.715,1318086,37.08527142857142,35.943301999999974,35.40359600000007,36.71028650000002,45.58428049194061,40.70147595422729,37.17741500000002,33.653354045772744,-0.14676850772167427,0.2793775596484527,Bearish,43.7981,32.2082,1787890.6666666667,36.19583333333334,36.67666666666667,37.41453333333334,34.97713333333334,34.23926666666667,33.75843333333334
1712,2007-07-26,35.8145,36.2622,35.0683,35.0932,1594593,37.07816666666666,35.95872199999997,35.41802100000007,36.673217000000015,42.68391132751256,40.71240652645486,37.16871000000002,33.625013473545174,-0.2390175359623825,0.17569854052628564,Bearish,43.7981,32.2082,1843341.6666666667,35.880833333333335,36.66846666666667,37.074733333333334,34.686933333333336,34.28066666666667,33.49303333333334
1713,2007-07-27,35.3668,35.3668,34.5709,35.0435,974474,37.06750952380952,35.97115799999997,35.43244700000007,36.635899000000016,42.45141254922133,40.72214074109411,37.16125000000002,33.600359258905925,-0.31253324143914796,0.07805218413319892,Bearish,43.7981,32.2082,1899551.6666666667,35.41656666666666,35.78963333333333,36.21246666666666,34.620666666666665,34.197833333333335,33.82476666666667
1714,2007-07-30,34.7699,35.317,34.7699,34.8196,277662,37.04974285714285,35.98110599999997,35.45234400000007,36.597461500000016,41.35845532626661,40.7598071162533,37.055545000000016,33.351282883746734,-0.38443035266522685,-0.014444323226486241,Bearish,43.7981,32.2082,1936808.6666666667,35.16776666666666,35.51593333333333,35.71486666666666,34.62066666666666,34.42173333333333,34.07356666666666
1715,2007-07-31,34.745,35.6652,34.745,35.317,646338,36.97275714285714,36.001001999999964,35.47821000000007,36.56151100000002,44.760921487218745,40.73747510598338,36.95854500000002,33.179614894016666,-0.3967003930541537,-0.09089553719201975,Bearish,43.7981,32.2082,1925561.142857143,35.73980000000001,36.162600000000005,36.66000000000001,34.81960000000001,34.3222,33.89940000000001
1716,2007-08-01,35.5409,35.5658,35.143,35.2176,216447,36.87564285714285,36.00896199999997,35.50606600000007,36.525063500000016,44.20889067712777,40.674661797039875,36.836680000000015,32.998698202960156,-0.40972221509044005,-0.15466087277170382,Bearish,43.7981,32.2082,1839816.142857143,35.474599999999995,35.7316,35.8974,35.05179999999999,34.885999999999996,34.62899999999999
1717,2007-08-02,35.4414,35.715,35.2424,35.3419,219104,36.765499999999996,36.011447999999966,35.532181000000065,36.48923750000002,45.12036603606858,40.63299640192301,36.744655000000016,32.85631359807702,-0.4053396287645583,-0.2047966239702747,Bearish,43.7981,32.2082,1736889.142857143,35.6238,35.9057,36.0964,35.1512,34.9605,34.6786
1718,2007-08-03,35.317,35.5409,35.1927,35.1927,163664,36.67075238095237,36.014431999999964,35.54387100000007,36.45266550000002,44.18720026858846,40.48472404854523,36.59667000000002,32.7086159514548,-0.4091887177825839,-0.24567504273273655,Bearish,43.7981,32.2082,1711055.6666666667,35.424833333333325,35.65696666666666,35.77303333333332,35.07663333333333,34.960566666666665,34.72843333333333
1719,2007-08-06,35.516,35.516,34.5958,35.0435,133518,36.52270952380952,36.00896199999997,35.56600700000007,36.40889250000002,43.22447885107956,39.94874706164376,36.34671500000002,32.74468293835628,-0.419443260827677,-0.28042868635172463,Bearish,43.7981,32.2082,1684017.6666666667,35.507733333333334,35.97196666666667,36.427933333333335,34.58753333333333,34.131566666666664,33.66733333333333
1720,2007-08-07,34.8694,35.0186,34.1978,34.546,301571,36.26096666666666,35.99652599999997,35.57695000000007,36.36822800000002,40.088099664673074,39.52348241524616,36.10919500000002,32.694907584753885,-0.4623840764803546,-0.31681976437745063,Bearish,43.7981,32.2082,1570090.6666666667,34.97713333333333,35.40826666666666,35.797933333333326,34.15633333333333,33.766666666666666,33.33553333333333
1721,2007-08-08,34.6455,34.9689,34.3719,34.6704,150381,36.04068095238095,35.96618399999997,35.594360000000066,36.33875550000002,41.23630580753506,38.94323015542232,35.86546000000002,32.78768984457772,-0.48083418473836304,-0.3496226484496331,Bearish,43.7981,32.2082,1442177.1904761905,34.96889999999999,35.267399999999995,35.56589999999999,34.37189999999999,34.07339999999999,33.77489999999999
1722,2007-08-09,32.9543,33.2776,32.9543,32.9543,437976,35.72683333333333,35.90400599999997,35.59684700000007,36.30082700000002,32.09757495613829,38.44855283082254,35.54835500000002,32.6481571691775,-0.6267066720090213,-0.40503945316151074,Bearish,43.7981,32.2082,1294975.1904761905,33.16983333333333,33.38536666666666,33.493133333333326,32.84653333333333,32.73876666666667,32.52323333333334
1723,2007-08-10,34.0486,34.0486,32.3325,33.1284,508662,35.433119047619044,35.85675199999997,35.601075000000066,36.25680500000002,33.70282258557462,37.721158338538665,35.233735000000024,32.746311661461384,-0.7199639577964732,-0.46802435408850324,Bearish,43.7981,32.2082,1103982.1904761905,34.00716666666667,34.885933333333334,35.72326666666667,32.29106666666667,31.45373333333334,30.574966666666676
1724,2007-08-13,33.3274,33.6756,31.9346,32.8299,450797,35.11926666666666,35.80501999999997,35.602318000000075,36.21452400000002,32.29321482579454,37.3442330533826,34.977560000000025,32.61088694661745,-0.8086360311878238,-0.5361466895083673,Bearish,43.7981,32.2082,1036777.6666666666,33.692133333333345,34.55436666666668,35.43313333333335,31.951133333333345,31.07236666666667,30.210133333333342
1725,2007-08-14,33.3274,33.6756,31.9346,32.8299,450797,34.87529047619047,35.75428199999997,35.603810000000074,36.175725000000014,32.29321482579455,36.68702447202726,34.70149000000002,32.71595552797278,-0.8688932279338886,-0.6026959971934716,Bearish,43.7981,32.2082,863599.1904761905,33.692133333333345,34.55436666666668,35.43313333333335,31.951133333333345,31.07236666666667,30.210133333333342
1726,2007-08-15,32.7056,33.775,32.7056,33.5512,573573,34.646714285714275,35.72145199999997,35.613510000000076,36.14127850000002,39.396667292383825,36.43388877443697,34.55723500000002,32.68058122556307,-0.848661764097514,-0.6518891505742801,Bearish,43.7981,32.2082,815991.1904761905,33.98226666666667,34.413333333333334,35.05166666666667,32.912866666666666,32.27453333333333,31.843466666666664
1727,2007-08-16,33.5512,33.8248,33.1533,33.3522,380919,34.499852380952376,35.691107999999964,35.62047400000007,36.10583700000002,38.20573340278218,36.441977029699665,34.49381000000002,32.54564297030037,-0.839014186857078,-0.6893141578308397,Bearish,43.7981,32.2082,678480.1904761905,33.733566666666675,34.11493333333334,34.40506666666668,33.062066666666674,32.77193333333334,32.39056666666667
1728,2007-08-17,33.402,33.7253,32.9792,33.2279,252945,34.43352857142857,35.66225799999997,35.62743800000007,36.07300700000002,37.44432629661007,36.46344563116739,34.43909500000002,32.41474436883266,-0.831809798000819,-0.7178132858648356,Bearish,43.7981,32.2082,612309.6666666666,33.6424,34.0569,34.3885,32.896300000000004,32.5647,32.150200000000005
1729,2007-08-20,33.4766,33.7004,33.3025,33.4517,579926,34.39207619047619,35.63489999999997,35.633656000000066,36.04179350000002,39.7716819609533,36.304862356703914,34.325930000000014,32.34699764329611,-0.7988330284068681,-0.7340172343732421,Bearish,43.7981,32.2082,564492.6666666666,33.667233333333336,33.88276666666667,34.065133333333335,33.269333333333336,33.08696666666667,32.871433333333336
1730,2007-08-21,33.3771,33.3771,31.7853,31.7853,312081,34.204947619047616,35.56625399999997,35.62171700000007,36.002870000000016,30.632904753537836,36.37834465839791,34.155560000000015,31.932775341602124,-0.8968252114497091,-0.7665788297885354,Bearish,43.7981,32.2082,546216.1904761905,32.8465,33.9077,34.4383,31.2547,30.7241,29.6629
1731,2007-08-22,31.3377,31.9594,30.2433,31.8351,486255,34.045061904761894,35.494127999999975,35.61077400000006,35.965563500000016,31.14212133879103,36.281214046107976,33.961565000000014,31.64191595389205,-0.9594068339311406,-0.8051444306170564,Bearish,43.7981,31.7853,509124.1904761905,32.448566666666665,33.06203333333333,34.16466666666666,30.73246666666667,29.629833333333337,29.016366666666674
1732,2007-08-23,31.8351,31.8351,30.2433,30.2433,512936,33.78450476190475,35.397627999999976,35.57595400000007,35.92154150000002,24.860142303008676,36.485753170226005,33.71907000000001,30.952386829774014,-1.1244858050042694,-0.869012705494499,Bearish,43.7981,31.7853,496655.6666666667,31.3045,32.365700000000004,32.8963,29.7127,29.182100000000002,28.120900000000002
1733,2007-08-24,30.2185,31.7356,29.4723,30.5169,426657,33.5665857142857,35.31057799999998,35.542875000000066,35.877271000000015,27.564787521680056,36.517568964687214,33.49274000000001,30.46791103531281,-1.2191808871270382,-0.9390463418210069,Bearish,43.7981,30.2433,458315.1904761905,31.677566666666667,32.838233333333335,33.940866666666665,29.414266666666666,28.311633333333333,27.150966666666665
1734,2007-08-27,30.2682,30.8402,29.8454,30.1936,155117,33.33563809523808,35.21109399999998,35.50830400000007,35.83499000000001,26.357479440000418,36.541736474651614,33.26144000000001,29.981143525348404,-1.3052687048912972,-1.0122908144350649,Bearish,43.7981,30.2433,402699.1904761905,30.740733333333328,31.287866666666662,31.735533333333326,29.74593333333333,29.298266666666667,28.751133333333332
1735,2007-08-28,29.9697,29.9697,28.9998,29.4723,440055,33.081004761904744,35.08623999999998,35.449857000000065,35.787610500000014,23.84786045355159,36.496979197126834,32.969205,29.441430802873175,-1.4153811694656717,-1.0929088854411861,Bearish,43.7981,30.1936,363682.1904761905,29.961399999999998,30.450499999999998,30.931299999999997,28.9915,28.5107,28.0216
1736,2007-08-29,29.5221,30.8402,29.1987,30.7408,610880,32.863090476190465,34.98725399999998,35.39912000000007,35.74321550000001,35.48222163200534,36.24205989048068,32.74536500000001,29.248670109519328,-1.3843310357907193,-1.1511933155110927,Bearish,43.7981,29.4723,371415.1904761905,31.321100000000005,31.901400000000002,32.96260000000001,29.679600000000004,28.6184,28.038100000000004
1737,2007-08-30,30.3428,31.0641,30.2433,30.492,594479,32.63806190476189,34.89274199999998,35.34166700000007,35.694592000000014,34.37298978725189,35.917367301274716,32.50287000000001,29.0883726987253,-1.3640754491702793,-1.19376974224293,Bearish,43.7981,29.4723,369726.71428571426,30.956300000000002,31.4206,31.7771,30.135500000000004,29.779000000000003,29.314700000000006
1738,2007-08-31,30.3428,30.492,29.6464,29.721,359436,32.37039999999998,34.79076999999998,35.27774800000007,35.64447650000001,31.125711572129894,35.61456487987899,32.229285000000004,28.844005120121018,-1.3941649417135729,-1.2338487821370587,Bearish,43.7981,29.4723,387728.2380952381,30.25986666666666,30.79873333333333,31.10546666666666,29.41426666666666,29.10753333333333,28.568666666666658
1739,2007-09-03,30.7905,30.7905,29.1987,29.5221,269346,32.100371428571414,34.679845999999976,35.19393300000007,35.59485850000001,30.329671402574437,35.27542363238786,31.953215000000007,28.631006367612155,-1.4177180775612968,-1.2706226412219064,Bearish,43.7981,29.4723,394410.71428571426,30.475500000000007,31.428900000000006,32.06730000000001,28.883700000000005,28.2453,27.291900000000002
1740,2007-09-04,29.6216,29.9946,29.4723,29.8454,115154,31.852842857142843,34.57538799999998,35.11235600000007,35.54387250000001,33.31504812199847,34.9369089392519,31.718185000000005,28.49946106074811,-1.3942247443643758,-1.2953430618504003,Bearish,43.7981,29.4723,399443.1904761905,30.06923333333334,30.293066666666668,30.591533333333338,29.546933333333342,29.248466666666673,29.024633333333345
1741,2007-09-05,29.8951,30.6164,29.8951,30.3428,284939,31.65269047619046,34.47739599999998,35.03973200000007,35.49985050000001,37.735593902194935,34.46965349308602,31.501805000000008,28.533956506913995,-1.3202510531774472,-1.3003246601158096,Bearish,43.7981,29.4723,398568.71428571426,30.674433333333333,31.006066666666666,31.395733333333332,29.953133333333334,29.563466666666667,29.231833333333334
1742,2007-09-06,30.7159,30.7159,30.119,30.1438,154655,31.437138095238076,34.37492599999998,34.97208200000007,35.45557950000001,36.6877394043922,34.30678891127712,31.36128000000001,28.415771088722902,-1.2631235053452095,-1.2928844291616897,Bullish,43.7981,29.4723,397776.71428571426,30.53346666666667,30.923133333333336,31.13036666666667,29.936566666666668,29.729333333333333,29.339666666666666
1743,2007-09-07,29.9697,30.1438,28.8505,29.0993,369138,31.25356666666665,34.25305799999998,34.89498200000007,35.40944350000001,31.710456387037066,34.14519840436903,31.159825000000005,28.174451595630977,-1.2872928225097517,-1.291766107831302,Bullish,43.7981,29.4723,397980.2380952381,29.87856666666666,30.65783333333333,31.17186666666666,28.585266666666662,28.071233333333332,27.291966666666664
1744,2007-09-10,28.9998,29.5718,28.8754,29.4475,233888,31.07828571428569,34.103333999999975,34.827333000000074,35.36069650000001,34.88204703919767,33.96166937977861,30.99070500000001,28.019740620221405,-1.2637822553593523,-1.286169337336912,Bullish,43.7981,29.0993,394702.2380952381,29.721066666666665,29.994633333333333,30.417466666666666,29.024666666666665,28.60183333333333,28.328266666666664
1745,2007-09-11,29.5967,30.0444,29.2236,29.4972,539616,30.919585714285695,33.94813799999998,34.755704000000065,35.313068000000015,35.34362659559579,33.736997091502985,30.824070000000013,27.91114290849704,-1.2269955459924091,-1.2743345790680114,Bullish,43.7981,29.0993,381617.7619047619,29.953200000000006,30.409200000000002,30.774000000000004,29.132400000000008,28.767600000000005,28.31160000000001
1746,2007-09-12,29.5718,30.3926,29.3728,30.3179,745091,30.799966666666652,33.80139799999998,34.68830300000007,35.26817550000001,42.58149132591444,33.29762718378492,30.662405000000014,28.027182816215106,-1.1187222489557165,-1.2432121130455525,Bullish,43.7981,29.0993,385847.2380952381,30.682733333333335,31.04756666666667,31.702533333333335,29.662933333333335,29.00796666666667,28.643133333333335
1747,2007-09-13,30.5667,31.7107,30.1438,31.6859,1904480,30.71114285714284,33.69146799999998,34.623390000000065,35.23236100000001,52.18904624393226,32.96218449573731,30.579090000000008,28.195995504262704,-0.9120155661041132,-1.1769728036572646,Bullish,43.7981,29.0993,399861.2380952381,32.21646666666667,32.747033333333334,33.783366666666666,30.64956666666667,29.613233333333334,29.082666666666668
1748,2007-09-14,31.3377,31.6859,30.8402,30.8402,400092,30.59152380952379,33.54522399999998,34.55922200000007,35.19281550000001,46.95803342373355,32.517015153067284,30.459705000000007,28.40239484693273,-0.807135793885859,-1.1030054017029836,Bullish,43.7981,29.0993,463237.7619047619,31.404,31.9678,32.249700000000004,30.5583,30.2764,29.7126
1749,2007-09-17,30.8402,31.0392,30.691,31.0392,170940,30.487299999999983,33.36515599999998,34.49803900000007,35.15152950000001,48.271909192085374,31.90467240494205,30.339080000000013,28.773487595057976,-0.6998922595965027,-1.0223827732816875,Bullish,43.7981,29.0993,464150.7619047619,31.155266666666673,31.271333333333338,31.503466666666675,30.80706666666667,30.574933333333334,30.45886666666667
1750,2007-09-18,31.1387,31.8351,31.1387,31.462,652113,30.392552380952367,33.20846799999998,34.441084000000075,35.11422250000001,51.04641581437524,31.834177305859974,30.322915000000012,28.81165269414005,-0.5741659320524626,-0.9327394050358425,Bullish,43.7981,29.0993,460245.7619047619,31.8185,32.175,32.5149,31.1221,30.7822,30.4257
1751,2007-09-19,31.7853,31.8351,31.5366,31.8351,279626,30.394923809523796,33.05426799999998,34.38761100000007,35.081144000000016,53.42067153386114,31.834177305859974,30.322915000000012,28.81165269414005,-0.43935623460852824,-0.8340627709503796,Bullish,43.7981,29.0993,463683.2380952381,31.934600000000003,32.0341,32.23310000000001,31.636100000000003,31.4371,31.337600000000002
1752,2007-09-20,31.8102,31.9594,30.9149,30.9149,522869,30.351104761904747,32.88663799999998,34.321952000000074,35.044086000000014,47.324331912057396,31.88888686565085,30.356495000000013,28.824103134349176,-0.4021354604332643,-0.7476773088469566,Bullish,43.7981,29.0993,462137.7619047619,31.611233333333328,32.30756666666666,32.65573333333333,30.566733333333328,30.218566666666664,29.52223333333333
1753,2007-09-21,31.0392,31.2879,30.5915,30.691,173943,30.372423809523795,32.712041999999975,34.25678900000007,35.00503800000001,45.95027576238129,31.90310587748789,30.365200000000016,28.827294122512143,-0.38625211359585876,-0.675392269796737,Bullish,43.7981,29.0993,463881.28571428574,31.122099999999993,31.553199999999997,31.818499999999993,30.425699999999992,30.160399999999996,29.72929999999999
1754,2007-09-24,30.8402,31.0641,30.6661,30.9646,397551,30.393742857142847,32.57226599999998,34.21276700000007,34.976933500000015,47.93946145891625,31.961047928467778,30.40375000000002,28.846452071532262,-0.34758052147429197,-0.609829920132248,Bullish,43.7981,29.0993,447738.7619047619,31.130433333333336,31.296266666666668,31.528433333333336,30.732433333333336,30.50026666666667,30.334433333333337
1755,2007-09-25,31.1884,31.1884,30.3677,30.8154,220721,30.42335238095237,32.42154799999997,34.16625800000007,34.95716100000001,46.925256078940336,31.97673001835733,30.470905000000016,28.965079981642702,-0.3252232282568315,-0.5529085817571647,Bullish,43.7981,29.0993,446352.7619047619,31.213299999999997,31.6112,32.034,30.392599999999995,29.969799999999996,29.571899999999992
1756,2007-09-26,30.7408,31.8102,30.5915,31.2133,769346,30.50625714285713,32.31708799999997,34.12522100000007,34.942487000000014,49.96539239045972,32.03106435640436,30.494530000000015,28.957995643595677,-0.2722592722801096,-0.4967787198617537,Bullish,43.7981,29.0993,449476.7619047619,31.818499999999997,32.4237,33.0372,30.5998,29.9863,29.3811
1757,2007-09-27,31.2879,31.2879,30.9646,31.0641,182028,30.52165238095237,32.24595599999997,34.08468100000007,34.93465250000001,48.83579678420597,32.079587877896195,30.523135000000018,28.96668212210384,-0.23956261990769434,-0.44533549987094184,Bullish,43.7981,29.0993,465157.28571428574,31.246466666666674,31.428833333333337,31.569766666666673,30.923166666666674,30.782233333333338,30.599866666666674
1758,2007-09-28,30.8651,31.5615,30.492,31.0143,315777,30.5465238095238,32.17979799999998,34.039166000000066,34.928061500000005,48.44213597628268,32.112720919920115,30.587800000000023,29.062879080079934,-0.21518817579930172,-0.39930603505661383,Bullish,43.7981,29.0993,444735.7619047619,31.5532,32.0921,32.622699999999995,30.483700000000002,29.953100000000003,29.414200000000005
1759,2007-10-01,31.5366,32.431999999999995,31.3874,32.1833,1331369,30.663776190476185,32.10916399999997,34.01305100000007,34.927315500000006,57.16989743259858,32.31351335513076,30.720860000000023,29.128206644869287,-0.10038554094743546,-0.33952193623477817,Bullish,43.7981,29.0993,431464.2380952381,32.61439999999999,33.04549999999999,33.658999999999985,31.569799999999994,30.9563,30.525199999999998
1760,2007-10-02,32.4071,32.4071,31.8351,31.9594,412797,30.779838095238087,32.04449799999997,33.98245900000007,34.922216500000005,55.24106603142047,32.453017799517106,30.82656000000002,29.200102200482934,-0.027157430554122897,-0.2770490350986471,Bullish,43.7981,29.0993,477746.7619047619,32.2993,32.6392,32.8713,31.7273,31.4952,31.1553
1761,2007-10-03,31.9843,32.0838,31.661,31.9843,353546,30.881690476190464,31.969883999999976,33.95659300000007,34.91575,55.421195682299185,32.59377220067854,30.908635000000015,29.223497799321486,0.032510831783135075,-0.21513706172229066,Bullish,43.7981,29.0993,484577.7619047619,32.1584,32.332499999999996,32.581199999999995,31.735600000000005,31.486900000000006,31.31280000000001
1762,2007-10-04,32.0341,33.402,31.6859,33.1781,1845921,31.016704761904748,31.931581999999977,33.94515200000007,34.914382,63.09056689059046,32.973650128576715,31.06035000000001,29.14704987142331,0.17412088538887005,-0.13728547230005853,Bullish,43.7981,29.0993,495929.7619047619,33.82476666666666,34.47143333333334,35.540866666666666,32.108666666666664,31.039233333333332,30.392566666666664
1763,2007-10-05,33.5015,34.0237,32.9792,33.4268,853199,31.173038095238077,31.899247999999975,33.93520300000007,34.91861000000001,64.46223897345982,33.232311489908334,31.27672500000001,29.321138510091686,0.3029239657308125,-0.04924358469388432,Bullish,43.7981,29.0993,570262.2380952381,33.97393333333333,34.52106666666666,35.01843333333333,32.92943333333333,32.432066666666664,31.88493333333333
1764,2007-10-08,33.8248,35.0932,33.8248,34.9689,2288286,31.452542857142838,31.902233999999975,33.94167000000007,34.93054850000001,71.52791384193142,33.914294177622445,31.55279500000001,29.191295822377572,0.523402459266741,0.06528562409824076,Bullish,43.7981,29.0993,603526.2380952381,35.43313333333332,35.89736666666666,36.70153333333332,34.164733333333324,33.360566666666664,32.896333333333324
1765,2007-10-09,35.0435,35.0435,34.2725,34.745,312312,31.704804761904743,31.890793999999975,33.94589800000007,34.94136750000001,69.37131314212866,34.36356187736963,31.815185000000007,29.266808122630387,0.6723163506778889,0.18669176941417037,Bullish,43.7981,29.0993,694914.2380952381,35.10150000000001,35.458000000000006,35.87250000000001,34.33050000000001,33.916000000000004,33.55950000000001
1766,2007-10-10,35.0435,35.0435,34.2725,34.745,312312,31.95469999999998,31.88134199999997,33.94515200000007,34.95106700000001,69.37131314212864,34.78728958467907,32.03654000000001,29.285790415320943,0.7813250536276186,0.30561842625686003,Bullish,43.7981,29.0993,698648.7142857143,35.10150000000001,35.458000000000006,35.87250000000001,34.33050000000001,33.916000000000004,33.55950000000001
1767,2007-10-11,34.7201,35.6901,34.3968,35.516,934857,32.20222857142855,31.884823999999977,33.94813600000007,34.95653850000001,72.66297411440621,35.36120080747455,32.22804500000001,29.094889192525464,0.9193310168659821,0.42836094437868444,Bullish,43.7981,29.0993,687824.7142857143,36.00513333333333,36.49426666666667,37.298433333333335,34.71183333333333,33.907666666666664,33.41853333333333
1768,2007-10-12,34.7201,35.6901,34.3968,35.516,934857,32.384614285714264,31.891289999999977,33.95286100000007,34.96250750000001,72.6629741144062,35.83451066260262,32.46183500000001,29.089159337397398,1.0169786402935799,0.5460844835616635,Bullish,43.7981,29.0993,696861.1904761905,36.00513333333333,36.49426666666667,37.298433333333335,34.71183333333333,33.907666666666664,33.41853333333333
1769,2007-10-15,34.7201,35.6901,34.3968,35.516,934857,32.60727142857141,31.900739999999978,33.95485100000007,34.96797900000001,72.6629741144062,36.2402959985753,32.685675,29.131054001424708,1.0818936883887744,0.6532463245270856,Bullish,43.7981,29.0993,650688.6666666666,36.00513333333333,36.49426666666667,37.298433333333335,34.71183333333333,33.907666666666664,33.41853333333333
1770,2007-10-16,34.7201,35.6901,34.3968,35.516,934857,32.820452380952354,31.92013999999998,33.95833300000007,34.972704500000006,72.6629741144062,36.59966225693817,32.888375,29.17708774306184,1.120423783752372,0.7466818163721429,Bullish,43.7981,29.0993,676153.6666666666,36.00513333333333,36.49426666666667,37.298433333333335,34.71183333333333,33.907666666666664,33.41853333333333
1771,2007-10-17,35.317,35.5658,34.5709,35.1678,617232,32.996919047619016,31.930087999999976,33.94813600000007,34.97382350000001,68.2100219280039,36.86025141568076,33.05501,29.24976858431925,1.1100661800201266,0.8193586891017397,Bullish,43.7981,29.0993,712530.6666666666,35.63209999999999,36.096399999999996,36.62699999999999,34.637199999999986,34.10659999999999,33.642299999999985
1772,2007-10-18,35.2673,35.5906,35.0683,35.4663,341880,33.16983333333331,31.980327999999975,33.94216700000007,34.97643500000001,69.91227625646121,37.09303398114323,33.28258000000001,29.47212601885679,1.1131128872952019,0.8781095287404321,Bullish,43.7981,29.0993,710869.6666666666,35.68183333333334,35.89736666666667,36.20413333333334,35.159533333333336,34.85276666666667,34.637233333333334
1773,2007-10-19,33.8994,35.5658,33.8745,35.3419,176022,33.38064285714283,32.024597999999976,33.94067500000007,34.979668000000004,68.27155523177461,37.231057349695284,33.515125000000005,29.799192650304725,1.0928912147922532,0.9210658659507963,Bullish,43.7981,29.0993,713834.1428571428,35.9803,36.618700000000004,37.671600000000005,34.288999999999994,33.23609999999999,32.59769999999999
1774,2007-10-22,35.8353,36.069,35.316,35.5756,581081,33.61324285714283,32.07951199999997,33.942266000000075,34.98170700000001,69.70971670859713,37.37108751549558,33.745675000000006,30.12026248450443,1.0832361583891768,0.9534999244384724,Bullish,43.7981,29.0993,697317.619047619,35.99106666666667,36.406533333333336,36.74406666666667,35.23806666666667,34.900533333333335,34.48506666666667
1775,2007-10-23,34.7966,35.7055,34.7966,34.9264,378956,33.801899999999975,32.12144199999997,33.937862000000074,34.98311150000001,61.385740203446424,37.34771328755686,33.95122500000001,30.554736712443155,1.0115390497156653,0.965107749493911,Bullish,43.7981,29.0993,716705.1428571428,35.48906666666667,36.05173333333334,36.397966666666676,34.58016666666667,34.23393333333333,33.67126666666667
1776,2007-10-24,34.7966,34.7966,33.2645,33.5502,293601,33.93212857142855,32.12142199999997,33.921437000000076,34.97651550000001,48.2364908890085,37.23262987783599,34.06807000000001,30.903510122164036,0.8340562546043273,0.9388974505159943,Bearish,43.7981,29.0993,715819.6666666666,34.476366666666664,35.40253333333333,36.00846666666666,32.944266666666664,32.33833333333333,31.412166666666664
1777,2007-10-25,33.2905,33.7319,33.2126,33.4463,312312,34.03846190476188,32.12330399999997,33.90720600000007,34.961690000000004,47.4107777038569,37.05601998968422,34.187180000000005,31.318340010315783,0.6772095489802936,0.8865598702088542,Bearish,43.7981,29.0993,719290.1428571428,33.71460000000001,33.98290000000001,34.23390000000001,33.19530000000001,32.944300000000005,32.67600000000001
1778,2007-10-26,33.7579,34.6408,33.7579,34.0176,317972,34.17910476190474,32.13909799999997,33.90067800000008,34.94064300000001,52.25085677396068,36.813705788316476,34.337345000000006,31.860984211683537,0.5921802548420345,0.8276839471354902,Bearish,43.7981,29.0993,697526.619047619,34.51963333333334,35.02166666666667,35.40253333333334,33.63673333333334,33.25586666666667,32.75383333333334
1779,2007-10-29,33.8877,35.7055,33.6281,35.7055,1352390,34.40249523809521,32.18417399999996,33.90953700000008,34.92641900000001,63.066326505661294,36.84898309315374,34.51345500000001,32.177926906846274,0.6534606625132895,0.79283929021105,Bearish,43.7981,29.0993,704000.1428571428,36.39796666666666,37.09043333333333,38.47536666666666,34.320566666666664,32.935633333333335,32.24316666666667
1780,2007-10-30,36.069,36.6143,34.7966,35.238,2267150,34.547957142857115,32.253227999999964,33.909741000000075,34.91421000000001,59.07512170492968,36.71393919694961,34.677385,32.64083080305039,0.6567320854749497,0.7656178492638299,Bearish,42.8779,29.0993,753362.6666666666,36.30266666666667,37.367333333333335,38.12036666666667,34.484966666666665,33.73193333333333,32.66726666666666
1781,2007-10-31,35.316,35.8353,35.0563,35.3939,1396395,34.711504761904735,32.324403999999966,33.90926600000007,34.90016900000001,59.98458051781921,36.485984855539265,34.847865000000006,33.20974514446075,0.6642475070491827,0.7453437808209005,Bearish,42.8779,29.0993,797923.6666666666,35.800699999999985,36.20749999999999,36.57969999999998,35.02169999999999,34.649499999999996,34.24269999999999
1782,2007-11-01,35.5237,35.6535,34.0176,34.2772,528297,34.82069047619045,32.405081999999965,33.90135500000007,34.87992250000001,51.20656460240648,36.37891794065717,34.902820000000006,33.42672205934284,0.5734844042136231,0.710971905499445,Bearish,42.8779,29.0993,844761.6666666666,35.28126666666667,36.285333333333334,36.91716666666667,33.64536666666667,33.013533333333335,32.00946666666667
1783,2007-11-02,33.7579,34.8485,33.4982,34.2253,379302,34.870557142857116,32.479249999999965,33.89491400000008,34.85705400000001,50.83423415860228,36.29499082451226,34.94274500000001,33.59049917548776,0.4916981053628149,0.667117145472119,Bearish,42.8779,29.0993,853083.1428571428,34.88313333333333,35.54096666666667,36.23343333333334,33.53283333333333,32.84036666666666,32.182533333333325
1784,2007-11-05,33.4982,33.9397,32.5374,32.5374,785516,34.828204761904736,32.52612599999996,33.868610000000075,34.82574600000001,40.516224782351856,36.531856103413084,34.82117000000001,33.110483896586935,0.28736983013368445,0.5911676824044321,Bearish,42.8779,29.0993,783244.1428571428,33.47226666666666,34.407133333333334,34.87456666666667,32.06996666666666,31.602533333333326,30.667666666666655
1785,2007-11-06,32.3297,33.1866,31.8103,33.0827,891083,34.7383857142857,32.598333999999966,33.84228700000008,34.797164500000015,44.43975712124461,36.60944746175369,34.73805500000002,32.866662538246345,0.16750841985292908,0.5064358298941315,Bearish,42.8779,29.0993,780021.1428571428,33.5761,34.06949999999999,34.95239999999999,32.199799999999996,31.3169,30.8235
1786,2007-11-07,33.2385,34.459,32.9789,33.9656,2062484,34.70127142857141,32.662829999999964,33.825042000000074,34.77075900000002,50.17067777072107,36.60049573971665,34.69908500000001,32.79767426028337,0.14212174889389928,0.4335730136940851,Bearish,42.8779,29.0993,713487.6666666666,34.62343333333333,35.28126666666667,36.10353333333333,33.14333333333333,32.32106666666667,31.66323333333333
1787,2007-11-08,34.0176,34.0176,32.5115,33.7319,1034880,34.65302857142855,32.72762799999996,33.810185000000075,34.744677500000016,48.73764321489793,36.51701188175533,34.60988000000002,32.702748118244706,0.10196955086168202,0.3672523211276045,Bearish,42.8779,29.0993,796829.1904761905,34.32916666666668,34.92643333333334,35.83526666666668,32.823066666666676,31.914233333333335,31.316966666666673
1788,2007-11-09,34.0176,34.0176,32.5115,33.7319,1034880,34.56807142857141,32.80784599999996,33.79930800000008,34.70889600000001,48.737643214897936,36.4167976151036,34.52067500000002,32.62455238489644,0.06934922988644843,0.3076717028793733,Bearish,42.8779,29.0993,831237.1904761905,34.32916666666668,34.92643333333334,35.83526666666668,32.823066666666676,31.914233333333335,31.316966666666673
1789,2007-11-12,34.0176,35.316,33.9916,34.8745,2556939,34.53752380952379,32.91489399999996,33.797370000000086,34.67882750000001,55.88290969482992,36.33740226200863,34.48860000000002,32.63979773799141,0.1341492720866313,0.2729672167208249,Bearish,42.8779,29.0993,836000.1904761905,35.463133333333325,36.051766666666666,36.78753333333333,34.13873333333332,33.40296666666666,32.814333333333316
1790,2007-11-13,35.0563,36.1469,34.5369,35.316,2504849,34.527999999999984,33.02430599999997,33.799847000000085,34.642510500000014,58.30149556667048,36.307117925536,34.47860000000002,32.650082074464045,0.21860914250459018,0.26209560187757797,Bearish,42.8779,29.0993,913242.1904761905,36.12963333333333,36.943266666666666,37.73963333333333,34.51963333333333,33.72326666666667,32.90963333333333
1791,2007-11-14,35.5497,35.6016,33.5502,33.6281,922845,34.43809999999999,33.090011999999966,33.78370400000008,34.59626150000001,47.56539750793648,36.2372189238103,34.40161500000002,32.56601107618974,0.14764283992602145,0.23920504948726667,Bearish,42.8779,29.0993,988003.7142857143,34.96973333333333,36.311366666666665,37.02113333333333,32.91833333333333,32.20856666666666,30.86693333333333
1792,2007-11-15,33.2905,33.706,32.8231,33.2126,697620,34.34499523809523,33.15138799999997,33.76315700000008,34.549676000000005,45.35145179987002,36.125963105964246,34.288930000000015,32.451896894035784,0.057214621781255914,0.2028069639460645,Bearish,42.8779,29.0993,987431.7142857143,33.67136666666667,34.13013333333334,34.55426666666668,32.788466666666665,32.36433333333333,31.905566666666658
1793,2007-11-16,33.2385,33.8618,33.0568,33.0568,422499,34.23025714285713,33.23053799999997,33.741798000000074,34.506042500000014,44.51476856954288,36.01976402644529,34.174675000000015,32.32958597355474,-0.026714205788358925,0.1569027299991798,Bearish,42.8779,29.0993,991259.7142857143,33.593466666666664,34.13013333333333,34.398466666666664,32.788466666666665,32.520133333333334,31.983466666666665
1794,2007-11-19,33.4203,33.8098,32.6153,33.706,1045853,34.15235714285713,33.315707999999965,33.70952100000008,34.47062900000001,48.757052336611224,35.819243490091246,34.081195000000015,32.343146509908784,-0.04037794014303131,0.11744659597073759,Bearish,42.8779,29.0993,995098.7142857143,34.138766666666676,34.57153333333334,35.33326666666668,32.94426666666667,32.18253333333333,31.749766666666666
1795,2007-11-20,33.8618,34.2253,33.5502,33.9137,1399745,34.073219047619034,33.404037999999964,33.67608800000008,34.43749750000001,50.072297058779405,35.7256392186827,34.03056000000001,32.335480781317315,-0.034054336687084685,0.08714640943917314,Bearish,42.8779,29.0993,1036519.2380952381,34.2426,34.5715,34.9177,33.5675,33.2213,32.8924
1796,2007-11-21,34.0435,34.6148,34.0176,34.1214,1131785,34.03488571428569,33.480107999999966,33.640753000000075,34.411622500000014,51.41523894134521,35.74005191367492,34.05912000000001,32.378188086325096,-0.01214320193741969,0.06728848716385458,Bearish,42.8779,29.0993,1075503.238095238,34.48493333333333,34.84846666666667,35.08213333333333,33.88773333333333,33.654066666666665,33.29053333333333
1797,2007-11-22,34.3811,34.7706,34.0435,34.4071,1419726,34.07569047619046,33.53453199999996,33.61300000000008,34.387424500000016,53.276921005074925,35.77011191680652,34.10716000000001,32.444208083193494,0.02795290878597001,0.05942137148827766,Bearish,42.8779,29.0993,1111352.238095238,34.77063333333334,35.13416666666667,35.49773333333334,34.04353333333334,33.67996666666667,33.31643333333334
1798,2007-11-23,34.485,35.1082,34.485,34.6668,1478169,34.133809523809504,33.61106399999996,33.57814400000007,34.369250500000014,54.9661589436669,35.81956930233378,34.13962000000001,32.45967069766623,0.0797654979990412,0.06349019679043037,Bullish,42.8779,29.0993,1164977.238095238,35.021666666666675,35.376533333333334,35.64486666666667,34.39846666666668,34.13013333333334,33.77526666666668
1799,2007-11-26,35.0822,36.3806,34.6668,36.2248,7081883,34.238914285714266,33.71477599999996,33.53996600000007,34.356504000000015,63.49343830121644,35.95408493712916,34.16558500000001,32.377085062870854,0.24373529868734778,0.09953921716981384,Bullish,42.8779,29.0993,1220494.238095238,36.84799999999999,37.471199999999996,38.56179999999999,35.13419999999999,34.0436,33.420399999999994
1800,2007-11-27,36.095,36.5364,35.4458,35.4458,4830903,34.226547619047594,33.79445199999996,33.50146000000007,34.339986500000016,57.61868627244006,35.99148471341684,34.17597500000001,32.36046528658318,0.30728160636409285,0.14108769500866963,Bullish,42.8779,29.0993,1542585.238095238,36.17286666666667,36.89993333333334,37.26346666666667,35.08226666666667,34.71873333333333,33.99166666666667
1801,2007-11-28,35.6276,36.2248,35.264,35.9392,3071492,34.25993809523807,33.876533999999964,33.46540100000007,34.324319500000016,60.13464057726926,36.10540356226556,34.20324000000001,32.30107643773446,0.3929263590297509,0.19145542781288588,Bullish,42.8779,29.0993,1708228.7142857143,36.35466666666667,36.770133333333334,37.315466666666666,35.39386666666667,34.848533333333336,34.43306666666667
1802,2007-11-29,36.043,36.5624,35.4458,35.4718,2538344,34.263647619047596,33.967671999999965,33.42715500000006,34.30345550000002,56.70071322942226,36.244058186934325,34.26297000000001,32.281881813065695,0.41826368537430625,0.23681707932516996,Bullish,42.8779,29.0993,1746530.7142857143,36.20753333333332,36.94326666666666,37.32413333333332,35.090933333333325,34.71006666666666,33.97433333333333
1803,2007-11-30,35.4718,35.8093,34.7966,35.0563,1501962,34.30074761904759,34.05497799999996,33.38351000000007,34.29033800000002,53.76166895339175,36.31533960563603,34.30452000000001,32.293700394363995,0.4002030301129267,0.2694942694827213,Bullish,42.8779,29.0993,1800909.238095238,35.64486666666667,36.23343333333334,36.657566666666675,34.63216666666667,34.20803333333333,33.61946666666667
1804,2007-12-03,35.0563,35.316,34.4331,34.7187,1123584,34.324242857142835,34.13005999999996,33.35116300000007,34.28485900000002,51.42905821051976,36.25900668219437,34.413585000000005,32.56816331780564,0.35456117165898604,0.2865076499179743,Bullish,42.8779,29.0993,1847274.238095238,35.2121,35.7055,36.095,34.3292,33.9397,33.4463
1805,2007-12-04,34.7706,36.4326,34.7447,36.095,5524827,34.493652380952355,34.23565199999996,33.32860000000007,34.29509100000002,59.20077247421502,36.4419704801203,34.56420000000001,32.68642951987972,0.4245516110850076,0.31411644215138096,Bullish,42.8779,29.0993,1882716.238095238,36.77016666666666,37.44533333333333,38.45806666666666,35.08226666666666,34.06953333333333,33.39436666666666
1806,2007-12-05,36.3547,36.3547,35.6276,35.6276,2421342,34.61483809523807,34.32393799999996,33.32051300000007,34.30422950000002,55.927899922228086,36.55855588449349,34.64730000000001,32.73604411550653,0.4372637603665339,0.33874590579441155,Bullish,42.8779,29.0993,2108397.714285714,36.11233333333334,36.59706666666667,36.83943333333334,35.38523333333334,35.14286666666667,34.65813333333334
1807,2007-12-06,35.9392,36.095,35.4458,35.5756,1841301,34.69150476190474,34.41416799999996,33.33006200000007,34.31547050000002,55.55988756865561,36.64307726335656,34.73948500000001,32.83589273664346,0.43809221054019076,0.3586151667435674,Bullish,42.8779,29.0993,2181267.1904761903,35.965133333333334,36.35466666666667,36.614333333333335,35.315933333333334,35.056266666666666,34.66673333333333
1808,2007-12-07,35.6795,35.9132,35.4977,35.7834,943866,34.78919523809522,34.50954999999996,33.34467400000007,34.33098400000002,56.78368215973275,36.738499606634214,34.84206000000001,32.94562039336581,0.450325415541883,0.37695721650323055,Bullish,42.8779,29.0993,2170734.6666666665,35.96516666666667,36.14693333333334,36.38066666666667,35.54966666666667,35.315933333333334,35.134166666666665
1809,2007-12-10,35.8353,36.4585,35.7834,35.8613,1957494,34.890595238095216,34.58310999999996,33.34613700000007,34.34924950000002,57.258859892284434,36.839297585606175,34.89140000000001,32.94350241439385,0.4609921668618213,0.3937642065749487,Bullish,42.8779,29.0993,2166400.6666666665,36.285399999999996,36.7095,36.960499999999996,35.610299999999995,35.3593,34.935199999999995
1810,2007-12-11,35.8872,36.848,35.8872,36.2768,7373520,34.957371428571406,34.66945799999996,33.35697800000007,34.36872200000002,59.79793163088081,36.972389393765866,34.939440000000005,32.906490606234144,0.4972411353676165,0.4144595923334823,Bullish,42.8779,29.0993,2210334.6666666665,36.78746666666667,37.29813333333333,37.748266666666666,35.82666666666667,35.376533333333334,34.86586666666667
1811,2007-12-12,36.4066,36.5884,35.9651,35.9911,1823399,34.98951904761902,34.74959399999996,33.35973900000007,34.38166750000002,57.27826758709252,37.04613740441668,35.057590000000005,33.069042595583326,0.497183875531789,0.4310044489731436,Bullish,42.8779,29.0993,2439695.6666666665,36.39796666666667,36.804833333333335,37.02126666666667,35.77466666666667,35.558233333333334,35.15136666666667
1812,2007-12-13,35.8613,36.9779,35.8613,36.2768,3665739,35.11564761904759,34.81156799999996,33.37157500000007,34.394798000000016,59.13272489999246,37.075451320759754,35.210800000000006,33.34614867924026,0.5142639839164573,0.44765635596180636,Bullish,42.8779,29.0993,2407245.6666666665,36.8827,37.4886,37.9993,35.7661,35.2554,34.6495
1813,2007-12-14,36.3287,36.848,36.043,36.3806,2579231,35.266504761904734,34.87064399999996,33.38494600000007,34.40869650000001,59.81522284213079,37.02386318625659,35.376990000000006,33.73011681374342,0.5300656188740618,0.46413820854425747,Bullish,42.8779,29.0993,2537859.6666666665,36.80473333333334,37.22886666666667,37.60973333333334,35.99973333333334,35.61886666666667,35.19473333333334
1814,2007-12-17,36.6143,36.6663,35.8353,35.9392,2170476,35.40376190476188,34.89004999999996,33.39614200000007,34.42424300000002,55.56559141795624,36.9607552849612,35.48865000000001,34.01654471503881,0.5011937873579484,0.47154932430699564,Bullish,42.8779,29.0993,2627460.1904761903,36.45856666666666,36.97793333333333,37.289566666666666,35.62756666666666,35.31593333333333,34.796566666666656
1815,2007-12-18,35.9132,36.043,35.6276,35.7834,638138,35.50268571428569,34.91081799999996,33.40080600000007,34.43950800000002,54.104449729350094,36.86798810246194,35.58213500000001,34.29628189753807,0.46043330639965063,0.46932612072552665,Bearish,42.8779,29.0993,2710697.1904761903,36.00840000000001,36.2334,36.42380000000001,35.59300000000001,35.40260000000001,35.17760000000001
1816,2007-12-19,35.9132,36.0171,35.316,35.7574,742203,35.59048095238093,34.931065999999966,33.406204000000066,34.45613500000002,53.849964610932076,36.762136920008295,35.66393500000001,34.56573307999172,0.4211772793650894,0.4596963524534392,Bearish,42.8779,29.0993,2691282.1904761903,36.07766666666666,36.39793333333333,36.778766666666655,35.37656666666666,34.995733333333334,34.675466666666665
1817,2007-12-20,35.9132,36.0171,35.316,35.7574,742203,35.66838571428569,34.93589399999996,33.410359000000064,34.47127000000002,53.849964610932076,36.66613425364347,35.73145000000001,34.79676574635655,0.3856213917526503,0.4448813603132814,Bearish,42.8779,29.0993,2659970.6666666665,36.07766666666666,36.39793333333333,36.778766666666655,35.37656666666666,34.995733333333334,34.675466666666665
1818,2007-12-21,35.9132,36.0171,35.316,35.7574,742203,35.73268571428569,34.94072199999996,33.41600600000007,34.479938500000024,53.849964610932076,36.582961383979175,35.78598000000001,34.988998616020844,0.3533696690733592,0.42657902206529696,Bearish,42.8779,29.0993,2641419.1428571427,36.07766666666666,36.39793333333333,36.778766666666655,35.37656666666666,34.995733333333334,34.675466666666665
1819,2007-12-24,35.7314,36.095,35.7314,35.8613,461307,35.789566666666644,34.94762799999996,33.42418400000006,34.49509550000002,54.90853562027178,36.54012619348685,35.76780500000001,34.99548380651317,0.33236253969131724,0.40773572559050103,Bearish,42.8779,29.0993,2609156.1428571427,36.06040000000001,36.2595,36.42400000000001,35.69680000000001,35.532300000000006,35.33320000000001
1820,2007-12-25,35.7314,36.095,35.7314,35.8613,461307,35.77225714285712,34.95453399999996,33.43733700000006,34.50714350000002,54.90853562027179,36.54737143538216,35.78858000000001,35.02978856461786,0.3121163552502182,0.3886118515224445,Bearish,42.8779,29.0993,2560734.1428571427,36.06040000000001,36.2595,36.42400000000001,35.69680000000001,35.532300000000006,35.33320000000001
1821,2007-12-26,35.8613,36.1989,35.7574,35.8872,1132593,35.79327619047617,34.96892199999996,33.449505000000066,34.52193250000002,55.205582798650056,36.54304360790166,35.78598000000001,35.02891639209836,0.294763175357609,0.3698421162894774,Bearish,42.8779,29.0993,2245468.619047619,36.138266666666674,36.38933333333334,36.57976666666668,35.69676666666667,35.50633333333333,35.255266666666664
1822,2007-12-27,36.069,36.095,35.6016,35.8353,551859,35.78832857142855,34.976301999999954,33.47831500000007,34.53758100000002,54.43177014537246,36.54750462292887,35.80415500000001,35.06080537707115,0.273668083699782,0.3506073097715383,Bearish,42.8779,29.0993,2069358.619047619,36.08633333333332,36.33736666666666,36.57973333333332,35.59293333333332,35.35056666666666,35.09953333333332
1823,2007-12-28,36.069,36.095,35.6016,35.8353,551859,35.805638095238066,34.98616999999996,33.50538400000007,34.553229500000015,54.43177014537246,36.50252659041753,35.84310500000001,35.183683409582486,0.254021865635103,0.33129022094425126,Bearish,42.8779,29.0993,1949376.0952380951,36.08633333333332,36.33736666666666,36.57973333333332,35.59293333333332,35.35056666666666,35.09953333333332
1824,2007-12-31,34.0435,34.0435,34.0435,34.0435,189998,35.7574095238095,34.95552799999996,33.517520000000076,34.559919000000015,34.864570142872154,36.71771507541537,35.80934500000001,34.900974924584645,0.09279908093331812,0.2835919929420646,Bearish,42.8779,29.0993,1854781.5714285714,34.0435,34.0435,34.0435,34.0435,34.0435,34.0435
1825,2008-01-01,32.3556,33.4203,32.3556,32.8231,1741971,35.66714285714283,34.91346199999996,33.51745200000007,34.560631000000015,27.58976218503866,37.222231836879395,35.64575000000001,34.06926816312062,-0.13192645216275878,0.20048830392109993,Bearish,42.8779,29.0993,1792307.0952380951,33.37706666666666,33.931033333333325,34.44176666666665,32.31236666666666,31.801633333333335,31.247666666666667
1826,2008-01-02,32.901,33.4723,31.8882,31.9402,655001,35.46929523809521,34.881261999999964,33.50134200000007,34.557426000000014,23.73176995044435,37.71869700707064,35.461380000000005,33.20406299292937,-0.3769207991507102,0.08500648330673789,Bearish,42.8779,29.0993,1821754.0952380951,32.97893333333333,34.017666666666656,34.56303333333332,31.39483333333333,30.849466666666668,29.810733333333335
1827,2008-01-03,32.7192,33.5242,32.7192,33.5242,759644,35.3691333333333,34.88281999999996,33.50306200000007,34.56176800000001,39.95444882972362,37.76740329892212,35.35881,32.95021670107788,-0.4382135690227429,-0.019637527159158272,Bearish,42.8779,29.0993,1589857.619047619,33.79253333333334,34.06086666666667,34.59753333333334,32.98753333333334,32.45086666666667,32.18253333333334
1828,2008-01-04,33.7579,34.2772,33.1606,34.2772,1665048,35.30730476190473,34.88801199999996,33.513555000000075,34.57049650000001,45.85094802474758,37.728199572547176,35.2835,32.83880042745282,-0.4211727070247875,-0.09994456313228411,Bearish,42.8779,29.0993,1510729.142857143,34.6494,35.0216,35.766,33.5328,32.7884,32.4162
1829,2008-01-07,34.2253,35.9911,33.7579,35.9911,7249589,35.3171952380952,34.89372399999996,33.53894900000007,34.586302500000016,56.35629118700738,37.74147047179906,35.289989999999996,32.83850952820093,-0.2663005478295233,-0.13321576007173194,Bearish,42.8779,29.0993,1502336.142857143,36.73550000000001,37.47990000000001,38.96870000000001,34.502300000000005,33.0135,32.2691
1830,2008-01-08,36.874,36.874,36.2248,36.3027,5530718,35.338214285714244,34.91501799999996,33.584123000000076,34.60292000000002,57.95344399160831,37.74487569714428,35.291284999999995,32.83769430285571,-0.11707021743062285,-0.12998665154351013,Bullish,42.8779,29.0993,1802608.6666666667,36.70953333333334,37.11636666666667,37.35873333333334,36.06033333333334,35.81796666666667,35.41113333333334
1831,2008-01-09,36.3547,36.4845,35.6016,35.6795,826749,35.30977142857139,34.920729999999956,33.62256700000008,34.61667050000002,53.71926186560047,37.715239860155236,35.275704999999995,32.836170139844754,-0.0485316939849767,-0.11369566003180345,Bullish,42.8779,29.0993,1972762.1904761905,36.24213333333332,36.80476666666666,37.12503333333332,35.35923333333332,35.03896666666666,34.47633333333332
1832,2008-01-10,35.7314,36.3547,35.6276,36.2508,4179368,35.32213809523806,34.96020199999996,33.68264200000008,34.62929800000002,56.832876482832674,37.71183138574224,35.274404999999994,32.83697861425775,0.051293436281376614,-0.08069784076916744,Bullish,42.8779,29.0993,1661011.1904761905,36.5278,36.8048,37.2549,35.8007,35.3506,35.0736
1833,2008-01-11,36.2768,37.0038,35.8353,36.3547,13450091,35.32584761904758,35.00278999999996,33.74102000000008,34.641947500000015,57.39427153742219,37.7082105440461,35.273109999999996,32.83800945595389,0.13720778693129887,-0.03711671522907418,Bullish,42.8779,29.0993,1773200.1904761905,36.96056666666666,37.56643333333333,38.12906666666666,35.792066666666656,35.229433333333326,34.623566666666655
1834,2008-01-14,36.3547,36.4845,35.6016,35.7314,844421,35.2949333333333,35.06666999999996,33.796398000000075,34.65235100000001,52.945777001982165,37.688117620682654,35.262719999999995,32.837322379317335,0.1532340412931319,0.000953436075367041,Bullish,42.8779,29.0993,2239121.714285714,36.27673333333333,36.822066666666665,37.15963333333333,35.39383333333333,35.056266666666666,34.510933333333334
1835,2008-01-15,35.5756,35.8353,35.316,35.316,526103,35.26525714285711,35.11133599999996,33.85483500000007,34.65234600000001,50.1556837584871,37.65320898718491,35.239349999999995,32.82549101281508,0.13090664466729862,0.02694407779375336,Bullish,42.8779,29.0993,2156511.714285714,35.6622,36.008399999999995,36.18149999999999,35.142900000000004,34.969800000000006,34.62360000000001
1836,2008-01-16,35.3679,35.5497,34.6148,34.6148,657657,35.20960952380948,35.12431999999996,33.89357500000008,34.64634750000001,45.771003546295084,37.598414785693734,35.182219999999994,32.766025214306254,0.05598567415227507,0.0327523970654577,Bullish,42.8779,29.0993,2078208.238095238,35.23806666666667,35.861333333333334,36.17296666666667,34.30316666666667,33.99153333333334,33.36826666666667
1837,2008-01-17,34.7966,35.0563,34.1474,34.1474,553938,35.132942857142815,35.13262999999996,33.93012900000007,34.63589800000001,43.068249809324186,37.54304757376284,35.10171999999999,32.660392426237145,-0.04063657538687693,0.018074602574990772,Bearish,42.8779,29.0993,2079137.7142857143,34.75333333333334,35.35926666666667,35.66223333333334,33.844433333333335,33.541466666666665,32.93553333333333
1838,2008-01-18,34.0176,35.0043,33.9656,34.9264,486717,35.09337142857139,35.156519999999965,33.98218300000007,34.62996550000001,48.52399762129945,37.48366724167675,35.06016999999999,32.636672758323236,-0.05373222302709735,0.0037132374545731477,Bearish,42.8779,29.0993,2070172.7142857143,35.2986,35.6708,36.3373,34.2599,33.5934,33.2212
1839,2008-01-21,35.1861,35.3679,34.5629,34.6927,461885,35.042671428571396,35.152883999999965,34.033889000000066,34.61391100000001,47.06679378752623,37.40139155920894,35.00174,32.60208844079106,-0.08202274783892705,-0.013433959604126893,Bearish,42.8779,29.0993,2058006.7142857143,35.186099999999996,35.6795,35.991099999999996,34.381099999999996,34.0695,33.5761
1840,2008-01-22,34.6668,34.6668,33.8877,34.4331,347309,34.97466190476187,35.13522599999997,34.07976600000007,34.59606100000001,45.434565969874356,37.30831899585672,34.93032999999999,32.55234100414326,-0.12396178867054175,-0.035539525417409866,Bearish,42.8779,29.0993,2044658.238095238,34.77070000000001,35.10830000000001,35.54980000000001,33.99160000000001,33.55010000000001,33.21250000000001
1841,2008-01-23,34.5369,35.0043,34.2772,34.3811,477824,34.90417619047615,35.150285999999966,34.12014900000007,34.57994050000001,45.097201693130934,37.20222737123178,34.85502499999999,32.5078226287682,-0.1595554897361069,-0.060342718281149274,Bearish,42.8779,29.0993,2039229.761904762,34.8312,35.2813,35.5583,34.1041,33.8271,33.377
1842,2008-01-24,34.3811,34.6408,33.9656,34.0435,524370,34.81638095238092,35.16690399999997,34.15914600000007,34.56561400000001,42.871508718724506,37.09283274192476,34.76543499999999,32.43803725807522,-0.21255505051697554,-0.09078518472831452,Bearish,42.8779,29.0993,2040016.2857142857,34.467666666666666,34.89183333333333,35.14286666666666,33.79246666666667,33.54143333333334,33.11726666666667
1843,2008-01-25,34.0435,34.5889,34.0176,34.2772,553245,34.742185714285675,35.19131199999997,34.210925000000074,34.552953500000015,44.89880685564264,36.97034754689568,34.687529999999995,32.40471245310431,-0.233013908102933,-0.11923092940323822,Bearish,42.8779,29.0993,2011053.2857142857,34.571533333333335,34.86586666666667,35.142833333333336,34.000233333333334,33.72326666666667,33.42893333333333
1844,2008-01-28,34.2772,34.6408,33.8098,34.3032,359898,34.66922857142853,35.20325599999997,34.25948200000007,34.543407500000015,45.132089594859856,36.97145500209534,34.70051499999999,32.42957499790464,-0.24431342435287462,-0.1442474283931655,Bearish,42.8779,29.0993,2011119.2857142857,34.692733333333315,35.082266666666655,35.52373333333331,33.86173333333332,33.42026666666666,33.03073333333332
1845,2008-01-29,34.511,35.0563,34.3032,34.5369,737699,34.69272380952378,35.21571999999997,34.30987900000007,34.53279150000001,47.292155045856575,36.89053718525846,34.786204999999995,32.68187281474153,-0.2317393880888332,-0.16174582033229906,Bearish,42.8779,29.0993,2001978.2857142857,34.961066666666675,35.38523333333334,35.71416666666668,34.20796666666667,33.87903333333333,33.45486666666667
1846,2008-01-30,34.6927,35.1082,34.459,35.0303,1130514,34.79782857142854,35.23389799999997,34.35700300000007,34.52265300000001,51.62244997748356,36.59137481988766,34.940709999999996,33.29004518011233,-0.17988748630829576,-0.1653741535274984,Bearish,42.8779,29.0993,2028059.2857142857,35.272666666666666,35.51503333333333,35.92186666666666,34.62346666666667,34.21663333333334,33.97426666666668
1847,2008-01-31,35.0303,35.0303,34.7447,34.9264,160314,34.94002857142854,35.24428399999997,34.389408000000074,34.506399000000016,50.67824802238652,36.5286386777126,35.01082,33.493001322287405,-0.14550109618043194,-0.1613995420580851,Bullish,42.8779,29.0993,1998942.2857142857,35.05623333333333,35.18606666666666,35.34183333333333,34.770633333333336,34.61486666666667,34.48503333333334
1848,2008-02-01,35.0563,35.0563,34.5629,34.6148,94017,34.99196190476188,35.243243999999976,34.427154000000066,34.49318800000002,47.851491843280684,36.5197993626476,35.0277,33.5356006373524,-0.14175904014087592,-0.15747144167464328,Bullish,42.8779,29.0993,1975385.761904762,34.926433333333335,35.23806666666667,35.41983333333334,34.433033333333334,34.251266666666666,33.93963333333333
1849,2008-02-04,34.6408,34.9524,34.6408,34.8485,893855,35.01916666666664,35.215717999999974,34.46524700000007,34.48164300000002,50.09959767131205,36.39678869866176,34.97057000000001,33.54435130133826,-0.1185690071738037,-0.14969095477447536,Bullish,42.8779,29.0993,1943689.238095238,34.986999999999995,35.125499999999995,35.29859999999999,34.675399999999996,34.5023,34.3638
1850,2008-02-05,34.6408,34.9524,34.6408,34.8485,893855,34.964757142857124,35.20377199999998,34.49911200000007,34.470098000000014,50.09959767131205,36.186665241147985,34.897860000000016,33.60905475885205,-0.09904896416913544,-0.1395625566534074,Bullish,42.8779,29.0993,1906965.761904762,34.986999999999995,35.125499999999995,35.29859999999999,34.675399999999996,34.5023,34.3638
1851,2008-02-06,34.8226,35.238,34.7187,35.238,909909,34.914057142857125,35.18974799999998,34.53314100000007,34.46037600000002,53.93787987679279,36.12479122620894,34.87578500000002,33.6267787737911,-0.05155549498691414,-0.12196114432010874,Bullish,42.8779,29.0993,1604311.761904762,35.411100000000005,35.5842,35.930400000000006,34.8918,34.5456,34.3725
1852,2008-02-07,35.316,35.7574,35.0822,35.5756,1888194,34.90910952380951,35.191823999999976,34.579748000000066,34.45085000000002,57.02350729364193,35.971304663993074,34.84202500000002,33.71274533600697,0.013173069130068882,-0.09493430163007321,Bullish,42.5297,29.0993,1384273.238095238,35.861266666666666,36.14693333333333,36.53646666666666,35.18606666666667,34.796533333333336,34.51086666666667
1853,2008-02-08,35.7055,35.8353,35.316,35.316,467082,34.86459523809523,35.19701799999998,34.62599800000007,34.44139350000002,54.02646385426073,35.713007608245086,34.79009000000002,33.867172391754956,0.04302737926012412,-0.06734196545203375,Bullish,41.7835,29.0993,1434818.238095238,35.6622,36.008399999999995,36.18149999999999,35.142900000000004,34.969800000000006,34.62360000000001
1854,2008-02-11,35.2121,35.316,34.7966,35.0043,107184,34.80029047619047,35.20272999999998,34.66639500000007,34.43958100000002,50.58845251805663,35.57741846414706,34.75373500000002,33.93005153585298,0.04106221051004866,-0.045661130259617266,Bullish,40.7887,29.0993,1258042.7142857143,35.281333333333336,35.55836666666667,35.80073333333334,34.76193333333333,34.51956666666666,34.24253333333333
1855,2008-02-12,34.8485,35.4718,34.8485,35.3939,324093,34.78421904761904,35.18870799999998,34.712180000000075,34.439219000000016,54.487001866343185,35.592571689226574,34.75763000000002,33.92268831077347,0.07013380524420398,-0.022502143158853016,Bullish,40.54,29.0993,622666.1904761905,35.627633333333335,35.86136666666667,36.250933333333336,35.004333333333335,34.61476666666667,34.381033333333335
1856,2008-02-13,35.3939,36.0171,35.1861,35.8353,711942,34.80894761904761,35.19286199999998,34.75840000000007,34.44181050000002,58.483615537093435,35.772817389695774,34.818655000000014,33.864492610304254,0.12732284607302802,0.0074628546875231926,Bullish,40.0426,29.0993,597888.6666666666,36.17289999999999,36.51049999999999,37.00389999999999,35.341899999999995,34.8485,34.5109
1857,2008-02-14,35.7314,36.2248,35.7314,35.7834,311157,34.86459523809523,35.19701799999998,34.80559300000007,34.44513700000002,57.84047147973831,35.890248328888056,34.900455000000015,33.910661671111974,0.16653793109762915,0.03927786996954438,Bullish,40.0426,29.0993,606738.1428571428,36.09499999999999,36.4066,36.58839999999999,35.60159999999999,35.419799999999995,35.10819999999999
1858,2008-02-15,35.8353,35.9911,35.6016,35.8353,180989,34.94497142857142,35.19805599999998,34.85380300000008,34.44648450000002,58.33391946487305,36.01645230979637,34.945900000000016,33.87534769020366,0.19950430334086633,0.07132315664380878,Bullish,40.0426,29.0993,590238.1428571428,36.01706666666667,36.19883333333334,36.40656666666668,35.62756666666667,35.41983333333333,35.23806666666666
1859,2008-02-18,35.8353,35.9911,35.6016,35.8353,180989,34.988252380952375,35.19753599999998,34.89032300000007,34.451687000000014,58.33391946487305,36.133698529858535,35.00303000000001,33.872361470141485,0.2230591043480601,0.10167034618465905,Bullish,40.0426,29.0993,572478.6666666666,36.01706666666667,36.19883333333334,36.40656666666668,35.62756666666667,35.41983333333333,35.23806666666666
1860,2008-02-19,35.8353,36.5624,35.8353,36.2508,1725455,35.06244761904761,35.19701599999998,34.93323700000007,34.45784800000001,62.418036153919545,36.31530475970423,35.09391500000002,33.8725252402958,0.2721170355719522,0.1357596840621177,Bullish,40.0426,29.0993,557920.1904761905,36.59703333333332,36.94326666666666,37.32413333333332,35.86993333333332,35.48906666666666,35.14283333333332
1861,2008-02-20,36.3027,36.4066,35.9392,36.2248,213444,35.147766666666655,35.20168999999998,34.97564200000007,34.46611750000002,62.00844240620531,36.4557297806887,35.18610000000001,33.91647021931132,0.30537761376078976,0.1696832700018521,Bullish,40.0426,29.0993,618090.1904761905,36.441199999999995,36.657599999999995,36.90859999999999,35.9738,35.7228,35.5064
1862,2008-02-21,35.8872,36.2508,35.8872,36.1989,269231,35.234328571428556,35.200131999999975,35.005850000000066,34.475501000000015,61.57497290390642,36.522506685278,35.29387000000001,34.06523331472202,0.3258902876835492,0.20092467353819152,Bullish,40.0426,29.0993,611715.6666666666,36.33740000000001,36.4759,36.70100000000001,35.97380000000001,35.74870000000001,35.61020000000001
1863,2008-02-22,35.9911,36.043,35.6535,35.8093,295449,35.318414285714276,35.188705999999975,35.02967500000007,34.48243900000002,55.311346796557714,36.5248080713059,35.37047500000001,34.21614192869413,0.30716841924486715,0.22217342267952664,Bullish,40.0426,29.0993,601782.6666666666,36.01703333333332,36.22476666666666,36.40653333333332,35.627533333333325,35.445766666666664,35.23803333333333
1864,2008-02-25,35.8353,35.8872,35.316,35.4718,382190,35.37529999999999,35.17935799999997,35.03470400000006,34.48818700000002,50.517310381688866,36.474403324202264,35.428905000000015,34.383406675797765,0.2620767169724587,0.23015408153811306,Bullish,40.0426,29.0993,590881.6666666666,35.80066666666667,36.129533333333335,36.37186666666667,35.229466666666674,34.98713333333334,34.65826666666668
1865,2008-02-26,35.6016,35.6276,35.0822,35.2121,328020,35.41858095238094,35.16793199999997,35.03937500000007,34.492636500000025,47.13209216504606,36.43156855201627,35.462665000000015,34.49376144798376,0.20304502183626738,0.22473226959774392,Bearish,40.0426,29.0993,582736.1904761905,35.532399999999996,35.8527,36.077799999999996,34.986999999999995,34.7619,34.441599999999994
1866,2008-02-27,35.5756,35.5756,35.1601,35.1601,322823,35.44825714285714,35.15598599999998,35.04352600000007,34.494339000000025,46.46074265827391,36.42807461597888,35.469155000000015,34.51023538402115,0.15033306670864022,0.20985242901992318,Bearish,40.0426,29.0993,581218.1904761905,35.4371,35.7141,35.8526,35.0216,34.8831,34.6061
1867,2008-02-28,35.316,35.3419,34.7966,35.238,542504,35.45814761904761,35.14559799999998,35.04074600000007,34.49444100000002,47.66343885223421,36.417647543119166,35.484735000000015,34.55182245688086,0.11353557403931802,0.19058905802380216,Bearish,40.0426,29.0993,561462.1904761905,35.45440000000001,35.67080000000001,35.99970000000001,34.9091,34.5802,34.3638
1868,2008-02-29,35.316,35.316,33.4982,34.0176,793485,35.414871428571416,35.11080199999998,35.02576200000007,34.48931150000003,34.56390544037497,36.52534170920261,35.45487500000001,34.38440829079741,-0.013942069209171848,0.14968283257720735,Bearish,40.0426,29.0993,533461.7142857143,35.05633333333334,36.095066666666675,36.87413333333335,33.238533333333336,32.459466666666664,31.42073333333333
1869,2008-03-03,34.2772,34.5369,34.0176,34.3811,308501,35.40374285714285,35.08119799999998,35.01441300000007,34.484632000000026,39.865214455517126,36.572020133572764,35.431505000000016,34.29098986642727,-0.08466168065218937,0.10281392993132801,Bearish,40.0426,29.0993,563612.7142857143,34.60613333333333,34.83116666666667,35.12543333333333,34.08683333333333,33.792566666666666,33.56753333333333
1870,2008-03-04,34.5629,34.9524,34.2772,34.3811,583391,35.38148571428571,35.05159399999998,35.003064000000066,34.480698500000024,39.865214455517126,36.61282637504501,35.408135000000016,34.20344362495502,-0.1391039781570882,0.054430348313644766,Bearish,40.0426,29.0993,573826.2380952381,34.796600000000005,35.2121,35.4718,34.12140000000001,33.861700000000006,33.44620000000001
1871,2008-03-05,34.5369,35.1861,34.5369,34.7966,938207,35.37901428571428,35.029781999999976,34.999352000000066,34.47374400000002,45.69729110820681,36.618273909685506,35.386065000000016,34.15385609031453,-0.1470276701833555,0.014138744614244712,Bearish,40.0426,29.0993,559042.2380952381,35.14283333333333,35.489066666666666,35.79203333333333,34.49363333333333,34.190666666666665,33.84443333333333
1872,2008-03-06,34.8226,35.29,34.7706,35.0043,807114,35.36788571428571,35.01316199999998,34.99473200000007,34.46844950000002,48.391721575164794,36.597273834216985,35.357500000000016,34.11772616578305,-0.13499150102806112,-0.015687304514216457,Bearish,40.0426,29.0993,561154.2380952381,35.272666666666666,35.54103333333333,35.79206666666666,34.75326666666667,34.502233333333336,34.23386666666667
1873,2008-03-07,34.8745,35.0303,34.6148,34.7966,337376,35.33079047619047,34.99238799999998,34.98927900000007,34.46497700000002,45.93705065685412,36.59522248965418,35.331530000000015,34.06783751034585,-0.14059175025364823,-0.04066819366210281,Bearish,40.0426,29.0993,556259.2380952381,35.01299999999999,35.22939999999999,35.428499999999985,34.5975,34.3984,34.182
1874,2008-03-10,34.9784,35.0822,34.459,34.5369,306884,35.29369047619048,35.00225599999998,34.978892000000066,34.46057900000002,43.00000405446949,36.61184920897833,35.30816000000002,34.00447079102172,-0.16409403383205756,-0.06535336169609376,Bearish,40.0426,29.0993,482410.7619047619,34.9264,35.3159,35.5496,34.303200000000004,34.069500000000005,33.68000000000001
1875,2008-03-11,34.459,34.7187,34.2772,34.459,141257,35.26772380952381,35.03497399999998,34.97421800000007,34.456040000000016,42.129866321857676,36.61552335796365,35.26141500000002,33.90730664203639,-0.18685173140679723,-0.08965303563823446,Bearish,40.0426,29.0993,474782.28571428574,34.692733333333344,34.92646666666667,35.13423333333334,34.251233333333346,34.043466666666674,33.80973333333335
1876,2008-03-12,34.5369,34.7706,34.4071,34.6408,291060,35.23186190476191,35.08898599999998,34.98512400000007,34.45328050000002,44.93059472758525,36.55465154402296,35.20169000000003,33.848728455977096,-0.18804990778122743,-0.10933241006683306,Bearish,40.0426,29.0993,476404.8095238095,34.805233333333334,34.96966666666667,35.168733333333336,34.44173333333333,34.242666666666665,34.07823333333333
1877,2008-03-13,34.6668,34.6668,34.1993,34.2253,306075,35.15519523809524,35.103007999999974,34.99291400000007,34.45006000000002,40.14820980809991,36.512748053902776,35.12378500000002,33.73482194609726,-0.21999093020814087,-0.13146411409509462,Bearish,40.0426,29.0993,474831.8095238095,34.528299999999994,34.8313,34.995799999999996,34.06079999999999,33.8963,33.59329999999999
1878,2008-03-14,34.4331,34.4331,33.7579,34.1474,290598,35.07729047619047,35.10041199999998,34.99421200000007,34.44744500000002,39.30354348208211,36.45011432303651,35.03939000000002,33.62866567696353,-0.24872317364565788,-0.15491592600520726,Bearish,40.0426,29.0993,455504.8095238095,34.4677,34.788000000000004,35.142900000000004,33.7925,33.437599999999996,33.11729999999999
1879,2008-03-17,34.1474,34.2772,33.7579,33.7579,394779,34.97836666666666,35.05574799999998,34.974736000000064,34.44213650000002,35.30410608828753,36.40137674143347,34.93552000000002,33.46966325856657,-0.29947096353378555,-0.1838269335109229,Bearish,40.0426,29.0993,454525.8095238095,34.10410000000001,34.450300000000006,34.62340000000001,33.58480000000001,33.4117,33.06550000000001
1880,2008-03-18,33.8098,33.8358,32.7192,33.706,536151,34.87697142857142,35.00381399999998,34.95941600000007,34.43457850000002,34.79601533777727,36.23668033128196,34.80828000000002,33.379879668718075,-0.3399580244030176,-0.21505315168934186,Bearish,40.0426,29.0993,464706.28571428574,34.12146666666666,34.53693333333333,35.23806666666666,33.004866666666665,32.303733333333334,31.888266666666667
1881,2008-03-19,33.6281,34.2772,33.3424,34.1474,256988,34.77680952380952,34.973171999999984,34.94695100000007,34.42810850000002,42.38990550243445,36.001799028629,34.70441000000002,33.40702097137103,-0.33259309460651565,-0.2385611402727766,Bearish,40.0426,29.0993,481618.7619047619,34.50226666666667,34.85713333333334,35.437066666666674,33.56746666666667,32.98753333333333,32.632666666666665
1882,2008-03-20,34.0176,34.2772,33.8877,34.0695,194964,34.67417619047618,34.92954599999998,34.94487400000007,34.42311450000002,41.47192350196311,35.72567973841734,34.597940000000015,33.47020026158269,-0.3292468607818293,-0.25669828437458714,Bearish,40.0426,29.0993,411691.7619047619,34.268566666666665,34.46763333333333,34.65806666666666,33.87906666666667,33.688633333333335,33.48956666666667
1883,2008-03-21,34.0176,34.2772,33.8877,34.0695,194964,34.57277619047618,34.88384199999998,34.94331600000007,34.41911500000002,41.47192350196311,35.51289762039056,34.510950000000015,33.50900237960947,-0.32287306663676674,-0.2699332408270231,Bearish,40.0426,29.0993,410811.7619047619,34.268566666666665,34.46763333333333,34.65806666666666,33.87906666666667,33.688633333333335,33.48956666666667
1884,2008-03-24,34.2772,34.9264,34.2772,34.6148,660891,34.51589523809523,34.86150999999998,34.96409000000006,34.41635000000002,50.22310903620797,35.37035548710288,34.468100000000014,33.56584451289715,-0.2707001730286791,-0.2700866272673543,Bearish,40.0426,29.0993,407275.2380952381,34.935066666666664,35.25533333333333,35.584266666666664,34.285866666666664,33.95693333333333,33.63666666666666
1885,2008-03-25,34.7187,34.7187,33.9656,34.0435,408524,34.44788095238094,34.83605999999998,34.97369800000007,34.40799250000002,42.97346871871169,35.26158462976401,34.40967000000002,33.55775537023603,-0.2723128612499366,-0.27053187406387075,Bearish,40.0426,29.0993,424677.2380952381,34.519600000000004,34.9957,35.2727,33.76650000000001,33.48950000000001,33.01340000000001
1886,2008-03-26,34.2772,34.5889,34.1734,34.4071,478632,34.409547619047615,34.83190599999998,34.978113000000064,34.40157750000002,48.10753532142881,35.151417671543356,34.37202000000001,33.59262232845667,-0.24146795474237592,-0.2647190901995718,Bullish,40.0426,29.0993,425931.2380952381,34.6062,34.8053,35.0217,34.1907,33.9743,33.7752
1887,2008-03-27,34.459,35.8353,34.459,35.1082,4323396,34.40707619047619,34.851121999999975,34.99187600000007,34.40103050000002,56.280831104168826,35.117660425129664,34.36553000000002,33.61339957487038,-0.15862174075790847,-0.24349962031123912,Bullish,40.0426,29.0993,433103.2380952381,35.80933333333333,36.51046666666666,37.18563333333332,34.433033333333334,33.75786666666667,33.05673333333334
1888,2008-03-28,35.264,35.7055,35.0043,35.316,2188032,34.41079047619048,34.85891399999998,35.00771700000006,34.40351250000002,58.373557598035276,35.27027696908625,34.43045000000002,33.5906230309138,-0.0753294450064459,-0.20986558525028048,Bullish,40.0426,29.0993,623606.7142857143,35.67956666666667,36.04313333333334,36.38076666666667,34.97836666666667,34.64073333333334,34.27716666666667
1889,2008-03-31,35.1342,35.3679,34.2772,35.316,1270616,34.47261904761905,34.871379999999974,35.01213200000006,34.40475100000002,58.37355759803528,35.40073256496729,34.477195000000016,33.55365743503274,-0.009213493121329464,-0.16973516682449027,Bullish,40.0426,29.0993,701965.1904761905,35.69686666666666,36.07773333333333,36.787566666666656,34.60616666666666,33.89633333333333,33.51546666666666
1890,2008-04-01,35.316,35.8353,35.264,35.316,6374907,34.5171380952381,34.88903799999998,35.01213200000006,34.40598950000002,58.373557598035276,35.515430377969075,34.52394000000002,33.53244962203096,0.04269175115472024,-0.12724978322864816,Bullish,40.0426,29.0993,724685.7142857143,35.67953333333333,36.04306666666666,36.250833333333325,35.10823333333334,34.900466666666674,34.536933333333344
1891,2008-04-02,35.5237,35.7314,35.264,35.29,1919610,34.56041904761905,34.90721599999998,35.028751000000064,34.40622750000002,57.94014452763561,35.58934033183803,34.54861000000001,33.50787966816199,0.08079766332365068,-0.08564029391818839,Bullish,40.0426,29.0993,1013562.1904761905,35.59293333333334,35.89586666666667,36.06033333333334,35.125533333333344,34.961066666666675,34.658133333333346
1892,2008-04-03,35.316,35.6535,35.2121,35.3679,2489141,34.58762380952381,34.93370399999998,35.05030400000007,34.406730500000016,58.9242024001981,35.65054002634696,34.56679000000001,33.483039973653064,0.11594619663749484,-0.04532299580705174,Bullish,40.0426,29.0993,1077191.6666666667,35.61023333333333,35.85256666666667,36.051633333333335,35.16883333333333,34.969766666666665,34.72743333333333
1893,2008-04-04,35.4458,35.7055,35.316,35.316,2486484,34.60246666666667,34.954479999999975,35.072896000000064,34.407347000000016,57.95138513781776,35.721262084006604,34.59276000000001,33.46425791599342,0.13802272619521005,-0.008653851406599383,Bullish,40.0426,29.0993,1151045.6666666667,35.57566666666666,35.83533333333333,35.96516666666666,35.186166666666665,35.056333333333335,34.79666666666667
1894,2008-04-07,35.5497,35.8353,35.316,35.4718,5334368,34.634619047619054,34.97785199999998,35.09055400000006,34.400037500000025,60.08193552650749,35.83059474049169,34.63950500000002,33.44841525950835,0.16617473395472615,0.026311865665665728,Bullish,40.0426,29.0993,1231015.6666666667,35.76606666666666,36.060333333333325,36.285366666666654,35.246766666666666,35.02173333333334,34.72746666666667
1895,2008-04-08,35.4458,35.4718,35.1601,35.316,1027026,34.67171904761906,34.99343399999997,35.104577000000056,34.39033250000002,56.973121017104546,35.905614157295346,34.682355000000015,33.459095842704684,0.17390893110016492,0.055831278752565563,Bullish,40.0426,29.0993,1468967.6666666667,35.471833333333336,35.62766666666667,35.78353333333334,35.160133333333334,35.004266666666666,34.84843333333333
1896,2008-04-09,35.4198,36.4585,35.238,36.043,7507500,34.747147619047624,35.01368799999997,35.12379300000006,34.382273000000026,65.85215693801852,36.11137151521978,34.752465000000015,33.39355848478025,0.23598092110186286,0.09186120722242502,Bullish,40.0426,29.0993,1503260.142857143,36.588333333333324,37.13366666666666,37.808833333333325,35.36783333333332,34.69266666666666,34.14733333333332
1897,2008-04-10,36.095,36.4845,35.316,35.7834,7765181,34.80155714285715,35.03082799999997,35.13755600000006,34.37527800000002,61.01058780263381,36.2372583994138,34.83037000000002,33.42348160058625,0.2612147489253971,0.12573191556301944,Bullish,40.0426,29.0993,1854033.619047619,36.4066,37.029799999999994,37.57509999999999,35.2381,34.692800000000005,34.06960000000001
1898,2008-04-11,35.7834,36.6143,35.6795,36.095,7641018,34.89059047619049,35.06043199999997,35.151838000000055,34.364991000000025,64.39444009148916,36.400153380193146,34.927750000000024,33.4553466198069,0.30286501575094604,0.16115853560060475,Bullish,40.0426,29.0993,2209944.1428571427,36.57970000000001,37.064400000000006,37.51450000000001,35.64490000000001,35.1948,34.710100000000004
1899,2008-04-14,36.1729,36.1729,35.5756,35.7834,687110,34.96849523809525,35.07912999999997,35.14742400000006,34.34369500000003,58.89025734382404,36.44311933613977,35.02902500000003,33.61493066386029,0.3071885579561382,0.19036454007171144,Bullish,40.0426,29.0993,2559227.1428571427,36.11233333333333,36.441266666666664,36.70963333333333,35.515033333333335,35.24666666666667,34.91773333333334
1900,2008-04-15,35.8872,36.3027,35.5756,35.6016,1516515,35.05629047619049,35.09419199999997,35.14898200000005,34.32522100000003,55.88868065319681,36.41965190218594,35.123805000000026,33.82795809781411,0.2925726601629819,0.21080616408996553,Bullish,40.0426,29.0993,2578108.6666666665,36.07766666666668,36.55373333333334,36.80476666666668,35.35056666666668,35.09953333333334,34.62346666666668
1901,2008-04-16,35.8093,35.8093,35.1601,35.264,1067220,35.13048095238097,35.094711999999966,35.14223000000006,34.30381550000003,50.71893301985732,36.39619113150535,35.17963500000003,33.96307886849472,0.2508562426878598,0.21881617980954438,Bullish,40.0426,29.0993,2631524.6666666665,35.662166666666664,36.06033333333333,36.311366666666665,35.012966666666664,34.76193333333333,34.36376666666666
1902,2008-04-17,35.4198,35.8093,35.264,35.5237,1235735,35.19601904761906,35.09367399999997,35.142749000000066,34.284952000000025,54.22655873047238,36.36412647398789,35.252345000000034,34.14056352601218,0.2360304883391109,0.22225904151545767,Bullish,40.0426,29.0993,2656813.6666666665,35.800666666666665,36.07763333333333,36.34596666666666,35.25536666666667,34.987033333333336,34.71006666666667
1903,2008-04-18,35.7574,35.8093,35.3419,35.4458,418226,35.26155714285716,35.09626999999997,35.14664400000006,34.265077000000026,53.00778525719725,36.29315616131113,35.321160000000035,34.34916383868894,0.2155108176859457,0.2209093967495553,Bearish,40.0426,29.0993,2703420.6666666665,35.722766666666665,35.99973333333333,36.19016666666666,35.25536666666667,35.064933333333336,34.78796666666667
1904,2008-04-21,35.5497,35.5497,34.9264,35.0303,406560,35.30730952380954,35.09678999999996,35.14976000000006,34.25046150000003,46.946899252457925,36.26939451561478,35.34193500000003,34.41447548438528,0.16383288976467725,0.20949409535257968,Bearish,40.0426,29.0993,2714052.1904761903,35.411199999999994,35.7921,36.034499999999994,34.78789999999999,34.5455,34.16459999999999
1905,2008-04-22,35.0563,35.0563,34.4071,34.6148,567914,35.30730952380955,35.08120799999997,35.13495800000006,34.23177900000003,41.799875966879,36.1613702093292,35.37050000000003,34.57962979067086,0.08833214407405876,0.1852617050968755,Bearish,40.0426,29.0993,2724128.1904761903,34.97836666666666,35.34193333333333,35.62756666666666,34.32916666666666,34.04353333333333,33.67996666666666
1906,2008-04-23,34.7966,34.9264,33.7579,34.1214,1575305,35.31101904761907,35.04692999999997,35.11989600000006,34.22020450000003,36.6599808819156,36.2228646945741,35.35621500000003,34.489565305425955,-0.011187040088948663,0.14597195605971067,Bearish,40.0426,29.0993,2719700.714285714,34.77923333333333,35.43706666666667,35.94773333333333,33.61073333333333,33.10006666666666,32.44223333333333
1907,2008-04-24,34.1734,34.2513,33.6281,33.7319,597944,35.278866666666694,35.00589999999997,35.10145900000006,34.21576050000002,33.19034407646026,36.40432310926293,35.28740000000003,34.17047689073712,-0.12010164830682157,0.09275723518640422,Bearish,40.0426,29.0993,2775261.714285714,34.11276666666667,34.493633333333335,34.73596666666667,33.489566666666676,33.24723333333334,32.86636666666668
1908,2008-04-25,33.9397,34.5369,33.3164,34.1734,2021828,35.23435238095241,34.972661999999964,35.08535900000007,34.215016500000026,40.10956473338423,36.447848536442685,35.230270000000026,34.01269146355737,-0.16884555334011964,0.04043667748109944,Bearish,40.0426,29.0993,2780943.238095238,34.70140000000001,35.229400000000005,35.92190000000001,33.480900000000005,32.7884,32.260400000000004
1909,2008-04-28,34.2772,34.3292,33.7579,33.8877,737121,35.16633809523812,34.93370999999996,35.065623000000066,34.20588000000002,37.40955863115899,36.50834601438514,35.158855000000024,33.80936398561491,-0.227901939866598,-0.013231045988440056,Bearish,40.0426,29.0993,2671344.761904762,34.22530000000001,34.562900000000006,34.79660000000001,33.65400000000001,33.420300000000005,33.08270000000001
1910,2008-04-29,34.0072,34.0643,32.9789,33.7527,742434,35.09189523809526,34.88374799999996,35.040382000000065,34.198680000000024,36.17053403150916,36.559609333705694,35.08069000000002,33.60177066629434,-0.2823432462350226,-0.06705348603775657,Bearish,40.0426,29.0993,2602253.761904762,34.218366666666675,34.68403333333334,35.303766666666675,33.132966666666675,32.51323333333334,32.047566666666675
1911,2008-04-30,33.7579,33.7579,32.5634,32.6153,602217,34.9632904761905,34.81155799999996,35.006624000000066,34.183181500000025,27.812538820411902,36.7697357410402,34.946955000000024,33.12417425895985,-0.4125118680765496,-0.13614516244551517,Bearish,40.0426,29.0993,2577102.238095238,33.394333333333336,34.173366666666666,34.58883333333333,32.19983333333334,31.78436666666667,31.00533333333334
1912,2008-05-01,33.7579,33.7579,32.5634,32.6153,602217,34.835923809523834,34.73988599999996,34.97000900000006,34.17079200000003,27.812538820411902,36.8826425423716,34.80932500000003,32.73600745762846,-0.5097948411082172,-0.21087509817805555,Bearish,40.0426,29.0993,2302212.238095238,33.394333333333336,34.173366666666666,34.58883333333333,32.19983333333334,31.78436666666667,31.00533333333334
1913,2008-05-02,32.6932,32.901,32.2102,32.5634,253754,34.702376190476215,34.674967999999964,34.931837000000066,34.15839150000003,27.476543830663296,36.9477375026582,34.67169500000003,32.39565249734186,-0.5843442377443324,-0.2855689260913109,Bearish,40.0426,29.0993,2239479.238095238,32.90620000000001,33.24900000000001,33.597000000000016,32.21540000000001,31.867400000000004,31.524600000000007
1914,2008-05-05,32.4595,32.6673,30.9534,31.1092,456456,34.50205238095241,34.587715999999965,34.88353700000007,34.13983950000003,20.136265083858564,37.173911891318475,34.453565000000026,31.733218108681577,-0.7520972494934881,-0.37887459077174634,Bearish,40.0426,29.0993,2133032.238095238,32.199866666666665,33.29053333333333,33.91376666666667,30.48596666666667,29.862733333333335,28.77206666666667
1915,2008-05-06,31.1559,31.1611,29.5771,29.8887,787941,34.2361904761905,34.481247999999965,34.824590000000065,34.11269800000003,16.219799916404824,37.51755170919149,34.18220000000002,30.846848290808563,-0.9723185863397674,-0.49756338988535054,Bearish,40.0426,29.0993,2036364.238095238,30.840833333333336,31.79296666666667,32.42483333333334,29.256833333333336,28.62496666666667,27.672833333333337
1916,2008-05-07,29.655,30.6366,29.3434,30.6366,506583,34.01336190476193,34.39077799999996,34.77338200000006,34.08979300000003,25.750004292286434,37.469128931183505,33.911880000000025,30.354631068816545,-1.0741145786114643,-0.6128736276305733,Bearish,40.0426,29.0993,1819867.7142857143,31.06766666666667,31.498733333333337,32.36086666666667,29.77446666666667,28.912333333333333,28.481266666666667
1917,2008-05-08,30.6418,30.8495,29.6342,29.9666,330446,33.72400952380955,34.285349999999966,34.715474000000064,34.06291650000003,23.203574711144036,37.45877341565132,33.62104000000002,29.783306584348722,-1.1950759448800454,-0.7293140910804677,Bearish,40.0426,29.0993,1795084.7142857143,30.665999999999997,31.365399999999998,31.881299999999996,29.450699999999998,28.9348,28.2354
1918,2008-05-09,29.9147,30.112,28.876,29.4421,473319,33.42204285714288,34.193839999999966,34.65232100000007,34.034163500000034,21.41795967362066,37.35708020211473,33.28839500000002,29.219709797885315,-1.3180676028411256,-0.8470647934325993,Bearish,40.0426,29.0993,1453320.238095238,30.077399999999994,30.712699999999995,31.31339999999999,28.841399999999997,28.2407,27.6054
1919,2008-05-12,29.0785,29.3434,28.5644,29.0837,376646,33.08817142857145,34.08789199999996,34.58454500000007,34.00436450000004,20.27008193409868,37.2424916606364,32.95341000000002,28.664328339363642,-1.427998188390788,-0.963251472424237,Bearish,40.0426,29.0993,1106088.7142857143,29.429933333333338,29.77616666666667,30.208933333333338,28.650933333333338,28.21816666666667,27.871933333333338
1920,2008-05-13,29.2915,29.6031,29.0837,29.4525,170247,32.78670000000002,33.989319999999964,34.52045700000007,33.97889700000003,24.739900744153292,37.01250962509141,32.64595500000002,28.27940037490863,-1.4684327133839332,-1.0642877206161763,Bearish,40.0426,29.0837,760166.2380952381,29.67583333333333,29.899166666666666,30.19523333333333,29.15643333333333,28.860366666666664,28.637033333333328
1921,2008-05-14,29.6031,29.7069,29.0993,29.198,486486,32.48176666666669,33.87734799999996,34.45356500000007,33.951535000000035,23.7503891469915,36.78176330526885,32.34265500000002,27.90354669473119,-1.5036799028984085,-1.1521661570726227,Bearish,40.0426,29.0837,735553.7142857143,29.570166666666665,29.942333333333334,30.177766666666667,28.962566666666664,28.72713333333333,28.354966666666662
1922,2008-05-15,29.4005,29.9407,29.0837,29.7069,751559,32.217142857142875,33.771399999999964,34.39228100000007,33.93529800000003,29.796947895613535,36.37997423333567,32.05181500000002,27.723655766664365,-1.4735632576131863,-1.2164455771807354,Bearish,40.0426,29.0837,686504.7142857143,30.070500000000003,30.4341,30.927500000000002,29.213500000000003,28.720100000000002,28.356500000000004
1923,2008-05-16,29.3953,29.7485,29.2447,29.2655,307923,31.919133333333352,33.660777999999965,34.32658300000006,33.91598350000004,27.742034540286593,35.9380216494492,31.742800000000024,27.547578350550854,-1.4683862476875795,-1.2668337112821042,Bearish,40.0426,29.0837,671473.2380952381,29.594433333333335,29.923366666666666,30.098233333333333,29.090633333333336,28.91576666666667,28.586833333333338
1924,2008-05-19,29.2915,29.9666,29.0837,29.0837,661931,31.616176190476214,33.55171399999996,34.27698500000006,33.89725250000004,26.91861590361015,35.507353243571536,31.44547000000002,27.383586756428507,-1.4620990034702217,-1.3058867697197276,Bearish,40.0426,29.0837,627291.7142857143,29.6723,30.2609,30.5552,28.7894,28.4951,27.9065
1925,2008-05-20,29.3434,29.4213,28.6163,28.824,293948,31.320638095238117,33.43901399999996,34.23699400000007,33.87722300000004,25.743158310514573,35.09662185555119,31.15593000000002,27.215238144448847,-1.461227812092286,-1.3369549781942394,Bearish,40.0426,29.0837,638896.7142857143,29.291433333333334,29.758866666666666,30.096433333333334,28.486433333333334,28.148866666666667,27.681433333333334
1926,2008-05-21,29.0578,29.8628,28.6163,29.146,299492,31.060219047619068,33.329117999999966,34.209052000000064,33.85519700000004,29.834328368121156,34.69274681126301,30.907160000000015,27.121573188737024,-1.4182064762595203,-1.3532052778072956,Bearish,40.0426,28.824,633534.2380952381,29.800433333333334,30.454866666666668,31.046933333333335,28.553933333333333,27.961866666666666,27.307433333333332
1927,2008-05-22,29.3746,29.8628,28.4345,28.5644,612497,30.795600000000018,33.21589999999996,34.15945400000007,33.83125800000004,26.946528505800813,34.3319236904525,30.648785000000014,26.965646309547534,-1.4147338458918597,-1.3655109914242085,Bearish,40.0426,28.824,620752.2380952381,29.473300000000002,30.3822,30.901600000000002,28.045,27.5256,26.6167
1928,2008-05-23,27.1362,27.6919,27.1362,27.1362,452529,30.48151904761907,33.07567599999996,34.08804400000007,33.80079950000004,21.454643422657625,33.90986802079457,30.296925000000016,26.683981979205466,-1.5098212853942137,-1.3943730502182095,Bearish,40.0426,28.5644,574904.2380952381,27.506666666666664,27.877133333333333,28.062366666666666,26.950966666666663,26.76573333333333,26.39526666666666
1929,2008-05-26,25.7806,25.7806,25.7806,25.7806,532571,30.08186190476193,32.91612999999996,33.985939000000066,33.762444000000045,17.75565811287439,33.61941278751228,29.89157000000002,26.163727212487757,-1.6752530823217633,-1.4505490566389203,Bearish,40.0426,27.1362,567979.7142857143,25.780600000000007,25.780600000000003,25.780600000000007,25.780600000000007,25.780600000000003,25.780600000000007
1930,2008-05-27,24.9289,25.7079,24.4927,24.5654,2295101,29.63794285714288,32.73331799999996,33.868566000000065,33.726344500000046,15.222070541672606,33.40016410184418,29.432205000000017,25.464245898155852,-1.8827127171530726,-1.5369817887417507,Bearish,40.0426,25.7806,497062.71428571426,25.351299999999995,26.137199999999996,26.566499999999994,24.136099999999995,23.706799999999998,22.920899999999996
1931,2008-05-28,24.825,24.825,23.3397,23.3397,2326170,29.142085714285734,32.51716399999996,33.745168000000064,33.68386750000005,13.17932845791307,33.471938801412136,28.968425000000014,24.46491119858789,-2.1215735396886792,-1.6539001389311365,Bearish,40.0426,24.5654,571252.2380952381,24.329900000000002,25.3201,25.8152,22.844600000000003,22.349500000000003,21.359300000000005
1932,2008-05-29,22.1763,22.1763,22.1763,22.1763,76230,28.644990476190493,32.27929999999996,33.60442300000007,33.64353250000005,11.589552162171968,33.52176438086399,28.44647500000001,23.37118561913603,-2.3773445711375025,-1.7985890253724097,Bearish,40.0426,23.3397,646668.2380952381,22.1763,22.1763,22.1763,22.1763,22.1763,22.1763
1933,2008-05-30,21.0701,21.7609,21.0701,21.0701,2440977,28.095219047619064,32.01931199999996,33.451577000000064,33.596298500000046,10.315408378991194,33.52247103987935,27.87181000000001,22.221148960120672,-2.638886609211223,-1.9666485421401725,Bearish,40.0426,22.1763,621621.2380952381,21.53063333333333,21.991166666666665,22.22143333333333,20.83983333333333,20.609566666666666,20.149033333333332
1934,2008-06-02,20.9299,21.7349,20.5196,21.3194,1114113,27.55979047619049,31.753403999999954,33.30745700000006,33.551927500000055,12.646218017328053,33.502960890169106,27.38232000000001,21.26167910983091,-2.7938385010443554,-2.132086533921009,Bearish,40.0426,21.0701,709181.2380952381,21.862999999999996,22.406599999999997,23.078299999999995,20.647699999999997,19.976,19.432399999999998
1935,2008-06-03,21.657,22.3581,21.657,22.1192,1526102,27.13169523809525,31.514917999999955,33.17548900000006,33.51516200000005,19.84354565801582,33.408070743603815,26.99384500000001,20.579619256396207,-2.8195992311011473,-2.2695890733570367,Bearish,40.0426,21.0701,750150.7142857143,22.43253333333333,22.745866666666664,23.13363333333333,21.731433333333328,21.343666666666664,21.030333333333328
1936,2008-06-04,23.106,23.2202,22.9554,23.2202,902979,26.814147619047635,31.291179999999958,33.06154300000007,33.47755900000005,28.568621213094776,33.00944876604539,26.623025000000013,20.236601233954637,-2.7198208944664266,-2.359635437578915,Bearish,40.0426,21.0701,801086.2380952381,23.308466666666664,23.39673333333333,23.57326666666666,23.043666666666667,22.867133333333335,22.77886666666667
1937,2008-06-05,23.6305,24.3784,22.8515,24.3784,2456454,26.516138095238105,31.07658399999996,32.96385300000007,33.44699100000005,36.41012882416247,32.60826967915909,26.34361500000001,20.078960320840928,-2.5182598512971524,-2.3913603203225624,Bearish,40.0426,21.0701,806564.2380952381,24.887366666666665,25.39633333333333,26.414266666666663,23.360466666666667,22.342533333333336,21.83356666666667
1938,2008-06-06,24.3576,25.5937,24.2278,25.3911,3109953,26.298257142857157,30.87808599999996,32.86850000000007,33.42534150000005,42.36756548303507,32.25196733477098,26.141065000000015,20.03016266522905,-2.2508583519332284,-2.3632599266446954,Bullish,40.0426,21.0701,899415.2380952381,25.91393333333333,26.436766666666664,27.27983333333333,24.54803333333333,23.704966666666664,23.18213333333333
1939,2008-06-09,25.9676,25.9676,25.0587,25.0587,1752020,26.089523809523826,30.67293999999996,32.77216000000007,33.40302450000004,41.009499576524846,31.913390457388076,25.939815000000017,19.96623954261196,-2.042221184603278,-2.299052178236412,Bullish,40.0426,21.0701,1031772.7142857143,25.664633333333335,26.270566666666667,26.573533333333334,24.755733333333335,24.45276666666667,23.846833333333336
1940,2008-06-10,25.0847,25.4483,24.5654,24.9289,1430468,25.891676190476204,30.465197999999965,32.67711800000007,33.37844200000004,40.46404945756908,31.476930309205436,25.713635000000018,19.9503396907946,-1.8658402565287773,-2.212409793894885,Bullish,40.0426,21.0701,1092663.238095238,25.396333333333335,25.863766666666667,26.279233333333334,24.513433333333335,24.097966666666668,23.630533333333336
1941,2008-06-11,24.7212,25.5002,24.7212,25.2457,588473,25.6913523809524,30.264311999999965,32.58576400000007,33.35295650000005,42.475093832944246,31.054521495026304,25.51602000000002,19.977518504973734,-1.6811151390170913,-2.106150862919326,Bullish,40.0426,21.0701,1142845.238095238,25.5902,25.9347,26.3692,24.8112,24.3767,24.0322
1942,2008-06-12,25.5781,25.9676,25.1886,25.2925,573920,25.50537619047621,30.062803999999964,32.49825400000007,33.32870000000005,42.78257324906624,30.489279855564433,25.29530000000002,20.101320144435604,-1.5134961422313857,-1.987619918781738,Bullish,40.0426,21.0701,1162760.761904762,25.7772,26.2619,26.5562,24.9982,24.7039,24.2192
1943,2008-06-13,25.3392,25.3444,25.0328,25.1886,243359,25.290219047619065,29.860255999999964,32.40736800000006,33.30914650000005,42.24273146144856,29.95571187787037,25.091455000000018,20.227198122129664,-1.3732112172029112,-1.8647381784659727,Bullish,40.0426,21.0701,1166924.2857142857,25.344399999999993,25.500199999999996,25.65599999999999,25.032799999999995,24.877,24.721199999999996
1944,2008-06-16,25.4379,25.4431,23.9421,23.9421,514899,25.036723809523828,29.62966199999996,32.30375700000007,33.28161950000005,36.321350498086304,29.35911077388885,24.834375000000016,20.30963922611118,-1.3470881424119057,-1.7612081712551593,Bullish,40.0426,21.0701,1142724.2857142857,24.94276666666666,25.94343333333333,26.44376666666666,23.44176666666666,22.94143333333333,21.940766666666658
1945,2008-06-17,23.6565,24.5134,22.7788,24.4615,851120,24.816619047619064,29.412571999999965,32.203003000000066,33.25644100000005,40.08982796873061,28.75476487686219,24.616250000000015,20.47773512313784,-1.2698362958672504,-1.6629337961775774,Bullish,40.0426,21.0701,1152580.2857142857,25.057000000000006,25.652500000000003,26.791600000000006,23.322400000000005,22.183300000000003,21.587800000000005
1946,2008-06-18,24.664,24.664,23.7863,23.8902,506583,24.581676190476205,29.169515999999966,32.091602000000066,33.22430250000005,37.46362188758916,27.938536534414535,24.353460000000016,20.768383465585497,-1.2404140651457425,-1.5784298499712104,Bullish,40.0426,21.0701,1161589.2857142857,24.440700000000003,24.991200000000003,25.318400000000004,23.563000000000002,23.2358,22.6853
1947,2008-06-19,23.6825,23.6825,22.6957,22.8567,674751,24.282185714285728,28.91098199999997,31.970905000000066,33.180156500000045,33.223564145337306,27.138685741775955,24.068075000000015,20.997464258224074,-1.285671131501875,-1.5198781062773432,Bullish,40.0426,21.0701,1171714.761904762,23.4609,24.0651,24.4477,22.474099999999996,22.091499999999996,21.487299999999994
1948,2008-06-20,22.6022,23.7344,21.8128,22.2542,784130,23.981700000000018,28.63416599999997,31.847299000000067,33.137226500000054,31.019481868411113,26.64632533040003,23.82397500000002,21.00162466960001,-1.354540102219623,-1.4868105054657992,Bullish,40.0426,21.0701,1189584.238095238,23.388133333333332,24.522066666666667,25.309733333333334,21.46653333333333,20.678866666666664,19.54493333333333
1949,2008-06-23,21.9946,22.488000000000003,21.1428,21.1428,1092977,23.69630000000002,28.34135399999997,31.710242000000065,33.08774450000005,27.407474519102585,26.49426230283821,23.59208500000002,20.68990769716183,-1.4817196080273192,-1.4857923259781032,Bullish,40.0426,21.0701,1197757.238095238,22.039600000000007,22.936400000000006,23.38480000000001,20.694400000000005,20.246000000000002,19.349200000000003
1950,2008-06-24,22.1244,23.2566,21.9426,23.241,1275120,23.575366666666685,28.09414199999997,31.594167000000066,33.04663950000005,41.30341884953814,26.396453173373153,23.525865000000017,20.65527682662688,-1.3970981996655176,-1.4680535007155862,Bullish,40.0426,21.0701,1228254.761904762,23.684200000000004,24.1274,24.998200000000004,22.370200000000004,21.4994,21.056200000000004
1951,2008-06-25,23.6305,23.6305,23.0333,23.1112,816470,23.506119047619066,27.851085999999974,31.472899000000066,33.00302000000005,40.78331368911749,26.389716033637388,23.514440000000018,20.63916396636265,-1.3252324444001111,-1.439489289452491,Bullish,40.0426,21.0701,1263614.238095238,23.483366666666672,23.855533333333337,24.080566666666673,22.88616666666667,22.661133333333336,22.28896666666667
1952,2008-06-26,23.3657,23.5786,22.8827,23.0852,1188957,23.494000000000018,27.602315999999973,31.347995000000065,32.96387150000005,40.672831338412195,26.377273319190266,23.559885000000016,20.742496680809765,-1.2558990755237929,-1.4027712466667515,Bullish,40.0426,21.0701,1193203.238095238,23.481633333333342,23.878066666666673,24.177533333333344,22.78573333333334,22.48626666666667,22.08983333333334
1953,2008-06-27,22.8775,22.8775,22.8567,22.8567,32109,23.526400000000017,27.350533999999975,31.223402000000064,32.92470000000005,39.656073231235375,26.250146660984182,23.649215000000016,21.04828333901585,-1.2054937400734183,-1.3633157453480849,Bullish,40.0426,21.0701,1139050.238095238,22.870566666666672,22.884433333333337,22.891366666666674,22.84976666666667,22.842833333333335,22.82896666666667
1954,2008-06-30,22.6282,22.6282,22.6282,22.6282,41811,23.600595238095252,27.10249199999998,31.099641000000066,32.88301800000005,38.61646330414485,26.13758765897139,23.714655000000015,21.29172234102864,-1.1704924802183,-1.324751092322128,Bullish,40.0426,21.0701,1136949.238095238,22.628200000000007,22.628200000000003,22.628200000000007,22.628200000000007,22.628200000000003,22.628200000000007
1955,2008-07-01,22.4049,23.7604,22.4049,22.9294,2093438,23.67726190476192,26.868783999999977,30.974996000000065,32.84358800000005,40.81886946711723,26.095735054732465,23.755165000000016,21.414594945267567,-1.1057035446598071,-1.2809415827896637,Bullish,40.0426,21.0701,1022703.2380952381,23.65823333333333,24.387066666666666,25.01373333333333,22.302733333333332,21.676066666666667,20.947233333333333
1956,2008-07-02,23.1112,23.1631,22.7009,22.7009,475629,23.70496190476192,26.64037399999998,30.843652000000063,32.80102600000005,39.65641779116815,26.104200817686163,23.729200000000017,21.35419918231387,-1.0605702926449219,-1.2368673247607154,Bullish,40.0426,21.0701,1069337.761904762,23.00903333333334,23.31716666666667,23.471233333333338,22.54683333333334,22.39276666666667,22.08463333333334
1957,2008-07-03,22.4931,22.5659,22.4776,22.4776,134211,23.669600000000017,26.41528799999998,30.710594000000064,32.75809350000005,38.50246079342977,26.04942538119733,23.634160000000016,21.2188946188027,-1.0309363169336017,-1.1956811231952926,Bullish,40.0426,21.0701,1019315.2380952381,22.53646666666666,22.59533333333333,22.62476666666666,22.44816666666666,22.41873333333333,22.359866666666658
1958,2008-07-04,22.2542,22.2542,22.2542,22.2542,1733,23.568447619047635,26.176903999999983,30.57478300000006,32.714293000000055,37.33205315257824,25.8222234700921,23.47731500000002,21.132406529907936,-1.0137913352004162,-1.1593031655963173,Bullish,40.0426,21.0701,982707.2380952381,22.2542,22.2542,22.2542,22.2542,22.2542,22.2542
1959,2008-07-07,22.0361,22.0361,22.0361,22.0361,90552,23.40868571428573,25.939871999999983,30.436791000000056,32.663557000000054,36.175874672322195,25.633239194662504,23.326185000000017,21.01913080533753,-1.0062037701935012,-1.1286832865157541,Bullish,40.0426,21.0701,865815.7619047619,22.0361,22.0361,22.0361,22.0361,22.0361,22.0361
1960,2008-07-08,21.818,21.818,21.818,21.818,2888,23.254366666666684,25.70117799999998,30.292463000000062,32.61285000000006,35.008263456229855,25.443723235081833,23.170640000000017,20.8975567649182,-1.006190677721488,-1.104184764756901,Bullish,39.5451,21.0701,722034.7619047619,21.818,21.818,21.818,21.818,21.818,21.818
1961,2008-07-09,21.5999,22.436,21.5999,22.2802,882420,23.12823809523811,25.49447599999998,30.153017000000062,32.564329500000056,39.46717750768797,25.11434190453566,23.022365000000015,20.93038809546437,-0.9578432043861937,-1.0749164526827595,Bullish,39.5451,21.0701,638742.7619047619,22.610833333333336,22.941466666666667,23.446933333333334,21.774733333333337,21.26926666666667,20.93863333333334
1962,2008-07-10,22.462,22.462,22.0621,22.0621,148995,22.97663809523811,25.283411999999984,30.011649000000066,32.50874950000006,38.13753767395604,24.71171823118329,22.860845000000015,21.00997176881674,-0.9264468283612608,-1.0452225278184597,Bullish,39.4208,21.0701,612645.2380952381,22.328700000000005,22.5953,22.728600000000004,21.928800000000006,21.795500000000004,21.528900000000007
1963,2008-07-11,21.844,21.844,21.844,21.844,26334,22.812423809523825,25.069023999999985,29.871996000000067,32.45083550000006,36.80230292101114,24.25469613469821,22.693615000000015,21.13253386530182,-0.9086890200413116,-1.0179158262630301,Bullish,39.4208,21.0701,591717.7142857143,21.84400000000001,21.844000000000005,21.84400000000001,21.84400000000001,21.844000000000005,21.84400000000001
1964,2008-07-14,20.7741,21.0338,20.7533,20.7533,434049,22.60121904761906,24.861905999999987,29.724811000000066,32.37975750000006,30.963889802005916,24.200461696673504,22.534175000000015,20.867888303326527,-0.9714281842346182,-1.0086182978573477,Bullish,38.3513,21.0701,565642.1904761905,20.940299999999997,21.127299999999998,21.220799999999997,20.659799999999997,20.5663,20.379299999999997
1965,2008-07-15,19.7198,21.2415,19.7198,19.7198,1387617,22.40015714285716,24.658527999999986,29.569888000000063,32.304631500000056,26.64967645437763,24.13907240046175,22.29709000000002,20.455107599538287,-1.0919568378420834,-1.0252860058542947,Bearish,38.3513,20.7533,574722.6666666666,20.734266666666663,21.74873333333333,22.255966666666662,19.212566666666664,18.705333333333332,17.690866666666665
1966,2008-07-16,19.7094,19.7094,18.7382,18.7382,206861,22.127619047619064,24.420559999999988,29.40566900000006,32.22459750000006,23.32548827558456,24.30951375221295,22.03949000000002,19.769466247787086,-1.2522484400947462,-1.0706784927023851,Bearish,36.4363,19.7198,616280.6666666666,19.385666666666665,20.033133333333332,20.356866666666665,18.414466666666666,18.090733333333333,17.443266666666666
1967,2008-07-17,17.8034,18.0735,17.8034,17.8034,810117,21.837771428571447,24.177295999999988,29.23132300000006,32.13603450000006,20.67996116595848,24.67697632605733,21.786825000000018,18.896673673942708,-1.4381333314312243,-1.144169460448153,Bearish,36.3806,18.7382,585601.6666666666,17.98346666666667,18.163533333333334,18.253566666666668,17.71336666666667,17.623333333333335,17.44326666666667
1968,2008-07-18,17.8034,18.6915,17.658,18.6915,559598,21.63942857142859,23.962283999999986,29.07806200000006,32.05191200000006,28.927271057934302,24.786514077511406,21.608690000000017,18.43086592248863,-1.4965350744278219,-1.2146425832440868,Bearish,36.3806,17.8034,600055.6666666666,19.036,19.3805,20.0695,18.0025,17.3135,16.969
1969,2008-07-21,18.9564,19.6211,18.6967,19.6211,857357,21.514042857142876,23.77303199999999,28.930462000000055,31.972437500000066,36.38348249560303,24.822301378377617,21.532605000000018,18.24290862162242,-1.451080769659594,-1.2619302205271883,Bearish,36.3806,17.8034,594572.1904761905,19.92923333333333,20.237366666666663,20.853633333333327,19.00483333333333,18.388566666666666,18.080433333333332
1970,2008-07-22,20.2547,20.5975,20.0782,20.5975,313698,21.48807619047621,23.59593199999999,28.792626000000055,31.897845000000064,43.131876914615944,24.61654301362533,21.40043000000002,18.184316986374714,-1.3210424309419295,-1.2737526626101365,Bearish,36.3806,17.8034,598059.1904761905,20.770600000000005,20.943700000000003,21.289900000000006,20.251300000000004,19.9051,19.732000000000003
1971,2008-07-23,21.5531,21.6258,21.0857,21.6258,927927,21.411161904761926,23.44448799999999,28.660918000000052,31.830135000000062,49.239010178389606,24.448039291966627,21.326160000000023,18.20428070803342,-1.122076297405961,-1.2434173895693015,Bullish,36.3806,17.8034,560950.6666666666,21.805833333333336,21.98586666666667,22.34593333333334,21.265733333333333,20.905666666666665,20.72563333333333
1972,2008-07-24,21.8907,22.7061,21.7089,22.7061,1256294,21.39187142857145,23.30447199999999,28.537936000000048,31.766334000000064,54.738322346576794,24.390497993199098,21.30720500000002,18.223912006800944,-0.8672261779985107,-1.1681791472551433,Bullish,36.3806,17.8034,544417.6666666666,23.0385,23.3709,24.0357,22.0413,21.3765,21.0441
1973,2008-07-25,23.1112,23.5786,21.5739,22.0465,897551,21.342409523809543,23.16009199999999,28.41043500000005,31.699857000000065,51.09828711260924,24.28816085450022,21.26669500000002,18.24522914549982,-0.7102920254371341,-1.0766017228915414,Bullish,36.3806,17.8034,565361.6666666666,23.22543333333333,24.404366666666668,25.230133333333335,21.220733333333328,20.39496666666666,19.216033333333325
1974,2008-07-28,21.2934,21.7868,20.9455,21.2207,572996,21.26450476190478,23.002831999999994,28.277273000000047,31.628082500000065,46.8938406837285,24.15252183384192,21.19632000000002,18.240118166158123,-0.6451192047644057,-0.9903052192661143,Bullish,36.3806,17.8034,551485.1904761905,21.689833333333336,22.158966666666668,22.531133333333337,20.848533333333336,20.476366666666667,20.007233333333335
1975,2008-07-29,20.1613,21.7349,20.1613,20.8416,635943,21.179428571428595,22.843183999999994,28.14109900000005,31.557658500000063,45.0608289413503,23.941489999791123,21.091930000000026,18.24237000020893,-0.6169476876588291,-0.9156337129446572,Bullish,36.3806,17.8034,577241.7142857143,21.663899999999995,22.486199999999997,23.237499999999994,20.090299999999996,19.339,18.516699999999997
1976,2008-07-30,21.4233,21.8803,21.4233,21.8803,303765,21.129471428571453,22.697869999999995,28.013494000000048,31.49930900000006,50.74211004438077,23.82935405000877,21.050900000000023,18.272445949991276,-0.5049859840842714,-0.83350416717258,Bullish,36.3806,17.8034,605533.7142857143,22.032633333333326,22.18496666666666,22.489633333333323,21.57563333333333,21.270966666666666,21.11863333333333
1977,2008-07-31,21.9686,22.327,21.0338,21.522,512474,21.073333333333355,22.557021999999993,27.886461000000043,31.439687500000062,48.86494295360245,23.713833496186954,21.003120000000024,18.292406503813094,-0.44009421080980005,-0.754822175900024,Bullish,36.3806,17.8034,520311.1904761905,22.221400000000003,22.920800000000003,23.514600000000005,20.9282,20.3344,19.634999999999998
1978,2008-08-01,21.5531,21.5531,20.4469,20.4469,93786,20.976633333333357,22.423235999999992,27.749456000000045,31.371834000000064,43.647255218704416,23.570600034969225,20.912755000000022,18.25490996503082,-0.47000072222370903,-0.697857885164761,Bullish,36.3806,17.8034,522065.71428571426,21.18436666666667,21.921833333333336,22.29056666666667,20.078166666666668,19.709433333333333,18.971966666666667
1979,2008-08-04,20.4469,20.8312,19.429,19.429,558674,20.842100000000023,22.296203999999992,27.606167000000045,31.290451500000064,39.3618034438704,23.46271630745528,20.78240000000002,18.10208369254476,-0.5692756160981531,-0.6721414313514394,Bullish,36.3806,17.8034,520140.71428571426,20.3638,21.2986,21.766000000000002,18.9616,18.4942,17.5594
1980,2008-08-05,19.0602,20.3846,18.463,20.3846,380457,20.763457142857163,22.212587999999997,27.472953000000043,31.216184500000065,44.837499445787174,23.352832316037595,20.71073000000002,18.068627683962443,-0.5643374205171803,-0.6505806291845876,Bullish,36.3806,17.8034,546661.7142857143,21.02513333333333,21.665666666666663,22.946733333333327,19.10353333333333,17.822466666666667,17.181933333333333
1981,2008-08-06,20.2028,20.2028,19.3666,19.3666,179834,20.64672380952383,22.133125999999997,27.32514500000004,31.136048000000063,40.628488645953844,23.16591598540005,20.56505000000002,17.96418401459999,-0.6352452453979893,-0.6475135524272679,Bullish,36.3806,17.8034,560466.7142857143,19.92406666666667,20.481533333333335,20.76026666666667,19.087866666666667,18.80913333333333,18.251666666666665
1982,2008-08-07,18.437,19.6834,18.437,19.0083,327789,20.490919047619073,22.069765999999994,27.174533000000043,31.059703500000065,39.232542005898694,23.00228457450216,20.412360000000024,17.82243542549789,-0.7121428831775631,-0.660439418577327,Bearish,36.3806,17.8034,568892.7142857143,19.648799999999998,20.289299999999997,20.895199999999996,18.4024,17.7965,17.156000000000002
1983,2008-08-08,18.7486,19.7302,18.4941,19.7302,423077,20.379876190476217,22.042967999999995,27.03114000000004,30.987228000000062,43.44850832357054,22.825832089348385,20.306670000000025,17.787507910651666,-0.7066872673846092,-0.6696889883387834,Bearish,36.3806,17.8034,542481.7142857143,20.142233333333333,20.554266666666667,21.378333333333334,18.906133333333333,18.082066666666666,17.670033333333333
1984,2008-08-11,19.216,20.4884,19.216,20.4884,363248,20.315323809523836,22.026347999999995,26.889876000000044,30.926983000000064,47.56334379032101,22.80583129666262,20.293425000000024,17.781018703337427,-0.6338763174911612,-0.662526454169259,Bullish,36.3806,17.8034,555533.2380952381,20.91253333333333,21.336666666666662,22.184933333333326,19.64013333333333,18.791866666666667,18.367733333333334
1985,2008-08-12,20.5144,21.0338,19.7614,20.6443,474821,20.310133333333358,21.99684999999999,26.75588400000004,30.864791000000064,48.39481792284855,22.842139145233244,20.339650000000024,17.837160854766804,-0.5571705725035123,-0.6414552778361097,Bullish,36.3806,17.8034,571576.7619047619,21.198266666666665,21.752233333333333,22.470666666666666,19.925866666666664,19.20743333333333,18.653466666666663
1986,2008-08-13,19.9951,20.2547,19.6834,20.2028,96212,20.333133333333357,21.93650199999999,26.613841000000043,30.79597700000006,46.162420062089545,22.807001666584704,20.412880000000023,18.01875833341534,-0.5259433298778227,-0.6183528882444522,Bullish,36.3806,17.8034,573518.2857142857,20.410533333333333,20.618266666666667,20.981833333333334,19.839233333333333,19.475666666666665,19.267933333333332
1987,2008-08-14,19.9951,20.2547,19.6834,20.2028,96212,20.402876190476217,21.85298999999999,26.464787000000044,30.728331500000063,46.162420062089545,22.611598878053826,20.532850000000025,18.454101121946223,-0.49548388531492904,-0.5937790876585476,Bullish,36.3806,17.8034,512022.8095238095,20.410533333333333,20.618266666666667,20.981833333333334,19.839233333333333,19.475666666666665,19.267933333333332
1988,2008-08-15,19.216,20.7689,19.216,20.6702,396281,20.539390476190505,21.75857199999999,26.318329000000045,30.663023000000063,49.04817752231376,22.531180535719166,20.631785000000026,18.732389464280885,-0.42868763803272003,-0.560760797733382,Bullish,36.3806,17.8034,506753.8095238095,21.220733333333328,21.771266666666662,22.773633333333326,19.66783333333333,18.665466666666667,18.114933333333333
1989,2008-08-18,20.7481,21.7037,20.4365,21.7037,2246822,20.682828571428598,21.69147199999999,26.182206000000047,30.59716900000006,54.815452882981,22.63060090882757,20.735915000000027,18.841229091172483,-0.28902462220725766,-0.5064135626281572,Bullish,36.3806,17.8034,487047.3333333333,22.126100000000005,22.548500000000004,23.393300000000007,20.858900000000002,20.0141,19.5917
1990,2008-08-19,21.9686,21.9946,21.0338,21.0338,1158927,20.750100000000025,21.613569999999985,26.03938400000005,30.525758000000064,50.801505050661056,22.65558312087372,20.757730000000024,18.859876879126325,-0.2297476198117252,-0.4510803740648708,Bullish,36.3806,17.8034,567391.3333333334,21.67433333333333,22.314866666666664,22.63513333333333,20.71353333333333,20.393266666666666,19.75273333333333
1991,2008-08-20,20.2547,20.3067,19.9847,19.9847,236429,20.72091904761907,21.508349999999986,25.88633100000005,30.457541000000063,45.21725903801057,22.558152183795556,20.67567500000002,18.793197816204483,-0.26437620631309855,-0.41373954051451634,Bullish,36.3806,17.8034,581751.8095238095,20.199366666666666,20.414033333333332,20.521366666666665,19.877366666666667,19.770033333333334,19.555366666666668
1992,2008-08-21,18.9875,19.5796,18.9875,18.9875,920535,20.595285714285737,21.382249999999985,25.72252700000005,30.386415500000066,40.64391792224777,22.26482311600246,20.48974500000002,18.71466688399758,-0.368042748941658,-0.40460018219994465,Bullish,36.3806,17.8034,578072.3333333334,19.38223333333333,19.776966666666663,19.974333333333327,18.79013333333333,18.592766666666666,18.19803333333333
1993,2008-08-22,18.2293,18.7746,18.2293,18.411,181913,20.390757142857165,21.246697999999988,25.553477000000054,30.313186500000064,38.23619892033003,22.15141043690341,20.307970000000022,18.464529563096633,-0.4910573592752421,-0.42189161761500416,Bearish,36.3806,17.8034,577720.3333333334,18.713966666666668,19.016933333333334,19.25926666666667,18.168666666666667,17.926333333333332,17.623366666666666
1994,2008-08-25,17.7878,18.411,17.658,18.0735,255833,20.201566666666693,21.12932599999999,25.379494000000054,30.235024000000067,36.85956156942239,22.18314044051265,20.15061000000002,18.118079559487395,-0.6087633091459956,-0.45926595592120245,Bearish,36.3806,17.8034,526559.3333333334,18.436999999999998,18.8005,19.189999999999998,17.683999999999997,17.2945,16.930999999999997
1995,2008-08-26,18.1721,18.3851,17.1698,17.1698,264611,20.00866666666669,20.983491999999984,25.198032000000058,30.151304500000066,33.39273572675257,22.349856766211644,19.967020000000026,17.58418323378841,-0.7661356253222706,-0.5206398898014161,Bearish,36.3806,17.8034,496001.3333333333,17.98,18.790200000000002,19.195300000000003,16.764699999999998,16.359599999999997,15.549399999999995
1996,2008-08-27,16.4894,16.852999999999998,16.3129,16.3129,94710,19.79301428571431,20.83194599999998,25.000731000000055,30.062262000000064,30.466588147883638,22.391674629930293,19.688650000000028,16.985625370069762,-0.9490588288755113,-0.6063236776162351,Bearish,36.3806,17.1698,481316.3333333333,16.67296666666666,17.03303333333333,17.21306666666666,16.13286666666666,15.95283333333333,15.592766666666662
1997,2008-08-28,16.3336,16.6193,16.3129,16.3129,89859,19.527900000000027,20.701069999999977,24.806026000000056,29.971791000000064,30.466588147883638,22.367905545259504,19.428195000000027,16.48848445474055,-1.0815592438659323,-0.7013707908661745,Bearish,36.3806,16.3129,455543.3333333333,16.51716666666666,16.72143333333333,16.82356666666666,16.21076666666666,16.10863333333333,15.904366666666661
1998,2008-08-29,16.3129,16.3129,16.3129,16.3129,9009,19.279847619047647,20.582243999999978,24.60820500000006,29.880021500000062,30.466588147883634,22.415936913998443,19.221495000000026,16.027053086001608,-1.1730446488428647,-0.7957055624615126,Bearish,36.3806,16.3129,445357.3333333333,16.3129,16.3129,16.3129,16.3129,16.3129,16.3129
1999,2008-09-01,16.3129,16.3129,16.3129,16.3129,69993,19.082990476190503,20.485645999999978,24.41350000000006,29.78046200000006,30.466588147883634,22.499453483353168,19.06569000000003,15.631926516646889,-1.2313532179975226,-0.8828350935687146,Bearish,36.3806,16.3129,421382.8095238095,16.3129,16.3129,16.3129,16.3129,16.3129,16.3129
2000,2008-09-02,16.3129,16.3129,16.3129,16.3129,578,18.93460476190479,20.34708399999998,24.220613000000057,29.68479750000006,30.466588147883634,22.438780843560465,18.86210500000003,15.285429156439596,-1.2630040545945036,-0.9588688857738724,Bearish,36.3806,16.3129,420249.8095238095,16.3129,16.3129,16.3129,16.3129,16.3129,16.3129
2001,2008-09-03,16.3129,16.3129,16.3129,16.3129,66875,18.740714285714315,20.211117999999978,24.031102000000054,29.586666000000058,30.466588147883638,22.44414160119188,18.70942000000003,14.974698398808178,-1.273408509995619,-1.0217768106182217,Bearish,36.3806,16.3129,393673.8095238095,16.3129,16.3129,16.3129,16.3129,16.3129,16.3129
2002,2008-09-04,16.3129,16.3129,16.3129,16.3129,14553,18.59530000000003,20.07567199999998,23.838994000000053,29.490871500000058,30.466588147883638,22.448445218904787,18.57465000000003,14.700854781095273,-1.2670483709509597,-1.0708311226847693,Bearish,36.3806,16.3129,378741.3333333333,16.3129,16.3129,16.3129,16.3129,16.3129,16.3129
2003,2008-09-05,16.3129,17.0867,16.3129,17.0867,215061,18.503795238095268,19.96027199999998,23.65540300000005,29.401023500000054,38.62535602577153,22.32990967540091,18.44247500000003,14.555040324599151,-1.1858984230276413,-1.0938445827533436,Bearish,36.3806,16.3129,370870.8095238095,17.344633333333334,17.602566666666668,18.118433333333336,16.570833333333333,16.054966666666665,15.797033333333331
2004,2008-09-08,17.2165,17.5022,16.3129,16.3129,172211,18.341066666666695,19.83396599999998,23.46822900000005,29.308994500000054,34.29214028010376,22.107671665875912,18.23370000000003,14.35972833412415,-1.1705325273837026,-1.1091821716794155,Bearish,36.3806,16.3129,365502.8095238095,17.105766666666668,17.898633333333333,18.295066666666667,15.916466666666668,15.520033333333334,14.727166666666669
2005,2008-09-09,16.3129,16.3129,16.3129,16.3129,12243,18.142233333333362,19.70163599999998,23.285210000000053,29.21008400000005,34.29214028010376,21.811302144804397,18.01713000000003,14.222957855195665,-1.1451543182337929,-1.116376600990291,Bearish,36.3806,16.3129,353556.8095238095,16.3129,16.3129,16.3129,16.3129,16.3129,16.3129
2006,2008-09-10,16.3129,17.0088,16.3129,16.9569,395357,17.966642857142887,19.586755999999976,23.113565000000055,29.116730500000052,40.712074527962926,21.537194360126275,17.85483500000003,14.172475639873783,-1.0608476949028507,-1.105270819772803,Bullish,36.3806,16.3129,336842.28571428574,17.206166666666668,17.455433333333335,17.90206666666667,16.510266666666666,16.063633333333332,15.814366666666665
2007,2008-09-11,16.6972,16.6972,16.3129,16.5154,243359,17.79105238095241,19.467511999999978,22.941400000000048,29.021429500000053,37.972918566826635,21.2313680547194,17.67046500000003,14.109561945280657,-1.017925437935272,-1.0878017434052967,Bullish,36.3806,16.3129,333058.28571428574,16.704099999999997,16.892799999999998,17.088399999999996,16.319799999999997,16.1242,15.935499999999998
2008,2008-09-12,16.3648,16.4946,16.3129,16.3129,100139,17.605819047619075,19.348685999999976,22.762795000000047,28.924077000000054,36.751546047282055,20.778120179462128,17.45260000000003,14.12707982053793,-0.9888504452918951,-1.0680114837826165,Bullish,36.3806,16.3129,340065.28571428574,16.434033333333332,16.555166666666665,16.61573333333333,16.252333333333333,16.191766666666666,16.070633333333333
2009,2008-09-15,16.3129,16.3129,16.3129,16.3129,7623,17.3983285714286,19.234221999999978,22.587047000000045,28.826335000000054,36.75154604728206,19.905905973170313,17.18306000000003,14.460214026829746,-0.9548019417075722,-1.0453695753676076,Bullish,36.3806,16.3129,340252.28571428574,16.3129,16.3129,16.3129,16.3129,16.3129,16.3129
2010,2008-09-16,16.3129,16.3129,16.3129,16.3129,693,17.14162380952384,19.124119999999976,22.41264900000004,28.726515500000055,36.751546047282055,19.03909941538814,16.94701500000003,14.854930584611918,-0.9172448298770348,-1.019744626269493,Bullish,36.3806,16.3129,321744.7619047619,16.3129,16.3129,16.3129,16.3129,16.3129,16.3129
2011,2008-09-17,16.3129,16.3129,16.3129,16.3129,6006,16.91681904761908,19.004773999999976,22.24962500000004,28.628124500000055,36.75154604728206,18.337245314873755,16.763425000000034,15.189604685126312,-0.8773668097263077,-0.9912690629608558,Bullish,36.3806,16.3129,214786.2380952381,16.3129,16.3129,16.3129,16.3129,16.3129,16.3129
2012,2008-09-18,16.3129,16.3129,16.3129,16.3129,6006,16.74197142857146,18.889789999999977,22.08660100000004,28.528305000000056,36.75154604728206,17.8366200871156,16.629695000000034,15.422769912884466,-0.8361248644831285,-0.9602402232653103,Bullish,36.3806,16.3129,159885.2380952381,16.3129,16.3129,16.3129,16.3129,16.3129,16.3129
2013,2008-09-19,16.3129,16.3129,16.3129,16.3129,42273,16.614609523809555,18.779167999999977,21.92409600000004,28.427966500000053,36.75154604728206,17.41816016046515,16.52479000000003,15.631419839534914,-0.7942843106375257,-0.9270490407397534,Bullish,36.3806,16.3129,148912.7142857143,16.3129,16.3129,16.3129,16.3129,16.3129,16.3129
2014,2008-09-22,16.3129,16.3129,16.3129,16.3129,42273,16.514700000000033,18.690359999999977,21.77613300000004,28.329835000000053,36.751546047282055,16.981179012902196,16.43676000000003,15.892340987097867,-0.7524515768765845,-0.8921295479671196,Bullish,36.3806,16.3129,107090.71428571429,16.3129,16.3129,16.3129,16.3129,16.3129,16.3129
2015,2008-09-23,16.3129,16.3129,16.3129,16.3129,42273,16.430861904761937,18.62222199999998,21.64037500000004,28.23248250000005,36.751546047282055,16.823621896744008,16.39391500000003,15.964208103256055,-0.7111016962732641,-0.8559239776283485,Bullish,36.3806,16.3129,100441.19047619047,16.3129,16.3129,16.3129,16.3129,16.3129,16.3129
2016,2008-09-24,16.3129,16.3129,16.3129,16.3129,42273,16.390057142857174,18.57371599999998,21.497138000000042,28.13526000000005,36.751546047282055,16.823621896744008,16.39391500000003,15.964208103256055,-0.6706013431364966,-0.8188594507299781,Bullish,36.3806,16.3129,90271.66666666667,16.3129,16.3129,16.3129,16.3129,16.3129,16.3129
2017,2008-09-25,16.3129,16.3129,16.3129,16.3129,42273,16.390057142857174,18.54390599999998,21.360601000000038,28.038037500000044,36.751546047282055,16.823621896744008,16.39391500000003,15.964208103256055,-0.631228116683058,-0.7813331839205941,Bullish,36.3806,16.3129,79684.14285714286,16.3129,16.3129,16.3129,16.3129,16.3129,16.3129
2018,2008-09-26,16.3129,16.3129,16.3129,16.3129,42273,16.390057142857174,18.49633399999998,21.229309000000036,27.940815000000043,36.751546047282055,16.823621896744008,16.39391500000003,15.964208103256055,-0.593186664428277,-0.7437038800221307,Bullish,36.3806,16.3129,77187.14285714286,16.3129,16.3129,16.3129,16.3129,16.3129,16.3129
2019,2008-09-29,16.3129,16.3129,16.3129,16.3129,19982,16.390057142857174,18.43016999999998,21.10160100000003,27.843073000000047,36.751546047282055,16.823621896744008,16.39391500000003,15.964208103256055,-0.5566221458306195,-0.7062875331838285,Bullish,36.3806,16.3129,74921.14285714286,16.3129,16.3129,16.3129,16.3129,16.3129,16.3129
2020,2008-09-30,16.3129,16.3129,16.3129,16.3129,9933,16.390057142857174,18.34447799999998,20.970205000000032,27.745331000000046,36.751546047282055,16.823621896744008,16.39391500000003,15.964208103256055,-0.5216314586577475,-0.6693563182786123,Bullish,36.3806,16.3129,75443.66666666667,16.3129,16.3129,16.3129,16.3129,16.3129,16.3129
2021,2008-10-01,16.3129,16.3129,16.3129,16.3129,9933,16.390057142857174,18.23821999999998,20.841354000000035,27.647459500000046,36.751546047282055,16.823621896744008,16.39391500000003,15.964208103256055,-0.4882725845632443,-0.6331395715355387,Bullish,36.3806,16.3129,72583.66666666667,16.3129,16.3129,16.3129,16.3129,16.3129,16.3129
2022,2008-10-02,16.3129,16.3129,16.3129,16.3129,9933,16.390057142857174,18.11035599999998,20.707414000000032,27.549847500000045,36.751546047282055,16.823621896744008,16.39391500000003,15.964208103256055,-0.45657235460813794,-0.5978261281500585,Bullish,36.3806,16.3129,73029.14285714286,16.3129,16.3129,16.3129,16.3129,16.3129,16.3129
2023,2008-10-03,16.3129,16.3129,16.3129,16.3129,9933,16.390057142857174,17.99568399999998,20.57788800000003,27.452235500000047,36.751546047282055,16.645022908048194,16.355225000000033,16.06542709195187,-0.4265328883514812,-0.5635674801903431,Bullish,36.3806,16.3129,70317.61904761905,16.3129,16.3129,16.3129,16.3129,16.3129,16.3129
2024,2008-10-06,16.3129,16.3129,16.3129,16.3129,7161,16.353209523809557,17.89752799999998,20.45018000000003,27.36358250000005,36.751546047282055,16.645022908048194,16.355225000000033,16.06542709195187,-0.3981369203344265,-0.5304813682191598,Bullish,36.3806,16.3129,70097.61904761905,16.3129,16.3129,16.3129,16.3129,16.3129,16.3129
2025,2008-10-07,16.3129,16.3129,16.3129,16.3129,1271,16.353209523809557,17.806953999999983,20.325069000000028,27.28103150000005,36.751546047282055,16.645022908048194,16.355225000000033,16.06542709195187,-0.3713521941634035,-0.49865553340800856,Bullish,36.3806,16.3129,60197.619047619046,16.3129,16.3129,16.3129,16.3129,16.3129,16.3129
2026,2008-10-08,16.3129,16.3129,16.3129,16.3129,2426,16.353209523809557,17.695605999999984,20.19673800000003,27.202895000000048,36.751546047282055,16.41129270365731,16.323025000000033,16.234757296342757,-0.3461350760047601,-0.46815144192735886,Bullish,36.3806,16.3129,52057.619047619046,16.3129,16.3129,16.3129,16.3129,16.3129,16.3129
2027,2008-10-09,16.3129,16.3129,16.3129,16.3129,2426,16.32254285714289,17.591423999999982,20.07422300000003,27.11683850000005,36.751546047282055,16.312900000000035,16.312900000000035,16.312900000000035,-0.32243351532770603,-0.4390078566074283,Bullish,36.3806,16.3129,51590.142857142855,16.3129,16.3129,16.3129,16.3129,16.3129,16.3129
2028,2008-10-10,16.3129,16.3129,16.3129,16.3129,2310,16.31290000000003,17.508743999999982,19.965990000000026,27.027017000000047,36.75154604728205,16.312900000000035,16.312900000000035,16.312900000000035,-0.3001894604915236,-0.41124417738424734,Bullish,36.3806,16.3129,32879.142857142855,16.3129,16.3129,16.3129,16.3129,16.3129,16.3129
2029,2008-10-13,16.3129,16.3129,16.3129,16.3129,1271,16.31290000000003,17.44642199999998,19.871313000000026,26.928626000000044,36.751546047282055,16.312900000000035,16.312900000000035,16.312900000000035,-0.2793408196883398,-0.38486350584506585,Bullish,36.3806,16.3129,21400.619047619046,16.3129,16.3129,16.3129,16.3129,16.3129,16.3129
2030,2008-10-14,16.3129,16.3129,16.3129,16.3129,1386,16.31290000000003,17.364987999999983,19.788788000000025,26.82867700000004,36.751546047282055,16.312900000000035,16.312900000000035,16.312900000000035,-0.2598230433361195,-0.3598554133432766,Bullish,36.3806,16.3129,16692.619047619046,16.3129,16.3129,16.3129,16.3129,16.3129,16.3129
2031,2008-10-15,16.3129,16.3129,16.3129,16.3129,3927,16.31290000000003,17.303913999999985,19.718520000000023,26.73184400000004,36.751546047282055,16.312900000000035,16.312900000000035,16.312900000000035,-0.24157039185405793,-0.33619840904543286,Bullish,36.3806,16.3129,16395.619047619046,16.3129,16.3129,16.3129,16.3129,16.3129,16.3129
2032,2008-10-16,16.3129,16.3129,16.3129,16.3129,1155,16.31290000000003,17.250005999999985,19.65988600000002,26.63215450000004,36.751546047282055,16.312900000000035,16.312900000000035,16.312900000000035,-0.2245169424951321,-0.3138621157353727,Bullish,36.3806,16.3129,16549.619047619046,16.3129,16.3129,16.3129,16.3129,16.3129,16.3129
2033,2008-10-17,16.3129,16.3129,16.3129,16.3129,462,16.31290000000003,17.181659999999987,19.612314000000023,26.53194550000004,36.751546047282055,16.312900000000035,16.312900000000035,16.312900000000035,-0.20859738026240748,-0.29280916864077966,Bullish,36.3806,16.3129,16318.619047619048,16.3129,16.3129,16.3129,16.3129,16.3129,16.3129
2034,2008-10-20,16.3129,16.3129,16.3129,16.3129,5775,16.31290000000003,17.098149999999986,19.56224900000002,26.434853000000043,36.751546047282055,16.312900000000035,16.312900000000035,16.312900000000035,-0.19374761064688428,-0.2729968570420006,Bullish,36.3806,16.3129,16054.619047619048,16.3129,16.3129,16.3129,16.3129,16.3129,16.3129
2035,2008-10-21,16.3129,16.3129,16.3129,16.3129,347,16.31290000000003,17.011521999999985,19.50418600000002,26.339837500000044,36.75154604728205,16.312900000000035,16.312900000000035,16.312900000000035,-0.17990522578404367,-0.25437853079040923,Bullish,36.3806,16.3129,14316.619047619048,16.3129,16.3129,16.3129,16.3129,16.3129,16.3129
2036,2008-10-22,16.3129,16.3129,16.3129,16.3129,347,16.31290000000003,16.933723999999987,19.435113000000015,26.248328000000043,36.751546047282055,16.312900000000035,16.312900000000035,16.312900000000035,-0.16700985045521932,-0.23690479472337125,Bullish,36.3806,16.3129,12320.142857142857,16.3129,16.3129,16.3129,16.3129,16.3129,16.3129
2037,2008-10-23,16.3129,16.3129,16.3129,16.3129,347,16.31290000000003,16.855925999999986,19.354458000000015,26.159155500000043,36.75154604728205,16.312900000000035,16.312900000000035,16.312900000000035,-0.15500339000722363,-0.22052451378014173,Bullish,36.3806,16.3129,10323.666666666666,16.3129,16.3129,16.3129,16.3129,16.3129,16.3129
2038,2008-10-24,16.3129,16.3129,16.3129,16.3129,231,16.31290000000003,16.768779999999985,19.263676000000014,26.06608800000004,36.751546047282055,16.312900000000035,16.312900000000035,16.312900000000035,-0.14383019860201784,-0.20518565074451695,Bullish,36.3806,16.3129,8327.190476190477,16.3129,16.3129,16.3129,16.3129,16.3129,16.3129
2039,2008-10-27,16.3129,16.3129,16.3129,16.3129,231,16.31290000000003,16.660963999999986,19.176218000000013,25.97418900000004,36.751546047282055,16.312900000000035,16.312900000000035,16.312900000000035,-0.13343718312953712,-0.19083595722152097,Bullish,36.3806,16.3129,6325.190476190476,16.3129,16.3129,16.3129,16.3129,16.3129,16.3129
2040,2008-10-28,16.3129,16.3129,16.3129,16.3129,231,16.31290000000003,16.566545999999985,19.090058000000013,25.883588000000042,36.751546047282055,16.312900000000035,16.312900000000035,16.312900000000035,-0.12377385552996145,-0.17742353688320905,Bullish,36.3806,16.3129,4323.190476190476,16.3129,16.3129,16.3129,16.3129,16.3129,16.3129
2041,2008-10-29,16.3129,16.3129,16.3129,16.3129,231,16.31290000000003,16.493109999999987,19.00073000000001,25.793247000000044,36.751546047282055,16.312900000000035,16.312900000000035,16.312900000000035,-0.11479234409975447,-0.16489729832651814,Bullish,36.3806,16.3129,3382.6666666666665,16.3129,16.3129,16.3129,16.3129,16.3129,16.3129
2042,2008-10-30,16.3129,16.3129,16.3129,16.3129,16401,16.31290000000003,16.439617999999985,18.91093400000001,25.704594000000043,36.751546047282055,16.312900000000035,16.312900000000035,16.312900000000035,-0.10644737253364056,-0.15320731316794262,Bullish,36.3806,16.3129,2920.6666666666665,16.3129,16.3129,16.3129,16.3129,16.3129,16.3129
2043,2008-10-31,16.3129,16.3129,16.3129,16.3129,1271,16.31290000000003,16.397655999999987,18.82217700000001,25.61477250000004,36.751546047282055,16.312900000000035,16.312900000000035,16.312900000000035,-0.09869621392732952,-0.14230509331982,Bullish,36.3806,16.3129,3228.6666666666665,16.3129,16.3129,16.3129,16.3129,16.3129,16.3129
2044,2008-11-03,16.3129,16.3129,16.3129,16.3129,1271,16.31290000000003,16.362443999999986,18.74588500000001,25.52482100000004,36.751546047282055,16.312900000000035,16.312900000000035,16.312900000000035,-0.09149862568674294,-0.1321437997932046,Bullish,36.3806,16.3129,2816.190476190476,16.3129,16.3129,16.3129,16.3129,16.3129,16.3129
2045,2008-11-04,16.3129,16.3129,16.3129,16.3129,1271,16.31290000000003,16.345305999999987,18.664399000000007,25.43370100000004,36.75154604728206,16.312900000000035,16.312900000000035,16.312900000000035,-0.08481677021977063,-0.1226783938785178,Bullish,36.3806,16.3129,2403.714285714286,16.3129,16.3129,16.3129,16.3129,16.3129,16.3129
2046,2008-11-05,16.3129,16.3129,16.3129,16.3129,1271,16.31290000000003,16.345305999999987,18.588626000000005,25.340114000000035,36.75154604728206,16.312900000000035,16.312900000000035,16.312900000000035,-0.07861512539271232,-0.1138657401813567,Bullish,36.3806,16.3129,2123.2380952380954,16.3129,16.3129,16.3129,16.3129,16.3129,16.3129
2047,2008-11-06,16.3129,16.3129,16.3129,16.3129,1271,16.31290000000003,16.345305999999987,18.523188000000005,25.24704650000003,36.75154604728206,16.312900000000035,16.312900000000035,16.312900000000035,-0.072860387988122,-0.10566466974270976,Bullish,36.3806,16.3129,2123.2380952380954,16.3129,16.3129,16.3129,16.3129,16.3129,16.3129
2048,2008-11-07,16.3129,16.3129,16.3129,16.3129,1271,16.31290000000003,16.345305999999987,18.463775000000002,25.15553700000003,36.75154604728206,16.312900000000035,16.312900000000035,16.312900000000035,-0.06752137277953452,-0.09803601035007471,Bullish,36.3806,16.3129,2068.2380952380954,16.3129,16.3129,16.3129,16.3129,16.3129,16.3129
2049,2008-11-10,16.3129,16.3129,16.3129,16.3129,1271,16.31290000000003,16.345305999999987,18.415476,25.06285900000003,36.75154604728206,16.312900000000035,16.312900000000035,16.312900000000035,-0.0625689093223265,-0.09094259014452508,Bullish,36.3806,16.3129,2013.2380952380952,16.3129,16.3129,16.3129,16.3129,16.3129,16.3129
2050,2008-11-11,16.3129,16.3129,16.3129,16.3129,1271,16.31290000000003,16.345305999999987,18.346195,24.97018100000003,36.75154604728207,16.312900000000035,16.312900000000035,16.312900000000035,-0.05797573813138257,-0.08434921974189658,Bullish,36.3806,16.3129,1963.7619047619048,16.3129,16.3129,16.3129,16.3129,16.3129,16.3129
2051,2008-11-12,16.3129,16.3129,16.3129,16.3129,1271,16.31290000000003,16.345305999999987,18.278212,24.87555550000003,36.75154604728206,16.312900000000035,16.312900000000035,16.312900000000035,-0.053716407561481105,-0.07822265730581349,Bullish,36.3806,16.3129,1963.7619047619048,16.3129,16.3129,16.3129,16.3129,16.3129,16.3129
2052,2008-11-13,16.3129,16.3129,16.3129,16.3129,8778,16.31290000000003,16.345305999999987,18.210489,24.779242000000025,36.75154604728206,16.312900000000035,16.312900000000035,16.312900000000035,-0.049767172413421434,-0.07253156032733507,Bullish,36.3806,16.3129,1958.2857142857142,16.3129,16.3129,16.3129,16.3129,16.3129,16.3129
2053,2008-11-14,16.3129,16.3129,16.3129,16.3129,8778,16.31290000000003,16.329829999999987,18.145050999999995,24.684226500000026,36.75154604728206,16.312900000000035,16.312900000000035,16.312900000000035,-0.046105895047695356,-0.06724642727140713,Bullish,36.3806,16.3129,2189.285714285714,16.3129,16.3129,16.3129,16.3129,16.3129,16.3129
2054,2008-11-17,16.3129,16.3129,16.3129,16.3129,8778,16.31290000000003,16.329829999999987,18.081897999999995,24.59076950000003,36.751546047282055,16.312900000000035,16.312900000000035,16.312900000000035,-0.04271194958967328,-0.06233953173506036,Bullish,36.3806,16.3129,2552.285714285714,16.3129,16.3129,16.3129,16.3129,16.3129,16.3129
2055,2008-11-18,16.3129,16.3129,16.3129,16.3129,8778,16.31290000000003,16.329829999999987,18.015732999999994,24.49536450000003,36.751546047282055,16.312900000000035,16.312900000000035,16.312900000000035,-0.0395661296486054,-0.05778485131776937,Bullish,36.3806,16.3129,2948.285714285714,16.3129,16.3129,16.3129,16.3129,16.3129,16.3129
2056,2008-11-19,16.3129,16.3129,16.3129,16.3129,8778,16.31290000000003,16.316949999999988,17.951852999999993,24.397752500000028,36.751546047282055,16.312900000000035,16.312900000000035,16.312900000000035,-0.036650559841231,-0.0535579930224617,Bullish,36.3806,16.3129,3091.285714285714,16.3129,16.3129,16.3129,16.3129,16.3129,16.3129
2057,2008-11-20,16.3129,16.3129,16.3129,16.3129,8778,16.31290000000003,16.31289999999999,17.890205999999992,24.300400000000028,36.751546047282055,16.312900000000035,16.312900000000035,16.312900000000035,-0.03394861130449911,-0.04963611667886918,Bullish,36.3806,16.3129,3492.7619047619046,16.3129,16.3129,16.3129,16.3129,16.3129,16.3129
2058,2008-11-21,16.3129,16.3129,16.3129,16.3129,8778,16.31290000000003,16.31289999999999,17.83079299999999,24.202788000000027,36.751546047282055,16.312900000000035,16.312900000000035,16.312900000000035,-0.03144482129646775,-0.04599785760238889,Bullish,36.3806,16.3129,3894.2380952380954,16.3129,16.3129,16.3129,16.3129,16.3129,16.3129
2059,2008-11-24,16.3129,16.3129,16.3129,16.3129,8778,16.31290000000003,16.31289999999999,17.773560999999987,24.10517600000003,36.751546047282055,16.312900000000035,16.312900000000035,16.312900000000035,-0.029124816916425544,-0.042623249465196224,Bullish,36.3806,16.3129,4295.714285714285,16.3129,16.3129,16.3129,16.3129,16.3129,16.3129
2060,2008-11-25,16.3129,16.3129,16.3129,16.3129,8778,16.31290000000003,16.31289999999999,17.718509999999988,24.00548650000003,36.751546047282055,16.312900000000035,16.312900000000035,16.312900000000035,-0.026975242921619014,-0.03949364815648078,Bullish,36.3806,16.3129,4702.714285714285,16.3129,16.3129,16.3129,16.3129,16.3129,16.3129
2061,2008-11-26,16.3129,16.3129,16.3129,16.3129,8778,16.31290000000003,16.31289999999999,17.658836999999988,23.90592700000003,36.751546047282055,16.312900000000035,16.312900000000035,16.312900000000035,-0.02498369357615715,-0.036591657240416055,Bullish,36.3806,16.3129,5109.714285714285,16.3129,16.3129,16.3129,16.3129,16.3129,16.3129
2062,2008-11-27,16.3129,16.3129,16.3129,16.3129,8778,16.31290000000003,16.31289999999999,17.601344999999984,23.806497000000025,36.751546047282055,16.312900000000035,16.312900000000035,16.312900000000035,-0.02313864843568325,-0.03390105547946949,Bullish,36.3806,16.3129,5516.714285714285,16.3129,16.3129,16.3129,16.3129,16.3129,16.3129
2063,2008-11-28,16.3129,16.3129,16.3129,16.3129,8778,16.31290000000003,16.31289999999999,17.546033999999985,23.709015000000026,36.751546047282055,16.312900000000035,16.312900000000035,16.312900000000035,-0.021429411947437416,-0.031406726773063075,Bullish,36.3806,16.3129,5923.714285714285,16.3129,16.3129,16.3129,16.3129,16.3129,16.3129
2064,2008-12-01,16.3129,16.3129,16.3129,16.3129,8778,16.31290000000003,16.31289999999999,17.50162999999998,23.613220500000025,36.751546047282055,16.312900000000035,16.312900000000035,16.312900000000035,-0.019846056727899963,-0.029094592764030452,Bullish,36.3806,16.3129,5560.714285714285,16.3129,16.3129,16.3129,16.3129,16.3129,16.3129
2065,2008-12-02,16.3129,16.3129,16.3129,16.3129,8778,16.31290000000003,16.31289999999999,17.46756099999998,23.518724500000026,36.751546047282055,16.312900000000035,16.312900000000035,16.312900000000035,-0.0183793703681161,-0.026951548284847582,Bullish,36.3806,16.3129,5918.190476190476,16.3129,16.3129,16.3129,16.3129,16.3129,16.3129
2066,2008-12-03,16.3129,16.3129,16.3129,16.3129,8778,16.31290000000003,16.31289999999999,17.44330799999998,23.424488500000024,36.75154604728206,16.312900000000035,16.312900000000035,16.312900000000035,-0.017020805609103462,-0.024965399749698757,Bullish,36.3806,16.3129,6275.666666666667,16.3129,16.3129,16.3129,16.3129,16.3129,16.3129
2067,2008-12-04,16.3129,16.3129,16.3129,16.3129,8778,16.31290000000003,16.31289999999999,17.428402999999978,23.329863000000024,36.751546047282055,16.312900000000035,16.312900000000035,16.312900000000035,-0.01576243372544539,-0.023124806544848085,Bullish,36.3806,16.3129,6633.142857142857,16.3129,16.3129,16.3129,16.3129,16.3129,16.3129
2068,2008-12-05,16.3129,16.3129,16.3129,16.3129,8778,16.31290000000003,16.31289999999999,17.404616999999977,23.241339500000024,36.751546047282055,16.312900000000035,16.312900000000035,16.312900000000035,-0.014596900953627312,-0.02141922542660393,Bullish,36.3806,16.3129,6990.619047619048,16.3129,16.3129,16.3129,16.3129,16.3129,16.3129
2069,2008-12-08,16.3129,16.3129,16.3129,16.3129,8778,16.31290000000003,16.31289999999999,17.371534999999977,23.150998500000025,36.751546047282055,16.312900000000035,16.312900000000035,16.312900000000035,-0.013517387802448155,-0.019838857901772776,Bullish,36.3806,16.3129,7348.0952380952385,16.3129,16.3129,16.3129,16.3129,16.3129,16.3129
2070,2008-12-09,16.3129,16.3129,16.3129,16.3129,8778,16.31290000000003,16.31289999999999,17.328688999999976,23.060657500000026,36.751546047282055,16.312900000000035,16.312900000000035,16.312900000000035,-0.012517571085112422,-0.018374600538440707,Bullish,36.3806,16.3129,7705.571428571428,16.3129,16.3129,16.3129,16.3129,16.3129,16.3129
2071,2008-12-10,16.3129,16.3129,16.3129,16.3129,8778,16.31290000000003,16.31289999999999,17.275559999999974,22.968239000000025,36.751546047282055,16.312900000000035,16.312900000000035,16.312900000000035,-0.01159158851642772,-0.01701799813403811,Bullish,36.3806,16.3129,8063.047619047619,16.3129,16.3129,16.3129,16.3129,16.3129,16.3129
2072,2008-12-11,16.3129,16.3129,16.3129,16.3129,8778,16.31290000000003,16.31289999999999,17.211627999999973,22.874782000000028,36.751546047282055,16.312900000000035,16.312900000000035,16.312900000000035,-0.010734005723112006,-0.015761199651852888,Bullish,36.3806,16.3129,8420.52380952381,16.3129,16.3129,16.3129,16.3129,16.3129,16.3129
2073,2008-12-12,16.3129,16.3129,16.3129,16.3129,8778,16.31290000000003,16.31289999999999,17.15429199999997,22.782363500000027,36.75154604728206,16.312900000000035,16.312900000000035,16.312900000000035,-0.009939785520678868,-0.014596916825618084,Bullish,36.3806,16.3129,8778.0,16.3129,16.3129,16.3129,16.3129,16.3129,16.3129
2074,2008-12-15,15.5004,15.5004,15.5004,15.5004,116,16.274209523809557,16.29664999999999,17.09708899999997,22.687181000000027,2.0218079383447463,16.626435539175475,16.272275000000032,15.91811446082459,-0.07401907413107622,-0.026481348286709713,Bearish,36.3547,16.3129,8778.0,15.5004,15.5004,15.5004,15.5004,15.5004,15.5004
2075,2008-12-16,15.5004,15.5004,15.5004,15.5004,116,16.23551904761908,16.28039999999999,17.043676999999967,22.592388000000028,2.0218079383447463,16.719150000009233,16.231650000000034,15.744149999990837,-0.12338012276735455,-0.04586110318283868,Bearish,36.3547,15.5004,8365.52380952381,15.5004,15.5004,15.5004,15.5004,15.5004,15.5004
2076,2008-12-17,15.5004,15.5004,15.5004,15.5004,116,16.196828571428604,16.264149999999987,16.979877999999967,22.496686000000025,2.021807938344747,16.77126605982718,16.19102500000003,15.610783940172885,-0.16064726773575266,-0.06881833609342147,Bearish,36.3547,15.5004,7953.047619047619,15.5004,15.5004,15.5004,15.5004,15.5004,15.5004
2077,2008-12-18,13.2969,13.2969,13.2969,13.2969,1271,16.053209523809556,16.20382999999999,16.897626999999968,22.392044000000027,0.4812818020493272,17.4251215042593,16.04022500000003,14.655328495740761,-0.3637922130216964,-0.12781311147907645,Bearish,36.3547,15.5004,7540.571428571428,13.2969,13.2969,13.2969,13.2969,13.2969,13.2969
2078,2008-12-19,12.6365,12.6365,12.6365,12.6365,3234,15.878142857142889,16.130301999999986,16.81952299999997,22.284489500000028,0.38628381929123284,17.877537752173737,15.856405000000033,13.835272247826326,-0.571487059464852,-0.21654790107623156,Bearish,36.3547,13.2969,7183.0952380952385,12.6365,12.6365,12.6365,12.6365,12.6365,12.6365
2079,2008-12-22,12.0052,12.0052,12.0052,12.0052,1848,15.673014285714316,16.044147999999986,16.74528499999997,22.175726000000026,0.32104647708499845,18.253316549477045,15.641020000000031,13.028723450523016,-0.7780583829235646,-0.32884999744569815,Bearish,36.3547,12.6365,6919.0952380952385,12.0052,12.0052,12.0052,12.0052,12.0052,12.0052
2080,2008-12-23,11.4091,11.4091,11.4091,11.4091,578,15.43950000000003,15.946071999999985,16.65552999999997,22.064241500000026,0.273992491037409,18.569970127406144,15.395830000000032,12.221689872593918,-0.9785873869675878,-0.4587974753500761,Bearish,36.3547,12.0052,6589.0952380952385,11.4091,11.4091,11.4091,11.4091,11.4091,11.4091
2081,2008-12-24,10.8246,10.8246,10.8246,10.8246,16863,15.17815238095241,15.836305999999986,16.570109999999968,21.947627500000024,0.23727078462229767,18.83422747104,15.121415000000031,11.408602528960062,-1.1711717931335013,-0.6012723389067611,Bearish,36.3547,11.4091,6198.619047619048,10.824599999999997,10.824599999999998,10.824599999999997,10.824599999999997,10.824599999999998,10.824599999999997
2082,2008-12-25,10.8246,10.8246,10.8246,10.8246,16863,14.916804761904789,15.726539999999986,16.488272999999968,21.831403000000027,0.23727078462229761,18.9570314602215,14.847000000000028,10.736968539778553,-1.308710324538323,-0.7427599360330734,Bearish,36.3547,10.8246,6583.619047619048,10.824599999999997,10.824599999999998,10.824599999999997,10.824599999999997,10.824599999999998,10.824599999999997
2083,2008-12-26,10.5207,11.4091,10.5207,11.4091,1030607,14.683290476190503,15.628463999999985,16.40506199999997,21.71810100000003,13.65798797829699,18.912951934523917,14.601810000000029,10.29066806547614,-1.3549275747895262,-0.865193463784364,Bearish,36.3547,10.8246,6968.619047619048,11.705233333333334,12.001366666666668,12.593633333333335,10.816833333333333,10.224566666666666,9.928433333333333
2084,2008-12-29,11.9935,11.9935,11.5435,11.9935,600023,14.47760476190479,15.542075999999986,16.32011299999997,21.604994500000025,24.582233337857772,18.76470549572043,14.385840000000027,10.006974504279622,-1.3290780976383108,-0.9579703905551533,Bearish,36.3547,10.8246,55627.142857142855,12.143499999999998,12.293499999999998,12.593499999999997,11.693499999999998,11.3935,11.2435
2085,2008-12-30,12.2741,12.4845,11.6896,11.9234,376761,14.26858095238098,15.454285999999986,16.23290399999997,21.494394000000025,24.18691921575949,18.576784031011776,14.166365000000027,9.75594596898828,-1.2992714919199688,-1.0262306108281165,Bearish,36.3547,10.8246,83781.66666666667,12.3754,12.8274,13.170300000000001,11.5805,11.2376,10.7856
2086,2008-12-31,11.9234,12.543,11.6896,12.543,416840,14.08906190476193,15.378887999999986,16.15630599999997,21.385073500000022,34.25128346742529,18.327032546101357,13.977870000000028,9.628707453898699,-1.2116854447968244,-1.063321577621858,Bearish,36.3547,10.8246,101304.66666666667,12.827466666666664,13.111933333333331,13.680866666666663,11.974066666666666,11.405133333333334,11.120666666666667
2087,2009-01-01,12.6248,13.1683,12.5663,13.1683,531993,13.939319047619072,15.315995999999986,16.08596099999997,21.275374000000024,42.54137178842541,18.04638697037234,13.820640000000026,9.59489302962771,-1.0793740352867047,-1.0665320691548275,Bearish,36.3547,10.8246,120736.19047619047,13.368966666666667,13.569633333333334,13.970966666666667,12.766966666666667,12.365633333333333,12.164966666666666
2088,2009-01-02,13.2093,13.823,13.2093,13.823,104412,13.820752380952404,15.266197999999985,16.01748899999997,21.167909000000027,49.693489696800235,17.764642335615598,13.696145000000024,9.627647664384451,-0.9111839106245103,-1.035462437448764,Bullish,36.3547,10.8246,145651.19047619047,14.027566666666667,14.232133333333334,14.641266666666667,13.413866666666667,13.004733333333334,12.800166666666668
2089,2009-01-05,14.5127,14.5127,14.5127,14.5127,62601,13.735028571428595,15.230193999999985,15.945578999999968,21.06389250000003,55.918478275547216,17.515627861882635,13.606135000000023,9.69664213811741,-0.7140083552837666,-0.9711716210157645,Bullish,36.3547,10.8246,150205.19047619047,14.5127,14.5127,14.5127,14.5127,14.5127,14.5127
2090,2009-01-06,15.2374,15.2374,15.2374,15.2374,33726,13.683814285714307,15.208683999999984,15.887614999999968,20.96349950000003,61.332753545803456,17.33910757299868,13.552360000000022,9.765612427001361,-0.4935784090164166,-0.8756529786158949,Bullish,36.3547,10.8246,152768.19047619047,15.2374,15.2374,15.2374,15.2374,15.2374,15.2374
2091,2009-01-07,15.2374,15.2374,15.2374,15.2374,33726,13.63260000000002,15.187173999999985,15.840141999999968,20.86323650000003,61.33275354580344,17.15531112060454,13.49858500000002,9.841858879395499,-0.31525205898910436,-0.7635727946905367,Bullish,36.3547,10.8246,153956.19047619047,15.2374,15.2374,15.2374,15.2374,15.2374,15.2374
2092,2009-01-08,15.2374,15.2374,15.2374,15.2374,33726,13.581385714285732,15.165663999999984,15.80264099999997,20.76258400000003,61.33275354580344,16.963431982482874,13.444810000000018,9.926188017517163,-0.17194506613022398,-0.6452472489784742,Bullish,36.3547,10.8246,155144.19047619047,15.2374,15.2374,15.2374,15.2374,15.2374,15.2374
2093,2009-01-09,15.9972,15.9972,15.1965,15.8979,1613766,13.561623809523827,15.157363999999983,15.777509999999968,20.66549350000003,66.07584408917963,16.8791027588688,13.424060000000017,9.969017241131235,-0.005018560999985766,-0.5172015113827765,Bullish,36.3547,10.8246,156332.19047619047,16.1979,16.4979,16.9986,15.397200000000002,14.896500000000001,14.596500000000002
2094,2009-01-12,16.4824,16.4824,14.9627,15.0504,490644,13.50150476190478,15.132113999999984,15.747278999999969,20.56338650000003,56.499224736154176,16.807738836410625,13.401560000000018,9.99538116358941,0.058214667361310646,-0.4021182756339591,Bullish,36.2508,10.8246,232760.19047619047,16.0343,17.0182,17.554,14.514600000000002,13.978800000000001,12.994900000000003
2095,2009-01-13,15.9855,15.9855,15.5238,15.9855,398706,13.52460476190478,15.125565999999983,15.73543599999997,20.466734000000027,62.89012488492312,16.897705603275323,13.425815000000018,9.95392439672471,0.18168782727558686,-0.2853570550520499,Bullish,36.2508,10.8246,255706.19047619047,16.139400000000002,16.293300000000002,16.601100000000002,15.6777,15.3699,15.216
2096,2009-01-14,16.7804,16.7804,16.1901,16.7804,798221,13.585557142857159,15.134915999999983,15.740110999999972,20.37042100000003,67.28950310133183,17.154171407489812,13.489815000000016,9.82545859251022,0.3397663676383331,-0.16033237051397328,Bullish,36.2508,10.8246,274686.6666666667,16.97716666666667,17.173933333333334,17.567466666666668,16.38686666666667,15.993333333333336,15.79656666666667
2097,2009-01-15,17.213,17.5929,16.2836,17.1837,2520210,13.6657142857143,15.152331999999983,15.748818999999974,20.27742250000003,69.27940574071499,17.683898714028665,13.684155000000015,9.684411285971366,0.49191717427423676,-0.029882461556331258,Bullish,36.2508,10.8246,312691.6666666667,17.756533333333337,18.32936666666667,19.065833333333337,16.447233333333337,15.710766666666668,15.137933333333336
2098,2009-01-16,16.494,16.6577,16.1434,16.1784,1165164,13.802928571428586,15.149641999999982,15.747473999999976,20.17783950000003,59.55399926622079,17.97187460533819,13.861250000000016,9.750625394661842,0.5253228811909789,0.08115860699313078,Bullish,36.2508,10.8246,432696.14285714284,16.5096,16.840799999999998,17.023899999999998,15.9953,15.8122,15.481000000000002
2099,2009-01-19,16.1317,16.4999,15.3368,16.0732,1533032,13.966580952380966,15.144847999999984,15.745076999999975,20.07928850000003,58.62652366935851,18.19033886926922,14.064650000000015,9.938961130730812,0.5371168352574749,0.17235025264599962,Bullish,36.2508,10.8246,488119.61904761905,16.60313333333333,17.133066666666664,17.76623333333333,15.440033333333329,14.806866666666664,14.276933333333329
2100,2009-01-20,16.2135,16.4181,15.8979,16.4181,328020,14.176719047619061,15.146951999999983,15.746128999999979,19.98337100000003,60.78292173295211,18.373149291964317,14.315100000000012,10.257050708035704,0.5677495133978052,0.25143010479636074,Bullish,36.2508,10.8246,560967.1428571428,16.591499999999996,16.764899999999997,17.111699999999995,16.071299999999997,15.724499999999999,15.551099999999998
2101,2009-01-21,16.9382,17.2363,16.3655,17.2363,549780,14.454204761904775,15.165419999999983,15.75536299999998,19.89323250000003,65.39125365219095,18.55060887219878,14.635685000000013,10.720761127801246,0.6505489106485172,0.331253865966792,Bullish,36.2508,10.8246,576499.1428571428,17.526566666666664,17.81683333333333,18.397366666666663,16.655766666666665,16.075233333333333,15.784966666666666
2102,2009-01-22,17.5286,17.6805,16.3187,17.5344,677754,14.773719047619062,15.189849999999984,15.76757799999998,19.80328600000003,66.91659117206534,18.666043159963472,14.971175000000013,11.276306840036554,0.7317866274614868,0.411360418265731,Bullish,36.2508,10.8246,602651.619047619,18.037033333333333,18.539666666666665,19.398833333333332,16.675233333333335,15.816066666666668,15.313433333333336
2103,2009-01-23,17.0961,17.3883,16.6577,16.9499,749942,15.065400000000016,15.202589999999981,15.76620999999998,19.71080650000003,61.21921296522213,18.65268866521051,15.248215000000013,11.843741334789517,0.7404681819165315,0.4771819709958911,Bullish,36.2508,10.8246,634122.619047619,17.33956666666667,17.729233333333337,18.070166666666672,16.608966666666667,16.26803333333333,15.878366666666665
2104,2009-01-26,16.7746,17.3532,16.1317,17.248,209055,15.343442857142872,15.221291999999982,15.775560999999982,19.62189500000003,62.951706387827436,18.672511966223713,15.510940000000014,12.349368033776317,0.7626116427355374,0.5342679053438204,Bullish,36.2508,10.8246,669031.1428571428,17.690233333333335,18.13246666666667,18.911733333333338,16.468733333333333,15.689466666666664,15.24723333333333
2105,2009-01-27,17.2422,17.7974,16.6577,17.3299,932085,15.597557142857159,15.241631999999981,15.785730999999982,19.53547050000003,63.435017691607165,18.572477876351766,15.781265000000014,12.990052123648264,0.7778031104115612,0.5829749463573686,Bullish,36.2508,10.8246,629909.619047619,17.865633333333335,18.401366666666668,19.005333333333336,16.725933333333334,16.121966666666665,15.586233333333332
2106,2009-01-28,17.6805,18.4111,17.213,18.4111,760568,15.906495238095252,15.283595999999982,15.800272999999983,19.45691900000003,69.1556183262119,18.66936800331598,16.074670000000012,13.479971996684043,0.8670909769906512,0.639798152484025,Bullish,36.2508,10.8246,645722.0952380953,18.81046666666667,19.209833333333336,20.00856666666667,17.61236666666667,16.813633333333335,16.41426666666667
2107,2009-01-29,18.6975,18.7034,17.7098,18.7034,517094,16.19984761904763,15.331405999999982,15.822152999999984,19.38177650000003,70.49935815228821,18.825031956553893,16.351425000000013,13.877818043446133,0.9504818584758006,0.7019348936823802,Bullish,36.2508,10.8246,663998.619047619,19.034599999999998,19.365799999999997,20.028199999999995,18.041,17.378600000000002,17.047400000000003
2108,2009-01-30,18.265,19.3288,18.1189,19.2236,385539,16.48819523809525,15.389619999999981,15.851259999999986,19.307027500000025,72.77272496046474,19.11110514046387,16.62145500000001,14.131804859536153,1.0464823284886577,0.7708443806436357,Bullish,36.2508,10.8246,668772.619047619,19.661966666666668,20.100333333333335,20.87186666666667,18.452066666666667,17.680533333333333,17.242166666666666
2109,2009-02-02,18.9956,19.7262,18.9956,19.0541,200624,16.737295238095253,15.444443999999981,15.878671999999987,19.232859500000025,70.85669206346367,19.355773988734825,16.848525000000013,14.341276011265201,1.096249279883473,0.8359253604916032,Bullish,36.2508,10.8246,661798.619047619,19.521666666666665,19.98923333333333,20.252266666666664,18.791066666666666,18.528033333333333,18.060466666666667
2110,2009-02-03,18.9956,19.1417,18.4696,18.9313,127743,16.947704761904777,15.496811999999979,15.904855999999988,19.158752500000027,69.4304358055436,19.582395181585486,17.033220000000014,14.484044818414542,1.1129516004362934,0.8913306084805412,Bullish,36.2508,10.8246,666380.1428571428,19.22546666666667,19.519633333333335,19.89756666666667,18.55336666666667,18.175433333333334,17.88126666666667
2111,2009-02-04,18.7034,19.2879,18.7034,19.2879,165743,17.14058571428573,15.55631199999998,15.93460599999999,19.092115500000023,71.24078115419424,19.825330119263562,17.235745000000016,14.64615988073647,1.1418009786422232,0.9414246825128776,Bullish,36.2508,10.8246,669482.1428571428,19.48273333333334,19.67756666666667,20.06723333333334,18.898233333333337,18.508566666666667,18.313733333333335
2112,2009-02-05,18.7034,19.2879,18.7034,19.2879,165743,17.33346666666668,15.61581199999998,15.964355999999992,19.025478500000023,71.24078115419422,20.004488437392155,17.438270000000013,14.872051562607872,1.151391790870317,0.9834181041843655,Bullish,36.2508,10.8246,675768.6666666666,19.48273333333334,19.67756666666667,20.06723333333334,18.898233333333337,18.508566666666667,18.313733333333335
2113,2009-02-06,19.2879,19.5217,18.5047,19.206,121391,17.522447619047636,15.67367399999998,15.993286999999992,18.958691500000025,70.13447416024424,20.17786763760718,17.603675000000017,15.029482362392855,1.1392513526915273,1.014584753885798,Bullish,36.2508,10.8246,682055.1904761905,19.650233333333333,20.094466666666666,20.667233333333332,18.633233333333333,18.060466666666667,17.616233333333334
2114,2009-02-09,18.9722,19.1359,18.4111,18.5573,173481,17.649085714285732,15.71856199999998,16.01573099999999,18.895932000000027,61.930967594406795,20.09883071262539,17.779020000000013,15.459209287374637,1.0650085438313184,1.024669511874902,Bullish,36.2508,10.8246,686229.7142857143,18.991766666666674,19.426233333333336,19.716566666666672,18.266966666666676,17.97663333333334,17.542166666666677
2115,2009-02-10,18.4111,18.528,17.6805,17.6805,257103,17.774328571428587,15.745913999999981,16.029406999999992,18.834891000000024,52.92074959813042,20.034343641324188,17.863770000000013,15.693196358675838,0.9247600919456112,1.004687627889044,Bearish,36.2508,10.8246,617644.7142857143,18.245499999999996,18.810499999999998,19.092999999999996,17.397999999999996,17.115499999999997,16.550499999999996
2116,2009-02-11,17.7682,18.1189,17.5403,18.1189,142874,17.875919047619064,15.782033999999983,16.047466999999994,18.772302500000027,56.340985410826974,20.045347279196573,17.930695000000014,15.816042720803456,0.8393123294488838,0.9716125682010119,Bearish,36.2508,10.8246,606523.7142857143,18.311766666666667,18.504633333333334,18.89036666666667,17.733166666666666,17.34743333333333,17.154566666666664
2117,2009-02-12,17.9436,18.1773,17.6513,18.1189,67221,17.939657142857158,15.818153999999984,16.065526999999992,18.713064000000024,56.340985410826974,20.065155215527,17.977455000000013,15.889754784473025,0.7628012639092958,0.9298503073426687,Bearish,36.2508,10.8246,594341.2380952381,18.313699999999997,18.508499999999998,18.839699999999997,17.787699999999997,17.4565,17.261699999999998
2118,2009-02-13,18.1189,19.0248,17.8617,19.0248,251444,18.027328571428587,15.872391999999984,16.09264599999999,18.660977500000023,62.81499623839284,20.081799156709444,18.119775000000015,16.157750843290586,0.7664293320602233,0.8971661122861796,Bearish,36.2508,10.8246,559531.7142857143,19.4125,19.8002,20.5756,18.2494,17.474,17.0863
2119,2009-02-16,18.9956,19.4632,18.4754,19.2879,187572,18.175400000000014,15.931891999999984,16.122395999999995,18.611998500000023,64.4631716419278,20.064159401539253,18.280510000000014,16.496860598460774,0.7815256323829125,0.8740380163055261,Bearish,36.2508,10.8246,451495.2380952381,19.675600000000003,20.0633,20.663400000000003,18.687800000000003,18.0877,17.700000000000003
2120,2009-02-17,18.7034,19.2294,18.4696,18.8495,458420,18.307604761904777,15.982623999999985,16.147761999999997,18.55898350000002,59.71371354766468,19.98110623487109,18.402080000000016,16.823053765128943,0.7494748633208275,0.8491253857085864,Bearish,36.2508,10.8246,404943.2380952381,19.2294,19.609299999999998,19.989199999999997,18.4696,18.0897,17.7098
2121,2009-02-18,18.4696,18.8495,18.4404,18.7034,293717,18.416428571428586,16.030433999999985,16.171667,18.506510500000022,58.17543016749902,19.964780551949293,18.475435000000015,16.986089448050738,0.7041681369807797,0.8201339359630251,Bearish,36.2248,10.8246,353771.2380952381,18.888466666666663,19.07353333333333,19.29756666666666,18.479366666666664,18.255333333333333,18.070266666666665
2122,2009-02-19,18.5573,18.9372,18.4754,18.6449,101871,18.483504761904776,16.077073999999985,16.194986999999998,18.45120050000002,57.5362924110191,19.957302305903895,18.530960000000015,17.104617694096135,0.6559800392843798,0.787303156627296,Bearish,36.1989,10.8246,352137.7619047619,18.896266666666662,19.14763333333333,19.358066666666662,18.434466666666662,18.22403333333333,17.97266666666666
2123,2009-02-20,18.9956,18.9956,18.078,18.23,291869,18.516628571428587,16.115415999999986,16.214158,18.39602300000002,53.08204090964732,19.83441288236987,18.594965000000016,17.35551711763016,0.5776528397868077,0.7453730932591983,Bearish,36.095,10.8246,330808.7619047619,18.79106666666667,19.352133333333335,19.70866666666667,17.87346666666667,17.516933333333334,16.95586666666667
2124,2009-02-23,17.7098,17.8267,17.476,17.5344,205706,18.54446190476192,16.156095999999984,16.226373000000002,18.33827650000002,46.5723306869856,19.791447207613988,18.609285000000018,17.427122792386047,0.45421297875838107,0.6871410703590348,Bearish,36.095,10.8246,312433.28571428574,17.748733333333334,17.963066666666666,18.099433333333334,17.398033333333334,17.261666666666667,17.047333333333334
2125,2009-02-24,17.3941,18.1189,17.3941,18.1014,144029,18.58510000000002,16.208115999999983,16.244258000000002,18.28466350000002,51.76493339682381,19.704164691654448,18.647860000000016,17.591555308345583,0.39755538987561323,0.6292239342623505,Bearish,36.095,10.8246,286517.28571428574,18.34883333333333,18.596266666666665,19.07363333333333,17.624033333333333,17.14666666666667,16.899233333333335
2126,2009-02-25,18.1189,18.1189,17.0142,17.0142,425156,18.570066666666683,16.238391999999983,16.251271000000003,18.22400450000002,43.112585004728444,19.850345242158387,18.57801500000002,17.30568475784165,0.26190679015406104,0.5557605054406926,Bearish,36.095,10.8246,283420.8095238095,17.75066666666667,18.487133333333336,18.855366666666672,16.64596666666667,16.277733333333334,15.541266666666669
2127,2009-02-26,16.3655,17.5344,16.2193,17.1253,300878,18.50883809523811,16.31495999999998,16.259395000000005,18.16680900000002,44.14009912322621,19.91786020479663,18.49911000000002,17.08035979520341,0.1615073825072173,0.4769098808539975,Bearish,36.095,10.8246,259281.33333333334,17.700033333333334,18.274766666666668,19.015133333333335,16.384933333333333,15.644566666666666,15.069833333333332
2128,2009-02-27,16.9499,17.0084,16.6577,16.9207,89282,18.423947619047638,16.400643999999986,16.265473000000004,18.11573150000002,42.61360163552469,19.917952331469987,18.38396500000002,16.849977668530055,0.06468497044764021,0.39446489877272606,Bearish,36.095,10.8246,237391.33333333334,17.066833333333335,17.21296666666667,17.41753333333334,16.71613333333333,16.511566666666663,16.36543333333333
2129,2009-03-02,16.7746,16.9441,16.3947,16.7746,97136,18.30732857142859,16.496031999999985,16.270090000000003,18.07070150000002,41.5096720766171,19.92206472216312,18.26999000000002,16.61791527783692,-0.023564896213823516,0.3108589397754161,Bearish,36.095,10.8246,217019.33333333334,17.01423333333333,17.253866666666664,17.56363333333333,16.46483333333333,16.155066666666666,15.915433333333333
2130,2009-03-03,16.57,17.061,16.57,16.9499,37076,18.20712857142859,16.606847999999985,16.276460000000007,18.03262400000002,43.404169172358095,19.88881195423079,18.17092000000002,16.45302804576925,-0.07845393822820057,0.23299636417469277,Bearish,36.095,10.8246,203285.85714285713,17.150599999999997,17.3513,17.641599999999997,16.659599999999998,16.3693,16.168599999999998
2131,2009-03-04,17.5052,17.5929,17.2422,17.5636,181913,18.14200000000002,16.74162799999998,16.288967000000007,18.00374350000002,49.563249605287844,19.74170811222113,18.08470500000002,16.427701887778912,-0.07160798609441699,0.1720754941208708,Bearish,36.095,10.8246,195497.85714285713,17.69026666666667,17.816933333333335,18.04096666666667,17.33956666666667,17.115533333333335,16.98886666666667
2132,2009-03-05,18.0312,18.0312,17.552,17.8267,91245,18.07241904761907,16.881669999999982,16.304105000000007,17.98199550000002,51.976141660111196,19.576281038799486,18.011645000000023,16.44700896120056,-0.04444026876915075,0.1287723415428665,Bearish,36.095,10.8246,198077.38095238095,18.0546,18.2825,18.5338,17.575400000000002,17.3241,17.096200000000003
2133,2009-03-06,17.7098,17.8267,17.5344,17.8267,121853,18.00283809523812,17.01002199999998,16.31924300000001,17.96577850000002,51.976141660111196,19.409174257203244,17.942680000000024,16.476185742796805,-0.022648578343154924,0.0984881575656622,Bearish,36.095,10.8246,194529.85714285713,17.924133333333327,18.02156666666666,18.216433333333324,17.63183333333333,17.436966666666667,17.339533333333332
2134,2009-03-09,17.7624,17.7682,17.3591,17.3591,214022,17.9148904761905,17.117333999999982,16.32970500000001,17.945977000000024,47.31089137977497,19.3418142585507,17.882770000000026,16.423725741449353,-0.04261863765790963,0.07026679852094783,Bearish,36.095,10.8246,192439.85714285713,17.631833333333336,17.904566666666668,18.040933333333335,17.222733333333338,17.08636666666667,16.81363333333334
2135,2009-03-10,17.7624,17.7682,17.3591,17.3591,214022,17.857833333333357,17.22604799999998,16.34016700000001,17.922176500000024,47.310891379774965,19.341298451107875,17.866700000000026,16.392101548892178,-0.057779013045159644,0.04465763620772634,Bearish,36.095,10.8246,196850.85714285713,17.631833333333336,17.904566666666668,18.040933333333335,17.222733333333338,17.08636666666667,16.81363333333334
2136,2009-03-11,17.0961,17.3006,16.8038,16.833,172326,17.817476190476214,17.31184799999998,16.34536800000001,17.890240500000022,42.35073848193696,19.338273280130036,17.80240500000003,16.26653671987002,-0.11096644090645214,0.01353282078489064,Bearish,36.095,10.8246,198781.38095238095,17.154466666666668,17.475933333333334,17.651266666666668,16.657666666666668,16.482333333333333,16.160866666666667
2137,2009-03-12,17.0961,17.4175,16.8681,17.3123,38115,17.77906666666669,17.39472799999998,16.355362000000014,17.85491000000002,47.72761496454073,19.304926938297864,17.762075000000028,16.21922306170219,-0.11313816996123904,-0.0118013773643353,Bearish,36.095,10.8246,194744.38095238095,17.530499999999996,17.7487,18.0799,16.981099999999994,16.649899999999995,16.431699999999992
2138,2009-03-13,17.0961,17.5344,17.0961,17.5344,264957,17.751233333333357,17.46895599999998,16.367577000000015,17.815626500000022,50.05236904538932,19.11921539196103,17.687555000000025,16.255894608039018,-0.09583296429235233,-0.028607694749938708,Bearish,36.095,10.8246,189755.85714285713,17.680500000000002,17.826600000000003,18.118800000000004,17.2422,16.95,16.8039
2139,2009-03-16,18.4111,18.4111,18.2942,18.4111,820166,17.722009523809547,17.54692399999998,16.388559000000015,17.78238850000002,57.99389942897854,18.922169670729343,17.643715000000025,16.365260329270708,-0.011246458833340967,-0.02513544756661916,Bullish,36.095,10.8246,199171.85714285713,18.450066666666668,18.489033333333335,18.56696666666667,18.333166666666667,18.255233333333333,18.216266666666666
2140,2009-03-17,18.7326,18.7326,17.9728,18.4111,246824,17.680257142857165,17.610397999999982,16.40954100000002,17.749799500000023,57.99389942897854,18.829899653541872,17.621795000000027,16.413690346458182,0.05515318457566565,-0.009077721138162197,Bullish,36.095,10.8246,226253.85714285713,18.771533333333338,19.13196666666667,19.53133333333334,18.011733333333336,17.612366666666667,17.251933333333334
2141,2009-03-18,17.9728,18.4404,17.9728,18.4053,416955,17.659104761904786,17.673755999999983,16.430465000000016,17.715597500000023,57.923237012431926,18.767678679997054,17.60689000000003,16.446101320003002,0.10608449283542143,0.01395472165655453,Bullish,36.095,10.8246,229075.38095238095,18.57286666666667,18.740433333333335,19.04046666666667,18.10526666666667,17.805233333333334,17.637666666666668
2142,2009-03-19,18.5689,18.5689,18.1189,18.2007,83853,17.63516666666669,17.733021999999984,16.44934300000002,17.68013850000002,55.36070045341476,18.68034707279612,17.584680000000027,16.489012927203934,0.1284576318670183,0.036855303698647285,Bullish,36.095,10.8246,227100.85714285713,18.47343333333333,18.746166666666664,18.923433333333328,18.02343333333333,17.846166666666665,17.57343333333333
2143,2009-03-20,18.4696,18.4696,17.5403,17.7098,201779,17.59063809523812,17.76925999999998,16.46331200000002,17.64274450000002,49.68153715581749,18.61584722090953,17.558670000000024,16.50149277909052,0.10536242590183775,0.05055672813928538,Bullish,36.095,10.8246,217107.33333333334,18.272833333333335,18.835866666666668,19.202133333333336,17.343533333333333,16.977266666666665,16.414233333333332
2144,2009-03-23,18.4696,18.4696,17.5403,17.7098,201779,17.565866666666686,17.82244799999998,16.477281000000023,17.61158300000002,49.68153715581749,18.626574681525614,17.567440000000023,16.50830531847443,0.08606717990744528,0.05765881849291736,Bullish,36.095,10.8246,221864.85714285713,18.272833333333335,18.835866666666668,19.202133333333336,17.343533333333333,16.977266666666665,16.414233333333332
2145,2009-03-24,17.6513,18.5923,17.4175,18.4813,1588934,17.610957142857163,17.872363999999983,16.498965000000023,17.581682000000022,57.60799267230227,18.695636693611565,17.58643500000002,16.477233306388474,0.131513158915741,0.07242968657748208,Bullish,36.095,10.8246,217574.85714285713,18.909900000000004,19.338500000000003,20.084700000000005,17.735100000000003,16.9889,16.5603
2146,2009-03-25,18.6449,18.9372,18.1189,18.7034,406329,17.63962380952383,17.91082399999998,16.522870000000026,17.555748000000023,59.58189179866695,18.84810611696701,17.67089500000002,16.49368388303303,0.1833376363847421,0.09461127653893409,Bullish,36.095,10.8246,283442.85714285716,19.054100000000002,19.4048,19.872400000000003,18.2358,17.7682,17.4175
2147,2009-03-26,18.8203,18.8495,18.1189,18.2767,176369,17.699742857142876,17.93268399999998,16.542508000000026,17.532848000000023,54.34625663102358,18.90593430028361,17.72846500000002,16.55099569971643,0.18781279524068495,0.11325158027928425,Bullish,36.095,10.8246,295933.3333333333,18.71116666666666,19.14563333333333,19.44176666666666,17.98056666666666,17.68443333333333,17.249966666666662
2148,2009-03-27,18.1247,18.6449,18.002,18.3644,740240,17.758747619047636,17.97640399999998,16.563023000000026,17.51339900000002,55.217274850868,18.947810434294492,17.80065000000002,16.653489565705545,0.1961746684726542,0.12983619791795825,Bullish,36.095,10.8246,284086.3333333333,18.672199999999993,18.979999999999997,19.315099999999994,18.029299999999992,17.694199999999995,17.38639999999999
2149,2009-03-30,18.3644,18.7034,18.0897,18.1306,253407,17.816361904761923,18.01755199999998,16.581200000000027,17.49833800000002,52.34982596253136,18.921449231723766,17.868450000000017,16.815450768276268,0.18183967264616285,0.14023689286359917,Bullish,36.095,10.8246,305008.3333333333,18.5261,18.921599999999998,19.139799999999997,17.9124,17.694200000000002,17.298700000000004
2150,2009-03-31,18.0605,18.4521,17.6221,17.663,245091,17.858666666666686,18.04244999999998,16.59470100000003,17.470448000000022,47.08353928403379,18.875401754813193,17.90410500000002,16.932808245186845,0.13123487907673237,0.1384364901062258,Bearish,36.095,10.8246,312823.8095238095,18.202700000000004,18.742400000000004,19.032700000000006,17.372700000000002,17.0824,16.5427
2151,2009-04-01,18.1072,18.1072,17.587,17.6864,66875,17.893738095238113,18.05145199999998,16.60843600000003,17.443324000000022,47.36887618263869,18.874380337964094,17.910245000000018,16.94610966203594,0.09195836127644341,0.12914086434026933,Bearish,36.095,10.8246,319869.28571428574,18.000066666666665,18.31373333333333,18.520266666666664,17.479866666666666,17.273333333333333,16.959666666666667
2152,2009-04-02,17.6805,18.1189,17.6805,18.0605,108108,17.917400000000015,18.06197399999998,16.62591200000003,17.418200500000022,51.839938419260676,18.887403634970347,17.921935000000015,16.956466365029684,0.08998093723033662,0.12130887891828279,Bearish,36.095,10.8246,321288.28571428574,18.2261,18.3917,18.6645,17.787699999999997,17.514899999999997,17.349299999999996
2153,2009-04-03,18.4111,18.7034,17.8267,18.5982,542966,17.95413809523811,18.094939999999983,16.64876500000003,17.396908000000025,57.436740648448556,18.96839416577059,17.960510000000017,16.952625834229444,0.13029969688389187,0.12310704251140461,Bullish,36.095,10.8246,317773.7619047619,18.925499999999996,19.252799999999997,19.802199999999996,18.048799999999996,17.499399999999998,17.172099999999997
2154,2009-04-06,18.4696,18.7911,18.1481,18.4988,328482,17.986142857142873,18.11995599999998,16.670624000000032,17.37626100000002,56.13794603963896,19.01170511758621,18.017495000000018,17.023284882413826,0.15247422713230208,0.1289804794355841,Bullish,36.095,10.8246,339284.28571428574,18.810566666666666,19.122333333333334,19.453566666666667,18.167566666666666,17.836333333333332,17.524566666666665
2155,2009-04-07,18.6449,19.4223,18.4462,19.4106,1868906,18.08383333333335,18.161569999999983,16.701601000000032,17.358667000000022,64.1468923466843,19.237128077456685,18.120070000000016,17.003011922543347,0.24084601889806834,0.15135358732808096,Bullish,36.095,10.8246,349123.7619047619,19.739866666666668,20.069133333333333,20.715966666666667,18.76376666666667,18.116933333333336,17.78766666666667
2156,2009-04-08,19.282,20.3808,19.0073,19.434,2815659,18.18263809523811,18.18202799999998,16.732812000000035,17.342332500000026,64.32691536312724,19.342886814288843,18.250120000000017,17.15735318571119,0.3092051603795305,0.18292390193837088,Bullish,36.095,10.8246,427927.7619047619,20.207433333333334,20.980866666666667,21.580933333333334,18.833933333333334,18.233866666666668,17.460433333333334
2157,2009-04-09,19.5801,19.9892,18.7034,18.7911,1142526,18.27588095238097,18.183781999999983,16.757594000000033,17.323900000000023,56.00638478743265,19.351143938931198,18.32406000000002,17.296976061068843,0.3079537166925945,0.2079298648892156,Bullish,36.095,10.8246,551815.2380952381,19.619066666666665,20.447033333333334,20.904866666666667,18.333266666666663,17.87543333333333,17.04746666666666
2158,2009-04-10,19.171,19.3755,18.8787,19.2353,253638,18.367452380952397,18.184015999999982,16.786818000000036,17.308805500000023,59.86881049392964,19.44222159260257,18.409105000000018,17.375988407397465,0.33889855463937835,0.23412360283924816,Bullish,36.095,10.8246,598015.2380952381,19.447633333333332,19.659966666666666,19.944433333333333,18.950833333333332,18.666366666666665,18.45403333333333
2159,2009-04-13,19.2879,19.9308,18.8787,19.1067,1088819,18.442323809523824,18.185067999999987,16.814756000000035,17.294158500000023,58.27370212240191,19.52083358796062,18.44388500000002,17.36693641203942,0.349022304544814,0.2571033431803613,Bullish,35.7834,10.8246,608278.2380952381,19.732100000000006,20.357500000000005,20.78420000000001,18.680000000000003,18.2533,17.6279
2160,2009-04-14,19.171,19.171,18.2416,18.3878,674405,18.441214285714302,18.174197999999986,16.835505000000037,17.27700750000002,50.218674903474245,19.51985832278434,18.44272000000002,17.365581677215697,0.2956284071254842,0.2648083559693859,Bullish,35.6016,10.8246,647509.7619047619,18.958666666666666,19.529533333333333,19.888066666666667,18.029266666666665,17.67073333333333,17.099866666666664
2161,2009-04-15,18.4111,18.5806,17.6805,18.3702,785400,18.439266666666683,18.155843999999984,16.85607800000004,17.257457500000022,50.036323687552034,19.51845580047592,18.44096500000002,17.36347419952412,0.24902260821147593,0.2616512064178039,Bearish,35.5237,10.8246,640568.7619047619,18.740366666666663,19.110533333333333,19.640466666666665,17.84026666666666,17.31033333333333,16.94016666666666
2162,2009-04-16,18.3527,18.4696,17.8267,17.9494,323285,18.41755714285716,18.12907399999998,16.87244300000004,17.23689400000002,45.758139130508425,19.522537415505976,18.42840000000002,17.334262584494066,0.17610213774367622,0.2445413926829784,Bearish,35.5237,10.8246,666215.2380952381,18.337100000000003,18.724800000000002,18.980000000000004,17.694200000000002,17.439,17.0513
2163,2009-04-17,17.6922,18.8437,17.6922,18.8437,1145067,18.44817619047621,18.121827999999983,16.89775100000004,17.22189250000002,54.6354753711999,19.54126592267768,18.485095000000022,17.428924077322364,0.18830402398407386,0.23329391894319748,Bearish,35.4458,10.8246,661754.7619047619,19.227533333333334,19.611366666666665,20.379033333333332,18.076033333333335,17.308366666666668,16.924533333333336
2164,2009-04-20,19.5217,19.7847,18.9956,19.7847,1286208,18.54698095238097,18.146375999999982,16.93246900000004,17.21704950000002,61.732402731191335,19.7246318302265,18.588840000000026,17.453048169773552,0.2707835186284413,0.24079183888024625,Bullish,35.0303,10.8246,712288.7619047619,20.04773333333333,20.310766666666666,20.83683333333333,19.25863333333333,18.732566666666663,18.469533333333327
2165,2009-04-21,20.2523,20.7724,19.7554,20.7724,1263224,18.692819047619064,18.20821399999998,16.97706400000004,17.222312500000022,67.48268076740136,20.182856244476998,18.703395000000025,17.223933755523053,0.4111092364423641,0.2748553183926698,Bullish,34.6148,10.8246,763928.2380952381,21.111400000000003,21.450400000000002,22.128400000000003,20.094400000000004,19.416400000000003,19.077400000000004
2166,2009-04-22,21.0413,21.4504,19.9308,19.9659,412797,18.7635142857143,18.245153999999978,17.01359400000004,17.22845100000002,59.60650645523031,20.345016210451405,18.766520000000025,17.188023789548645,0.45202985026874387,0.3102902247678846,Bullish,34.1734,10.8246,814473.2380952381,20.967266666666664,21.96863333333333,22.48686666666666,19.447666666666667,18.929433333333336,17.92806666666667
2167,2009-04-23,19.6678,20.2113,19.2879,19.3755,143567,18.795519047619063,18.270285999999977,17.044220000000042,17.236311500000024,54.58405816577972,20.404420288070863,18.821460000000023,17.238499711929183,0.43184138702424235,0.33460045721915616,Bullish,34.1734,10.8246,758466.7142857143,19.9619,20.5483,20.8853,19.0385,18.7015,18.115099999999998
2168,2009-04-24,19.0541,19.7087,19.0541,19.4924,340841,18.85340952380954,18.279637999999977,17.076015000000044,17.240316000000025,55.38564263279243,20.472002641550453,18.877860000000023,17.283717358449593,0.4204283017241437,0.3517660261201537,Bullish,34.1734,10.8246,745954.2380952381,19.7827,20.073,20.4373,19.128099999999996,18.763799999999996,18.473499999999994
2169,2009-04-27,19.5801,19.7262,18.528,18.6274,77385,18.86593333333335,18.266427999999976,17.099160000000047,17.235347500000024,48.55638366128408,20.464650447360405,18.902700000000024,17.340749552639643,0.33769237105626715,0.3489512951073764,Bearish,33.8877,10.8246,753786.2380952381,19.39306666666667,20.158733333333334,20.59126666666667,18.19486666666667,17.762333333333334,16.99666666666667
2170,2009-04-28,18.0605,18.3235,17.8267,18.189,202125,18.8687142857143,18.253217999999976,17.11792100000005,17.223305000000025,45.49459435973671,20.422795421069967,18.929000000000023,17.43520457893008,0.23405034707367633,0.32597110550063635,Bearish,33.7527,10.8246,722221.7142857143,18.399433333333338,18.60986666666667,18.89623333333334,17.902633333333338,17.616266666666668,17.405833333333337
2171,2009-04-29,18.0605,18.528,17.8267,17.9669,48626,18.88318571428573,18.238487999999975,17.134461000000048,17.205010500000025,43.98151452342367,20.39456014856148,18.943025000000027,17.491489851438573,0.13246471179302688,0.28726982675911444,Bearish,32.6153,10.8246,719779.7142857143,18.387700000000006,18.808500000000002,19.089000000000006,17.686400000000006,17.405900000000003,16.985100000000006
2172,2009-04-30,17.5461,18.0605,17.4175,18.0078,392007,18.898490476190492,18.225745999999972,17.151410000000052,17.181519000000026,44.348575121447695,20.398500283760995,18.940390000000026,17.482279716239056,0.054627935299151886,0.24074144846712192,Bearish,32.6153,10.8246,710424.2380952381,18.239699999999996,18.4716,18.882699999999996,17.596699999999995,17.185599999999997,16.953699999999994
2173,2009-05-01,17.5461,18.0605,17.4175,18.0078,392007,18.895980952380967,18.221301999999973,17.168359000000052,17.161325500000025,44.348575121447695,20.418558926937365,18.910870000000024,17.403181073062683,-0.0069778347208284686,0.19119759182953183,Bearish,32.5634,10.8246,725906.7142857143,18.239699999999996,18.4716,18.882699999999996,17.596699999999995,17.185599999999997,16.953699999999994
2174,2009-05-04,18.0312,18.0312,17.476,17.4877,67106,18.843100000000014,18.220367999999972,17.188232000000053,17.142660500000027,40.44055800845142,20.483282929784842,18.86031500000002,17.2373470702152,-0.09665440285932192,0.1336271928917611,Bearish,31.1092,10.8246,739425.7142857143,17.853933333333337,18.220166666666668,18.409133333333337,17.298733333333338,17.10976666666667,16.74353333333334
2175,2009-05-05,17.6805,18.1481,17.5344,18.1247,156387,18.82528571428573,18.22083399999997,17.214475000000053,17.129076000000026,46.64226743177517,20.428549534927285,18.796020000000023,17.163490465072762,-0.11499753284977032,0.08390224774345481,Bearish,30.6366,10.8246,716765.7142857143,18.33706666666667,18.549433333333333,18.950766666666667,17.72336666666667,17.322033333333337,17.109666666666673
2176,2009-05-06,18.1773,18.4111,17.8267,18.4053,153962,18.7774142857143,18.248655999999972,17.243524000000054,17.111701000000025,49.15387383757797,20.358183206837854,18.744585000000022,17.13098679316219,-0.10567437221152431,0.04598692375245898,Bearish,30.6366,10.8246,708570.7142857143,18.602033333333335,18.79876666666667,19.186433333333337,18.017633333333333,17.629966666666665,17.43323333333333
2177,2009-05-07,18.1773,18.1773,17.891,18.002,22523,18.709223809523824,18.266189999999973,17.290575000000054,17.094101000000027,45.815808668315825,20.350525439525164,18.705130000000022,17.05973456047488,-0.129337715048095,0.010921995992348187,Bearish,29.9666,10.8246,626906.7142857143,18.155866666666668,18.309733333333334,18.44216666666667,17.869566666666667,17.737133333333333,17.583266666666667
2178,2009-05-08,17.8851,18.3527,17.5929,18.2066,17325,18.68139047619049,18.29190799999997,17.346276000000053,17.082899500000025,47.75423906044696,20.293888373328397,18.65369500000002,17.013501626671644,-0.13008206952063972,-0.0172788171102494,Bearish,29.7069,10.8246,493900.2380952381,18.508566666666667,18.810533333333332,19.268366666666665,17.74876666666667,17.290933333333335,16.98896666666667
2179,2009-05-11,18.4111,19.1125,18.4111,18.8261,342920,18.661904761904776,18.33293799999997,17.414485000000052,17.079885000000026,53.21220203085015,20.268882274985238,18.639665000000022,17.010447725014807,-0.07976403305872637,-0.029775860299944792,Bearish,29.7069,10.8246,440319.2380952381,19.155366666666662,19.48463333333333,19.856766666666662,18.453966666666663,18.081833333333332,17.752566666666663
2180,2009-05-12,18.8261,18.9372,18.7034,18.8904,14553,18.651604761904775,18.37174799999997,17.48929800000005,17.072414000000027,53.75224034266364,20.29320197428829,18.66479500000002,17.036388025711748,-0.03430273345969326,-0.030681234931894487,Bearish,29.7069,10.8246,444570.7619047619,18.983933333333336,19.07746666666667,19.21773333333334,18.750133333333334,18.609866666666665,18.516333333333332
2181,2009-05-13,19.282,19.5801,18.7034,18.7092,200277,18.66690952380954,18.394659999999973,17.568144000000053,17.069127000000027,51.93309226644115,20.304581153747694,18.68174500000002,17.058908846252347,-0.01274869265179035,-0.02709472647587366,Bullish,29.7069,10.8246,393415.2380952381,19.291733333333337,19.87426666666667,20.16843333333334,18.415033333333334,18.120866666666664,17.53833333333333
2182,2009-05-14,19.1008,19.1008,18.7034,18.7501,20213,18.685000000000013,18.413127999999976,17.647399000000053,17.067836000000028,52.325293815624065,20.30949994331843,18.721780000000017,17.134060056681605,0.007546338666671204,-0.020166513447364687,Bullish,29.7069,10.8246,370837.71428571426,18.999466666666667,19.248833333333334,19.396866666666668,18.602066666666666,18.45403333333333,18.204666666666665
2183,2009-05-15,18.6157,18.8144,18.1189,18.2007,15477,18.69696666666668,18.420607999999973,17.715315000000054,17.060188500000027,46.8010965315438,20.292144307084804,18.689630000000015,17.087115692915226,-0.02046577455865517,-0.020226365669622784,Bearish,29.2655,10.8246,334400.2380952381,18.6371,19.0735,19.3326,17.9416,17.6825,17.246100000000002
2184,2009-05-18,18.4345,18.4404,18.1189,18.2942,10049,18.67080000000001,18.439309999999974,17.778322000000053,17.049217500000026,47.810918460420886,20.143919415784737,18.615105000000018,17.0862905842153,-0.034720669255893455,-0.023125226386876918,Bearish,29.146,10.8246,319742.71428571426,18.450099999999996,18.605999999999998,18.771599999999996,18.128599999999995,17.962999999999997,17.807099999999995
2185,2009-05-19,18.4696,18.528,17.8267,17.9903,22869,18.58535238095239,18.451933999999977,17.838991000000053,17.035947500000024,44.832158302447276,19.662239700908433,18.476000000000017,17.2897602990916,-0.06973609194739439,-0.032447399498980414,Bearish,29.146,10.8246,265694.2380952381,18.403299999999998,18.8163,19.104599999999998,17.701999999999998,17.4137,17.0007
2186,2009-05-20,17.9436,18.4637,17.6513,18.3819,31070,18.471519047619058,18.482911999999978,17.897380000000055,17.026843000000024,49.222296311922506,19.366276471097056,18.39680000000002,17.427323528902985,-0.06513636793706112,-0.03898519318659656,Bearish,29.146,10.8246,205535.2380952381,18.679966666666672,18.978033333333336,19.492366666666673,17.867566666666672,17.353233333333336,17.055166666666672
2187,2009-05-21,17.8267,18.1773,17.6805,18.1189,172326,18.383566666666677,18.499043999999977,17.946886000000053,17.016423500000023,46.5434459075324,19.19882208932585,18.33397000000002,17.469117910674186,-0.08177035775304375,-0.047542226099885995,Bearish,28.5644,10.8246,146861.2380952381,18.303966666666664,18.48903333333333,18.800766666666664,17.807166666666664,17.49543333333333,17.310366666666663
2188,2009-05-22,18.3527,18.7034,18.3527,18.4111,76346,18.337642857142868,18.516577999999978,17.992767000000054,17.005128000000024,49.8115757195573,18.96479538094487,18.27990500000002,17.59501461905517,-0.0705614283182392,-0.052146066543556635,Bearish,27.1362,10.8246,135410.2380952381,18.625433333333334,18.839766666666666,18.976133333333333,18.274733333333334,18.138366666666666,17.924033333333334
2189,2009-05-25,19.3288,19.3288,18.7326,18.8144,352160,18.30535714285715,18.524643999999977,18.035784000000053,16.990681500000022,53.99238849849998,18.997571009921664,18.28925500000002,17.580938990078373,-0.028803304934065466,-0.0474775142216584,Bullish,25.7806,10.8246,132209.2380952381,19.1846,19.5548,19.7808,18.5884,18.3624,17.9922
2190,2009-05-26,18.7034,18.9606,18.4111,18.4521,72188,18.297009523809532,18.525463999999975,18.067931000000055,16.977773000000024,49.96564940722365,19.0125598712326,18.302410000000016,17.592260128767432,-0.02466000820932379,-0.042914013019191476,Bullish,25.3911,10.8246,132748.2380952381,18.80476666666667,19.157433333333334,19.354266666666668,18.25526666666667,18.058433333333337,17.705766666666673
2191,2009-05-27,18.9956,18.9956,18.1189,18.2358,30492,18.2992380952381,18.522073999999975,18.097915000000054,16.96902850000002,47.67939500060358,19.010091093783636,18.315855000000013,17.62161890621639,-0.03838751068185431,-0.042008712551724045,Bullish,25.3911,10.8246,132500.7619047619,18.781300000000005,19.326800000000002,19.658000000000005,17.904600000000006,17.573400000000003,17.027900000000006
2192,2009-05-28,18.2358,18.4111,18.2066,18.3761,18596,18.318723809523814,18.525581999999975,18.129302000000052,16.96597150000002,49.29989021899803,19.014235896506378,18.334270000000014,17.65430410349365,-0.037513189135470526,-0.04110960786847334,Bullish,25.3911,10.8246,124327.76190476191,18.455933333333334,18.535766666666667,18.660433333333334,18.251433333333335,18.12676666666667,18.046933333333335
2193,2009-05-29,18.2416,18.4111,18.1189,18.2124,82005,18.328466666666674,18.535633999999973,18.152447000000052,16.96497850000002,47.45310936584923,19.010524726276085,18.344500000000018,17.67847527372395,-0.049459368104706414,-0.04277955991571995,Bearish,25.3911,10.8246,122897.76190476191,18.376033333333336,18.53966666666667,18.668233333333337,18.083833333333335,17.955266666666667,17.791633333333333
2194,2009-06-01,18.2358,18.2358,17.9728,17.9845,58790,18.327357142857153,18.541127999999976,18.18178800000005,16.96453350000002,44.929724490145695,18.935219479758327,18.369340000000015,17.803460520241703,-0.07643532748966919,-0.0495107134305098,Bearish,25.3911,10.8246,108135.76190476191,18.155933333333337,18.32736666666667,18.41893333333334,17.892933333333335,17.801366666666667,17.629933333333334
2195,2009-06-02,17.6513,18.1189,17.6513,17.8383,27951,18.344052380952387,18.528267999999976,18.20031600000005,16.967876000000018,43.33761985247881,18.958203459994785,18.355020000000017,17.75183654000525,-0.10836195860336062,-0.06128096246507996,Bearish,25.3911,10.8246,92268.28571428571,18.087699999999998,18.3371,18.5553,17.620099999999997,17.401899999999998,17.152499999999996
2196,2009-06-03,18.0605,18.2066,17.6513,18.1247,69647,18.344052380952387,18.516693999999976,18.21375900000005,16.97693500000002,47.27886059728201,18.95184740366442,18.340990000000016,17.73013259633561,-0.10929408316704325,-0.07088358660547261,Bearish,25.3911,10.8246,90403.76190476191,18.3371,18.549500000000002,18.892400000000002,17.781799999999997,17.438899999999997,17.226499999999994
2197,2009-06-04,17.8968,17.8968,17.2539,17.4763,89397,18.29981428571429,18.500685999999977,18.21668500000005,16.98275200000002,40.42354810216208,19.019643350433324,18.314705000000014,17.609766649566705,-0.1605030800967988,-0.08880748530373786,Bearish,25.3911,10.8246,86273.28571428571,17.830766666666662,18.18523333333333,18.47366666666666,17.187866666666665,16.899433333333334,16.544966666666667
2198,2009-06-05,17.7682,17.8267,17.4175,17.4761,43890,18.274771428571434,18.482919999999975,18.22966200000005,16.98856800000002,40.42160119411242,19.07185254356687,18.278180000000013,17.484507456433157,-0.19881094857342418,-0.11080817795767513,Bearish,25.3911,10.8246,83198.76190476191,17.72936666666666,17.98263333333333,18.13856666666666,17.320166666666662,17.164233333333332,16.910966666666663
2199,2009-06-08,17.5344,17.8267,17.3065,17.8033,88473,18.25556666666667,18.476373999999975,18.24696300000005,16.99602000000002,45.08170943042002,19.004544884622476,18.227040000000013,17.44953511537755,-0.2004571595044169,-0.1287379742670235,Bearish,25.2925,10.8246,84216.23809523809,17.984499999999997,18.165699999999998,18.504699999999996,17.464299999999998,17.1253,16.9441
2200,2009-06-09,17.5987,18.4111,17.5344,18.3819,455070,18.23441428571429,18.490751999999976,18.26660100000005,17.00636500000002,52.201557691532386,18.921833820298115,18.201615000000015,17.481396179701914,-0.15330638847309075,-0.13365165710823695,Bearish,25.2925,10.8246,87604.23809523809,18.68386666666667,18.985833333333336,19.56056666666667,17.80716666666667,17.232433333333336,16.93046666666667
2201,2009-06-10,18.2942,18.4696,18.1189,18.4111,277200,18.21159047619048,18.505245999999975,18.278349000000052,17.01685600000002,52.535989260664515,18.875966700810388,18.186710000000012,17.497453299189637,-0.11228847511837259,-0.12937902071026408,Bullish,25.2925,10.8246,92944.71428571429,18.547500000000003,18.6839,18.898200000000003,18.196800000000003,17.9825,17.846100000000003
2202,2009-06-11,17.8267,18.528,17.8267,18.1715,17325,18.185985714285714,18.507465999999976,18.28472000000005,17.026149000000018,49.47694975250211,18.796757018688396,18.157780000000013,17.51880298131163,-0.09798568288753984,-0.12310035314571924,Bullish,25.2925,10.8246,105451.71428571429,18.5241,18.8767,19.2254,17.8228,17.4741,17.1215
2203,2009-06-12,18.1481,18.3527,18.1189,18.1189,7508,18.155928571428575,18.497879999999974,18.296410000000048,17.03131000000002,48.8050926282558,18.792562932289055,18.153690000000015,17.514817067710975,-0.08985915697577695,-0.11645211391173078,Bullish,25.1886,10.8246,96739.71428571429,18.27476666666666,18.43063333333333,18.50856666666666,18.040966666666662,17.963033333333332,17.807166666666664
2204,2009-06-15,17.7273,18.4111,17.7273,18.3293,72188,18.16205238095238,18.494489999999974,18.30722300000005,17.04139200000002,51.634246952201536,18.796042741107165,18.155445000000014,17.514847258892864,-0.06568413915914562,-0.10629851896121376,Bullish,24.4615,10.8246,96134.71428571429,18.5845,18.8397,19.2683,17.900699999999997,17.472099999999998,17.216899999999995
2205,2009-06-16,18.1189,18.4345,18.1189,18.4111,303996,18.16761904761905,18.474499999999974,18.31803500000005,17.051883000000018,52.72801680887586,18.821629992317064,18.176485000000014,17.531340007682964,-0.03946970481096557,-0.09293275613116411,Bullish,24.4615,10.8246,98835.23809523809,18.5241,18.6371,18.8397,18.2085,18.0059,17.8929
2206,2009-06-17,17.8559,18.4111,17.8559,18.2124,13283,18.178195238095242,18.450067999999977,18.31604800000005,17.058160500000017,49.78293258453186,18.80655809655275,18.168010000000017,17.529461903447284,-0.03433224536654578,-0.08121265397824044,Bullish,23.8902,10.8246,112832.71428571429,18.463700000000003,18.715000000000003,19.018900000000006,17.9085,17.604599999999998,17.353299999999997
2207,2009-06-18,18.2124,18.4696,18.1306,18.4111,232733,18.179585714285718,18.442467999999977,18.31312500000005,17.067639000000014,52.632144110037004,18.82932399288367,18.182620000000014,17.53591600711636,-0.014065207393091583,-0.06778316466121068,Bullish,23.241,10.8246,112376.23809523809,18.543600000000005,18.6761,18.882600000000004,18.204600000000006,17.998100000000004,17.865600000000008
2208,2009-06-19,18.1306,18.1423,18.1306,18.1423,1155,18.1807,18.420607999999973,18.302312000000047,17.076786000000016,48.613784008254086,18.80744956563154,18.169180000000015,17.53091043436849,-0.01946892171710246,-0.05812031607238903,Bullish,23.241,10.8246,121979.23809523809,18.1462,18.1501,18.157899999999998,18.134500000000003,18.126700000000003,18.122800000000005
2209,2009-06-22,18.1189,18.528,18.002,18.4228,75884,18.181257142857145,18.406929999999974,18.295999000000048,17.087335500000016,52.67431632872477,18.728786829970737,18.149600000000014,17.57041317002929,-0.0011046646009589267,-0.04671718577810301,Bullish,23.241,10.8246,113828.23809523809,18.6332,18.8436,19.1592,18.1072,17.7916,17.5812
2210,2009-06-23,18.5514,18.5514,18.1832,18.3001,126011,18.15676666666667,18.405175999999976,18.289687000000047,17.097271500000016,50.78389452704823,18.70897014384427,18.142000000000017,17.575029856155766,0.003507840713407262,-0.036672180479800955,Bullish,23.241,10.8246,113806.23809523809,18.5066,18.7131,18.8748,18.138399999999997,17.976699999999997,17.770199999999996
2211,2009-06-24,18.4053,18.4637,18.4053,18.4287,20559,18.155652380952382,18.406345999999978,18.281095000000047,17.107850500000016,52.69992634163037,18.731095368807225,18.151645000000016,17.572194631192808,0.017340340994309145,-0.025869676184978936,Bullish,23.1112,10.8246,103037.23809523809,18.459833333333325,18.49096666666666,18.518233333333324,18.401433333333326,18.374166666666664,18.343033333333327
2212,2009-06-25,18.1481,18.4988,18.1481,18.4988,12128,18.168176190476192,18.41733399999998,18.273204000000046,17.118780000000015,53.756757199576185,18.749083210215176,18.157780000000017,17.566476789784858,0.03357218205776036,-0.013981304536431077,Bullish,23.0852,10.8246,100578.71428571429,18.615699999999997,18.732599999999998,18.966399999999997,18.264999999999997,18.0312,17.914299999999997
2213,2009-06-26,18.4988,18.4521,18.1247,18.4111,79811,18.169842857142857,18.408681999999978,18.265255000000046,17.129271000000013,52.18580730443922,18.768948902163796,18.167715000000015,17.566481097836235,0.038910836086870404,-0.00340287641177078,Bullish,22.9294,10.8246,99704.23809523809,18.533900000000006,18.656700000000004,18.861300000000007,18.206500000000005,18.001900000000003,17.879100000000005
2214,2009-06-29,18.4111,18.4111,18.2358,18.4111,22985,18.179304761904763,18.381209999999978,18.26379300000005,17.139762000000015,52.18580730443924,18.79302847155452,18.189045000000014,17.585061528445507,0.042650113903562215,0.005807721651295819,Bullish,22.9294,10.8246,102619.23809523809,18.469533333333334,18.527966666666668,18.644833333333334,18.294233333333334,18.177366666666668,18.118933333333334
2215,2009-06-30,18.6742,18.7326,18.4111,18.6742,130284,18.212147619047617,18.33924599999998,18.273730000000047,17.151568500000014,56.59869320566479,18.847507989773767,18.23084000000001,17.614172010226255,0.06608174052457372,0.0178625254259514,Bullish,22.9294,10.8246,99808.76190476191,18.80083333333334,18.92746666666667,19.12233333333334,18.47933333333334,18.28446666666667,18.15783333333334
2216,2009-07-01,18.6742,18.7034,18.4111,18.4345,4043,18.240538095238094,18.308617999999978,18.27688600000005,17.162176500000015,51.89912679297787,18.8671053123405,18.24633000000001,17.625554687659523,0.06456541676013217,0.027203103692787552,Bullish,22.7061,10.8246,103213.23809523809,18.62156666666667,18.808633333333333,18.913866666666667,18.329266666666673,18.224033333333338,18.036966666666675
2217,2009-07-02,18.4345,19.3522,18.4345,19.0891,97598,18.2864619047619,18.30288999999998,18.286588000000048,17.176057500000017,61.339890318089964,18.945689455336268,18.32697000000001,17.708250544663752,0.11486042900439841,0.04473456875510973,Bullish,22.7061,10.8246,102074.76190476191,19.4827,19.8763,20.4004,18.565,18.0409,17.6473
2218,2009-07-03,19.0891,19.8139,18.4111,18.5982,101871,18.339885714285714,18.28500599999998,18.28232200000005,17.187484000000016,52.94723880957678,18.873115683526873,18.383075000000012,17.893034316473152,0.11379628840940015,0.05854691268596781,Bullish,22.7061,10.8246,103405.76190476191,19.471033333333335,20.343866666666667,20.873833333333334,18.068233333333335,17.53826666666667,16.665433333333336
2219,2009-07-06,18.5982,18.8495,18.4228,18.5339,5544,18.390257142857145,18.28313599999998,18.274782000000048,17.198589000000016,51.944702563906766,18.83448321575863,18.419605000000015,18.0047267842414,0.10653639149412442,0.06814480844759913,Bullish,22.7061,10.8246,103999.76190476191,18.781333333333325,19.028766666666662,19.208033333333326,18.354633333333325,18.175366666666662,17.927933333333325
2220,2009-07-07,18.5339,18.9898,18.4696,18.7326,46778,18.434509523809524,18.294007999999984,18.273613000000047,17.210687500000017,54.79330043470002,18.87326253967331,18.437140000000014,18.001017460326718,0.11548506038963069,0.07761285883600544,Bullish,22.7061,10.8246,102173.76190476191,18.991733333333336,19.250866666666667,19.511933333333335,18.471533333333337,18.21046666666667,17.951333333333338
2221,2009-07-08,18.7326,18.7618,18.417,18.4404,19058,18.43729523809524,18.30347799999998,18.270983000000047,17.221325000000014,50.09093831124154,18.874564624174994,18.438605000000017,18.00264537582504,0.0978706549899293,0.08166441806679021,Bullish,22.7061,10.8246,100188.28571428571,18.662466666666667,18.884533333333334,19.007266666666666,18.317666666666668,18.194933333333335,17.97286666666667
2222,2009-07-09,18.4404,18.7852,18.1481,18.68,54401,18.450100000000003,18.31692199999998,18.271334000000046,17.233160500000015,53.60681838277536,18.893983909635633,18.464030000000015,18.034076090364398,0.10206825013273146,0.08574518447997846,Bullish,22.7061,10.8246,79425.80952380953,18.927433333333333,19.174866666666667,19.564533333333333,18.290333333333333,17.900666666666666,17.653233333333333
2223,2009-07-10,18.68,18.8203,18.4111,18.7443,45276,18.477376190476193,18.33165199999998,18.276477000000046,17.245317500000013,54.532506112972236,18.911036002783614,18.495300000000018,18.07956399721642,0.10932313806361194,0.09046077519670516,Bullish,22.7061,10.8246,68816.33333333333,18.906033333333337,19.067766666666667,19.315233333333335,18.49683333333334,18.24936666666667,18.08763333333334
2224,2009-07-13,18.7443,18.9079,18.3001,18.7151,32456,18.50576666666667,18.35619999999998,18.288284000000047,17.257328500000014,54.00551291812834,18.93351626512366,18.51459000000002,18.09566373487638,0.11143197461272081,0.09465501507990828,Bullish,22.7061,10.8246,70147.33333333333,18.981966666666672,19.248833333333337,19.589766666666673,18.37416666666667,18.033233333333335,17.76636666666667
2225,2009-07-14,18.7151,18.7911,18.4696,18.7034,24602,18.523580952380957,18.367773999999983,18.294304000000047,17.269281000000014,53.78124451445411,18.953035897776985,18.52920500000002,18.105374102223053,0.11088098359435605,0.09790020878279784,Bullish,22.7061,10.8246,71335.33333333333,18.839800000000004,18.976200000000002,19.161300000000004,18.518300000000004,18.3332,18.196800000000003
2226,2009-07-15,18.7034,18.9956,18.4754,18.7034,19058,18.537500000000005,18.37373599999998,18.31119600000005,17.281233500000013,53.78124451445411,18.95775687859822,18.553755000000017,18.14975312140181,0.10918569452191562,0.1001573059306214,Bullish,22.7061,10.8246,69069.33333333333,18.974199999999996,19.244999999999997,19.494399999999995,18.453999999999997,18.2046,17.933799999999998
2227,2009-07-16,18.7034,18.7034,18.7034,18.7034,26681,18.560880952380955,18.387763999999983,18.32697700000005,17.293186000000013,53.78124451445411,18.971819823907005,18.56837000000002,18.164920176093034,0.10661319516861312,0.10144848377821974,Bullish,22.7061,10.8246,55500.857142857145,18.7034,18.7034,18.7034,18.7034,18.7034,18.7034
2228,2009-07-17,18.7034,18.7911,18.6449,18.7034,5313,18.574800000000003,18.397699999999983,18.344804000000053,17.305138500000012,53.78124451445411,18.95274356464518,18.596425000000018,18.240106435354857,0.10338273903518669,0.10183533482961313,Bullish,22.7061,10.8246,56138.857142857145,18.78136666666667,18.859333333333336,18.92756666666667,18.63516666666667,18.566933333333335,18.48896666666667
2229,2009-07-20,18.7034,18.8495,18.7034,18.7034,24255,18.601519047619053,18.395245999999982,18.364092000000053,17.317091000000016,53.78124451445411,18.960362356182745,18.61045500000002,18.260547643817294,0.09967360401287095,0.1014029886662647,Bearish,22.7061,10.8246,45309.333333333336,18.8008,18.8982,18.9469,18.6547,18.605999999999998,18.508599999999998
2230,2009-07-21,18.7034,18.7034,18.2358,18.4111,145524,18.60096190476191,18.385659999999984,18.378704000000052,17.327582000000014,46.75498355531509,18.94916620108891,18.61600500000002,18.282843798911127,0.07231432610065269,0.0955852561531423,Bearish,22.7061,10.8246,46409.333333333336,18.664400000000004,18.9177,19.132,18.196800000000007,17.982500000000005,17.72920000000001
2231,2009-07-22,18.4111,18.7034,18.3235,18.3352,83011,18.602633333333337,18.378179999999983,18.386420000000054,17.337693500000015,45.10706537476248,18.957252853264965,18.611330000000017,18.26540714673507,0.04400019866400484,0.08526824465531481,Bearish,22.7061,10.8246,49725.52380952381,18.584566666666664,18.83393333333333,18.964466666666663,18.204666666666665,18.074133333333332,17.824766666666665
2232,2009-07-23,18.3352,18.6274,17.4234,17.511,2112570,18.55893333333334,18.35339799999998,18.383263000000053,17.343684000000014,31.941520450257855,19.15314026523258,18.561940000000018,17.970739734767456,-0.04443280942640371,0.0593280338389711,Bearish,22.7061,10.8246,47677.90476190476,18.284466666666667,19.057933333333335,19.488466666666667,17.080466666666666,16.649933333333333,15.876466666666666
2233,2009-07-24,17.511,17.7331,17.4175,17.5227,93446,18.512452380952386,18.339837999999983,18.38022300000005,17.349733000000015,32.24385022496282,19.261212559066614,18.51752000000002,17.773827440933424,-0.11227823958924432,0.025006779153328017,Bearish,22.0465,10.8246,147297.47619047618,17.69803333333333,17.873366666666666,18.01363333333333,17.38243333333333,17.242166666666666,17.06683333333333
2234,2009-07-27,17.5227,17.9377,17.4467,17.4818,113747,18.468200000000007,18.32358999999998,18.38145000000005,17.355577500000017,31.713497327769247,19.340951992701275,18.47105500000002,17.601158007298768,-0.16741664510612253,-0.013477905698562095,Bearish,21.8803,10.8246,151169.7619047619,17.79743333333333,18.113066666666665,18.28843333333333,17.30643333333333,17.131066666666666,16.81543333333333
2235,2009-07-28,17.4818,17.5344,17.2714,17.4117,72990,18.42060952380953,18.31201799999998,18.381976000000055,17.361071500000016,30.7790545345336,19.38618085760787,18.40793000000002,17.429679142392175,-0.21430039136457424,-0.053642402831764524,Bearish,21.8803,10.8246,152785.7619047619,17.540266666666668,17.668833333333335,17.80326666666667,17.277266666666666,17.142833333333332,17.014266666666664
2236,2009-07-29,17.4117,17.4467,16.9324,16.9499,386311,18.338500000000007,18.28337799999998,18.383145000000056,17.364256500000018,25.457435034626215,19.499874717617658,18.33370000000002,17.167525282382385,-0.28542924793327984,-0.0999997718520676,Bearish,21.8803,10.8246,155166.95238095237,17.28693333333333,17.623966666666664,17.80123333333333,16.77263333333333,16.595366666666667,16.258333333333333
2237,2009-07-30,16.9499,17.0902,16.2486,16.5233,161185,18.247490476190485,18.25146599999998,18.375255000000053,17.365308500000015,21.7212750502319,19.560221416991567,18.205410000000022,16.850598583008477,-0.3719349988297509,-0.15438681724760425,Bearish,21.7037,10.8246,167358.7142857143,16.9928,17.4623,17.8344,16.1512,15.7791,15.3096
2238,2009-07-31,16.5233,16.9499,16.4298,16.9032,55833,18.14340000000001,18.221307999999976,18.368943000000055,17.368260000000017,31.379509907337226,19.57499046643826,18.120660000000022,16.666329533561786,-0.4051661711978731,-0.20454268803765802,Bearish,21.7037,10.8246,174841.66666666666,17.09213333333333,17.281066666666664,17.61223333333333,16.57203333333333,16.240866666666665,16.05193333333333
2239,2009-08-03,16.9032,17.7039,16.8038,16.9499,81649,18.064909523809533,18.184017999999977,18.354331000000055,17.37144500000002,32.48232766574753,19.56788355904605,18.041460000000022,16.515036440953995,-0.4228593555751985,-0.2482060215451661,Bearish,21.7037,10.8246,172852.85714285713,17.50126666666667,18.052633333333336,18.40136666666667,16.601166666666668,16.252433333333332,15.701066666666666
2240,2009-08-04,16.9499,17.1779,16.6752,16.8681,28851,17.985585714285723,18.152337999999975,18.338901000000053,17.37422100000002,31.526570053110532,19.521456254976762,17.94823500000002,16.37501374502328,-0.4384279831577196,-0.2862504138676768,Bearish,21.7037,10.8246,171889.90476190476,17.13893333333333,17.409766666666666,17.64163333333333,16.63623333333333,16.404366666666665,16.13353333333333
2241,2009-08-05,16.7687,17.0902,16.5408,16.9207,58466,17.89930476190477,18.126035999999978,18.324055000000055,17.37726000000002,32.893919811444064,19.489238124263935,17.872250000000022,16.25526187573611,-0.4414332841621693,-0.3172869879265753,Bearish,21.7037,10.8246,172999.7619047619,17.16033333333333,17.399966666666664,17.70973333333333,16.61093333333333,16.301166666666667,16.061533333333333
2242,2009-08-06,16.9207,17.0551,16.7746,16.9207,31410,17.826938095238102,18.096927999999977,18.311255000000052,17.380299000000022,32.893919811444064,19.4073366618736,17.784285000000022,16.161233338126443,-0.4387572859843196,-0.3415810475381241,Bearish,21.7037,10.8246,173556.33333333334,17.058999999999997,17.1973,17.339499999999997,16.778499999999998,16.6363,16.497999999999998
2243,2009-08-07,16.7921,16.9499,16.6577,16.7804,54286,17.73648095238096,18.068287999999978,18.301961000000052,17.382636500000025,30.98018052261173,19.302554946607415,17.68609000000002,16.069625053392627,-0.44285264597620966,-0.3618353672257412,Bearish,21.7037,10.8246,174144.52380952382,16.9343,17.0882,17.2265,16.6421,16.5038,16.349899999999998
2244,2009-08-10,16.7804,16.9499,16.7161,16.8915,46079,17.64825238095239,18.046427999999977,18.29377800000005,17.385529500000025,34.242693376159046,19.174215572588974,17.59491000000002,16.015604427411066,-0.4321518294914952,-0.375898659678892,Bearish,21.7037,10.8246,174139.04761904763,16.988900000000005,17.0863,17.222700000000003,16.755100000000006,16.618700000000004,16.521300000000007
2245,2009-08-11,16.8915,17.0961,16.7863,16.8038,345865,17.5572380952381,18.025737999999976,18.27700300000005,17.387984000000028,32.91985570794221,19.028832312252163,17.499930000000024,15.971027687747887,-0.4258392031346254,-0.3858867683700387,Bearish,21.7037,10.8246,174177.2857142857,17.004499999999997,17.205199999999998,17.314299999999996,16.694699999999997,16.5856,16.3849
2246,2009-08-12,16.8038,16.8798,16.6577,16.6752,11645,17.46065714285715,17.99674799999998,18.25672100000005,17.389795500000027,31.027053519128177,18.862341790522926,17.398520000000026,15.934698209477125,-0.4262992343007852,-0.393969261556188,Bearish,21.7037,10.8246,189101.52380952382,16.817433333333334,16.959666666666667,17.039533333333335,16.595333333333333,16.515466666666665,16.37323333333333
2247,2009-08-13,16.8623,16.8856,16.494,16.7512,12606,17.367695238095248,17.98224599999998,18.24146600000005,17.39198700000003,33.46191852539297,18.66029429430762,17.300910000000023,15.94152570569243,-0.41573886858423137,-0.3983231829617967,Bearish,21.7037,10.8246,188484.52380952382,16.92653333333333,17.101866666666666,17.318133333333332,16.53493333333333,16.318666666666665,16.14333333333333
2248,2009-08-14,16.8623,16.8856,16.494,16.7512,12606,17.27473333333334,17.96774799999998,18.225334000000046,17.39417850000003,33.46191852539297,18.418559391245317,17.203300000000024,15.98804060875473,-0.4027273128965163,-0.39920400894874064,Bearish,21.7037,10.8246,188177.2857142857,16.92653333333333,17.101866666666666,17.318133333333332,16.53493333333333,16.318666666666665,16.14333333333333
2249,2009-08-17,16.7512,17.0084,16.5992,16.6577,191850,17.177319047619058,17.944835999999977,18.210605000000047,17.39590250000003,31.857297686553228,18.123014204065267,17.101015000000025,16.079015795934783,-0.39540227852127785,-0.39844366286324806,Bullish,21.7037,10.8246,187507.04761904763,16.910999999999998,17.1643,17.3202,16.501799999999996,16.345899999999997,16.092599999999994
2250,2009-08-18,16.6577,16.8564,16.57,16.6577,239892,17.07990476190477,17.91035199999998,18.200552000000048,17.397626500000033,31.857297686553228,17.85582903777779,17.013345000000022,16.170860962222253,-0.38515728260311377,-0.3957863868112212,Bullish,21.0338,10.8246,196389.7619047619,16.8194,16.9811,17.105800000000002,16.533,16.4083,16.2466
2251,2009-08-19,16.6577,16.8214,16.4298,16.6577,14938,16.996409523809533,17.875283999999976,18.190265000000046,17.399350500000036,31.857297686553228,17.527362830204762,16.929470000000023,16.331577169795285,-0.37274131961762436,-0.3911773733725018,Bullish,20.7724,10.8246,206658.19047619047,16.842800000000004,17.027900000000002,17.234400000000004,16.451200000000004,16.2447,16.059600000000003
2252,2009-08-20,16.6577,16.6577,16.4824,16.5291,52230,16.91040476190477,17.842435999999974,18.174951000000046,17.400431500000035,29.432723645248327,17.439175822753935,16.880375000000022,16.32157417724611,-0.36902463842251976,-0.3867468263825054,Bullish,20.7724,10.8246,200439.80952380953,16.6304,16.7317,16.8057,16.4551,16.3811,16.2798
2253,2009-08-21,16.5291,16.6577,16.3655,16.5992,11954,16.866985714285722,17.812041999999973,18.15496100000005,17.401863000000038,32.45065523342353,17.321052577286817,16.83420000000002,16.347347422713224,-0.35631527693436027,-0.38066051649287636,Bullish,20.7724,10.8246,198974.04761904763,16.7161,16.833,17.0083,16.423900000000003,16.248600000000003,16.131700000000006
2254,2009-08-24,16.5992,16.833,16.5408,16.6869,7799,16.82718571428572,17.779193999999976,18.136842000000048,17.403733000000038,36.130790925872695,17.183259678354986,16.79445500000002,16.405650321645055,-0.3353012156324233,-0.37158865632078575,Bullish,20.7724,10.8246,98944.71428571429,16.832999999999995,16.979099999999995,17.125199999999992,16.540799999999997,16.3947,16.2486
2255,2009-08-25,16.6869,16.833,16.6694,16.7746,10167,16.79350952380953,17.746463999999975,18.110482000000047,17.40604150000004,39.67041940687791,17.029040762667275,16.76260000000002,16.496159237332765,-0.3080200996194229,-0.3588749449805132,Bullish,20.7724,10.8246,94866.28571428571,16.8486,16.9226,17.0122,16.685000000000002,16.5954,16.521400000000003
2256,2009-08-26,16.7045,16.8856,16.5116,16.5759,47124,16.75370952380953,17.713733999999974,18.081901000000048,17.407356500000038,34.94505957589389,17.00761772790431,16.743900000000018,16.480182272095725,-0.29898651756229455,-0.34689725949686945,Bullish,20.7724,10.8246,89933.90476190476,16.803800000000003,17.0317,17.1778,16.429800000000004,16.283700000000003,16.055800000000005
2257,2009-08-27,16.5759,16.9441,16.4824,16.5057,27948,16.732557142857146,17.675625999999976,18.05904700000005,17.40832050000004,33.43000438038268,17.009776290293054,16.74302000000002,16.476263709706984,-0.29410167102109597,-0.33633814180171473,Bullish,20.7724,10.8246,88702.19047619047,16.80573333333333,17.105766666666664,17.26743333333333,16.34403333333333,16.182366666666663,15.882333333333328
2258,2009-08-28,16.5057,16.798,16.5057,16.6928,42249,16.740628571428573,17.646635999999976,18.033622000000047,17.41022000000004,40.79726146228332,16.989578042646027,16.73250000000002,16.475421957354012,-0.2719975699301749,-0.32347002742740677,Bullish,20.7724,10.8246,71637.28571428571,16.825299999999995,16.957799999999995,17.117599999999992,16.532999999999998,16.3732,16.2407
2259,2009-08-31,16.6928,16.7921,16.4824,16.6168,74121,16.72699047619048,17.610515999999976,18.008723000000046,17.41173950000004,38.91339172082108,16.957100694048748,16.71584500000002,16.47458930595129,-0.25764253266600434,-0.3103045284751263,Bullish,20.7724,10.8246,65973.66666666667,16.778466666666667,16.940133333333335,17.08816666666667,16.468766666666664,16.32073333333333,16.15906666666666
2260,2009-09-01,16.6168,17.1837,16.2778,16.3655,180357,16.699161904761908,17.571823999999975,17.988500000000048,17.41200250000004,33.41837773547376,16.96565180930531,16.69071500000002,16.415778190694727,-0.2635063350069977,-0.3009448897815006,Bullish,20.7724,10.8246,66844.52380952382,16.940199999999997,17.5149,17.8461,16.034299999999995,15.703099999999996,15.128399999999992
2261,2009-09-02,16.3596,16.7687,16.3596,16.4414,31568,16.67884285714286,17.532077999999974,17.96921200000005,17.41264500000004,36.34222795741083,16.940877594400327,16.666750000000015,16.392622405599703,-0.25904286008889343,-0.2925644838429792,Bullish,20.7724,10.8246,71544.90476190476,16.686866666666667,16.932333333333332,17.095966666666666,16.27776666666667,16.114133333333335,15.86866666666667
2262,2009-09-03,16.4414,16.5817,16.3655,16.3771,94650,16.652957142857147,17.489643999999977,17.953489000000047,17.412966000000043,34.94229866509267,16.915381951176695,16.639570000000013,16.363758048823332,-0.25772312492412297,-0.28559621205920793,Bullish,20.7724,10.8246,71674.28571428571,16.517366666666664,16.657633333333333,16.733566666666665,16.301166666666663,16.225233333333332,16.084966666666663
2263,2009-09-04,16.3771,16.5992,16.3771,16.5876,34235,16.63709523809524,17.453173999999976,17.930928000000048,17.414339500000043,42.721137095578214,16.89876837600193,16.629930000000016,16.361091623998103,-0.23696010592125205,-0.27586899083161676,Bullish,20.7724,10.8246,73397.33333333333,16.6655,16.7434,16.887600000000003,16.4434,16.2992,16.2213
2264,2009-09-07,16.5876,16.7746,16.4239,16.4824,238611,16.622904761904767,17.41459999999997,17.89790500000005,17.415187000000042,40.13815293438743,16.857002153079883,16.609475000000014,16.361947846920145,-0.2263844060652005,-0.2659720738783335,Bullish,20.7724,10.8246,73531.85714285714,16.696699999999996,16.910999999999998,17.047399999999996,16.345999999999997,16.2096,15.995299999999997
2265,2009-09-08,16.4824,16.6577,16.3947,16.4648,77378,16.60258571428572,17.370411999999973,17.85482900000005,17.415946500000043,39.705626550513315,16.830756424273474,16.592525000000016,16.354293575726558,-0.21692271066726576,-0.25616220123611994,Bullish,20.7724,10.8246,82309.23809523809,16.61676666666667,16.768733333333333,16.87976666666667,16.353766666666672,16.242733333333337,16.090766666666674
2266,2009-09-09,16.4648,16.7746,16.3655,16.6577,189731,16.595628571428573,17.334875999999973,17.82174700000005,17.417670500000046,46.50922056465347,16.8287864038106,16.591650000000012,16.354513596189424,-0.19164961358150734,-0.2432596837051974,Bullish,20.7724,10.8246,83799.66666666667,16.83303333333333,17.008366666666664,17.242133333333328,16.42393333333333,16.190166666666666,16.014833333333332
2267,2009-09-10,16.6577,16.7746,16.5116,16.5876,42412,16.591457142857145,17.28484599999997,17.79386800000005,17.419044000000046,44.54222237886928,16.809031664322696,16.583470000000013,16.35790833567733,-0.1752567356529866,-0.22965909409475524,Bullish,20.7724,10.8246,76364.71428571429,16.7376,16.8876,17.0006,16.474600000000002,16.361600000000003,16.211600000000004
2268,2009-09-11,16.5876,16.9499,16.535,16.9149,268628,16.599252380952382,17.25117999999997,17.76809300000005,17.422054000000045,54.26750930842719,16.850406977599896,16.591655000000014,16.33290302240013,-0.13430668330838458,-0.2105886119374811,Bullish,20.7724,10.8246,77829.80952380953,17.064866666666664,17.21483333333333,17.479766666666663,16.649966666666664,16.385033333333332,16.235066666666665
2269,2009-09-14,16.9149,17.7565,16.6635,17.3883,383265,16.62959047619048,17.228267999999968,17.75570200000005,17.42743100000005,64.07936049913668,17.06139520891892,16.628185000000016,16.194974791081112,-0.0629286459066769,-0.18105661873132026,Bullish,20.7724,10.8246,90021.33333333333,17.87536666666667,18.362433333333335,18.96836666666667,16.78236666666667,16.176433333333335,15.689366666666672
2270,2009-09-15,17.3883,18.1773,17.3883,17.815,465057,16.684700000000003,17.209915999999968,17.75196200000005,17.434941500000047,70.27076177137009,17.361186574340028,16.686050000000016,16.010913425660004,0.027750199874223114,-0.1392952550102116,Bullish,20.7724,10.8246,107671.76190476191,18.198766666666664,18.58253333333333,18.987766666666662,17.409766666666666,17.004533333333335,16.62076666666667
2271,2009-09-16,17.815,17.8267,17.5344,17.663,109344,16.732571428571436,17.19436799999997,17.74892300000005,17.44169200000005,65.91245299975152,17.53407977053777,16.73631500000002,15.938550229462267,0.08635328189772906,-0.09416554762862345,Bullish,20.7724,10.8246,120681.61904761905,17.815,17.967,18.1073,17.522700000000004,17.382400000000004,17.230400000000007
2272,2009-09-17,17.663,17.8267,17.4234,17.511,137395,16.773204761904772,17.17098799999997,17.74395500000005,17.44768250000005,61.78563308033726,17.64461143831991,16.78541000000002,15.92620856168013,0.11915793839024502,-0.05150085042484975,Bullish,20.7724,10.8246,114465.04761904762,17.750666666666667,17.990333333333332,18.153966666666665,17.34736666666667,17.183733333333336,16.94406666666667
2273,2009-09-18,17.511,18.0546,17.1954,17.9436,271341,16.840561904761913,17.15497399999997,17.743313000000047,17.455836000000048,67.93828568134495,17.843336303811014,16.852630000000023,15.861923696189033,0.17801106882295414,-0.005598466575288973,Bullish,20.7724,10.8246,120296.33333333333,18.266999999999996,18.5904,19.126199999999997,17.407799999999995,16.871999999999996,16.548599999999993
2274,2009-09-21,17.511,18.0546,17.1954,17.9436,271341,16.90458095238096,17.13954399999997,17.74787200000005,17.46805200000005,67.93828568134495,18.010113735033592,16.915465000000022,15.820816264966453,0.22209245512980047,0.03993971776572892,Bullish,20.7724,10.8246,130730.19047619047,18.266999999999996,18.5904,19.126199999999997,17.407799999999995,16.871999999999996,16.548599999999993
2275,2009-09-22,17.511,18.0546,17.1954,17.9436,271341,16.96442380952382,17.12434799999997,17.74606100000005,17.480268000000052,67.93828568134496,18.15375989197124,16.973915000000023,15.794070108028807,0.2540981856536284,0.08277141134330882,Bullish,20.7724,10.8246,143081.95238095237,18.266999999999996,18.5904,19.126199999999997,17.407799999999995,16.871999999999996,16.548599999999993
2276,2009-09-23,17.511,18.0546,17.1954,17.9436,271341,17.020090476190482,17.109151999999966,17.74144400000005,17.49248400000005,67.93828568134495,18.279111444000527,17.042300000000022,15.805488555999515,0.27627819463208425,0.12147276800106391,Bullish,20.7724,10.8246,155631.57142857142,18.266999999999996,18.5904,19.126199999999997,17.407799999999995,16.871999999999996,16.548599999999993
2277,2009-09-24,17.9436,18.4111,17.8267,18.3702,469246,17.10553333333334,17.102487999999965,17.745126000000052,17.51785050000005,73.5803266791635,18.47343931545918,17.135525000000023,15.797610684540864,0.3245379943202522,0.16208581326490157,Bullish,20.7724,10.8246,168068.42857142858,18.57863333333334,18.78706666666667,19.163033333333342,17.994233333333337,17.618266666666667,17.409833333333335
2278,2009-09-25,18.2767,18.4696,18.1247,18.2124,255808,17.18680476190477,17.092667999999968,17.74518400000005,17.545730000000052,68.76021029179884,18.611381330934364,17.211505000000024,15.811628669065684,0.3460619058215748,0.19888103177623623,Bullish,20.7724,10.8246,188169.47619047618,18.413100000000004,18.6138,18.758000000000003,18.068200000000004,17.924000000000003,17.723300000000005
2279,2009-09-28,18.2124,18.3527,17.3065,17.7624,479009,17.237738095238107,17.073847999999966,17.734547000000052,17.574516000000052,57.243858760948086,18.66036395971085,17.268785000000026,15.877206040289204,0.323084207928634,0.22372166700671578,Bullish,20.7724,10.8246,199019.95238095237,18.307899999999997,18.853399999999997,19.354099999999995,17.261699999999998,16.761,16.2155
2280,2009-09-29,17.7624,17.7624,16.8798,16.9675,707398,17.254438095238108,17.044975999999966,17.715318000000053,17.602308000000054,43.41220211253221,18.6359854947685,17.298885000000023,15.961784505231545,0.2379890405432441,0.22657514171402143,Bullish,20.7724,10.8246,219818.04761904763,17.526666666666667,18.085833333333333,18.409266666666667,16.644066666666667,16.320633333333333,15.761466666666667
2281,2009-09-30,16.9675,16.9675,16.3655,16.3888,197977,17.255547619047633,17.006047999999964,17.69211400000005,17.630129000000053,36.498027261444335,18.640280632906677,17.296255000000023,15.952229367093372,0.12244280922371331,0.2057486752159598,Bearish,20.7724,10.8246,249974.09523809524,16.782366666666665,17.175933333333333,17.384366666666665,16.180366666666664,15.971933333333332,15.578366666666664
2282,2009-10-01,16.3888,16.7395,16.1317,16.3655,166502,17.251933333333348,16.983137999999965,17.668268000000054,17.657833500000052,36.24770688618846,18.641295803759423,17.295675000000024,15.950054196240625,0.028661086005005387,0.17033115737376892,Bearish,20.7724,10.8246,250813.14285714287,16.692766666666667,17.020033333333334,17.30056666666667,16.084966666666666,15.804433333333332,15.477166666666665
2283,2009-10-02,16.2603,16.6577,15.781,16.2486,116138,17.2458142857143,16.957655999999965,17.64874700000005,17.682031000000055,34.952473591366825,18.667445744969903,17.278725000000026,15.890004255030147,-0.05446660125757319,0.1253716056475005,Bearish,20.7724,10.8246,257238.57142857142,16.6772,17.105799999999995,17.553899999999995,15.8005,15.352400000000001,14.923800000000002
2284,2009-10-05,16.2486,16.5934,16.0791,16.2719,36302,17.230780952380968,16.933457999999963,17.62852400000005,17.703423000000054,35.4475885258249,18.683832303958013,17.26820000000003,15.852567696042046,-0.11711573969682831,0.07687413657863473,Bearish,20.7724,10.8246,258261.80952380953,16.550500000000003,16.8291,17.0648,16.036200000000004,15.800500000000003,15.521900000000006
2285,2009-10-06,16.2719,16.535,16.1317,16.535,27140,17.23328571428573,16.915923999999965,17.613971000000053,17.726481000000053,40.916386720089676,18.679684316388553,17.271710000000027,15.863735683611502,-0.14387713602733498,0.032723882057440784,Bearish,20.7724,10.8246,258360.2380952381,16.669433333333334,16.803866666666668,17.072733333333336,16.266133333333332,15.997266666666665,15.862833333333331
2286,2009-10-07,16.4356,17.1837,16.4298,16.7746,1020913,17.248038095238112,16.912417999999963,17.59789800000005,17.747639000000053,45.44884703214895,18.676224737253822,17.277555000000028,15.878885262746232,-0.14409102618909841,-0.0026390995918670543,Bearish,20.7724,10.8246,248290.19047619047,17.162266666666667,17.549933333333335,17.91616666666667,16.408366666666666,16.042133333333332,15.654466666666664
2287,2009-10-08,16.7746,17.6104,16.6694,17.6046,1688217,17.29312857142859,16.934043999999965,17.59275500000005,17.769820500000055,57.58676773460284,18.696658722782963,17.32840500000003,15.960151277217093,-0.07640571476382618,-0.01739242262625888,Bearish,20.7724,10.8246,293220.4285714286,17.920199999999998,18.235799999999998,18.861199999999997,16.9792,16.3538,16.0382
2288,2009-10-09,17.6046,18.4637,17.2714,17.476,522827,17.33543333333335,16.945499999999967,17.58340400000005,17.788085500000058,55.52528950380523,18.712605087226795,17.35646000000003,16.000314912773266,-0.03276388142763054,-0.020466714386533212,Bearish,20.7724,10.8246,364576.90476190473,18.202666666666666,18.929333333333332,19.394966666666665,17.010366666666666,16.544733333333333,15.818066666666667
2289,2009-10-12,17.476,17.6981,16.9207,17.061,139763,17.34239047619049,16.947721999999967,17.56587000000005,17.800827000000055,49.381804312201645,18.702194412638367,17.340095000000026,15.977995587361685,-0.03130359740151789,-0.022634090989530148,Bearish,20.7724,10.8246,387453.8095238095,17.532500000000002,18.004,18.309900000000003,16.755100000000002,16.4492,15.977700000000002
2290,2009-10-13,17.061,17.4701,16.6577,16.8272,139209,17.315671428571445,16.946903999999964,17.549621000000048,17.80877600000006,46.27541824034835,18.65197742898315,17.290705000000028,15.929432571016903,-0.04845347632805286,-0.02779796805723469,Bearish,20.7724,10.8246,381317.38095238095,17.3123,17.7974,18.1247,16.4999,16.1726,15.6875
2291,2009-10-14,16.8272,17.3883,16.8272,16.9967,145261,17.276704761904778,16.948423999999967,17.53723000000005,17.817572500000058,48.79048224287735,18.61318871057982,17.257390000000026,15.90159128942023,-0.04781644726675793,-0.03180166389913934,Bearish,20.7724,10.8246,369695.6666666667,17.314266666666672,17.631833333333336,17.87536666666667,16.753166666666672,16.509633333333337,16.192066666666673
2292,2009-10-15,16.9967,17.1253,16.833,16.8623,84800,17.238576190476206,16.947255999999967,17.52209200000005,17.82569700000006,46.91504562793359,18.585961113840003,17.224955000000026,15.863948886160049,-0.05749380116726144,-0.03694009135276376,Bearish,20.7724,10.8246,354467.28571428574,17.047400000000003,17.2325,17.339700000000004,16.755100000000002,16.6479,16.4628
2293,2009-10-16,16.8623,17.1545,16.833,16.874000000000002,471580,17.20824285714287,16.949127999999966,17.508708000000052,17.830577500000057,47.10565655218294,18.498969239350963,17.171475000000026,15.843980760649089,-0.06348724024979546,-0.0422495211321701,Bearish,20.7724,10.8246,353298.5238095238,17.074666666666666,17.275333333333332,17.396166666666666,16.753166666666665,16.63233333333333,16.431666666666665
2294,2009-10-19,16.874000000000002,16.9499,16.2778,16.3245,182215,17.131142857142873,16.93778799999997,17.49210800000005,17.836948000000056,39.86561123679975,18.417269424122694,17.090520000000026,15.76377057587736,-0.11129421115206739,-0.05605845913614956,Bearish,20.7724,10.8246,369212.09523809527,16.756999999999998,17.1895,17.4291,16.084899999999998,15.845299999999998,15.412799999999997
2295,2009-10-20,16.3245,17.0961,16.2252,16.7512,97730,17.07436190476192,16.936735999999968,17.48123700000005,17.840776500000057,46.714455077428774,18.305075958025455,17.030900000000024,15.756724041974593,-0.11344275859798358,-0.06753531902851637,Bearish,20.7724,10.8246,364968.0,17.156466666666667,17.561733333333333,18.027366666666666,16.285566666666668,15.819933333333335,15.414666666666669
2296,2009-10-21,16.7512,16.7512,16.0732,16.0849,141946,16.985852380952394,16.924929999999968,17.46083900000005,17.83729900000006,39.20559130641437,18.203411821130693,16.937965000000027,15.67251817886936,-0.16698543527386533,-0.08742534227758617,Bearish,20.7724,10.8246,356700.8095238095,16.533,16.9811,17.211000000000002,15.855,15.6251,15.177
2297,2009-10-22,16.0849,16.1317,15.4887,15.9505,82552,16.890942857142868,16.908915999999966,17.44558100000005,17.831133000000058,37.88283585779628,17.969179714637406,16.816980000000022,15.664780285362639,-0.21775322542991304,-0.11349091890805155,Bearish,20.7724,10.8246,350539.14285714284,16.225233333333335,16.499966666666666,16.868233333333333,15.582233333333335,15.213966666666668,14.939233333333336
2298,2009-10-23,15.9505,16.0148,15.781,15.7927,39131,16.768204761904776,16.889745999999967,17.428747000000048,17.829204500000056,36.3328647373648,17.739740759229928,16.695995000000025,15.65224924077012,-0.26763507554727184,-0.1443197502358956,Bearish,20.7724,10.8246,341549.1904761905,15.944666666666668,16.096633333333337,16.17846666666667,15.710866666666668,15.629033333333334,15.477066666666667
2299,2009-10-26,15.7927,16.2778,15.6641,15.7868,87837,16.652700000000014,16.872327999999968,17.40858200000005,17.82777250000006,36.27310680328556,17.591326885609725,16.597215000000023,15.603103114390322,-0.30413698004893774,-0.17628319619850402,Bearish,20.7724,10.8246,321067.5238095238,16.15503333333333,16.523266666666665,16.76873333333333,15.54133333333333,15.295866666666665,14.92763333333333
2300,2009-10-27,15.7868,16.0148,15.6991,15.7751,60979,16.55806666666668,16.854675999999966,17.38251400000005,17.824557500000058,36.14614401811199,17.577687631408608,16.537595000000024,15.497502368591443,-0.33020272311948773,-0.20706710158270075,Bearish,20.7724,10.8246,313068.90476190473,15.960233333333337,16.145366666666668,16.275933333333338,15.644533333333335,15.513966666666667,15.328833333333334
2301,2009-10-28,15.7751,15.781,15.2257,15.4361,85043,16.485142857142872,16.830243999999965,17.352764000000047,17.815556500000056,32.58708108575104,17.634925748662617,16.489960000000025,15.34499425133743,-0.3739043426406319,-0.24043454979428697,Bearish,20.7724,10.8246,293162.71428571426,15.73616666666667,16.036233333333335,16.291466666666672,15.180866666666669,14.925633333333334,14.625566666666668
2302,2009-10-29,15.4361,15.6875,15.2257,15.6232,28318,16.44868571428573,16.812125999999967,17.32728100000005,17.806000500000057,36.31421479520427,17.658080659076802,16.452845000000025,15.24760934092325,-0.38895712895901724,-0.270139065627233,Bearish,20.7724,10.8246,263526.7619047619,15.798566666666666,15.973933333333333,16.260366666666666,15.336766666666666,15.050333333333333,14.874966666666666
2303,2009-10-30,15.6232,15.7518,15.2023,15.5297,8434,16.40888571428573,16.790735999999967,17.30138900000005,17.798899500000058,35.264920628418835,17.68556897022446,16.416900000000023,15.148231029775587,-0.40377675209782105,-0.2968666029213506,Bearish,20.7724,10.8246,255447.7619047619,15.786900000000001,16.0441,16.3364,15.237400000000001,14.9451,14.6879
2304,2009-11-02,15.5297,16.044,15.5297,15.6991,740445,16.382719047619062,16.770979999999966,17.27508700000005,17.791155000000057,38.71975756233037,17.694048009445055,16.388260000000024,15.08247199055499,-0.3972727331655683,-0.31694782897019413,Bearish,20.7724,10.8246,247920.7142857143,15.985499999999996,16.2719,16.499799999999997,15.471199999999996,15.243299999999998,14.956899999999996
2305,2009-11-03,15.6991,16.2486,15.5472,16.0381,59364,16.371585714285725,16.75624999999997,17.25135700000005,17.784696000000057,45.04093759557185,17.675980849438055,16.36341500000002,15.050849150561987,-0.36060693219966566,-0.3256796496160884,Bearish,20.7724,10.8246,277649.61904761905,16.342066666666668,16.646033333333335,17.043466666666667,15.640666666666668,15.243233333333334,14.939266666666668
2306,2009-11-04,16.0381,16.2369,15.781,16.0206,17307,16.347090476190488,16.745143999999968,17.22943900000005,17.772743500000058,44.78412000711676,17.632173477377368,16.32571500000002,15.01925652262267,-0.32916669574832014,-0.32637705884253476,Bearish,20.7724,10.8246,278747.8095238095,16.244666666666667,16.468733333333333,16.700566666666663,15.788766666666668,15.556933333333335,15.33286666666667
2307,2009-11-05,16.0206,16.2076,15.7225,15.8102,24782,16.301166666666678,16.73123399999997,17.203430000000047,17.758277500000055,41.705190005655496,17.419496928139928,16.23599500000002,15.052493071860113,-0.3175668900300508,-0.324615025080038,Bullish,20.7724,10.8246,278279.5714285714,16.10436666666667,16.398533333333333,16.58946666666667,15.619266666666672,15.428333333333336,15.134166666666673
2308,2009-11-06,15.8102,16.0148,15.4303,15.477,25743,16.19985238095239,16.706917999999966,17.17677700000005,17.739544500000058,37.32836954403192,17.216974695175136,16.136045000000017,15.0551153048249,-0.3314397842390395,-0.3259799769118383,Bearish,20.7724,10.8246,230844.7619047619,15.8511,16.2252,16.4356,15.2666,15.0562,14.6821
2309,2009-11-09,15.8102,16.0148,15.4303,15.477,25743,16.10466190476191,16.684121999999967,17.14731900000005,17.721659000000056,37.32836954403192,17.08596023062859,16.056845000000017,15.027729769371444,-0.3385317693402268,-0.328490335397516,Bearish,20.7724,10.8246,151679.33333333334,15.8511,16.2252,16.4356,15.2666,15.0562,14.6821
2310,2009-11-10,15.477,15.6641,14.9335,15.0854,33937,16.010585714285725,16.658519999999967,17.11517200000005,17.702429500000054,32.656927104690524,17.017987415980134,15.969755000000017,14.921522584019902,-0.3714690024612075,-0.33708606881025427,Bearish,20.7724,10.8246,128008.66666666667,15.521833333333332,15.958266666666665,16.25243333333333,14.791233333333333,14.497066666666667,14.060633333333334
2311,2009-11-11,15.0854,15.0854,14.5243,14.8224,234848,15.915119047619058,16.626139999999968,17.079109000000052,17.680102000000055,29.946396586119047,16.91169545523316,15.86104000000002,14.81038454476688,-0.41402131898093764,-0.3524731188443909,Bearish,20.7724,10.8246,122969.33333333333,15.097100000000005,15.371800000000002,15.658200000000004,14.536000000000005,14.249600000000003,13.974900000000005
2312,2009-11-12,14.8224,15.0796,14.6705,15.0504,70954,15.822438095238107,16.599605999999966,17.04462500000005,17.65891450000006,34.98442028236309,16.77142961222502,15.77044500000002,14.76946038777502,-0.4244538026476121,-0.36686925560503514,Bearish,20.7724,10.8246,127523.57142857143,15.1965,15.3426,15.605599999999999,14.787400000000002,14.524400000000002,14.378300000000003
2313,2009-11-13,15.0504,15.1264,14.7874,15.0212,66469,15.73476666666668,16.568277999999967,17.010726000000048,17.637990500000058,34.64082229842029,16.5923258591997,15.67780500000002,14.763284140800339,-0.43011966531924983,-0.3795193375478781,Bearish,20.7724,10.8246,123985.14285714286,15.169266666666667,15.317333333333334,15.508266666666668,14.830266666666667,14.639333333333333,14.491266666666666
2314,2009-11-16,15.0212,15.3426,14.8458,15.138,864938,15.65210000000001,16.541389999999968,16.97799500000005,17.620894000000057,37.29378525139456,16.511175682980202,15.61848000000002,14.725784317019837,-0.42033970398997234,-0.3876834108362969,Bearish,20.7724,10.8246,123112.23809523809,15.3718,15.605599999999999,15.868599999999999,14.875000000000002,14.612000000000002,14.378200000000003
2315,2009-11-17,15.1848,15.4303,14.9919,15.0387,14000,15.59087142857144,16.512867999999965,16.94164000000005,17.607685000000057,35.957482173639335,16.293247707692114,15.532855000000021,14.772462292307928,-0.41580851258965446,-0.39330843118696845,Bearish,20.7724,10.8246,141843.57142857142,15.315366666666668,15.592033333333335,15.75376666666667,14.876966666666666,14.715233333333332,14.438566666666665
2316,2009-11-18,15.0387,15.2491,14.9043,15.0212,36573,15.508490476190488,16.480137999999968,16.90750700000005,17.59219650000006,35.7146043682071,16.226858011421097,15.479670000000022,14.732481988578945,-0.4089158867051932,-0.3964299222906134,Bearish,20.7724,10.8246,133833.33333333334,15.2121,15.403,15.5569,14.867299999999998,14.713399999999998,14.522499999999997
2317,2009-11-19,15.0212,15.1907,14.9101,15.0328,11140,15.45839047619049,16.449041999999967,16.86694400000005,17.57676600000006,36.02308399114501,16.172344796571068,15.433785000000023,14.695225203428981,-0.3979303150099014,-0.396730000834471,Bearish,20.7724,10.8246,130921.09523809524,15.178966666666668,15.325133333333333,15.459566666666667,14.898366666666668,14.763933333333334,14.617766666666668
2318,2009-11-20,15.0328,15.3075,14.9627,15.2199,20432,15.423600000000013,16.415141999999967,16.83316100000005,17.55774150000006,40.94538830943931,16.130110473599412,15.405145000000022,14.680179526400632,-0.36986321108897435,-0.3913566428853717,Bullish,20.7724,10.8246,124692.23809523809,15.364033333333333,15.508166666666666,15.708833333333333,15.019233333333334,14.818566666666667,14.674433333333335
2319,2009-11-23,15.2199,15.2842,15.0504,15.1731,17672,15.39409523809525,16.37083799999997,16.79955300000005,17.53716750000006,40.114011318950936,16.08399895566849,15.374460000000022,14.664921044331555,-0.34739168281942767,-0.3825636508721829,Bullish,20.7724,10.8246,121734.14285714286,15.288066666666666,15.403033333333333,15.521866666666666,15.054266666666665,14.935433333333332,14.820466666666665
2320,2009-11-24,15.1731,15.1907,14.7874,14.9043,26855,15.352071428571438,16.312623999999968,16.76127000000005,17.51744150000006,35.63815338029274,16.04364028623538,15.33092000000002,14.61819971376466,-0.3472696400689923,-0.37550484871154477,Bullish,20.7724,10.8246,120712.28571428571,15.134199999999998,15.364099999999999,15.537499999999998,14.730899999999998,14.5575,14.327599999999999
2321,2009-11-25,14.9043,15.0153,14.8458,14.8458,20423,15.307819047619056,16.25627999999997,16.72532400000005,17.49815350000006,34.729924463999076,16.042580675471964,15.30140500000002,14.560229324528077,-0.34788320042042997,-0.3699805190533218,Bullish,20.7724,10.8246,117808.38095238095,14.958800000000004,15.071800000000001,15.128300000000003,14.789300000000004,14.732800000000003,14.619800000000005
2322,2009-11-26,14.8458,14.9802,14.7581,14.9043,5957,15.282495238095246,16.20414599999997,16.687567000000048,17.479450500000063,36.473417856019495,16.01044408144845,15.265460000000019,14.520475918551584,-0.3397327625143429,-0.363930967745526,Bullish,20.7724,10.8246,115877.14285714286,15.003633333333335,15.102966666666667,15.225733333333334,14.781533333333336,14.658766666666668,14.559433333333336
2323,2009-11-27,14.8458,14.9802,14.7581,14.9043,5957,15.248261904761911,16.143359999999973,16.64916700000005,17.462822000000063,36.473417856019495,15.984665038633407,15.234190000000018,14.483714961366628,-0.32947549335698945,-0.3570398728678187,Bullish,20.7724,10.8246,112111.14285714286,15.003633333333335,15.102966666666667,15.225733333333334,14.781533333333336,14.658766666666668,14.559433333333336
2324,2009-11-30,14.8458,14.9802,14.7581,14.9043,5957,15.218480952380958,16.082573999999976,16.611059000000047,17.449671500000065,36.473417856019495,15.926182829666436,15.194450000000018,14.4627171703336,-0.31768446489060764,-0.3491687912723765,Bullish,20.7724,10.8246,111046.33333333333,15.003633333333335,15.102966666666667,15.225733333333334,14.781533333333336,14.658766666666668,14.559433333333336
2325,2009-12-01,14.9043,14.9159,14.4367,14.536,1023295,15.163095238095243,16.014421999999975,16.569385000000047,17.431844500000064,30.142274903690147,15.795534400916402,15.119345000000019,14.443155599083635,-0.33420620082275043,-0.34617627318245126,Bullish,20.7724,10.8246,110928.38095238095,14.82236666666667,15.108733333333335,15.30156666666667,14.343166666666669,14.150333333333334,13.863966666666668
2326,2009-12-02,14.536,14.7289,14.3782,14.612,28298,15.095185714285723,15.947789999999975,16.528471000000046,17.419833500000067,32.736925764929445,15.620245238226397,15.048915000000019,14.47758476177364,-0.3372792850906947,-0.3443968755640999,Bullish,20.7724,10.8246,124397.42857142857,14.767866666666666,14.923733333333333,15.118566666666666,14.417166666666667,14.222333333333333,14.066466666666667
2327,2009-12-03,14.612,14.8166,14.5068,14.6003,33352,15.02755238095239,15.872391999999975,16.487440000000046,17.407208500000067,32.5365739588967,15.474341572284894,14.98842000000002,14.502498427715144,-0.3367766669520105,-0.34287283384168205,Bullish,20.7724,10.8246,122918.09523809524,14.775666666666664,14.951033333333331,15.085466666666663,14.465866666666665,14.331433333333333,14.156066666666666
2328,2009-12-04,14.6003,14.8049,14.4951,14.6646,21489,14.973000000000008,15.801435999999974,16.447052000000046,17.395928000000065,34.894775943169314,15.398077283472837,14.94780000000002,14.497522716527204,-0.327415622348175,-0.33978139154298065,Bullish,20.7724,10.8246,123682.14285714286,14.814633333333337,14.964666666666668,15.124433333333336,14.504833333333337,14.34506666666667,14.195033333333338
2329,2009-12-07,14.6646,14.6646,14.2087,14.4659,17159,14.92485238095239,15.735505999999976,16.404677000000046,17.384384500000063,31.25853385266206,15.324984867105549,14.897245000000021,14.469505132894493,-0.3322009506802335,-0.3382653033704312,Bullish,20.7724,10.8246,123525.33333333333,14.684099999999997,14.902299999999999,15.139999999999997,14.228199999999998,13.990499999999999,13.772299999999998
2330,2009-12-08,14.4659,14.6062,13.747,13.747,184486,14.842471428571438,15.671095999999975,16.358036000000045,17.368370000000063,22.23192322144569,15.480386919751878,14.830325000000022,14.180263080248166,-0.38951252187281327,-0.3485147470709076,Bearish,20.7724,10.8246,123116.57142857143,14.3198,14.8926,15.179,13.460600000000001,13.1742,12.601400000000002
2331,2009-12-09,13.747,13.8814,13.6768,13.7762,40322,14.780128571428582,15.618843999999976,16.312446000000044,17.34943300000006,23.20199770129711,15.574167307734804,14.778015000000021,13.981862692265238,-0.4276465161476519,-0.3643411008862565,Bearish,20.7724,10.8246,130675.76190476191,13.87946666666667,13.982733333333334,14.084066666666669,13.67486666666667,13.573533333333335,13.47026666666667
2332,2009-12-10,13.7762,14.0275,13.7762,13.9106,19975,14.736709523809534,15.569745999999977,16.276442000000046,17.32985250000006,27.67397333421011,15.590800888095142,14.72102500000002,13.851249111904899,-0.44192874509634095,-0.3798586297282734,Bearish,20.7724,10.8246,130979.80952380953,14.033333333333331,14.156066666666666,14.284633333333332,13.782033333333331,13.653466666666665,13.53073333333333
2333,2009-12-11,13.9106,14.2321,13.8522,13.9691,10144,14.685219047619057,15.524155999999978,16.240906000000045,17.310564500000062,29.595692912222816,15.585206881675173,14.66842000000002,13.751633118324868,-0.4434156339296855,-0.39257003056855583,Bearish,20.7724,10.8246,120747.76190476191,14.183399999999999,14.3977,14.5633,13.803499999999998,13.637899999999998,13.423599999999997
2334,2009-12-14,13.9691,14.2263,13.7996,14.1561,155018,14.644023809523818,15.481839999999979,16.207649000000046,17.294549500000063,35.495724452817576,15.535430993600924,14.619325000000021,13.703219006399118,-0.42461002678851933,-0.39897802981254854,Bearish,20.7724,10.8246,117852.04761904762,14.321733333333336,14.487366666666668,14.748433333333336,13.895033333333336,13.633966666666668,13.468333333333335
2335,2009-12-15,14.1561,14.4367,14.1444,14.1912,47093,14.598938095238102,15.43496399999998,16.17544400000004,17.27871000000006,36.570205118204925,15.489940007618745,14.57695000000002,13.663959992381294,-0.4022374282957131,-0.3996299095091814,Bearish,20.7724,10.8246,122068.66666666667,14.370466666666667,14.549733333333334,14.662766666666668,14.078166666666666,13.965133333333332,13.785866666666665
2336,2009-12-16,14.1912,14.4074,14.1211,14.2613,928441,14.561919047619055,15.38469799999998,16.14855800000004,17.265851500000064,38.764080385706215,15.437972044283244,14.53895500000002,13.639937955716794,-0.37453311405439216,-0.39461055041822357,Bullish,20.7724,10.8246,83123.66666666667,14.405433333333333,14.549566666666667,14.691733333333334,14.119133333333332,13.976966666666666,13.832833333333332
2337,2009-12-17,14.2613,14.4951,14.0918,14.1795,24999,14.521838095238103,15.31619599999998,16.12512000000004,17.250187500000063,37.149386359041415,15.378341834991515,14.49629000000002,13.614238165008524,-0.3550846272379218,-0.3867053657821632,Bullish,20.7724,10.8246,126668.47619047618,14.419133333333338,14.65876666666667,14.82243333333334,14.015833333333337,13.852166666666667,13.612533333333335
2338,2009-12-18,14.1795,14.3665,13.7937,14.1795,15685,14.48120476190477,15.250265999999979,16.09788300000004,17.233413000000063,37.149386359041415,15.270429798351202,14.44427000000002,13.61811020164884,-0.33580066033341716,-0.376524424692414,Bullish,20.7724,10.8246,126117.33333333333,14.432766666666668,14.686033333333334,15.005566666666668,13.859966666666667,13.540433333333333,13.287166666666666
2339,2009-12-21,14.1795,14.1795,13.7353,14.0392,77946,14.42498095238096,15.18982999999998,16.06877600000004,17.211553500000065,34.30679377207498,15.159754012607625,14.387575000000021,13.615395987392418,-0.328057373894465,-0.3668310145328242,Bullish,20.7724,10.8246,126333.76190476191,14.234033333333334,14.428866666666668,14.678233333333335,13.789833333333334,13.540466666666667,13.345633333333334
2340,2009-12-22,14.0392,14.1737,13.9223,14.1327,46477,14.375438095238104,15.13593999999998,16.04142200000004,17.190161500000066,37.72661998264963,15.090546124273647,14.348995000000022,13.607443875726396,-0.3107934614548924,-0.35562350391723785,Bullish,20.7724,10.8246,129072.52380952382,14.230166666666669,14.327633333333335,14.48156666666667,13.978766666666669,13.824833333333334,13.727366666666668
2341,2009-12-23,14.1327,14.2613,13.9574,14.2263,24547,14.34315238095239,15.08053199999998,16.01447800000004,17.169266500000067,41.035803727431734,15.024920303021196,14.318020000000022,13.611119696978848,-0.2862591316352283,-0.34175062946083595,Bullish,20.7724,10.8246,130444.19047619047,14.339266666666667,14.452233333333334,14.643166666666668,14.035366666666667,13.844433333333333,13.731466666666666
2342,2009-12-24,14.2263,14.4601,14.1152,14.2555,59613,14.315042857142865,15.02839599999998,15.987826000000041,17.149540500000068,42.07002501054435,14.939442008692586,14.28558000000002,13.631717991307456,-0.2614455213020417,-0.3256896078290771,Bullish,20.7724,10.8246,130334.28571428571,14.438666666666668,14.621833333333335,14.783566666666669,14.093766666666667,13.932033333333333,13.748866666666666
2343,2009-12-25,14.2263,14.4601,14.1152,14.2555,59613,14.284147619047628,14.97602599999998,15.96257700000004,17.13226900000007,42.07002501054435,14.842159681854024,14.253140000000021,13.664120318146018,-0.23902522236519097,-0.3083567307362999,Bullish,20.7724,11.4091,132200.47619047618,14.438666666666668,14.621833333333335,14.783566666666669,14.093766666666667,13.932033333333333,13.748866666666666
2344,2009-12-28,14.2263,14.4601,14.1152,14.2555,59613,14.25325238095239,14.93464599999998,15.93621700000004,17.11499750000007,42.070025010544356,14.728572046889202,14.220700000000022,13.712827953110843,-0.21873552693187293,-0.2904324899754145,Bullish,20.7724,11.9234,134755.52380952382,14.438666666666668,14.621833333333335,14.783566666666669,14.093766666666667,13.932033333333333,13.748866666666666
2345,2009-12-29,14.2555,14.4659,14.0275,14.3665,28024,14.227642857142866,14.886951999999978,15.911844000000041,17.094423500000072,46.52334118575204,14.704175631172983,14.212225000000021,13.72027436882706,-0.1914916284934396,-0.27064431767901953,Bullish,20.7724,11.9234,137310.57142857142,14.545766666666665,14.725033333333332,14.984166666666665,14.107366666666666,13.848233333333333,13.668966666666666
2346,2009-12-30,14.3665,14.7464,14.2029,14.6179,115471,14.231542857142866,14.857611999999978,15.891271000000042,17.073996000000072,54.96712067267213,14.705435313630634,14.212520000000021,13.719604686369408,-0.14790975218420144,-0.2460974045800559,Bullish,20.7724,12.543,138361.38095238095,14.841899999999999,15.0659,15.385399999999999,14.298399999999999,13.9789,13.7549
2347,2009-12-31,14.6179,14.8984,14.4659,14.4951,939142,14.225976190476198,14.828503999999977,15.868710000000045,17.055088000000072,50.75169939111572,14.685538644319157,14.20726000000002,13.728981355680881,-0.12187483767201535,-0.2212528911984478,Bullish,20.7724,13.1683,95131.66666666667,14.7737,15.0523,15.2062,14.341199999999999,14.187299999999999,13.908699999999998
2348,2010-01-01,14.6179,14.8984,14.4659,14.4951,939142,14.220966666666673,14.802551999999977,15.846149000000047,17.035741500000075,50.75169939111572,14.649563833921722,14.198785000000019,13.748006166078316,-0.10008822558785724,-0.1970199580763297,Bullish,20.7724,13.747,138505.19047619047,14.7737,15.0523,15.2062,14.341199999999999,14.187299999999999,13.908699999999998
2349,2010-01-04,14.4951,14.7523,14.4951,14.6003,101810,14.217904761904768,14.778821999999977,15.825575000000047,17.018090000000075,54.23848413887988,14.675604668061814,14.20550500000002,13.735405331938226,-0.07348631326451027,-0.1723132291139658,Bullish,20.7724,13.747,181638.04761904763,14.736700000000003,14.8731,14.993900000000002,14.479500000000003,14.358700000000002,14.222300000000004
2350,2010-01-05,14.6003,14.8341,14.6003,14.6997,41379,14.229038095238103,14.757313999999978,15.805995000000046,17.003273500000077,57.31371402122585,14.72081263936633,14.25314000000002,13.78546736063371,-0.04387756357226458,-0.14662609600562554,Bullish,20.7724,13.747,185462.85714285713,14.822433333333336,14.945166666666667,15.056233333333335,14.588633333333338,14.47756666666667,14.354833333333339
2351,2010-01-06,14.6997,15.4303,14.6997,15.4303,542187,14.309195238095246,14.757197999999978,15.793721000000046,16.991993000000075,72.1356307147453,14.986232584377301,14.335845000000017,13.685457415622732,0.03810168548658588,-0.10968053970718325,Bullish,20.7724,13.747,186616.19047619047,15.67383333333333,15.917366666666666,16.40443333333333,14.94323333333333,14.456166666666665,14.21263333333333
2352,2010-01-07,15.4303,15.7401,15.2666,15.4946,178933,14.391023809523816,14.754625999999979,15.783376000000047,16.979163500000073,73.02343776834651,15.208952688533188,14.415045000000017,13.621137311466846,0.10702557935905865,-0.06633931589393487,Bullish,20.7724,13.747,203649.57142857142,15.734266666666667,15.973933333333333,16.207766666666664,15.260766666666667,15.026933333333334,14.787266666666667
2353,2010-01-08,15.4946,15.6641,15.2549,15.5472,134130,14.468957142857148,14.754975999999976,15.772856000000045,16.963908500000073,73.75997230766963,15.400573969467032,14.493950000000016,13.587326030533,0.1640021277849666,-0.02027102715815457,Bullish,20.7724,13.747,210250.09523809524,15.722566666666669,15.897933333333334,16.13176666666667,15.313366666666669,15.079533333333334,14.904166666666669
2354,2010-01-11,15.5472,16.0148,15.3718,15.4244,125982,14.538257142857146,14.749481999999976,15.760231000000047,16.948536500000074,69.02201183618448,15.535219840511706,14.557365000000015,13.579510159488324,0.19697689218948256,0.02317855671137286,Bullish,20.7724,13.747,215686.04761904763,15.835533333333334,16.24666666666667,16.478533333333335,15.192533333333333,14.960666666666667,14.549533333333333
2355,2010-01-12,15.4244,15.6641,15.3426,15.3718,76676,14.596147619047624,14.736155999999976,15.746203000000046,16.928342500000074,67.0356934833169,15.64016618435318,14.616395000000017,13.592623815646853,0.21637105926208555,0.0618170572215154,Bullish,20.7724,13.747,221202.14285714287,15.576399999999998,15.780999999999999,15.897899999999998,15.254899999999997,15.137999999999998,14.933399999999997
2356,2010-01-13,15.3718,15.6641,15.0854,15.2316,81555,14.645690476190483,14.720375999999977,15.732760000000047,16.90733050000007,61.92071123899573,15.708542868211776,14.664910000000017,13.621277131788258,0.21791610686299023,0.09303686714981037,Bullish,20.7724,13.747,217471.57142857142,15.568666666666665,15.905733333333332,16.147366666666663,14.989966666666666,14.748333333333333,14.411266666666666
2357,2010-01-14,15.2316,15.3718,14.9627,15.1907,25158,14.689947619047624,14.707985999999975,15.719610000000047,16.889328500000076,60.471118505412456,15.758116037930423,14.715470000000016,13.672823962069609,0.21338056174275266,0.11710560606839883,Bullish,20.7724,13.747,219112.61904761905,15.387433333333332,15.584166666666667,15.796533333333333,14.978333333333332,14.765966666666666,14.569233333333331
2358,2010-01-15,15.1907,15.2549,15.0796,15.2023,58595,14.738652380952384,14.702491999999976,15.704705000000047,16.869163500000074,60.75175854595864,15.799372065343341,14.766610000000014,13.733847934656687,0.20832074078823304,0.13534863301236566,Bullish,20.7724,13.747,176099.14285714287,15.278266666666667,15.354233333333333,15.453566666666667,15.102966666666667,15.003633333333333,14.927666666666667
2359,2010-01-18,15.2023,15.2023,14.9452,15.0679,24189,14.780957142857146,14.694309999999978,15.689216000000046,16.848969500000077,55.80799708384393,15.802090384071326,14.818045000000016,13.833999615928706,0.19126110054422796,0.14653112651873812,Bullish,20.7724,13.747,177698.95238095237,15.198400000000003,15.3289,15.455500000000002,14.941300000000004,14.814700000000002,14.684200000000004
2360,2010-01-19,15.0679,15.8102,15.0562,15.0562,62856,14.829385714285717,14.693725999999977,15.676123000000045,16.832311500000074,55.385459163041475,15.800820663256427,14.864220000000014,13.9276193367436,0.17478233852349234,0.15218136891968898,Bullish,20.7724,13.747,178103.90476190476,15.558866666666667,16.061533333333333,16.312866666666665,14.804866666666667,14.553533333333334,14.050866666666668
2361,2010-01-20,15.1088,15.1965,14.9978,15.0387,57265,14.872528571428575,14.698051999999976,15.662096000000046,16.815654000000077,54.71813414813283,15.796647789611779,14.904840000000016,14.013032210388253,0.1584837946209401,0.1534418540599392,Bullish,20.7724,13.747,177385.33333333334,15.157533333333332,15.276366666666666,15.356233333333332,14.958833333333331,14.878966666666665,14.76013333333333
2362,2010-01-21,15.0387,15.1965,14.7055,14.8458,63317,14.902028571428575,14.693959999999977,15.646783000000049,16.800136000000077,47.871218346052444,15.775904315199071,14.934355000000016,14.092805684800961,0.12852016284975498,0.14845751581790237,Bearish,20.7724,13.747,177899.04761904763,15.126366666666666,15.406933333333333,15.617366666666666,14.635366666666666,14.424933333333334,14.144366666666667
2363,2010-01-22,14.7932,14.9335,14.612,14.9043,165255,14.932923809523814,14.691621999999978,15.629950000000047,16.78043900000008,49.91791930449631,15.74910419329381,14.966795000000015,14.18448580670622,0.1082464323982606,0.14041529913397402,Bearish,20.7724,13.747,179745.2380952381,15.021200000000002,15.138100000000001,15.342700000000002,14.699700000000002,14.4951,14.378200000000001
2364,2010-01-25,14.9043,15.1965,14.7348,14.764,59310,14.9571380952381,14.684141999999976,15.612766000000045,16.75533550000008,45.32200020922154,15.710870818138934,14.992220000000017,14.2735691818611,0.0799368551795876,0.12831961034309675,Bearish,20.7724,13.747,184775.80952380953,15.06206666666667,15.360133333333335,15.52376666666667,14.60036666666667,14.436733333333335,14.13866666666667
2365,2010-01-26,14.764,14.9627,14.6705,14.8458,41086,14.985247619047625,14.680283999999979,15.596576000000045,16.72570250000008,48.31014430255014,15.67961877447318,15.016185000000018,14.352751225526855,0.06337138180108681,0.11532996463469476,Bearish,20.7724,13.747,184761.38095238095,14.982166666666664,15.118533333333332,15.274366666666664,14.689966666666665,14.534133333333333,14.397766666666666
2366,2010-01-27,14.8458,15.1965,14.6412,14.951,2353024,15.01308095238096,14.678879999999978,15.579509000000046,16.70062800000008,51.947237241390255,15.671712792981356,15.032840000000018,14.39396720701868,0.0580625763700553,0.10387648698176687,Bearish,20.7724,13.747,183879.14285714287,15.217933333333333,15.484866666666667,15.773233333333334,14.662633333333332,14.374266666666665,14.107333333333331
2367,2010-01-28,14.951,15.0796,14.3841,14.6062,63888,15.012523809523817,14.67034799999998,15.559695000000044,16.67678150000008,41.61231607347312,15.660171881133229,15.038395000000019,14.41661811886681,0.025736160988248713,0.08824842178306323,Bearish,20.7724,13.747,294593.4285714286,14.995833333333337,15.385466666666668,15.691333333333336,14.300333333333338,13.99446666666667,13.604833333333339
2368,2010-01-29,14.6062,14.8458,14.6062,14.8458,66109,15.029223809523817,14.662865999999978,15.539004000000045,16.653548500000078,49.178796282387715,15.633650746045541,15.055930000000021,14.478209253954502,0.019229298099505243,0.07444459704635163,Bearish,20.7724,13.747,292137.09523809527,14.92566666666667,15.005533333333336,15.165266666666671,14.686066666666669,14.526333333333334,14.446466666666668
2369,2010-02-01,14.6938,14.875,14.6412,14.8517,14115,15.04620476190477,14.65643799999998,15.513638000000045,16.63467000000008,49.3528477000585,15.616178263227152,15.06850000000002,14.520821736772888,0.014382846570152097,0.06243224695111173,Bearish,20.7724,13.747,250564.09523809524,14.937399999999998,15.0231,15.171199999999999,14.703599999999998,14.555499999999999,14.469799999999998
2370,2010-02-02,14.8517,15.1088,14.7464,14.8166,75987,15.05650476190477,14.65468399999998,15.483654000000044,16.617808000000082,48.29320742603171,15.60848248970803,15.074345000000019,14.540207510292008,0.007621862077694885,0.05147016997642836,Bearish,20.7724,13.747,206515.19047619047,15.034799999999999,15.253,15.3972,14.672399999999998,14.528199999999998,14.309999999999997
2371,2010-02-03,14.8166,15.0095,14.349,14.6412,31772,15.053719047619056,14.650591999999978,15.453436000000044,16.601179500000082,43.29111030436856,15.574573421656876,15.034890000000022,14.495206578343169,-0.011754087163719618,0.03882531854839876,Bearish,20.7724,13.747,205285.52380952382,14.984133333333336,15.327066666666667,15.644633333333335,14.323633333333337,14.006066666666669,13.663133333333338
2372,2010-02-04,14.6412,15.0796,14.6412,14.8341,15367,15.02532857142858,14.64918799999998,15.426667000000045,16.585311000000083,49.4876719751171,15.504550051609394,15.00186500000002,14.499179948390646,-0.011412690276923598,0.028777716783334288,Bearish,20.7724,13.747,204828.04761904763,15.062066666666665,15.290033333333332,15.500466666666664,14.623666666666665,14.413233333333332,14.185266666666665
2373,2010-02-05,14.6412,15.0796,14.6412,14.8341,15367,14.993876190476199,14.647783999999978,15.395572000000046,16.569442500000083,49.48767197511711,15.406389635616277,14.966210000000022,14.526030364383766,-0.01101515493510874,0.02081914243964568,Bearish,20.7724,13.747,179741.38095238095,15.062066666666665,15.290033333333332,15.500466666666664,14.623666666666665,14.413233333333332,14.185266666666665
2374,2010-02-08,14.8341,15.0679,14.6763,14.7581,7406,14.95630000000001,14.644859999999978,15.363717000000044,16.555794500000083,47.134316269518,15.327854357290603,14.932895000000022,14.53793564270944,-0.016640844853229808,0.013327144981070582,Bearish,20.7724,13.747,171952.52380952382,14.9919,15.2257,15.3835,14.600299999999999,14.442499999999999,14.208699999999999
2375,2010-02-09,14.7581,14.9919,14.7348,14.7581,23048,14.92457142857144,14.64930199999998,15.331862000000044,16.538961500000084,47.134316269518,15.248345458471556,14.902210000000021,14.556074541528487,-0.02085879741183483,0.006489956502489499,Bearish,20.7724,13.747,165918.04761904763,14.921733333333332,15.085366666666665,15.178833333333332,14.664633333333333,14.571166666666667,14.407533333333333
2376,2010-02-10,14.7581,15.1088,14.7581,14.875,106816,14.900914285714297,14.65456199999998,15.301176000000044,16.521310000000085,51.268331899654164,15.195806784993486,14.884380000000021,14.572953215006557,-0.014600397878982818,0.0022718856261950346,Bearish,20.7724,13.747,161016.42857142858,15.069833333333333,15.264666666666667,15.420533333333333,14.719133333333334,14.563266666666667,14.368433333333334
2377,2010-02-11,14.875,15.1965,14.8458,14.875,73009,14.883933333333342,14.660055999999981,15.266224000000044,16.505675000000085,51.268331899654164,15.146517985575406,14.868595000000022,14.590672014424639,-0.009530707101061964,-8.863291925636542e-05,Bearish,20.7724,13.747,162451.66666666666,15.099066666666666,15.323133333333333,15.449766666666665,14.748366666666666,14.621733333333333,14.397666666666666
2378,2010-02-12,14.875,15.6173,14.9627,15.6173,598276,14.904247619047629,14.679109999999982,15.240273000000043,16.492728500000084,69.0765513384225,15.295988536664469,14.889345000000024,14.482701463335578,0.05376469971469966,0.01068203360753484,Bullish,20.7724,13.747,162044.7142857143,15.835499999999998,16.0537,16.490099999999998,15.180899999999998,14.744499999999999,14.526299999999997
2379,2010-02-15,15.6173,16.3538,15.4011,15.857,810168,14.935423809523822,14.70693199999998,15.221219000000042,16.477883000000084,72.56325519093247,15.511918375641535,14.928800000000024,14.345681624358512,0.12186378255081287,0.03291838339619045,Bullish,20.7724,13.747,189336.04761904763,16.340166666666665,16.82333333333333,17.292866666666665,15.387466666666665,14.917933333333332,14.434766666666665
2380,2010-02-16,15.857,16.5116,15.8394,16.3596,486526,14.996933333333345,14.759183999999982,15.215140000000043,16.465229000000082,78.13116223755951,15.847919706019498,14.993970000000024,14.14002029398055,0.21392245106855512,0.06911919693066337,Bullish,20.7724,13.747,225125.2380952381,16.634333333333338,16.909066666666668,17.306533333333338,15.962133333333334,15.564666666666666,15.289933333333332
2381,2010-02-17,16.3596,16.833,16.3596,16.6343,980249,15.072080952380965,14.816345999999983,15.217595000000042,16.45485450000008,80.46463041669088,16.187979354312173,15.073750000000024,13.959520645687874,0.3055237161343811,0.11640010077140692,Bullish,20.7724,13.747,247141.2857142857,16.858333333333327,17.082366666666662,17.331733333333325,16.38493333333333,16.135566666666666,15.911533333333331
2382,2010-02-18,16.6343,16.8915,16.1317,16.307000000000002,248064,15.132476190476202,14.864273999999982,15.217010000000041,16.44263900000008,70.77459033090399,16.377234671245997,15.146810000000025,13.916385328754052,0.3476999355889827,0.1626600677349221,Bullish,20.7724,13.747,290826.6666666667,16.755100000000002,17.203200000000002,17.514900000000004,15.9953,15.683599999999998,15.235499999999998
2383,2010-02-19,16.307000000000002,16.4122,16.044,16.3655,135202,15.20484285714287,14.912201999999981,15.218179000000044,16.43346300000008,71.43669038656337,16.55323891384601,15.219870000000025,13.88650108615404,0.3814482564085253,0.20641770546964272,Bullish,20.7724,13.747,299912.3333333333,16.503799999999995,16.642099999999996,16.871999999999993,16.135599999999997,15.9057,15.767399999999999
2384,2010-02-22,16.3596,16.3655,15.5472,15.7401,220130,15.24464285714287,14.94388199999998,15.212861000000043,16.420692500000083,56.65867471389412,16.60318214029978,15.268675000000025,13.934167859700272,0.3536528011371285,0.23586472460313987,Bullish,20.7724,13.747,303335.4285714286,16.221333333333334,16.70256666666667,17.039633333333335,15.403033333333333,15.065966666666666,14.584733333333332
2385,2010-02-23,15.7401,15.9213,15.0504,15.3718,106658,15.273585714285726,14.96749399999998,15.201229000000042,16.40760000000008,50.08737074183778,16.615772050084157,15.294975000000026,13.974177949915896,0.29846544670925823,0.24838486902436355,Bullish,20.7724,13.747,305948.5238095238,15.84526666666667,16.318733333333334,16.716166666666673,14.97436666666667,14.576933333333335,14.10346666666667
2386,2010-02-24,15.4186,15.4186,15.0504,15.1907,161612,15.290009523809536,14.98608199999998,15.185390000000043,16.391644000000085,47.18916726235958,16.61937806662788,15.306960000000023,13.994541933372165,0.2373794516821892,0.24618378555592868,Bearish,20.7724,13.747,308203.1904761905,15.389400000000002,15.5881,15.757600000000002,15.021200000000002,14.851700000000001,14.653000000000002
2387,2010-02-25,15.1907,15.4887,14.9159,15.0504,32249,15.29474285714287,15.003499999999981,15.159848000000045,16.376301500000082,45.01600815746232,16.608005304646795,15.329170000000024,14.050334695353255,0.17562285214038553,0.23207159887282006,Bearish,20.7724,13.747,313942.5238095238,15.38743333333333,15.724466666666665,15.96023333333333,14.814633333333331,14.578866666666666,14.241833333333332
2388,2010-02-26,15.0504,15.2549,14.9043,15.2374,47368,15.324800000000012,15.024657999999981,15.137462000000045,16.360433000000086,48.425229019027775,16.609242469636907,15.348750000000024,14.088257530363142,0.14015403082255773,0.21368808526276759,Bearish,20.7724,13.747,203429.42857142858,15.3601,15.4828,15.7107,15.0095,14.7816,14.6589
2389,2010-03-01,15.2374,15.2549,14.8458,14.9043,72256,15.327585714285725,15.041959999999982,15.115895000000046,16.340882500000085,43.27767935689434,16.60792646488356,15.351380000000024,14.09483353511649,0.08419579154707968,0.18778962651963,Bearish,20.7724,13.747,202642.7619047619,15.15753333333333,15.410766666666664,15.566633333333328,14.748433333333331,14.592566666666666,14.339333333333332
2390,2010-03-02,14.9043,15.1965,14.9043,15.1147,41891,15.340109523809534,15.06159999999998,15.098770000000048,16.324195500000084,47.10257162472473,16.60403535330693,15.366285000000023,14.128534646693117,0.05617841557287839,0.16146738433027968,Bearish,20.7724,13.747,202935.47619047618,15.239366666666665,15.364033333333333,15.531566666666667,14.947166666666664,14.779633333333331,14.654966666666663
2391,2010-03-03,15.1147,15.1147,14.7932,14.8926,11892,15.343728571428581,15.07492599999998,15.077729000000048,16.307479500000085,43.74890484370189,16.591752259421284,15.378855000000021,14.165957740578758,0.015869891199097097,0.13234788570404316,Bearish,20.7724,13.747,204258.14285714287,15.0738,15.254999999999999,15.395299999999999,14.752300000000002,14.612000000000002,14.430800000000003
2392,2010-03-04,14.8926,15.2842,14.612,15.1614,1302887,15.36850000000001,15.09304399999998,15.060720000000046,16.291406000000087,48.52564475591091,16.586922245702112,15.395220000000023,14.203517754297936,0.0055510200663739795,0.10698851257650932,Bearish,20.7724,13.747,201206.0,15.4264,15.6914,16.098599999999998,14.754199999999999,14.347,14.081999999999999
2393,2010-03-05,15.1614,15.3426,14.6412,15.3426,239503,15.392714285714296,15.11478599999998,15.045406000000046,16.277057000000084,51.51463757422285,16.58475460047197,15.420645000000025,14.25653539952808,0.011857875787843142,0.08796238521877608,Bearish,20.7724,13.747,261735.2857142857,15.576400000000001,15.8102,16.2778,14.875000000000002,14.4074,14.173600000000002
2394,2010-03-08,15.3426,16.1083,15.3426,16.1083,2157562,15.453390476190489,15.151841999999979,15.043244000000048,16.267676000000087,61.64898808299749,16.647336377486337,15.488155000000024,14.328973622513711,0.07774549350935978,0.08591900687689283,Bearish,20.7724,13.747,272408.4285714286,16.36353333333333,16.618766666666666,17.12923333333333,15.59783333333333,15.087366666666664,14.83213333333333
2395,2010-03-09,16.1083,16.909000000000002,16.1083,16.8447,2062948,15.552752380952391,15.201405999999979,15.04417900000005,16.262708000000085,68.47387789325249,16.842128660053323,15.592485000000021,14.342841339946718,0.18722501743921605,0.10618020898935747,Bullish,20.7724,13.747,374417.71428571426,17.133033333333337,17.42136666666667,17.93373333333334,16.332333333333334,15.819966666666666,15.531633333333332
2396,2010-03-10,16.8447,17.4467,16.0031,16.4824,1303178,15.634861904761914,15.23869599999998,15.04815400000005,16.254496500000087,62.573888909168396,16.934284635735334,15.672855000000022,14.411425364264709,0.2419645302909359,0.13333707324967314,Bullish,20.7724,13.747,472300.6666666667,17.285033333333327,18.087666666666664,18.728633333333327,15.841433333333327,15.200466666666664,14.397833333333327
2397,2010-03-11,16.4824,17.1253,16.4824,17.0902,603653,15.740347619047627,15.29059799999998,15.05955100000005,16.252566000000087,67.6152104790851,17.131425248184566,15.78361500000002,14.435804751815475,0.3305796525503659,0.1727855891098117,Bullish,20.7724,13.747,533259.2380952381,17.316200000000002,17.5422,17.959100000000003,16.6733,16.2564,16.0304
2398,2010-03-12,17.0902,17.9436,17.0902,17.9436,1286296,15.886471428571436,15.359567999999978,15.081060000000052,16.25490350000009,73.09516188811025,17.54006738827308,15.89993000000002,14.259792611726962,0.4643176582801143,0.23109200294387222,Bullish,20.7724,13.747,556918.1428571428,18.228066666666667,18.512533333333334,19.081466666666667,17.374666666666666,16.805733333333333,16.521266666666666
2399,2010-03-15,17.9436,18.8378,17.9436,18.3293,1835814,16.015614285714292,15.434147999999979,15.106485000000053,16.25753350000009,75.14243549493514,17.975192279072544,16.02354500000002,14.071897720927494,0.5945748689426775,0.3037885761436333,Bullish,20.7724,13.747,614693.7142857143,18.79686666666667,19.264433333333336,19.69106666666667,17.90266666666667,17.476033333333334,17.008466666666667
2400,2010-03-16,18.3293,18.7326,17.5344,18.1657,989592,16.12555238095239,15.50346799999998,15.130391000000053,16.25645250000009,72.618315378496,18.27521210432478,16.11385000000002,13.952487895675262,0.6768017448869372,0.3783912098922941,Bullish,20.7724,13.747,673624.0952380953,18.75406666666667,19.342433333333336,19.95226666666667,17.55586666666667,16.946033333333336,16.35766666666667
2401,2010-03-17,18.1657,19.0716,18.1189,18.9372,1454800,16.248295238095245,15.573605999999979,15.165402000000054,16.25908300000009,76.60871307777191,18.710635599666183,16.22899500000002,13.747354400333855,0.7950558300867172,0.4617241339311787,Bullish,20.7724,13.747,682168.0952380953,19.299566666666667,19.661933333333334,20.252266666666667,18.346866666666667,17.756533333333334,17.394166666666667
2402,2010-03-18,18.9372,19.5217,18.7034,19.2762,785786,16.37410000000001,15.649237999999979,15.201932000000054,16.264606500000088,78.11773887689763,19.19281524087704,16.37745500000002,13.562094759123,0.9056873118804312,0.5505167695210292,Bullish,20.7724,13.747,728276.380952381,19.630800000000004,19.985400000000002,20.449100000000005,18.812500000000004,18.3488,17.994200000000003
2403,2010-03-19,19.2762,20.0185,18.7034,19.5275,773283,16.527457142857152,15.728843999999981,15.241910000000052,16.27164950000009,79.18951065003623,19.667774494529564,16.53555500000002,13.403335505470476,1.0020898994751555,0.6408313955118545,Bullish,20.7724,13.747,719016.2380952381,20.12953333333333,20.731566666666666,21.444633333333332,18.81443333333333,18.101366666666664,17.49933333333333
2404,2010-03-22,19.5275,20.1061,19.469,19.6853,624205,16.685542857142863,15.81406199999998,15.281772000000053,16.27842950000009,79.85668636139536,20.125864058459204,16.73281500000002,13.339765941540836,1.0787871985938118,0.728422556128246,Bullish,20.7724,13.747,744026.6666666666,20.037933333333335,20.39056666666667,20.675033333333335,19.400833333333335,19.116366666666668,18.763733333333334
2405,2010-03-23,19.5275,20.1061,19.469,19.6853,624205,16.87340952380953,15.900331999999981,15.318244000000055,16.28480050000009,79.85668636139536,20.512151075300405,16.948490000000017,13.38482892469963,1.1265838039022356,0.8080548056830439,Bullish,20.7724,13.747,767312.5238095238,20.037933333333335,20.39056666666667,20.675033333333335,19.400833333333335,19.116366666666668,18.763733333333334
2406,2010-03-24,19.6853,20.2815,19.5801,20.1178,970223,17.09940952380953,15.99805599999998,15.359216000000053,16.294327500000094,81.71959761238864,20.91611590574053,17.19484500000002,13.473574094259508,1.1856941493273254,0.8835826744119002,Bullish,20.7724,13.747,786554.1904761905,20.406166666666664,20.694533333333332,21.107566666666663,19.704766666666664,19.291733333333333,19.003366666666665
2407,2010-03-25,20.1178,20.6555,20.0769,20.6029,1684743,17.357133333333337,16.10629999999998,15.407143000000055,16.305286500000093,83.5564972641369,21.33806096341182,17.472470000000015,13.606879036588209,1.2571909253802893,0.958304324605578,Bullish,20.7724,13.747,827676.3333333334,20.8133,21.0237,21.391900000000003,20.2347,19.8665,19.6561
2408,2010-03-26,20.6029,21.2751,20.3399,21.0238,1220967,17.641580952380956,16.22272999999998,15.462611000000054,16.319694000000094,84.96790212841535,21.77816281880194,17.761790000000016,13.745417181198093,1.3324560242778531,1.033134664540033,Bullish,20.7724,13.747,900206.380952381,21.4193,21.814799999999998,22.354499999999998,20.4841,19.9444,19.548900000000003
2409,2010-03-29,21.0238,21.392,20.6029,20.7432,637389,17.90376190476191,16.33623599999998,15.515273000000052,16.331296000000094,80.03576867086342,22.04560603813622,18.053735000000017,14.061863961863814,1.3538556769836028,1.097278867028747,Bullish,21.0238,13.747,956812.0,21.2225,21.7018,22.011599999999998,20.433400000000002,20.123600000000003,19.644300000000005
2410,2010-03-30,20.7432,20.9829,19.8723,19.9308,1410614,18.143119047619052,16.43372799999998,15.563727000000053,16.339449500000093,67.77024939690395,22.126011708053007,18.29454000000002,14.46306829194703,1.2903863943230505,1.1359003724876078,Bullish,21.0238,13.747,984908.2380952381,20.6517,21.372600000000002,21.762300000000003,19.5411,19.1514,18.4305
2411,2010-03-31,19.9308,20.7491,19.9308,20.1821,557597,18.384423809523817,16.53659599999998,15.617324000000053,16.348216500000095,69.33570947595221,22.136489632350422,18.559015000000016,14.981540367649611,1.2460012139556902,1.1579205407812243,Bullish,21.0238,13.747,1048639.5714285714,20.643866666666664,21.10563333333333,21.46216666666666,19.825566666666667,19.469033333333336,19.00726666666667
2412,2010-04-01,20.1821,20.6322,19.9892,20.3049,1556157,18.642152380952385,16.64577799999998,15.669869000000054,16.357247000000097,70.0999799696562,22.10779054861029,18.816190000000013,15.524589451389737,1.2068230673549856,1.1677010460959765,Bullish,21.0238,13.747,1073197.0,20.628333333333334,20.951766666666668,21.271333333333335,19.985333333333333,19.665766666666666,19.342333333333332
2413,2010-04-02,20.3049,20.7432,20.0185,20.1646,1758514,18.8804,16.750983999999978,15.721303000000056,16.366014500000098,68.01425003911267,21.981771789926356,19.057290000000016,16.132808210073676,1.1511829460312981,1.1643974260830408,Bearish,21.0238,13.747,1146733.4285714286,20.599033333333335,21.03346666666667,21.323733333333337,19.874333333333333,19.584066666666665,19.14963333333333
2414,2010-04-05,20.1646,20.4568,19.7671,19.9834,393410,19.10139047619048,16.855371999999978,15.769757000000057,16.3738760000001,65.31144525240374,21.865362746929637,19.251045000000016,16.636727253070394,1.08001666355797,1.1475212735780267,Bearish,21.0238,13.747,1168429.9523809524,20.371100000000006,20.758800000000004,21.060800000000008,19.681400000000004,19.3794,18.9917
2415,2010-04-06,19.9834,20.6029,19.5801,19.8139,888017,19.277847619047623,16.954733999999977,15.817509000000056,16.3795745000001,62.79751392925307,21.77684756974273,19.399505000000016,17.0221624302573,0.9984303549129621,1.1177030898450138,Bearish,21.0238,13.747,1175758.857142857,20.417833333333334,21.021766666666668,21.440633333333334,19.395033333333334,18.976166666666668,18.372233333333334
2416,2010-04-07,19.8139,20.1061,19.5801,19.6853,1076293,19.41311428571429,17.049419999999976,15.864150000000059,16.385828500000102,60.88275389977484,21.525256127893122,19.559650000000016,17.59404387210691,0.9128726446650184,1.0767370008090147,Bearish,21.0238,13.747,1115304.3333333333,20.0009,20.3165,20.5269,19.4749,19.2645,18.948900000000002
2417,2010-04-08,19.6853,20.1587,19.1417,19.2879,226477,19.54670952380953,17.143053999999978,15.90670100000006,16.386822500000097,55.274023574622056,21.28522109238024,19.669535000000018,18.053848907619795,0.8037357190329786,1.0221367444538074,Bearish,21.0238,13.747,1068320.761904762,19.917166666666667,20.546433333333333,20.934166666666666,18.900166666666667,18.512433333333334,17.883166666666668
2418,2010-04-09,19.2879,19.434,18.7911,19.0248,319820,19.638833333333338,17.226633999999976,15.944750000000058,16.3889555000001,51.86726551951407,21.167934964797375,19.723595000000017,18.27925503520266,0.688082165115766,0.9553258285861992,Bearish,21.0238,13.747,1017049.2857142857,19.375499999999995,19.7262,20.018399999999996,18.732599999999994,18.440399999999997,18.089699999999993
2419,2010-04-12,19.0248,19.0541,18.5047,18.6742,170209,19.67362380952381,17.303083999999977,15.979761000000059,16.3896570000001,47.652426613316734,21.12516750374008,19.740840000000016,18.356512496259953,0.5616609229855776,0.8765928474660749,Bearish,21.0238,13.747,1003533.4285714285,18.983966666666667,19.293733333333332,19.533366666666666,18.43456666666667,18.194933333333335,17.88516666666667
2420,2010-04-13,18.6742,18.7034,18.0488,18.1773,261737,19.666385714285717,17.370297999999977,16.012491000000058,16.3868805000001,42.39423725039882,21.123114450452572,19.741420000000016,18.35972554954746,0.41657350054185827,0.7845889780812316,Bearish,21.0238,13.747,950386.4285714285,18.570866666666667,18.964433333333332,19.225466666666666,17.91626666666667,17.655233333333335,17.26166666666667
2421,2010-04-14,18.1773,18.9372,18.1773,18.7443,227435,19.6939380952381,17.452359999999974,16.051476000000058,16.3884000000001,49.27270424238854,21.138261099295374,19.731775000000017,18.32528890070466,0.3433845114416023,0.6963480847533058,Bearish,21.0238,13.747,875430.380952381,19.061900000000005,19.379500000000004,19.821800000000007,18.302000000000003,17.8597,17.5421
2422,2010-04-15,18.7443,18.9898,18.6157,18.6683,154090,19.681133333333335,17.529043999999974,16.08911600000006,16.3883415000001,48.4378213840756,21.170799552888656,19.701380000000015,18.231960447111373,0.276066818996199,0.6122918316018844,Bearish,21.0238,13.747,839137.1904761905,18.90016666666666,19.13203333333333,19.27426666666666,18.52606666666666,18.38383333333333,18.151966666666663
2423,2010-04-16,18.6683,18.8495,18.4404,18.4579,8220,19.642166666666668,17.601519999999972,16.12465200000006,16.3869095000001,46.10856354901945,21.21345262831102,19.647900000000014,18.082347371689007,0.2033949309663683,0.5305124514747812,Bearish,21.0238,13.747,777198.619047619,18.7248,18.991699999999998,19.133899999999997,18.3157,18.1735,17.9066
2424,2010-04-19,18.4579,19.3755,18.4404,19.3755,521659,19.63492857142857,17.693867999999974,16.169364000000066,16.3902115000001,56.037592629455105,21.202300401146392,19.632410000000014,18.062519598853637,0.21733923600320892,0.4678778083804668,Bearish,21.0238,13.747,740171.6666666666,19.6872,19.9989,20.6223,18.752100000000002,18.128700000000002,17.817000000000004
2425,2010-04-20,19.3755,20.3399,19.2879,19.3346,529425,19.618228571428574,17.785397999999972,16.217350000000064,16.393367500000103,55.546348779559985,21.189836794936934,19.61487500000002,18.039913205063105,0.22252478284400468,0.41880720327317433,Bearish,21.0238,13.747,728189.5714285715,20.02036666666666,20.70613333333333,21.07236666666666,18.96836666666666,18.60213333333333,17.91636666666666
2426,2010-04-21,19.3346,19.7262,18.6449,19.0015,317708,19.585666666666672,17.86792799999997,16.261245000000063,16.394858000000102,51.58047403474936,21.13788946058485,19.55906000000002,17.98023053941519,0.1974795584845772,0.37454167431545493,Bearish,21.0238,13.747,723676.2380952381,19.603499999999997,20.205499999999997,20.684799999999996,18.522199999999998,18.0429,17.4409
2427,2010-04-22,19.0015,19.9483,18.9956,19.9249,1523618,19.576480952380955,17.96892599999997,16.31449100000006,16.4009655000001,60.08773527407967,21.04073019554049,19.52516000000002,18.00958980445955,0.24926829086982139,0.34948699762632823,Bearish,21.0238,13.747,709081.1428571428,20.250266666666665,20.575633333333332,21.202966666666665,19.297566666666665,18.670233333333332,18.344866666666665
2428,2010-04-23,19.9249,20.5737,19.9249,20.451,1044137,19.569247619047626,18.06559999999997,16.372355000000063,16.409703500000102,63.97170681546679,20.916352240234925,19.49652000000002,18.076687759765118,0.32897093543524036,0.34538378518811064,Bearish,21.0238,13.747,735433.2857142857,20.708166666666664,20.96533333333333,21.35696666666666,20.059366666666666,19.667733333333334,19.410566666666668
2429,2010-04-26,20.451,20.7198,19.7613,19.849,119271,19.513304761904767,18.145439999999972,16.42618600000006,16.415431500000103,57.12180336250703,20.764034782425277,19.45181000000002,18.139585217574762,0.3396442787792573,0.34423588390633997,Bearish,21.0238,13.747,704928.2380952381,20.458766666666662,21.06853333333333,21.417266666666663,19.50026666666666,19.15153333333333,18.54176666666666
2430,2010-04-27,19.849,19.8723,19.3989,19.5801,105022,19.457919047619054,18.209849999999975,16.48451700000006,16.421276500000104,54.32369328909758,20.729693602425794,19.43427500000002,18.138856397574248,0.322685282495744,0.3399257636242208,Bearish,21.0238,13.747,652466.5238095238,19.835299999999993,20.090499999999995,20.30869999999999,19.361899999999995,19.1437,18.888499999999997
2431,2010-04-28,19.5801,19.5801,18.7618,19.2236,110632,19.424242857142865,18.261635999999974,16.53899100000006,16.425718500000105,50.77272515801261,20.637729430073406,19.38635000000002,18.134970569926637,0.2772822480001622,0.3273970604994091,Bearish,21.0238,13.747,627115.7142857143,19.6152,20.006800000000002,20.433500000000002,18.7969,18.3702,17.9786
2432,2010-04-29,19.2236,19.2294,18.4111,18.7735,35077,19.357166666666675,18.310965999999972,16.58762000000006,16.432031000000105,46.6285021891499,20.513469670309643,19.309780000000025,18.106090329690407,0.2026447452130249,0.30244659744213226,Bearish,21.0238,13.747,565211.8095238095,19.19823333333333,19.622966666666663,20.016533333333328,18.379933333333334,17.98636666666667,17.561633333333337
2433,2010-04-30,18.7735,19.1417,17.9202,18.1014,96326,19.252238095238106,18.345683999999974,16.62894300000006,16.434924500000104,41.21831337837407,20.45249073101936,19.206620000000022,17.960749268980685,0.08824391259959441,0.25960606047362467,Bearish,21.0238,13.747,540329.9047619047,18.855333333333334,19.609266666666667,20.076833333333333,17.633833333333335,17.16626666666667,16.412333333333336
2434,2010-05-03,18.1014,19.0015,17.5344,19.0015,202443,19.19685238095239,18.410911999999975,16.677397000000063,16.442523000000104,49.64480491952871,20.353472328066825,19.157525000000025,17.961577671933224,0.06941085100674016,0.22156701858024777,Bearish,21.0238,13.747,470814.14285714284,19.490533333333335,19.979566666666667,20.957633333333334,18.023433333333337,17.04536666666667,16.55633333333334
2435,2010-05-04,19.0015,19.8665,18.4404,19.1593,1039564,19.157609523809533,18.486661999999974,16.727078000000063,16.451261000000102,50.9717473518972,20.282309579567062,19.124795000000024,17.967280420432985,0.06645263065898632,0.19054414099599548,Bearish,21.0238,13.747,396715.5238095238,19.8704,20.5815,21.296499999999998,18.444300000000002,17.729300000000002,17.018200000000004
2436,2010-05-05,19.1593,19.2236,18.3527,19.0132,89567,19.11948095238096,18.563111999999975,16.774597000000064,16.4615775000001,49.66677397493818,20.220340271492045,19.091190000000022,17.962039728508,0.05172294086334617,0.16277990096946562,Bearish,21.0238,13.747,427484.7619047619,19.373633333333338,19.73406666666667,20.24453333333334,18.502733333333335,17.992266666666666,17.631833333333333
2437,2010-05-06,19.0132,19.8723,19.0132,19.6035,1250510,19.115585714285725,18.654173999999976,16.828837000000064,16.4769785000001,54.71181075921745,20.25533302814488,19.106970000000025,17.958606971855172,0.08668260907629843,0.14756044259083217,Bearish,21.0238,13.747,389463.3333333333,19.97946666666667,20.355433333333334,20.83856666666667,19.120366666666673,18.637233333333338,18.261266666666675
2438,2010-05-07,19.6035,19.6035,18.6274,18.6391,611229,19.084690476190488,18.722207999999977,16.873433000000066,16.4856580000001,46.50975489276194,20.253738208524634,19.08768500000002,17.92163179147541,0.036152632786428995,0.12527888062995154,Bearish,21.0238,13.747,397759.38095238095,19.285933333333332,19.932766666666666,20.26203333333333,18.309833333333334,17.980566666666668,17.333733333333335
2439,2010-05-10,18.6391,18.8787,18.3527,18.7034,266607,19.069385714285723,18.798189999999973,16.920075000000068,16.4944255000001,47.07940061904316,20.253195077062834,19.089145000000023,17.925094922937213,0.0012809689378272537,0.10047929829152669,Bearish,21.0238,13.747,416080.90476190473,18.937166666666663,19.17093333333333,19.463166666666663,18.411166666666663,18.11893333333333,17.885166666666663
2440,2010-05-11,18.7034,18.9956,17.7682,17.7682,414980,19.026242857142865,18.851259999999975,16.95643000000007,16.4989260000001,40.348995696667714,20.308055092138204,19.06869000000002,17.82932490786184,-0.1006575821565221,0.06025192220191693,Bearish,21.0238,13.747,413546.95238095237,18.586466666666666,19.404733333333333,19.813866666666666,17.359066666666667,16.949933333333334,16.131666666666668
2441,2010-05-12,17.7682,18.3527,17.2422,18.1715,547626,19.025966666666676,18.916837999999974,16.995882000000066,16.5051800000001,44.062803079536884,20.333374799890105,19.04005000000002,17.746725200109932,-0.14720479361612604,0.018760579038308328,Bearish,21.0238,13.747,425202.71428571426,18.60206666666667,19.032633333333333,19.712566666666667,17.49156666666667,16.811633333333337,16.381066666666673
2442,2010-05-13,18.1715,18.5865,17.9494,18.1247,106151,18.99646190476191,18.976103999999975,17.034574000000067,16.5112000000001,43.72262202104086,20.358108841399794,19.01287000000002,17.667631158600248,-0.18572919241078623,-0.022137375251510584,Bearish,21.0238,13.747,438816.4761904762,18.491000000000003,18.857300000000002,19.128100000000003,17.853900000000003,17.5831,17.216800000000003
2443,2010-05-14,18.1247,18.3235,18.1189,18.1306,26030,18.970857142857152,19.031863999999974,17.073325000000068,16.517951000000096,43.78154812538886,20.375880952346165,18.99650500000002,17.617129047653876,-0.21332489867542748,-0.060374879936293965,Bearish,21.0238,13.747,433041.04761904763,18.263099999999998,18.395599999999998,18.467699999999997,18.0585,17.9864,17.8539
2444,2010-05-17,18.1306,18.2592,17.248,17.6922,113070,18.93439523809525,19.063541999999973,17.107692000000068,16.521954500000096,40.396816536066716,20.390804708273624,18.91234000000002,17.43387529172642,-0.2674864930574046,-0.10179720256051608,Bearish,21.0238,13.747,426942.95238095237,18.21826666666666,18.74433333333333,19.22946666666666,17.207066666666663,16.721933333333332,16.195866666666664
2445,2010-05-18,17.6922,18.154,17.4,18.1189,131156,18.874557142857153,19.089025999999976,17.145216000000065,16.528530000000092,44.86467912335524,20.355326037728325,18.851555000000022,17.34778396227172,-0.27283376508821533,-0.13600451506605593,Bearish,21.0238,13.747,431935.8095238095,18.381933333333336,18.64496666666667,19.135933333333337,17.627933333333335,17.136966666666666,16.873933333333333
2446,2010-05-19,18.1189,18.1189,17.213,17.3123,3220163,18.778257142857154,19.105623999999978,17.172160000000066,16.531715500000093,38.92480721556375,20.410919156627198,18.76709500000002,17.12327084337284,-0.3382581660800099,-0.17645524526884673,Bearish,21.0238,13.747,413340.4285714286,17.883133333333333,18.453966666666666,18.789033333333332,16.977233333333334,16.642166666666668,16.071333333333335
2447,2010-05-20,17.3123,17.6805,16.8915,17.2422,138251,18.694480952380964,19.10866399999998,17.199631000000064,16.534170500000094,38.448381646195685,20.314372362750678,18.632960000000022,16.951547637249366,-0.3912538287820695,-0.2194149619714913,Bearish,21.0238,13.747,541470.8095238095,17.6513,18.060399999999998,18.440299999999997,16.8623,16.482400000000002,16.073300000000003
2448,2010-05-21,17.2422,17.5344,16.6694,17.2539,282787,18.567290476190486,19.09486999999998,17.227219000000062,16.536684000000093,38.58349746571245,20.03651168346752,18.47310500000002,16.909698316532523,-0.42738258071351964,-0.261008485719897,Bearish,21.0238,13.747,532925.2380952381,17.635733333333338,18.01756666666667,18.50073333333334,16.770733333333336,16.287566666666667,15.905733333333334
2449,2010-05-24,17.2539,17.4584,16.5992,16.9382,151915,18.400014285714295,19.067047999999982,17.250598000000064,16.53808650000009,36.26990658351973,19.893477562409224,18.32756500000002,16.76165243759082,-0.47600217176279,-0.3040072229284756,Bearish,21.0238,13.747,473838.04761904763,17.398,17.8578,18.2572,16.5388,16.1394,15.679599999999997
2450,2010-05-25,16.9382,17.3532,16.0966,16.7571,77509,18.25278095238096,19.03887599999998,17.271172000000064,16.53858350000009,34.97433046878814,19.783879284768684,18.186415000000018,16.588950715231352,-0.523116641425176,-0.3478291066278157,Bearish,21.0238,13.747,431351.28571428574,17.374666666666673,17.99223333333334,18.631266666666676,16.11806666666667,15.479033333333334,14.861466666666669
2451,2010-05-26,16.7571,17.3883,16.3947,17.2597,63311,18.142285714285723,19.005325999999982,17.289466000000065,16.54159350000009,41.24677622539215,19.659821954189095,18.08822000000002,16.516618045810947,-0.5139747969563935,-0.3810582446935312,Bearish,21.0238,13.747,429362.61904761905,17.633766666666666,18.007833333333334,18.627366666666667,16.640166666666666,16.020633333333333,15.646566666666665
2452,2010-05-27,17.2597,17.3299,16.5116,16.7512,25658,18.02455238095239,18.954825999999983,17.302032000000064,16.54270400000009,37.32400094557959,19.628031107388978,17.98710500000002,16.346178892611064,-0.541519223119522,-0.4131504403787294,Bearish,21.0238,13.747,427376.38095238095,17.216866666666668,17.682533333333332,18.035166666666665,16.39856666666667,16.045933333333338,15.580266666666674
2453,2010-05-28,16.7512,17.476,16.7512,17.3883,210938,17.958590476190484,18.912041999999982,17.320443000000065,16.54664950000009,44.45208064352576,19.61176749674912,17.95145000000002,16.291132503250918,-0.5061056627274496,-0.4317414848484734,Bearish,21.0238,13.747,423330.0,17.659133333333333,17.929966666666665,18.38393333333333,16.934333333333335,16.48036666666667,16.209533333333336
2454,2010-05-31,17.3883,18.2358,17.0084,17.2363,10409,17.917395238095246,18.86306199999998,17.338562000000067,16.54939650000009,43.19003375285859,19.477891763054416,17.86319000000002,16.248488236945626,-0.4847177659789317,-0.44233674107456505,Bearish,21.0238,13.747,431704.3333333333,17.9786,18.7209,19.206,16.7512,16.2661,15.523800000000001
2455,2010-06-01,17.2363,17.3883,16.3771,16.8856,42753,17.8166380952381,18.80706799999998,17.353700000000067,16.549951500000088,40.34400509459572,19.302154632695924,17.74950500000002,16.196855367304117,-0.49041308600811107,-0.4519520100612743,Bearish,21.0238,13.747,427613.04761904763,17.390233333333335,17.89486666666667,18.401433333333337,16.379033333333332,15.872466666666664,15.36783333333333
2456,2010-06-02,16.8856,17.5344,16.8856,17.3474,41757,17.730357142857148,18.75165999999998,17.374858000000067,16.55380900000009,45.44218911734901,19.113945866256316,17.66621500000002,16.218484133743722,-0.45244773177446973,-0.45205115440391336,Bearish,21.0238,13.747,420008.7619047619,17.625999999999994,17.9046,18.274799999999995,16.977199999999993,16.606999999999996,16.32839999999999
2457,2010-06-03,17.3474,17.8208,16.9616,17.6747,102044,17.666619047619054,18.693095999999983,17.39969800000007,16.55965400000009,48.78300302858984,18.713506494500002,17.56977500000002,16.42604350550004,-0.3914372949045273,-0.43992838250403615,Bullish,21.0238,13.747,372494.14285714284,18.009799999999995,18.344899999999996,18.868999999999993,17.150599999999997,16.6265,16.2914
2458,2010-06-04,17.6747,17.7974,17.1253,17.6338,5206,17.57282380952382,18.62529599999998,17.42401300000007,16.564359000000092,48.38428883376664,18.55398769410999,17.51951000000002,16.485032305890055,-0.342438949266775,-0.42043049585658393,Bullish,21.0238,13.747,373088.28571428574,17.912366666666667,18.190933333333334,18.584466666666668,17.240266666666667,16.846733333333333,16.568166666666666
2459,2010-06-07,17.6338,18.1131,17.0376,17.8267,15710,17.534138095238102,18.56696599999998,17.451601000000068,16.57040850000009,50.44161847713541,18.37066779522836,17.475675000000024,16.580682204771687,-0.2847594596728982,-0.3932962886198468,Bullish,21.0238,13.747,313788.09523809527,18.280666666666665,18.73463333333333,19.356166666666663,17.205166666666667,16.583633333333335,16.12966666666667
2460,2010-06-08,17.8267,17.8267,17.2422,17.6805,59742,17.48542857142858,18.521959999999982,17.47784400000007,16.576983500000093,48.85231460366456,18.361352734648897,17.471290000000025,16.581227265351153,-0.24798653238797996,-0.36423433737347344,Bullish,21.0238,13.747,285430.04761904763,17.924066666666665,18.16763333333333,18.508566666666663,17.339566666666666,16.998633333333334,16.755066666666668
2461,2010-06-09,17.6805,18.1189,17.2422,17.6747,1777779,17.480976190476202,18.471811999999982,17.50420400000007,16.583150000000092,48.78664201132562,18.283086053496675,17.446450000000027,16.60981394650338,-0.21681245508625935,-0.3347499609160306,Bullish,21.0238,13.747,275579.3333333333,18.115,18.5553,18.991699999999998,17.2383,16.8019,16.3616
2462,2010-06-10,17.6747,18.0605,17.0668,17.5286,1701815,17.450361904761916,18.41628599999998,17.531032000000067,16.58890750000009,47.07011294917035,18.194945485616547,17.416645000000024,16.6383445143835,-0.20157222409389774,-0.308114413551604,Bullish,21.0238,13.747,340474.5238095238,18.037133333333337,18.54566666666667,19.030833333333337,17.043433333333336,16.55826666666667,16.049733333333336
2463,2010-06-11,17.5286,17.9728,16.985,17.8559,88595,17.437561904761917,18.370111999999985,17.560548000000068,16.59524900000009,51.21152067029476,18.13887174330639,17.402910000000027,16.666948256693665,-0.16122535110451253,-0.27873660106218573,Bullish,21.0238,13.747,395435.90476190473,18.224133333333334,18.592366666666667,19.211933333333334,17.236333333333334,16.616766666666667,16.248533333333334
2464,2010-06-14,17.8559,18.1189,17.0376,17.2422,41886,17.395257142857155,18.315287999999985,17.58533000000007,16.599048000000092,44.22432318749088,18.107075320220222,17.380410000000026,16.65374467977983,-0.17673335259596712,-0.258335951368942,Bullish,21.0238,13.747,394599.90476190473,17.89486666666667,18.547533333333334,18.976166666666668,16.81356666666667,16.384933333333336,15.732266666666671
2465,2010-06-15,17.2422,17.7682,17.0668,17.3532,16422,17.379114285714298,18.266073999999985,17.61040400000007,16.603490000000093,45.6682350949292,17.98497342965536,17.342125000000028,16.699276570344697,-0.17801474005968743,-0.2422717091070911,Bullish,21.0238,13.747,395354.95238095237,17.72533333333333,18.097466666666666,18.42673333333333,17.023933333333332,16.694666666666667,16.322533333333332
2466,2010-06-16,17.3532,18.2066,17.2597,17.5403,38978,17.351561904761915,18.223173999999986,17.636297000000067,16.607903000000093,48.10684008355101,18.001916103818157,17.353525000000026,16.705133896181895,-0.16206466197503033,-0.22623029968067893,Bullish,21.0238,13.747,390752.6666666667,18.078033333333327,18.615766666666666,19.02493333333333,17.131133333333324,16.72196666666666,16.18423333333332
2467,2010-06-17,17.5403,17.5403,17.248,17.4351,73826,17.357409523809537,18.186117999999986,17.664586000000067,16.612140500000095,46.83399518091152,18.010388019225967,17.363170000000025,16.715951980774083,-0.1561132941084189,-0.21220689856622693,Bullish,21.0238,13.747,386363.2380952381,17.567599999999995,17.700099999999996,17.859899999999993,17.275299999999998,17.1155,16.983
2468,2010-06-18,17.4351,17.6221,17.1019,17.3708,16096,17.363533333333343,18.153037999999984,17.689836000000067,16.614420000000095,46.03229641653755,18.014288713326938,17.369015000000026,16.723741286673114,-0.15480081735698548,-0.20072568232437865,Bullish,21.0238,13.747,236537.66666666666,17.627966666666666,17.885133333333332,18.148166666666665,17.107766666666667,16.844733333333334,16.587566666666667
2469,2010-06-21,17.3708,17.3883,16.8038,16.9207,1180346,17.347666666666676,18.117967999999983,17.710526000000065,16.612082000000093,40.7710930911537,18.015791185138035,17.368140000000025,16.720488814862016,-0.18791382483256314,-0.19816331082601554,Bullish,21.0238,13.747,230720.7619047619,17.271399999999996,17.6221,17.8559,16.686899999999994,16.453099999999996,16.102399999999992
2470,2010-06-22,16.9207,17.2363,16.6577,16.8097,21202,17.34154761904763,18.090615999999986,17.730457000000065,16.607055500000094,39.56997188203668,18.008830702762925,17.37077000000003,16.732709297237133,-0.22057029707317355,-0.20264470807544716,Bearish,21.0238,13.747,273461.6666666667,17.14476666666667,17.479833333333335,17.72336666666667,16.566166666666668,16.322633333333332,15.987566666666666
2471,2010-06-23,16.8097,16.9149,16.5408,16.7278,6301,17.340152380952393,18.050285999999986,17.751323000000063,16.602379500000094,38.66487168372751,18.040240413241058,17.34417500000003,16.648109586759,-0.25017556396170804,-0.21215087925269932,Bearish,21.0238,13.747,267237.2380952381,16.914866666666665,17.10193333333333,17.288966666666663,16.540766666666666,16.353733333333334,16.166666666666668
2472,2010-06-24,16.7278,16.8038,16.7161,16.7746,43376,17.317052380952394,18.012411999999987,17.770728000000062,16.598697500000092,39.51623777819377,18.037487217979965,17.34534500000003,16.653202782020095,-0.26678623672096435,-0.22307795074635234,Bearish,21.0238,13.747,263846.38095238095,16.813566666666663,16.85253333333333,16.90126666666666,16.725866666666665,16.677133333333334,16.638166666666667
2473,2010-06-25,16.7746,16.8915,16.5408,16.8038,87904,17.319557142857157,17.979329999999987,17.790425000000063,16.592998500000093,40.075139931209804,18.046824877779294,17.31612000000003,16.585415122220766,-0.27443065285176615,-0.2333484911674351,Bearish,21.0238,13.747,262897.09523809527,16.949933333333338,17.09606666666667,17.300633333333337,16.599233333333338,16.39466666666667,16.248533333333338
2474,2010-06-28,16.8038,17.2363,16.5116,16.6577,16552,17.28476666666668,17.924973999999985,17.80942100000006,16.586569000000097,38.17440602703531,18.072053664346186,17.287190000000027,16.50232633565387,-0.2889471537764514,-0.24446822368923837,Bearish,21.0238,13.747,265861.1904761905,17.09213333333333,17.526566666666664,17.816833333333328,16.36743333333333,16.077166666666667,15.642733333333332
2475,2010-06-29,16.6577,16.7746,16.3655,16.4356,14655,17.24663809523811,17.866993999999988,17.82619600000006,16.579029000000094,35.42382317386023,18.117199338137254,17.264690000000027,16.4121806618628,-0.3147450145718409,-0.25852358186575886,Bearish,21.0238,13.747,256604.7142857143,16.684966666666664,16.93433333333333,17.094066666666663,16.275866666666666,16.116133333333334,15.866766666666667
2476,2010-06-30,16.4356,16.9441,16.1901,16.2427,35435,17.216023809523826,17.811817999999988,17.83987300000006,16.570524500000094,33.18720681450012,18.16971177498831,17.209455000000027,16.249198225011742,-0.34675821018564434,-0.27617050752973593,Bearish,21.0238,13.747,256806.90476190476,16.72783333333333,17.212966666666663,17.481833333333327,15.973833333333332,15.704966666666667,15.219833333333334
2477,2010-07-01,16.2427,16.9441,16.2427,16.3479,44226,17.168428571428585,17.740277999999986,17.85460200000006,16.560413000000093,35.57617712996128,18.147930362696428,17.14311500000003,16.138299637303632,-0.3594960903937725,-0.29283562410254327,Bearish,21.0238,13.747,256458.42857142858,16.780433333333335,17.212966666666667,17.481833333333334,16.079033333333335,15.810166666666667,15.377633333333335
2478,2010-07-02,16.3479,16.3655,16.0732,16.0732,10512,17.09216666666668,17.652721999999986,17.85916100000006,16.549717000000093,32.32583906114392,18.14494075754862,17.06508500000003,15.985229242451435,-0.38729247984009874,-0.3117269952500544,Bearish,21.0238,13.747,256576.0,16.268066666666662,16.462933333333332,16.560366666666663,15.975766666666662,15.87833333333333,15.68346666666666
2479,2010-07-05,16.0732,16.3655,16.0732,16.2193,5775,17.024809523809537,17.580127999999988,17.86278400000006,16.542001500000094,35.69108403631058,18.06513625169368,16.984715000000026,15.904293748306372,-0.39300198747081083,-0.32798199369420566,Bearish,21.0238,13.747,252217.33333333334,16.36546666666667,16.511633333333336,16.65776666666667,16.07316666666667,15.927033333333334,15.780866666666668
2480,2010-07-06,16.2193,16.3655,16.0732,16.1317,2890,16.94409523809525,17.511159999999986,17.86050500000006,16.537822500000093,34.58071746663373,17.999074354969174,16.907275000000027,15.81547564503088,-0.39998462749520414,-0.34238252045440537,Bearish,21.0238,13.747,252244.42857142858,16.307066666666664,16.482433333333333,16.599366666666665,16.014766666666663,15.897833333333331,15.722466666666662
2481,2010-07-07,16.1317,16.6577,16.1317,16.3655,11326,16.881476190476207,17.453997999999984,17.85781700000006,16.537706000000092,39.950323185362556,17.89813009934845,16.841815000000025,15.785499900651601,-0.38224641523516567,-0.35035529941055743,Bearish,21.0238,13.747,251633.95238095237,16.638233333333336,16.910966666666667,17.164233333333335,16.112233333333336,15.858966666666667,15.586233333333336
2482,2010-07-08,16.3655,16.9499,16.0732,16.6285,5312,16.831657142857154,17.411097999999985,17.861032000000062,16.53902100000009,45.38125400176494,17.807980470104507,16.796810000000026,15.785639529895544,-0.3430128140031137,-0.34888680232906866,Bullish,21.0238,13.747,249328.42857142858,17.027866666666668,17.427233333333334,17.904566666666668,16.15116666666667,15.673833333333334,15.274466666666669
2483,2010-07-09,16.6285,17.2422,16.3655,16.9499,53984,16.804100000000012,17.388067999999986,17.86687600000006,16.54252750000009,51.190774874409726,17.64291918977279,16.751510000000025,15.860100810227259,-0.28272651316315134,-0.33565474449588517,Bullish,21.0238,13.747,164925.2380952381,17.33956666666666,17.72923333333333,18.21626666666666,16.46286666666666,15.97583333333333,15.58616666666666
2484,2010-07-12,16.9499,17.5344,16.9499,17.0201,16276,16.764300000000013,17.348439999999986,17.87967600000006,16.546268500000092,52.382138676378176,17.612408349713515,16.740405000000024,15.868401650286534,-0.22667170181374274,-0.31385813595945666,Bullish,21.0238,13.747,86457.09523809524,17.386366666666667,17.752633333333335,17.97086666666667,16.801866666666665,16.58363333333333,16.217366666666663
2485,2010-07-13,17.0201,17.2422,16.9499,16.9499,3509,16.750380952380965,17.304251999999984,17.895457000000064,16.54834300000009,51.04048036947576,17.552368248295583,16.720240000000025,15.88811175170447,-0.18577096127715365,-0.28824070102299604,Bullish,21.0238,13.747,83013.33333333333,17.144766666666662,17.33963333333333,17.437066666666663,16.85246666666666,16.75503333333333,16.56016666666666
2486,2010-07-14,16.9499,17.5344,16.9499,16.9909,12644,16.733128571428583,17.263805999999985,17.91345900000006,16.54942450000009,51.81670359702659,17.447469082026423,16.692770000000024,15.938070917973626,-0.14833851827809497,-0.26026026447401585,Bullish,21.0238,13.747,81185.85714285714,17.3669,17.742900000000002,17.951400000000003,16.7824,16.5739,16.197899999999997
2487,2010-07-15,16.9909,17.5052,16.4239,17.2013,25893,16.716985714285727,17.21576199999998,17.93496800000006,16.54740800000009,55.69834982847611,17.395596526338906,16.681080000000026,15.966563473661147,-0.10053659264318426,-0.22831553010784952,Bullish,21.0238,13.747,81005.95238095238,17.663033333333328,18.124766666666662,18.744333333333326,16.58173333333333,15.962166666666665,15.50043333333333
2488,2010-07-16,17.2013,17.2422,16.9499,17.2305,14819,16.70724285714287,17.187589999999982,17.954899000000058,16.54618050000009,56.22541375432262,17.363678483852546,16.674065000000027,15.984451516147507,-0.0596098806198988,-0.19457440021025937,Bullish,21.0238,13.747,80382.85714285714,17.331833333333336,17.43316666666667,17.624133333333337,17.039533333333335,16.848566666666667,16.747233333333334
2489,2010-07-19,17.2305,17.2422,16.5408,16.9792,53585,16.688595238095253,17.153105999999983,17.97564800000006,16.545771500000093,50.64143550909931,17.371243731434966,16.676990000000025,15.982736268565082,-0.046912201620230576,-0.16504196049225361,Bullish,21.0238,13.747,77573.0,17.300666666666668,17.622133333333334,18.002066666666668,16.59926666666667,16.219333333333335,15.897866666666669
2490,2010-07-20,16.9792,17.1779,16.6577,17.0902,6699,16.69666666666668,17.13954599999998,17.99540300000006,16.54708650000009,52.86803339543802,17.40643624172499,16.691015000000025,15.975593758275062,-0.027574564778664268,-0.13754848134953573,Bullish,21.0238,13.747,79358.19047619047,17.292833333333334,17.49546666666667,17.813033333333337,16.77263333333333,16.455066666666664,16.25243333333333
2491,2010-07-21,17.0902,17.1136,16.7161,16.7863,33299,16.695552380952392,17.11184199999998,18.01434000000006,16.54603450000009,46.6617361710778,17.410416482245942,16.693940000000023,15.977463517754101,-0.03635248959192694,-0.11730928299801398,Bullish,21.0238,13.747,23470.238095238095,17.0279,17.2695,17.4254,16.630399999999998,16.4745,16.232899999999997
2492,2010-07-22,16.7863,16.8038,16.1901,16.3655,62392,16.67830000000001,17.07665799999998,18.02638100000006,16.54355050000009,39.71033054129672,17.402825990971962,16.67348500000002,15.94414400902808,-0.07638359889471502,-0.10912414617735419,Bullish,21.0238,13.747,24046.285714285714,16.716166666666666,17.06683333333333,17.329866666666664,16.10246666666667,15.839433333333336,15.48876666666667
2493,2010-07-23,16.3655,16.7746,16.2193,16.2486,18964,16.65325238095239,17.039017999999984,18.035441000000063,16.54042350000009,38.01598700068835,17.395101316353745,16.64572500000002,15.896348683646297,-0.11620189138100656,-0.11053969521808467,Bearish,21.0238,13.747,26717.285714285714,16.60903333333334,16.96946666666667,17.16433333333334,16.05373333333334,15.858866666666671,15.498433333333342
2494,2010-07-26,16.2486,16.2486,16.0791,16.2193,2867,16.625419047619054,17.009559999999983,18.03655100000006,16.539897500000095,37.58314550685565,17.395803635951918,16.623805000000022,15.851806364048128,-0.1484116431422784,-0.11811408480292342,Bearish,21.0238,13.747,25554.809523809523,16.285566666666664,16.35183333333333,16.455066666666664,16.116066666666665,16.012833333333333,15.946566666666666
2495,2010-07-27,16.2193,16.9207,16.2193,16.6577,9082,16.625419047619054,16.98033599999998,18.03468100000006,16.539430000000092,47.25917426155627,17.402134973271846,16.63491000000002,15.867685026728191,-0.13698382309037171,-0.12188803246041308,Bearish,21.0238,13.747,21505.428571428572,16.979166666666668,17.300633333333334,17.680566666666667,16.27776666666667,15.897833333333335,15.576366666666669
2496,2010-07-28,16.6577,16.8272,16.2778,16.3771,85298,16.62263333333334,16.96163199999998,18.033628000000057,16.540891000000094,42.69678581114989,17.39726283968635,16.641630000000017,15.885997160313686,-0.14885337919681874,-0.1272811018076942,Bearish,21.0238,13.747,21149.714285714286,16.71026666666667,17.043433333333336,17.25966666666667,16.160866666666667,15.944633333333332,15.611466666666665
2497,2010-07-29,16.3771,16.5876,16.2778,16.3012,66476,16.625419047619054,16.942811999999982,18.025738000000057,16.542644500000094,41.528913160791404,17.398822638675597,16.63929500000002,15.879767361324438,-0.16251125501586827,-0.134327132449329,Bearish,21.0238,13.747,24513.666666666668,16.49993333333334,16.698666666666668,16.809733333333337,16.19013333333334,16.07906666666667,15.88033333333334
2498,2010-07-30,16.3012,16.9499,16.1024,16.6109,206763,16.637942857142864,16.92995199999998,18.012411000000057,16.546735500000096,47.80273479560855,17.380364546467064,16.66618000000002,15.951995453532975,-0.1466544767542608,-0.13679260131031537,Bearish,21.0238,13.747,25991.809523809523,17.006400000000003,17.4019,17.853900000000003,16.158900000000003,15.706900000000001,15.311400000000003
2499,2010-08-02,16.6109,17.0084,16.4239,16.9207,47127,16.678300000000007,16.929601999999978,17.998325000000055,16.552405000000096,53.21101870816462,17.392738023042817,16.701250000000023,16.00976197695723,-0.10784640858058836,-0.13100336276436997,Bullish,21.0238,13.747,33731.666666666664,17.144766666666673,17.36883333333334,17.729266666666675,16.56026666666667,16.199833333333334,15.975766666666669
2500,2010-08-03,16.9207,17.0961,16.9207,17.0201,50835,16.716433333333345,16.934861999999978,17.986869000000056,16.558630000000097,54.82823622048313,17.398141274779103,16.745670000000022,16.09319872522094,-0.06828286333249167,-0.11845926287799431,Bullish,21.0238,13.747,35475.23809523809,17.1039,17.1877,17.2793,16.9285,16.8369,16.7531
2501,2010-08-04,17.0201,17.1837,16.8214,16.8214,57720,16.7492761904762,16.92609599999998,17.965711000000052,16.5655565000001,51.03110191830833,17.397656129237983,16.76846500000002,16.139273870762057,-0.05235834368417969,-0.10523907903923138,Bullish,21.0238,13.747,37620.95238095238,17.06293333333333,17.304466666666666,17.42523333333333,16.70063333333333,16.579866666666664,16.338333333333328
2502,2010-08-05,16.8214,16.8915,16.5116,16.5992,3073,16.76040476190477,16.923055999999978,17.938941000000053,16.5704365000001,47.10259612178562,17.397622692274663,16.76700000000002,16.13637730772538,-0.05701054802029759,-0.09559337283544463,Bullish,21.0238,13.747,40231.90476190476,16.82326666666667,17.047333333333334,17.203166666666668,16.44336666666667,16.287533333333336,16.06346666666667
2503,2010-08-06,16.5992,16.9207,16.3655,16.6343,10613,16.760680952380962,16.90797599999998,17.910009000000056,16.5759595000001,47.786387995025926,17.378531981721743,16.75122000000002,16.1239080182783,-0.057205744602494946,-0.08791584718885469,Bullish,21.0238,13.747,39838.90476190476,16.914833333333338,17.19536666666667,17.470033333333337,16.35963333333334,16.08496666666667,15.804433333333339
2504,2010-08-09,16.6343,16.6343,15.8044,15.857,26212,16.708638095238104,16.88038999999998,17.871726000000052,16.5767490000001,36.52590940629271,17.41795043723269,16.69306500000002,15.968179562767347,-0.11871359668709758,-0.09407539708850327,Bearish,21.0238,13.747,40091.333333333336,16.392733333333332,16.928466666666665,17.222633333333334,15.562833333333334,15.268666666666666,14.732933333333333
2505,2010-08-10,15.857,15.9563,15.5823,15.7751,31602,16.64935238095239,16.85817999999998,17.832624000000052,16.575434000000097,35.574704966716226,17.451023507107877,16.63432500000002,15.81762649289216,-0.1720839811216166,-0.10967711389512594,Bearish,21.0238,13.747,38768.857142857145,15.960166666666666,16.145233333333334,16.33416666666667,15.586166666666665,15.397233333333332,15.212166666666665
2506,2010-08-11,15.7751,15.781,15.6056,15.7751,20498,16.593409523809534,16.826733999999977,17.789197000000055,16.5742065000001,35.574704966716226,17.453557232169253,16.573535000000017,15.693512767830782,-0.21193731387092285,-0.13012915389028532,Bearish,21.0238,13.747,39498.666666666664,15.835533333333336,15.895966666666668,16.010933333333334,15.660133333333336,15.545166666666669,15.484733333333336
2507,2010-08-12,15.7751,15.781,15.7751,15.781,58,16.535795238095247,16.78885999999998,17.74097800000005,16.574060500000098,35.714574405099626,17.39754579538922,16.50252000000002,15.607494204610816,-0.24027553965603943,-0.15215843104343613,Bearish,21.0238,13.747,40307.666666666664,15.782966666666665,15.784933333333333,15.788866666666665,15.777066666666665,15.773133333333332,15.771166666666664
2508,2010-08-13,15.781,15.781,15.4303,15.4887,13895,16.454242857142866,16.745957999999977,17.685627000000053,16.5741190000001,32.00713008742272,17.348332848324652,16.41543000000002,15.482527151675384,-0.2830570494346212,-0.17833815472167314,Bearish,21.0238,13.747,39708.333333333336,15.703033333333336,15.917366666666668,16.053733333333334,15.352333333333336,15.215966666666668,15.001633333333336
2509,2010-08-16,15.4887,15.7751,14.7172,14.8984,19880,16.343190476190482,16.687391999999978,17.627179000000055,16.5712260000001,26.11194957918866,17.417608386943797,16.311390000000017,15.205171613056239,-0.36043906365505585,-0.2147583365083497,Bearish,21.0238,13.747,39137.0,15.54326666666667,16.188133333333333,16.60116666666667,14.48536666666667,14.072333333333335,13.42746666666667
2510,2010-08-17,14.8984,15.3718,14.612,14.9919,47285,16.248557142857152,16.63361999999998,17.577790000000054,16.5707585000001,28.36262841252905,17.392473423064867,16.20647500000002,15.02047657693517,-0.40949974073767414,-0.25370661735421457,Bearish,21.0238,13.747,39378.0,15.371800000000002,15.751700000000001,16.131600000000002,14.612000000000002,14.2321,13.852200000000002
2511,2010-08-18,14.9919,15.1965,14.9043,14.9101,4158,16.144742857142866,16.578327999999978,17.525070000000056,16.5711970000001,27.57135990251549,17.39339495479631,16.112665000000018,14.831935045203723,-0.44979628556607665,-0.292924550996587,Bearish,21.0238,13.747,39078.0,15.102966666666667,15.295833333333334,15.395166666666668,14.810766666666666,14.711433333333332,14.518566666666665
2512,2010-08-19,14.9101,15.4887,14.9043,15.0445,26453,16.06180000000001,16.528645999999977,17.472466000000054,16.5711675000001,30.97851837250807,17.40242803766861,16.04661500000002,14.690801962331433,-0.4655204014793135,-0.3274437210931323,Bearish,21.0238,13.747,38957.0,15.387366666666669,15.730233333333334,15.971766666666669,14.802966666666668,14.561433333333333,14.218566666666668
2513,2010-08-20,15.0445,15.6641,14.9043,15.1848,4582,16.005576190476198,16.47522399999998,17.422668000000055,16.5719855000001,34.44531846896041,17.39602890685045,15.99342500000002,14.59082109314959,-0.4613427669215433,-0.3542235302588145,Bearish,21.0238,13.747,38631.0,15.597833333333334,16.010866666666665,16.357633333333332,14.838033333333334,14.491266666666666,14.078233333333333
2514,2010-08-23,15.1848,15.9388,14.9627,15.6407,85780,15.976628571428577,16.443193999999977,17.37924100000005,16.5744990000001,44.24524919789789,17.37113248773884,15.964495000000019,14.557857512261197,-0.41644413281592385,-0.36666765077023633,Bearish,21.0238,13.747,35878.142857142855,16.06543333333333,16.490166666666667,17.041533333333334,15.089333333333332,14.537966666666666,14.113233333333332
2515,2010-08-24,15.6407,16.044,15.1965,15.5355,128557,15.944066666666675,16.406839999999978,17.33645700000005,16.576983000000098,42.66044537502092,17.289231262663556,15.90838500000002,14.527538737336483,-0.38491336099168016,-0.3703167928145251,Bearish,21.0238,13.747,39059.857142857145,15.9875,16.439500000000002,16.835,15.14,14.7445,14.2925
2516,2010-08-25,15.5355,15.8979,15.4361,15.7225,2890,15.899533333333343,16.370483999999976,17.29682900000005,16.5804895000001,46.33980042488045,17.241459995565524,15.875655000000023,14.509850004434524,-0.34090590886736827,-0.36443461602509375,Bullish,21.0238,13.747,45045.09523809524,15.934899999999999,16.1473,16.3967,15.473099999999999,15.2237,15.011299999999999
2517,2010-08-26,15.7225,15.781,15.3485,15.4946,152731,15.857509523809535,16.331673999999975,17.25889600000005,16.582798500000095,42.7402990667458,17.19611158264684,15.835325000000022,14.474538417353205,-0.320722225193137,-0.3556921378587024,Bullish,21.0238,13.747,44750.23809523809,15.734233333333334,15.973866666666668,16.166733333333333,15.301733333333333,15.108866666666666,14.869233333333332
2518,2010-08-27,15.4946,15.781,15.7342,15.7634,42042,15.83190000000001,16.299525999999975,17.22628200000005,16.585516000000094,47.88241742175205,17.10645252607735,15.792950000000022,14.479447473922693,-0.27981110863705005,-0.3405159320143719,Bullish,21.0238,13.747,47961.333333333336,15.784866666666671,15.806333333333336,15.831666666666672,15.73806666666667,15.712733333333334,15.69126666666667
2519,2010-08-30,15.7634,16.0732,15.4361,16.0265,216824,15.804071428571438,16.281641999999973,17.19980500000005,16.589783000000097,52.389277094141065,16.962257321792308,15.74824000000002,14.534222678207735,-0.22358147476960788,-0.31712904056541913,Bullish,21.0238,13.747,46797.80952380953,16.25443333333333,16.482366666666664,16.89153333333333,15.617333333333331,15.208166666666665,14.98023333333333
2520,2010-08-31,16.0265,16.5934,16.0265,16.3538,173829,15.7770761904762,16.272523999999972,17.18157000000005,16.597030500000095,57.33236347724217,16.81910501771088,15.714925000000019,14.610744982289159,-0.1508695795769448,-0.28387714836772426,Bullish,21.0238,13.747,47276.90476190476,16.622633333333333,16.891466666666666,17.189533333333333,16.055733333333333,15.757666666666665,15.488833333333332
2521,2010-09-01,16.3538,16.3655,15.8979,15.8979,2282,15.723638095238103,16.255925999999974,17.15310600000005,16.602291000000093,49.60660387462494,16.654916098591837,15.66875000000002,14.682583901408204,-0.12855035024278472,-0.25281178874273635,Bullish,21.0238,13.747,53310.333333333336,16.209633333333336,16.52136666666667,16.677233333333337,15.742033333333335,15.586166666666667,15.274433333333334
2522,2010-09-02,15.8979,16.2486,15.3718,15.781,6973,15.674095238095246,16.236053999999974,17.12423300000005,16.606674500000093,47.826918042622104,16.51958078835272,15.62784000000002,14.73609921164732,-0.11892416942265704,-0.2260342648787205,Bullish,21.0238,13.747,50998.28571428572,16.229133333333333,16.677266666666668,17.105933333333333,15.352333333333334,14.923666666666668,14.475533333333335
2523,2010-09-03,15.781,15.781,15.2842,15.4654,4669,15.62010476190477,16.209285999999974,17.094308000000048,16.60948000000009,43.30946324726678,16.333740056837616,15.56939500000002,14.805049943162425,-0.13520309704879274,-0.20786803131273496,Bullish,21.0238,13.747,48581.76190476191,15.736199999999998,16.006999999999998,16.232999999999997,15.239399999999998,15.013399999999999,14.742599999999998
2524,2010-09-06,15.4654,16.2369,14.9335,16.0089,267341,15.590323809523817,16.196309999999976,17.060642000000048,16.61500300000009,51.759861926921715,16.355502833299614,15.57699000000002,14.798477166700424,-0.10306034123395769,-0.1869064932969795,Bullish,21.0238,13.747,48657.76190476191,16.51936666666667,17.029833333333332,17.822766666666666,15.21596666666667,14.423033333333336,13.912566666666672
2525,2010-09-07,16.0089,16.646,15.2257,16.3655,151178,15.614538095238101,16.194907999999977,17.03095100000005,16.624150500000088,56.35661840861197,16.454505636552565,15.60651000000002,14.758514363447473,-0.04825606996895537,-0.15917640863137467,Bullish,21.0238,13.747,60882.90476190476,16.932433333333332,17.499366666666667,18.352733333333333,15.512133333333331,14.658766666666665,14.09183333333333
2526,2010-09-08,16.3655,16.798,16.1375,16.6635,230580,15.656842857142863,16.203323999999974,17.00757100000005,16.63440800000009,59.80367864871258,16.614758360452264,15.65093000000002,14.687101639547778,0.01900375589358383,-0.12354037572638296,Bullish,21.0238,13.747,66833.66666666667,16.928500000000003,17.1935,17.589000000000002,16.268000000000004,15.872500000000002,15.607500000000005
2527,2010-09-09,16.6635,16.8915,15.8394,16.6577,176499,15.698871428571433,16.209519999999976,16.974899000000047,16.64469500000009,59.70483781146354,16.753354913570114,15.694765000000018,14.636175086429922,0.07102095557627308,-0.08462810946585175,Bullish,21.0238,13.747,76308.80952380953,17.086333333333336,17.514966666666666,18.138433333333335,16.034233333333333,15.410766666666666,14.982133333333332
2528,2010-09-10,16.6635,16.8915,15.8394,16.6577,176499,15.74061904761905,16.221209999999974,16.936966000000048,16.65466050000009,59.70483781146355,16.88630952435025,15.753215000000017,14.620120475649784,0.11096581623278468,-0.045509324326124465,Bullish,21.0238,13.747,83737.42857142857,17.086333333333336,17.514966666666666,18.138433333333335,16.034233333333333,15.410766666666666,14.982133333333332
2529,2010-09-13,16.6635,16.8915,15.8394,16.6577,176499,15.796285714285716,16.229977999999974,16.90505300000005,16.66561950000009,59.70483781146355,16.96831296571989,15.841180000000017,14.714047034280146,0.14099707952511764,-0.008208043555876038,Bullish,21.0238,13.747,92139.38095238095,17.086333333333336,17.514966666666666,18.138433333333335,16.034233333333333,15.410766666666666,14.982133333333332
2530,2010-09-14,16.6577,17.4467,16.1375,16.6986,88843,15.882009523809526,16.241315999999973,16.876238000000047,16.68037750000009,60.282979835144715,17.041897885431055,15.926515000000018,14.81113211456898,0.16618172079945026,0.02666990931518922,Bullish,21.0238,13.747,99882.42857142857,17.38436666666666,18.07013333333333,18.693566666666662,16.07516666666666,15.45173333333333,14.76596666666666
2531,2010-09-15,16.6986,17.1837,16.4239,16.8038,777122,15.96829047619048,16.250081999999974,16.85204000000005,16.695515500000095,61.80111160980991,17.096152970139904,16.021200000000018,14.94624702986013,0.19241149136139768,0.059818225724430914,Bullish,21.0238,13.747,103166.38095238095,17.183699999999998,17.5636,17.9435,16.423899999999996,16.043999999999997,15.664099999999994
2532,2010-09-16,16.8038,16.9324,16.5992,16.8038,588605,16.05846666666667,16.253587999999976,16.832343000000048,16.709981500000094,61.8011116098099,17.13691813043191,16.10916500000002,15.081411869568129,0.2107691578545321,0.09000841215045116,Bullish,21.0238,13.747,137920.52380952382,16.957733333333326,17.111666666666665,17.290933333333328,16.624533333333325,16.44526666666666,16.291333333333323
2533,2010-09-17,16.8038,17.0084,16.3947,16.9499,557701,16.149200000000008,16.253587999999976,16.82082800000005,16.724885500000095,64.01645283054889,17.195216399278173,16.19742000000002,15.199623600721864,0.23440471812288877,0.11888767334493869,Bullish,21.0238,13.747,165751.33333333334,17.173966666666665,17.398033333333334,17.787666666666667,16.560266666666664,16.17063333333333,15.946566666666662
2534,2010-09-20,16.909000000000002,17.5344,16.5116,17.2656,751446,16.24828571428572,16.258497999999975,16.803469000000046,16.740433000000095,68.2952637686137,17.344220688414374,16.27866500000002,15.213109311585667,0.27543537396706697,0.15019721346936435,Bullish,21.0238,13.747,191048.85714285713,17.69613333333333,18.126666666666665,18.71893333333333,16.67333333333333,16.081066666666665,15.650533333333328
2535,2010-09-21,17.2656,18.0605,16.833,17.4058,11176188,16.332338095238104,16.267615999999975,16.785934000000044,16.756506000000094,70.00126812558003,17.487552817676665,16.37218000000002,15.256807182323376,0.315627080124564,0.18328318680040429,Bullish,21.0238,13.747,226613.80952380953,18.0332,18.660600000000002,19.260700000000003,16.805699999999998,16.205599999999997,15.578199999999995
2536,2010-09-22,17.4058,18.0312,17.2539,17.7916,901878,16.439771428571436,16.283629999999974,16.773718000000045,16.774157500000094,74.12700551222017,17.70842800010685,16.47563500000002,15.242841999893185,0.3742954871696149,0.2214856468742464,Bullish,21.0238,13.747,754728.4761904762,18.130566666666667,18.46953333333333,18.907866666666663,17.35326666666667,16.914933333333337,16.575966666666673
2537,2010-09-23,17.7916,17.7974,17.3649,17.5344,311108,16.52605238095239,16.290291999999976,16.753027000000046,16.790932000000094,67.46547961328653,17.806397343240313,16.57762500000002,15.348852656759725,0.395477908789875,0.2562840992573721,Bullish,21.0238,13.747,791553.2857142857,17.766233333333332,17.998066666666666,18.198733333333333,17.33373333333333,17.133066666666664,16.90123333333333
2538,2010-09-24,17.5344,18.2066,17.248,18.1131,867404,16.650742857142866,16.307943999999978,16.747767000000046,16.810600000000093,73.2831566689946,18.034369047239213,16.69511000000002,15.355850952760829,0.45373105497338173,0.29577349040057405,Bullish,21.0238,13.747,806230.3333333334,18.463800000000003,18.814500000000002,19.422400000000003,17.505200000000002,16.8973,16.5466
2539,2010-09-27,18.1131,18.6449,18.0195,18.1189,608850,16.762909523809533,16.33073799999998,16.74192200000004,16.830998500000092,73.3346216888602,18.23704038555087,16.799730000000018,15.362419614449166,0.49466293810891315,0.3355513799422419,Bullish,21.0238,13.747,840262.380952381,18.502700000000004,18.8865,19.128100000000003,17.877300000000005,17.635700000000003,17.251900000000006
2540,2010-09-28,18.1189,18.6449,18.1189,18.3936,719980,16.875628571428578,16.356805999999978,16.748176000000043,16.85230300000009,75.72016887825552,18.480506529715903,16.90172000000002,15.322933470284136,0.5430082831511811,0.37704276058402975,Bullish,21.0238,13.747,867253.2380952381,18.6527,18.9118,19.1787,18.1267,17.8598,17.6007
2541,2010-09-29,18.2066,18.417,18.154,18.2066,348777,16.96385714285715,16.385211999999978,16.748527000000045,16.87220450000009,71.05968338014063,18.622856527031814,17.01715500000002,15.411453472968228,0.5597801827352775,0.4135902450142793,Bullish,21.0238,13.747,891213.0476190476,18.364400000000007,18.522200000000005,18.62740000000001,18.101400000000005,17.9962,17.838400000000004
2542,2010-09-30,18.2066,18.3819,17.9143,18.0371,259006,17.065723809523817,16.41864399999998,16.747651000000044,16.89111250000009,67.03235673823511,18.688747748736894,17.12996000000002,15.571172251263143,0.5530199310392234,0.44147618221926815,Bullish,21.0238,13.747,899543.9047619047,18.307899999999993,18.578699999999998,18.775499999999994,17.840299999999992,17.643499999999996,17.37269999999999
2543,2010-10-01,18.0371,18.0371,17.6572,17.926,585356,17.167866666666676,16.45219199999998,16.745605000000044,16.90946500000009,64.4538316165311,18.646495529092814,17.25299000000002,15.859484470907221,0.5325585380461426,0.45969265338464305,Bullish,21.0238,13.747,911768.8571428572,18.08966666666667,18.253333333333334,18.46956666666667,17.70976666666667,17.493533333333335,17.32986666666667
2544,2010-10-04,17.926,18.265,17.8851,18.0897,1721683,17.29283333333334,16.48959999999998,16.749580000000044,16.928636000000086,66.49871101355922,18.671953994918375,17.35703000000002,16.042106005081664,0.5235171784299553,0.4724575583937055,Bullish,21.0238,13.747,939310.9047619047,18.274766666666665,18.459833333333332,18.654666666666664,17.894866666666665,17.700033333333334,17.514966666666666
2545,2010-10-05,18.0897,18.1189,17.8267,18.1131,830224,17.393033333333342,16.518707999999982,16.749522000000045,16.947369000000087,66.79278675312467,18.715703072274053,17.44441000000002,16.173116927725985,0.5123341510562476,0.48043287692621395,Bullish,21.0238,13.747,1021073.4761904762,18.212433333333333,18.311766666666667,18.504633333333334,17.920233333333332,17.727366666666665,17.62803333333333
2546,2010-10-06,18.1131,18.3293,17.8559,18.2416,1760989,17.482371428571437,16.555997999999978,16.758815000000045,16.965487500000087,68.43157395446627,18.786810299995974,17.523315000000018,16.259819700004062,0.5079846663497101,0.48594323481091317,Bullish,21.0238,13.747,1047877.4285714285,18.42863333333333,18.615666666666666,18.902033333333332,17.95523333333333,17.668866666666663,17.481833333333327
2547,2010-10-07,18.2416,19.1534,18.154,19.1417,9066772,17.60038095238096,16.61280799999998,16.777810000000045,16.988720500000085,76.99553362459349,19.029069902677325,17.64751500000002,16.265960097322715,0.5705908003676683,0.5028727479222642,Bullish,21.0238,13.747,1124535.0952380951,19.478733333333334,19.81576666666667,20.478133333333336,18.479333333333333,17.816966666666666,17.47993333333333
2548,2010-10-08,19.1417,19.5217,18.9781,19.0424,3084281,17.713938095238102,16.66143799999998,16.795695000000045,17.011457000000085,74.59142675901774,19.196791990296568,17.766750000000023,16.33670800970348,0.6052173634829607,0.5233416710344035,Bullish,21.0238,13.747,1545306.142857143,19.383366666666664,19.72433333333333,19.92696666666666,18.839766666666666,18.637133333333335,18.296166666666668
2549,2010-10-11,19.0424,19.2762,18.8787,18.943,510382,17.822761904761915,16.70188399999998,16.815743000000044,17.033170500000086,72.16246101140084,19.303515813747186,17.881015000000023,16.45851418625286,0.6175200284481264,0.5421773425171481,Bullish,21.0238,13.747,1683771.9523809524,19.186566666666668,19.430133333333334,19.58406666666667,18.789066666666667,18.635133333333332,18.391566666666666
2550,2010-10-12,18.943,19.2879,18.8495,18.9956,545495,17.934090476190487,16.74139399999998,16.838128000000044,17.054650000000084,72.66964070910946,19.38855497738594,17.995865000000023,16.603175022614106,0.6243176146351033,0.5586053969407392,Bullish,21.0238,13.747,1699671.142857143,19.23916666666667,19.482733333333336,19.67756666666667,18.800766666666668,18.605933333333333,18.362366666666667
2551,2010-10-13,18.9956,19.1417,18.8203,18.9079,171134,18.03929523809525,16.78312399999998,16.854610000000044,17.072038000000088,70.367654948496,19.434288204350317,18.10107000000002,16.767851795649726,0.6155326167515653,0.5699908409029044,Bullish,21.0238,13.747,1717242.380952381,19.092966666666666,19.278033333333333,19.414366666666666,18.771566666666665,18.635233333333332,18.450166666666664
2552,2010-10-14,18.9079,19.1651,18.3527,18.7209,338342,18.130585714285726,16.82555799999998,16.874307000000044,17.088169500000085,65.59615729013862,19.41387775648282,18.19692500000002,16.979972243517224,0.5867177880194276,0.5733362303262091,Bullish,21.0238,13.747,1721161.0,19.139766666666667,19.558633333333333,19.952166666666667,18.327366666666666,17.933833333333332,17.514966666666666
2553,2010-10-15,18.7209,18.9956,18.4696,18.7034,854795,18.221042857142866,16.86693999999998,16.887458000000045,17.103950500000085,65.15092836534481,19.37570746675639,18.28460000000002,17.19349253324365,0.5560598135082735,0.5698809469626219,Bearish,21.0238,13.747,1700266.7142857143,18.97613333333333,19.248866666666665,19.50213333333333,18.45013333333333,18.196866666666665,17.92413333333333
2554,2010-10-18,18.7034,18.7034,18.265,18.4228,331867,18.291180952380962,16.91825599999998,16.899323000000045,17.118942500000085,58.31609813091689,19.329005505088983,18.34246000000002,17.355914494911058,0.5033191233527177,0.5565685822406411,Bearish,21.0238,13.747,1712942.4285714286,18.662466666666667,18.90213333333333,19.100866666666665,18.22406666666667,18.025333333333336,17.78566666666667
2555,2010-10-19,18.4228,18.6332,17.8267,17.8559,120585,18.319290476190485,16.959871999999983,16.909026000000043,17.131363000000086,47.47901718038196,19.283184945934224,18.36496500000002,17.446745054065815,0.411039447323688,0.5274627552572505,Bearish,21.0238,13.747,1702188.4285714286,18.38383333333333,18.911766666666665,19.19033333333333,17.577333333333332,17.298766666666666,16.770833333333332
2556,2010-10-20,17.8559,18.7443,17.3591,18.6566,585423,18.37885238095239,17.017501999999983,16.922118000000044,17.148488000000086,59.053232070479055,19.295292408748203,18.40821500000002,17.521137591251836,0.39792984989554725,0.5015561741849098,Bearish,21.0238,13.747,1672147.4285714286,19.147566666666666,19.63853333333333,20.532766666666664,17.76236666666667,16.868133333333336,16.37716666666667
2557,2010-10-21,18.6566,18.7268,18.4521,18.4521,74048,18.410304761904772,17.070923999999984,16.92989200000004,17.164795000000083,55.678389424900075,19.245402245675596,18.45410000000002,17.662797754324448,0.36681059436186914,0.4746070582203017,Bearish,21.0238,13.747,1167825.2857142857,18.635233333333332,18.818366666666666,18.90993333333333,18.360533333333333,18.268966666666667,18.085833333333333
2558,2010-10-22,18.4521,18.7034,18.4404,18.5222,157877,18.45734285714287,17.131593999999986,16.938776000000043,17.18139450000008,56.59412019744312,19.250542717628903,18.474555000000024,17.698567282371144,0.34384125632993445,0.4484538978422282,Bearish,21.0238,13.747,1128404.8095238095,18.670266666666667,18.81833333333333,18.933266666666665,18.40726666666667,18.292333333333335,18.14426666666667
2559,2010-10-25,18.5222,18.9839,17.8267,18.1481,665151,18.459009523809534,17.196587999999984,16.941990000000043,17.196795500000082,50.58725652250712,19.249426203119604,18.476015000000025,17.702603796880446,0.29208418230115285,0.41717995473401315,Bearish,21.0238,13.747,1121108.0952380951,18.812433333333328,19.476766666666663,19.969633333333327,17.655233333333328,17.162366666666664,16.49803333333333
2560,2010-10-26,18.1481,18.4637,17.7098,17.9319,506998,18.450104761904772,17.255387999999986,16.94450400000004,17.21117400000008,47.45260554837306,19.26156279701657,18.452930000000023,17.644297202983477,0.23095844985921943,0.3799356537590544,Bearish,21.0238,13.747,1111477.0,18.360466666666667,18.789033333333332,19.114366666666665,17.60656666666667,17.281233333333336,16.85266666666667
2561,2010-10-27,17.9319,18.8261,17.9319,18.8261,2309314,18.47070000000001,17.333707999999984,16.956018000000043,17.230111000000083,58.818710567935305,19.29984903846752,18.483905000000025,17.66796096153253,0.2517681073493385,0.3543021444771112,Bearish,21.0238,13.747,1106626.9047619049,19.124166666666667,19.422233333333335,20.01836666666667,18.229966666666666,17.63383333333333,17.335766666666665
2562,2010-10-28,18.8261,19.2703,18.7092,18.8144,941935,18.499642857142867,17.409105999999984,16.96887600000004,17.249954000000084,58.63998355486696,19.323795073522113,18.522770000000023,17.721744926477932,0.2642694845014333,0.33629561248197565,Bearish,21.0238,13.747,1182309.4761904762,19.153399999999994,19.492399999999996,19.714499999999994,18.592299999999994,18.370199999999997,18.031199999999995
2563,2010-10-29,18.8846,19.1417,18.4111,18.5923,212823,18.526080952380966,17.477255999999983,16.97624000000004,17.268394000000082,55.21038822629004,19.309040250403857,18.556085000000024,17.80312974959619,0.2533350137858221,0.31970349274274495,Bearish,21.0238,13.747,1210555.0952380951,19.018966666666667,19.445633333333333,19.749566666666666,18.28836666666667,17.984433333333335,17.55776666666667
2564,2010-11-01,18.5923,18.8495,18.265,18.3059,69894,18.544171428571442,17.530559999999983,16.986877000000042,17.28610350000008,51.063089969257746,19.298666615950562,18.566895000000024,17.835123384049485,0.21903438842418055,0.29956967187903205,Bearish,21.0238,13.747,1208355.9047619049,18.681933333333333,19.057966666666665,19.26643333333333,18.097433333333335,17.88896666666667,17.512933333333336
2565,2010-11-02,18.3059,18.8086,18.3059,18.5923,267967,18.568104761904777,17.591695999999985,16.999268000000043,17.30483600000008,54.72562365834078,19.29237939295474,18.590855000000026,17.889330607045313,0.2125112843553829,0.2821579943743022,Bearish,21.0238,13.747,1183810.0952380951,18.831966666666666,19.07163333333333,19.334666666666664,18.32926666666667,18.066233333333336,17.826566666666672
2566,2010-11-03,18.5923,19.434,18.5923,19.0833,2866351,18.614304761904776,17.658911999999983,17.014698000000045,17.32549750000008,60.222052574443296,19.346492023058353,18.632940000000026,17.9193879769417,0.24414690043418474,0.27455577558627875,Bearish,21.0238,13.747,1114585.5238095238,19.480766666666668,19.878233333333334,20.322466666666667,18.63906666666667,18.194833333333335,17.79736666666667
2567,2010-11-04,19.0833,19.8139,19.0833,19.773,1461986,18.687228571428587,17.744479999999985,17.038077000000044,17.35133150000008,66.39383385105371,19.509106151970904,18.664505000000027,17.81990384802915,0.3211691420864149,0.283878448886306,Bullish,21.0238,13.747,1211543.9523809524,20.030166666666666,20.287333333333333,20.760766666666665,19.299566666666667,18.826133333333335,18.568966666666668
2568,2010-11-05,19.773,20.2523,19.697,20.1003,3510881,18.732876190476208,17.831217999999982,17.065372000000046,17.37760400000008,68.86281601574731,19.759465310817923,18.71740000000003,17.675334689182137,0.40396355771609294,0.30789547065226336,Bullish,21.0238,13.747,1197305.7142857143,20.336066666666664,20.571833333333334,20.891366666666666,19.78076666666666,19.46123333333333,19.22546666666666
2569,2010-11-08,20.0068,20.2523,19.9366,20.0068,1615216,18.778800000000018,17.91082399999998,17.096233000000048,17.403379500000078,67.34077148457627,19.95250150582865,18.77059000000003,17.58867849417141,0.4567687146029833,0.3376701194424073,Bullish,21.0238,13.747,932739.4761904762,20.193866666666672,20.38093333333334,20.509566666666675,19.87816666666667,19.749533333333332,19.562466666666666
2570,2010-11-09,20.0068,20.2523,19.9366,20.0068,1615216,18.82945714285716,17.983883999999982,17.128204000000046,17.429330500000077,67.34077148457627,20.118149107945147,18.821150000000028,17.52415089205491,0.49293493478954176,0.3687230825118342,Bullish,21.0238,13.747,862784.0,20.193866666666672,20.38093333333334,20.509566666666675,19.87816666666667,19.749533333333332,19.562466666666666
2571,2010-11-10,20.0068,20.3107,19.7028,19.7554,1294284,18.86563809523811,18.06103399999998,17.158480000000047,17.454901500000076,62.99869786310066,20.22296739433304,18.86352500000003,17.504082605667023,0.4955980994965117,0.3940980859087697,Bullish,21.0238,13.747,915395.1428571428,20.143133333333335,20.530866666666668,20.751033333333336,19.535233333333334,19.315066666666667,18.927333333333333
2572,2010-11-11,19.7554,19.96,19.4924,19.621,528592,18.899595238095255,18.137833999999984,17.18694400000005,17.47883600000008,60.7437356391479,20.305192851374652,18.90853000000003,17.51186714862541,0.4813154154407542,0.4115415518151666,Bullish,21.0238,13.747,951051.7619047619,19.889866666666673,20.158733333333338,20.357466666666674,19.422266666666673,19.223533333333336,18.95466666666667
2573,2010-11-12,19.621,19.8723,19.4048,19.5041,1565339,18.936890476190495,18.218607999999982,17.21394700000005,17.50218600000008,58.773188291951975,20.36517397113846,18.94856500000003,17.5319560288616,0.45531484627523966,0.4202962107071812,Bullish,21.0238,13.747,968073.5714285715,19.78266666666667,20.061233333333334,20.25016666666667,19.315166666666673,19.12623333333334,18.847666666666676
2574,2010-11-15,19.5041,19.5217,18.5339,18.5456,802553,18.92937619047621,18.26934199999998,17.23282600000005,17.52112350000008,45.68636420870095,20.36318665409086,18.95470500000003,17.546223345909198,0.35329371833901035,0.40689571223354704,Bearish,21.0238,13.747,1026502.0,19.20023333333334,19.85486666666667,20.18803333333334,18.21243333333334,17.87926666666667,17.22463333333334
2575,2010-11-16,18.5456,18.5456,17.9436,18.078,783612,18.91295714285716,18.30359199999998,17.24925000000005,17.537723000000078,40.90158186194945,20.34260887115395,18.965810000000026,17.589011128846103,0.2320350714563304,0.3719235840781037,Bearish,21.0238,13.747,1024014.2857142857,18.43453333333333,18.791066666666666,19.03653333333333,17.83253333333333,17.587066666666665,17.23053333333333
2576,2010-11-17,18.5456,18.5456,17.9436,18.078,783612,18.923533333333346,18.33188199999998,17.26760300000005,17.553738000000077,40.90158186194945,20.36192263319073,18.936880000000023,17.511837366809317,0.13438758376812032,0.32441638401610706,Bearish,21.0238,13.747,1045525.9523809524,18.43453333333333,18.791066666666666,19.03653333333333,17.83253333333333,17.587066666666665,17.23053333333333
2577,2010-11-18,18.5456,18.5456,17.9436,18.078,783612,18.895980952380963,18.36028799999998,17.28490400000005,17.569753000000077,40.90158186194945,20.377585716525832,18.918175000000026,17.45876428347422,0.056351659411053134,0.2708034390950963,Bearish,21.0238,13.747,1077098.6666666667,18.43453333333333,18.791066666666666,19.03653333333333,17.83253333333333,17.587066666666665,17.23053333333333
2578,2010-11-19,18.5456,18.5456,17.9436,18.078,783612,18.87816666666668,18.38869399999998,17.30495200000005,17.58205650000008,40.90158186194945,20.391868094826197,18.895965000000025,17.400061905173853,-0.005429781716689064,0.21555679493273922,Bearish,21.0238,13.747,1086536.238095238,18.43453333333333,18.791066666666666,19.03653333333333,17.83253333333333,17.587066666666665,17.23053333333333
2579,2010-11-22,18.078,18.1189,17.476,17.5344,1324035,18.831128571428582,18.40622799999998,17.31810300000005,17.590443500000077,35.14593237933257,20.444162905858033,18.865280000000023,17.286397094142014,-0.0971362694182929,0.1530181820625328,Bearish,21.0238,13.747,1120325.0,17.943533333333335,18.352666666666668,18.586433333333336,17.300633333333334,17.066866666666666,16.657733333333333
2580,2010-11-23,17.597,18.3172,17.597,18.1106,1099202,18.82934285714287,18.434467999999978,17.33789200000005,17.599198500000078,44.12177669500817,20.433772831281246,18.874215000000024,17.314657168718803,-0.12191444332218637,0.09803165698558894,Bearish,21.0238,13.747,1175856.3333333333,18.419533333333334,18.728466666666666,19.139733333333332,17.699333333333335,17.28806666666667,16.979133333333337
2581,2010-11-24,18.1106,18.2546,17.7912,17.8663,386741,18.82621904761906,18.45571799999998,17.352900000000048,17.60535850000008,41.49928795185635,20.446633586594885,18.826225000000026,17.205816413405167,-0.1594265232375207,0.046540020940967014,Bearish,21.0238,13.747,1196525.4285714286,18.150199999999995,18.434099999999997,18.613599999999995,17.686799999999995,17.507299999999997,17.223399999999994
2582,2010-11-25,17.8663,17.9665,17.5094,17.572,446448,18.766500000000015,18.471081999999978,17.362335000000044,17.61168350000008,38.5283566829495,20.474332035779266,18.764105000000026,17.053877964220785,-0.21047642604027672,-0.004863268455281733,Bearish,21.0238,13.747,1190798.9047619049,17.855866666666664,18.139733333333332,18.312966666666664,17.398766666666663,17.22553333333333,16.941666666666663
2583,2010-11-26,17.572,17.7724,17.334,17.5282,536981,18.705252380952395,18.48264799999998,17.368118000000045,17.617497000000082,38.09129152220646,20.503423993705603,18.710900000000027,16.91837600629445,-0.25156821397930074,-0.05420425756008554,Bearish,21.0238,13.747,1102091.0,17.755733333333335,17.98326666666667,18.194133333333337,17.317333333333334,17.106466666666666,16.878933333333332
2584,2010-11-29,17.5282,17.8413,17.215,17.3027,149392,18.64384285714287,18.48338999999998,17.370944000000044,17.625310000000084,35.83727154834516,20.549358175706928,18.660740000000025,16.772121824293123,-0.29888436448446853,-0.10314027894496214,Bearish,21.0238,13.747,1082807.4761904762,17.691000000000006,18.079300000000003,18.317300000000007,17.064700000000006,16.826700000000002,16.438400000000005
2585,2010-11-30,17.3027,18.0667,17.3779,17.9665,829084,18.627680952380967,18.494603999999978,17.381110000000046,17.638283500000085,45.97227946177993,20.542149502276935,18.629450000000027,16.71675049772312,-0.27959662639609917,-0.13843154843518954,Bearish,21.0238,13.747,1079786.9523809524,18.229500000000005,18.492500000000003,18.918300000000006,17.540700000000005,17.114900000000002,16.851900000000004
2586,2010-12-01,17.9665,18.2984,17.8475,17.8538,683411,18.592514285714298,18.495847999999977,17.389739000000045,17.651599000000083,44.681822575167004,20.49733585362761,18.567975000000025,16.63861414637244,-0.27028917773546013,-0.16480307429524366,Bearish,21.0238,13.747,1115938.857142857,18.1523,18.4508,18.6032,17.7014,17.549,17.2505
2587,2010-12-02,17.8538,18.1606,17.5344,17.8663,620450,18.53456190476192,18.50248599999998,17.396389000000045,17.665678500000084,44.866678086127756,20.341899416349413,18.472640000000023,16.603380583650633,-0.258919647557061,-0.18362638894760713,Bearish,21.0238,13.747,1135721.9047619049,18.173133333333336,18.479966666666666,18.799333333333333,17.54693333333334,17.22756666666667,16.92073333333334
2588,2010-12-03,17.8663,17.6847,16.9771,17.1086,3574854,18.407685714285726,18.48239599999998,17.395170000000046,17.675034500000084,36.832101484447264,20.124968895254362,18.323055000000025,16.521141104745688,-0.307504549581882,-0.2084020210744621,Bearish,21.0238,13.747,1028774.2380952381,17.536500000000004,17.9644,18.244100000000003,16.828900000000004,16.549200000000003,16.121300000000005
2589,2010-12-06,17.1086,17.3152,16.7516,16.8205,156628,18.251504761904773,18.456427999999978,17.393583000000046,17.68461550000008,34.31579358396428,19.90440179070224,18.163740000000026,16.42307820929781,-0.36504765459184796,-0.23973114777793927,Bearish,21.0238,13.747,1129387.0,17.173266666666667,17.526033333333334,17.736866666666668,16.609666666666666,16.398833333333332,16.046066666666665
2590,2010-12-07,16.8205,17.2213,16.8831,16.9082,312412,18.103952380952393,18.42671999999998,17.391763000000047,17.693583000000082,35.75465823994098,19.611867190374355,18.008810000000025,16.405752809625696,-0.39897518524533027,-0.2715799552714175,Bearish,21.0238,13.747,969660.6666666666,17.125300000000003,17.3424,17.463500000000003,16.787100000000002,16.666,16.448900000000002
2591,2010-12-08,16.9082,17.2839,16.8143,17.0835,360076,17.964747619047632,18.404257999999977,17.394735000000047,17.704537500000082,38.64771361021468,19.310319962401927,17.875215000000026,16.440110037598124,-0.4070258125636421,-0.2986691267298624,Bearish,21.0238,13.7762,907622.380952381,17.30683333333334,17.53016666666667,17.77643333333334,16.83723333333334,16.59096666666667,16.36763333333334
2592,2010-12-09,17.0835,17.4405,16.6577,17.1587,268106,17.841095238095253,18.386689999999977,17.402667000000044,17.714524000000083,39.89804267175202,18.973583825521395,17.752100000000027,16.53061617447866,-0.40269595291202265,-0.31947449196629446,Bearish,21.0238,13.9106,847853.8095238095,17.513566666666662,17.868433333333332,18.296366666666664,16.73076666666666,16.30283333333333,15.947966666666659
2593,2010-12-10,17.1587,17.2777,16.8581,16.9145,117401,17.7122142857143,18.366459999999975,17.409326000000046,17.72238350000008,37.243689121224854,18.598005260505033,17.622620000000026,16.64723473949502,-0.4141948269409568,-0.3384185589612269,Bearish,21.0238,13.9691,798988.1904761905,17.17543333333333,17.436366666666665,17.59503333333333,16.75583333333333,16.597166666666666,16.336233333333332
2594,2010-12-13,16.9145,17.215,16.9082,16.9082,50827,17.588600000000014,18.342829999999974,17.416215000000047,17.72638300000008,37.17497635185128,18.466096632354862,17.540750000000028,16.615403367645193,-0.418986311414443,-0.35453210945187014,Bearish,21.0238,14.0392,779407.6666666666,17.11273333333333,17.317266666666665,17.41953333333333,16.805933333333332,16.703666666666667,16.499133333333333
2595,2010-12-14,16.9082,17.070999999999998,16.8456,16.9019,46814,17.510328571428587,18.318605999999974,17.41865700000005,17.72666900000008,37.101260971046266,18.41271491244346,17.48194500000003,16.551175087556604,-0.4184681147892313,-0.36731931051934236,Bearish,21.0238,14.0392,707288.0476190476,17.033399999999997,17.164899999999996,17.258799999999994,16.808,16.714100000000002,16.582600000000003
2596,2010-12-15,16.9019,17.1837,16.8518,17.0334,696370,17.460585714285735,18.294441999999975,17.42522000000005,17.72942400000008,39.78524674902164,18.33779151060359,17.429715000000034,16.521638489396477,-0.402803224387263,-0.37441609329292647,Bearish,21.0238,14.0392,671300.4761904762,17.19413333333333,17.354866666666666,17.52603333333333,16.86223333333333,16.691066666666664,16.530333333333328
2597,2010-12-16,16.9019,17.1837,16.8518,17.0334,696370,17.410842857142878,18.252275999999974,17.432542000000048,17.729140000000076,39.78524674902164,18.249866502044668,17.377485000000036,16.505103497955403,-0.38593981197105265,-0.3767208370285517,Bearish,21.0238,14.0392,667146.0952380953,17.19413333333333,17.354866666666666,17.52603333333333,16.86223333333333,16.691066666666664,16.530333333333328
2598,2010-12-17,16.9019,17.1837,16.8518,17.0334,696370,17.361100000000025,18.212095999999974,17.43676700000005,17.724589000000076,39.78524674902164,18.147247845412537,17.325255000000038,16.50326215458754,-0.36832956222079005,-0.37504258206699936,Bullish,21.0238,14.0392,662991.7142857143,17.19413333333333,17.354866666666666,17.52603333333333,16.86223333333333,16.691066666666664,16.530333333333328
2599,2010-12-20,17.0334,17.3466,16.9708,17.0272,181748,17.31106190476193,18.173779999999976,17.43783200000005,17.718078500000075,39.685524885240206,18.125799806808455,17.29989500000004,16.47399019319162,-0.35082945700652957,-0.3701999570549054,Bullish,21.0238,14.0392,658837.3333333334,17.258933333333335,17.490666666666666,17.634733333333333,16.883133333333337,16.73906666666667,16.50733333333334
2600,2010-12-21,17.0272,17.1524,16.7829,16.8268,161903,17.27736666666669,18.130403999999977,17.435899000000052,17.711384000000077,36.50087079338357,17.996594336177996,17.23570500000004,16.47481566382208,-0.3491068166590985,-0.365981328975744,Bullish,21.0238,14.1327,630177.1428571428,17.0585,17.2902,17.427999999999997,16.689,16.5512,16.3195
2601,2010-12-22,16.8268,17.0334,16.689,16.7141,42241,17.210866666666693,18.086527999999976,17.43482600000005,17.700268500000078,34.809128632485695,17.913323724894386,17.178095000000035,16.442866275105683,-0.3527690577924929,-0.36333887473909376,Bullish,21.0238,14.2263,574837.5238095238,16.935333333333332,17.156566666666667,17.279733333333333,16.590933333333332,16.467766666666666,16.246533333333332
2602,2010-12-23,16.7141,17.5344,16.5011,17.1148,1331490,17.175080952380977,18.054405999999975,17.43998200000005,17.68946150000008,44.63452515302681,17.868144518178504,17.155235000000037,16.44232548182157,-0.31965350246631985,-0.35460180028453897,Bullish,21.0238,14.2555,524506.0476190476,17.5991,18.0834,18.6324,16.5658,16.0168,15.532499999999999
2603,2010-12-24,17.1148,17.2213,16.9833,17.0773,48997,17.15152380952383,18.021883999999975,17.44441200000005,17.677210500000076,43.96666818039122,17.825222358529235,17.132690000000032,16.44015764147083,-0.29305694484648015,-0.3422928291969272,Bullish,21.0238,14.2555,569494.0952380953,17.204633333333334,17.331966666666666,17.442633333333333,16.966633333333334,16.855966666666667,16.728633333333335
2604,2010-12-27,17.0773,17.4029,17.1148,17.1336,207179,17.132733333333356,17.996099999999974,17.45717800000005,17.664452000000075,45.290215164890654,17.812373507213344,17.124235000000034,16.436096492786724,-0.26438833765319814,-0.3267119308881814,Bullish,21.0238,14.2555,550567.8571428572,17.319400000000005,17.505200000000002,17.607500000000005,17.031300000000005,16.929000000000002,16.743200000000005
2605,2010-12-28,17.1336,17.2777,16.9458,16.9708,13420,17.116928571428595,17.978397999999974,17.469135000000048,17.650879500000077,42.18706416808649,17.64580524326784,17.074450000000034,16.503094756732228,-0.25190110024930945,-0.311749764760407,Bullish,21.0238,14.3665,534863.0,17.183733333333336,17.39666666666667,17.515633333333337,16.851833333333335,16.732866666666666,16.519933333333334
2606,2010-12-29,16.9708,17.1211,16.4385,16.6076,134367,17.05221904761907,17.937417999999976,17.47746000000005,17.633328500000076,36.223981494441894,17.49487094950463,17.012140000000034,16.52940905049544,-0.2682202037049599,-0.3030438525493176,Bullish,21.0238,14.4951,528388.1428571428,17.006300000000007,17.405,17.688900000000004,16.32370000000001,16.039800000000007,15.641100000000012
2607,2010-12-30,16.6076,16.9082,16.689,16.7454,106333,16.99943809523812,17.903283999999974,17.48710400000005,17.614041000000075,39.70617138425336,17.254050006519435,16.956095000000033,16.65813999348063,-0.2669565929798452,-0.2958264006354231,Bullish,21.0238,14.4951,495306.38095238095,16.87273333333333,17.000066666666665,17.09193333333333,16.65353333333333,16.561666666666664,16.434333333333328
2608,2010-12-31,16.7454,16.7829,16.5951,16.7454,88361,16.94606190476193,17.867747999999978,17.49967100000005,17.592649000000073,39.70617138425336,17.240730252786566,16.93793500000003,16.635139747213497,-0.26292434420113864,-0.2892459893485662,Bullish,21.0238,14.4951,467826.4761904762,16.820500000000006,16.895600000000005,17.00830000000001,16.632700000000003,16.52,16.4449
2609,2011-01-03,16.7454,16.6577,16.2506,16.2757,133542,16.906400000000023,17.830299999999976,17.513444000000046,17.570311500000074,32.65734744300015,17.32743201288694,16.910695000000032,16.493957987113124,-0.29423783197621134,-0.29024435787409525,Bearish,21.0238,14.6003,442488.90476190473,16.538733333333333,16.801766666666666,16.945833333333333,16.131633333333333,15.987566666666666,15.724533333333333
2610,2011-01-04,16.2757,17.0835,16.1004,17.0585,289423,16.917733333333356,17.812831999999975,17.534110000000048,17.555950000000074,48.92946286830625,17.339887430757646,16.91821000000003,16.496532569242415,-0.2529724696122244,-0.2827899802217211,Bullish,21.0238,14.6062,278616.90476190473,17.394533333333328,17.730566666666665,18.37763333333333,16.411433333333328,15.764366666666664,15.428333333333327
2611,2011-01-05,17.0585,17.0647,16.8518,16.9207,81486,16.918328571428592,17.774723999999978,17.554216000000046,17.539643000000076,46.78629808228218,17.324899965661107,16.91007000000003,16.495240034338952,-0.22875177294969973,-0.2719823387673168,Bullish,21.0238,14.6062,284940.4761904762,17.039666666666665,17.15863333333333,17.252566666666663,16.826766666666668,16.732833333333335,16.61386666666667
2612,2011-01-06,16.9207,17.3966,16.7829,17.2651,264508,16.92697619047621,17.743737999999976,17.576422000000047,17.524444000000077,52.39816565173812,17.345292983951392,16.91539000000003,16.48548701604867,-0.17969508157080227,-0.2535248873280139,Bullish,21.0238,14.6062,273944.0,17.513499999999997,17.761899999999997,18.127199999999995,16.8998,16.5345,16.2861
2613,2011-01-07,17.2651,17.3779,17.1649,17.2088,78314,16.929361904761926,17.716067999999975,17.596662000000048,17.509665000000076,51.44308319794949,17.378622756515814,16.930105000000033,16.481587243484253,-0.14370371275176907,-0.23156065241276497,Bullish,21.0238,14.6062,269393.14285714284,17.336166666666667,17.463533333333334,17.549166666666668,17.123166666666666,17.037533333333332,16.910166666666665
2614,2011-01-10,17.2088,17.334,16.8456,16.9458,43764,16.930852380952405,17.688865999999976,17.60971300000005,17.494477000000074,47.12211021620842,17.38043493155335,16.931985000000033,16.483535068446717,-0.13484775469980548,-0.21221807287017308,Bullish,21.0238,14.6062,260355.42857142858,17.237999999999996,17.530199999999997,17.726399999999995,16.749599999999997,16.5534,16.2612
2615,2011-01-11,16.9458,17.1274,16.8518,16.9019,16153,16.930552380952403,17.655057999999975,17.62337700000005,17.47991700000007,46.421196837918124,17.38043493155335,16.931985000000033,16.483535068446717,-0.12987459377932353,-0.19574937705200318,Bullish,21.0238,14.6062,256848.90476190476,17.068933333333337,17.23596666666667,17.344533333333338,16.793333333333337,16.68476666666667,16.517733333333336
2616,2011-01-12,16.9019,17.1587,16.9082,16.9207,82807,16.931447619047642,17.611805999999973,17.635359000000047,17.466094000000073,46.786237796017375,17.372386767554207,16.92635000000003,16.480313232445855,-0.12299847518031726,-0.18119919667766599,Bullish,21.0238,14.6062,255197.7619047619,17.083533333333335,17.246366666666667,17.334033333333334,16.833033333333336,16.74536666666667,16.582533333333338
2617,2011-01-13,16.9207,16.9646,16.6765,16.8706,47209,16.923695238095263,17.553757999999974,17.64911900000005,17.454007500000074,45.88897126324597,17.362071951072917,16.91821000000003,16.474348048927144,-0.12020609194542331,-0.16900057573121746,Bullish,21.0238,14.6062,256911.7142857143,16.997966666666667,17.125333333333334,17.286066666666667,16.709866666666667,16.549133333333334,16.421766666666667
2618,2011-01-14,16.8706,17.2088,16.6953,16.8456,184644,16.914752380952407,17.488663999999975,17.65994100000005,17.443111500000075,45.42086365543212,17.35047760313873,16.90882000000003,16.46716239686133,-0.11864275930332013,-0.158929012445638,Bullish,21.0238,14.6062,225999.2857142857,17.137833333333337,17.43006666666667,17.651333333333337,16.624333333333336,16.403066666666668,16.110833333333336
2619,2011-01-17,16.8456,17.5344,16.9082,17.3215,331723,16.928471428571452,17.434957999999973,17.67289100000005,17.436348000000077,54.8604862949509,17.39835444474714,16.923535000000033,16.448715555252925,-0.07810233903611064,-0.14276367776373253,Bullish,21.0238,14.6062,201631.38095238095,17.601200000000006,17.880900000000004,18.227400000000006,16.975000000000005,16.628500000000003,16.348800000000004
2620,2011-01-18,17.3215,18.1857,17.4092,18.1606,1937251,16.982442857142882,17.398033999999974,17.69095900000005,17.436264500000078,66.01978293923439,17.70566731878639,16.99022500000003,16.274782681213672,0.021486905777642562,-0.1099135610554575,Bullish,21.0238,14.6062,184267.2380952381,18.427799999999998,18.695,19.2043,17.651299999999996,17.141999999999996,16.874799999999993
2621,2011-01-19,18.1606,18.4049,17.9164,18.0918,205081,17.042680952380977,17.364761999999974,17.71289800000005,17.43300200000008,64.60940632762042,17.907827639506824,17.059110000000032,16.21039236049324,0.09377948327243502,-0.069174952189879,Bullish,21.0238,14.6062,267862.61904761905,18.358999999999998,18.6262,18.8475,17.870499999999996,17.649199999999997,17.381999999999994
2622,2011-01-20,18.0918,18.1544,17.4655,17.5407,324178,17.082042857142884,17.323155999999976,17.730495000000047,17.42736400000008,54.5556687473485,17.954632220984237,17.080405000000034,16.20617777901583,0.1053878618421713,-0.034262389383468934,Bullish,21.0238,14.6062,269918.71428571426,17.974899999999998,18.4091,18.6638,17.285999999999998,17.031299999999998,16.597099999999998
2623,2011-01-21,17.5407,18.1481,17.4405,17.8538,365361,17.11723333333336,17.290149999999976,17.75437900000005,17.42434350000008,58.506173772076245,18.056177036075137,17.119230000000034,16.18228296392493,0.13825838223906572,0.000241764941037996,Bullish,21.0238,14.6062,283344.28571428574,18.18776666666667,18.521733333333334,18.895366666666668,17.48016666666667,17.106533333333335,16.77256666666667
2624,2011-01-24,17.8538,18.1293,17.7286,17.8976,225174,17.156295238095264,17.277189999999976,17.77326600000005,17.41695400000008,59.04256464864866,18.154005867864573,17.157430000000033,16.160854132135494,0.1659300619547004,0.033379424343770475,Bullish,21.0238,14.6062,237338.14285714287,18.108399999999996,18.3192,18.509099999999997,17.707699999999996,17.517799999999998,17.306999999999995
2625,2011-01-25,17.8976,17.9227,17.6284,17.7098,24171,17.183733333333358,17.269825999999977,17.786709000000048,17.408830000000076,55.716809306408166,18.21504577409557,17.194380000000034,16.173714225904497,0.17073801544182743,0.060851142563381866,Bullish,21.0238,14.6062,245727.52380952382,17.878866666666667,18.047933333333333,18.173166666666667,17.584566666666667,17.459333333333333,17.290266666666668
2626,2011-01-26,17.7223,17.8162,17.691,17.7223,18711,17.219519047619073,17.262711999999976,17.79729700000005,17.402434000000078,55.89488847386621,18.25818782133272,17.250115000000037,16.242042178667354,0.17355634919451646,0.08339218388960878,Bullish,21.0238,14.6062,237012.85714285713,17.795333333333335,17.868366666666667,17.920533333333335,17.670133333333336,17.617966666666668,17.544933333333336
2627,2011-01-27,17.7223,17.7849,17.3278,17.4029,49119,17.2573904761905,17.249209999999977,17.80474900000005,17.38982400000008,50.32591125767225,18.265644036581538,17.282990000000034,16.30033596341853,0.14830739302702511,0.09637522571709205,Bullish,21.0238,14.6062,237264.80952380953,17.682599999999997,17.9623,18.139699999999998,17.225499999999997,17.048099999999998,16.768399999999996
2628,2011-01-28,17.4029,17.5282,17.2526,17.3591,11477,17.28661428571431,17.23483199999998,17.81176300000005,17.37436450000008,49.59615928879258,18.2650953190545,17.313675000000035,16.362254680945572,0.12334131747668664,0.10176844406901096,Bullish,21.0238,14.6412,233205.38095238095,17.507333333333328,17.65556666666666,17.782933333333325,17.23173333333333,17.104366666666667,16.956133333333334
2629,2011-01-31,17.3591,17.4092,16.5387,16.6765,116553,17.283333333333356,17.217673999999977,17.81195100000005,17.35850200000008,39.88861389846301,18.21082057694626,17.333715000000034,16.456609423053806,0.04792298116258564,0.0909993514877259,Bearish,21.0238,14.6412,228688.42857142858,17.210900000000002,17.7453,18.081400000000002,16.340400000000002,16.0043,15.469900000000003
2630,2011-02-01,16.6765,16.8456,16.3571,16.57,165710,17.297347619047642,17.18686199999998,17.81066500000005,17.34345150000008,38.61855061452765,18.241186631397557,17.309290000000033,16.377393368602508,-0.020207316304727385,0.06875801792923524,Bearish,21.0238,14.6412,230030.90476190476,16.824700000000004,17.079400000000003,17.313200000000005,16.3362,16.1024,15.8477
2631,2011-02-02,16.57,16.8456,16.1567,16.3133,168021,17.26186190476193,17.15580199999998,17.80576000000005,17.32890000000008,35.670427131252055,18.295256933506785,17.278920000000035,16.262583066493285,-0.09383296456197243,0.0362398214309937,Bearish,21.0238,14.6412,231562.7142857143,16.72036666666667,17.127433333333336,17.40926666666667,16.03146666666667,15.749633333333335,15.34256666666667
2632,2011-02-03,16.3133,16.9082,16.1254,16.7767,224905,17.255004761904786,17.13989599999998,17.80548900000005,17.31891600000008,43.983815472303895,18.29419332209582,17.254500000000032,16.214806677904246,-0.11348117371437993,0.006295622401918971,Bearish,21.0238,14.7581,225781.66666666666,17.081466666666664,17.386233333333333,17.864266666666666,16.298666666666662,15.82063333333333,15.51586666666666
2633,2011-02-04,16.7767,17.1274,16.7829,16.8456,240567,17.235028571428593,17.126243999999982,17.804446000000052,17.31263700000008,45.11943755673927,18.291169467549185,17.236340000000034,16.181510532450883,-0.12208554072877931,-0.019380610224220687,Bearish,21.0238,14.7581,232611.14285714287,17.054366666666663,17.263133333333332,17.398866666666663,16.709866666666663,16.574133333333332,16.365366666666663
2634,2011-02-07,16.8456,17.0647,16.664,16.7892,256814,17.215047619047642,17.115973999999984,17.79968200000005,17.30157550000008,44.32723630197157,18.294119735133073,17.228510000000032,16.16290026486699,-0.13193471100241183,-0.041891430379858915,Bearish,21.0238,14.7581,231471.09523809524,17.014599999999994,17.239999999999995,17.41529999999999,16.613899999999997,16.4386,16.2132
2635,2011-02-08,16.7892,16.9959,16.4824,16.57,2330700,17.197152380952403,17.088043999999982,17.79132400000005,17.288629000000082,41.29270701947668,18.3072755785816,17.21191500000003,16.11655442141846,-0.15563380781505742,-0.06463990586689862,Bearish,21.0238,14.7581,239971.09523809524,16.883133333333333,17.196266666666666,17.396633333333334,16.369633333333333,16.169266666666665,15.856133333333332
2636,2011-02-09,16.57,16.6452,16.2193,16.3383,207719,17.170314285714305,17.057733999999986,17.77679100000005,17.275254500000084,38.30749871687572,18.33696236130883,17.18279500000003,16.02862763869123,-0.1909110624937398,-0.08989413719226685,Bearish,21.0238,14.875,348872.8095238095,16.58256666666666,16.82683333333333,17.00846666666666,16.156666666666663,15.975033333333332,15.730766666666664
2637,2011-02-10,16.3383,16.4072,15.8436,16.0002,295360,17.126480952380973,17.020411999999983,17.76144900000005,17.257238000000083,34.39947718022008,18.39813932132726,17.13927500000003,15.880410678672801,-0.24334525276913155,-0.12058436030763979,Bearish,21.0238,14.875,357995.0,16.32373333333333,16.647266666666667,16.88733333333333,15.760133333333332,15.520066666666667,15.196533333333333
2638,2011-02-11,16.0002,16.1755,15.2174,15.3802,338625,17.055509523809544,16.985843999999982,17.734120000000047,17.240943500000082,28.631224493622863,18.537359946269163,17.06600500000003,15.594650053730893,-0.3311116952610327,-0.16268982729831838,Bearish,21.0238,14.8926,368116.5714285714,15.964666666666668,16.549133333333334,16.922766666666668,15.006566666666668,14.632933333333334,14.048466666666668
2639,2011-02-14,15.3802,15.6182,15.1234,15.4366,434640,16.988414285714306,16.95816599999998,17.70729700000005,17.224609500000085,29.78466841321187,18.598810549187352,16.971760000000028,15.344709450812704,-0.39160207960356175,-0.20847227775936705,Bearish,21.0238,14.8926,381993.5238095238,15.662066666666668,15.887533333333334,16.156866666666666,15.167266666666668,14.897933333333334,14.672466666666669
2640,2011-02-15,15.4366,15.9626,15.4992,15.8812,506302,16.91982857142859,16.93762599999998,17.68217300000005,17.21517450000008,38.25610902472071,18.45482880967586,16.85779000000003,15.2607511903242,-0.3990654624405465,-0.24659091469560296,Bearish,21.0238,14.8926,393898.09523809527,16.062800000000003,16.2444,16.526200000000003,15.599400000000001,15.3176,15.136000000000001
2641,2011-02-16,15.4366,15.9626,15.4992,15.8812,506302,16.81128571428573,16.913579999999982,17.658919000000047,17.203723000000082,38.2561090247207,18.292528554527436,16.74726000000003,15.201991445472622,-0.4003650875984057,-0.2773457492761635,Bearish,21.0238,14.8926,402211.38095238095,16.062800000000003,16.2444,16.526200000000003,15.599400000000001,15.3176,15.136000000000001
2642,2011-02-17,15.8812,16.0878,15.4303,15.5367,35695,16.689614285714306,16.881139999999984,17.633915000000048,17.19078300000008,34.514051985825674,18.2328961963366,16.647060000000028,15.061223803663456,-0.424302228817826,-0.306737045184496,Bearish,21.0238,14.8926,334070.95238095237,15.939566666666666,16.342433333333332,16.597066666666667,15.282066666666665,15.027433333333333,14.624566666666665
2643,2011-02-18,15.5367,15.9375,15.4992,15.7685,167765,16.605223809523828,16.858219999999985,17.61234000000005,17.178972500000086,38.848423682226155,18.070708914430725,16.54279500000003,15.014881085569337,-0.41972987816275875,-0.3293356117801486,Bearish,21.0238,14.8926,326004.95238095237,15.970933333333333,16.173366666666666,16.409233333333333,15.532633333333333,15.296766666666667,15.094333333333333
2644,2011-02-21,15.7685,15.8123,15.4992,15.5117,17340,16.49369523809526,16.830289999999987,17.58656000000005,17.168070000000085,36.00520907916698,17.880595674281963,16.42350000000003,14.966404325718097,-0.4318497757616324,-0.34983844457644536,Bearish,21.0238,14.8926,318556.71428571426,15.716266666666668,15.920833333333334,16.029366666666668,15.403166666666667,15.294633333333334,15.090066666666667
2645,2011-02-22,15.5117,15.4992,14.7414,14.7414,221032,16.34340000000002,16.78707999999999,17.55284300000005,17.151182500000083,29.120512365825835,17.781729382706796,16.27508000000003,14.768430617293266,-0.4978724901110443,-0.3794452536833651,Bearish,21.0238,14.8926,301984.28571428574,15.246599999999999,15.7518,16.004399999999997,14.4888,14.2362,13.731
2646,2011-02-23,14.7414,14.8667,14.0087,14.0401,323731,16.1686523809524,16.72721399999999,17.51082800000005,17.134821500000086,24.52301076291994,17.73855743877552,16.09097000000003,14.443382561224544,-0.5998700869362406,-0.4235302203339402,Bearish,21.0238,14.7414,301787.04761904763,14.601633333333334,15.163166666666667,15.459633333333334,13.743633333333333,13.447166666666666,12.885633333333333
2647,2011-02-24,14.0401,13.9023,13.4013,13.4577,485705,15.965576190476208,16.65569999999999,17.45398800000005,17.115899000000084,21.48885199193284,17.791468797005294,15.89371000000003,13.995951202994767,-0.719405866933915,-0.4827053496539352,Bearish,21.0238,14.0401,316051.8095238095,13.772899999999998,14.088099999999999,14.273899999999998,13.271899999999999,13.0861,12.7709
2648,2011-02-25,13.4577,13.6205,12.7876,12.8565,293727,15.74908095238097,16.572161999999988,17.39212900000005,17.09391200000008,18.890540641708466,17.862710745970084,15.668580000000029,13.474449254029974,-0.8528198727220211,-0.5567282542675523,Bearish,21.0238,13.4577,338289.61904761905,13.388800000000002,13.921100000000001,14.221700000000002,12.555900000000001,12.2553,11.723
2649,2011-02-28,12.8565,13.1696,12.5246,12.5872,292886,15.521847619047636,16.48336199999999,17.32857100000005,17.072157000000082,17.849412995398517,17.982603828863674,15.46411500000003,12.945626171136384,-0.9691103915278347,-0.6392046817196089,Bearish,21.0238,12.8565,349937.61904761905,12.996333333333332,13.405466666666667,13.641333333333334,12.351333333333331,12.115466666666665,11.70633333333333
2650,2011-03-01,12.6686,12.7751,12.343,12.4056,644586,15.318471428571446,16.39493799999999,17.26267100000005,17.050399500000083,17.162496071432596,18.047967739366086,15.255895000000029,12.463822260633972,-1.063663813480792,-0.7240965080718456,Bearish,21.0238,12.5872,363338.04761904763,12.672800000000002,12.940000000000001,13.104900000000002,12.240700000000002,12.075800000000001,11.808600000000002
2651,2011-03-02,12.4056,12.6436,12.368,12.4307,151945,15.121361904761923,16.309269999999987,17.19789900000005,17.026254500000082,17.63430829563424,18.064705000251667,15.061765000000028,12.05882499974839,-1.1236203256834685,-0.8040012715941701,Bearish,21.0238,12.4056,388482.4761904762,12.593533333333335,12.756366666666667,12.869133333333334,12.317933333333336,12.205166666666669,12.042333333333337
2652,2011-03-03,12.4307,12.8377,12.4933,12.7813,239578,14.953171428571444,16.22259999999999,17.13850300000005,17.006405000000083,24.13426864136026,17.91321117489018,14.861995000000027,11.810778825109875,-1.129821919851567,-0.8691654012456496,Bearish,21.0238,12.4056,387827.0,12.914899999999998,13.048499999999999,13.259299999999998,12.570499999999997,12.359699999999998,12.226099999999997
2653,2011-03-04,12.7813,13.3512,12.6498,13.1508,229620,14.780509523809538,16.14406999999999,17.08297700000005,16.98521750000008,30.370798240786932,17.672602155491568,14.677255000000027,11.681907844508489,-1.0923294717513414,-0.913798215346788,Bearish,21.0238,12.4056,391234.4761904762,13.451400000000001,13.752,14.152800000000001,12.750000000000002,12.349200000000002,12.048600000000002
2654,2011-03-07,13.1508,13.4326,13.0256,13.1508,136183,14.604566666666683,16.06441399999999,17.03025700000005,16.96479000000008,30.37079824078693,17.39596866751322,14.49533500000003,11.59470133248684,-1.050506847493315,-0.9411399417760934,Bearish,21.0238,12.4056,391459.0,13.380400000000002,13.610000000000001,13.787400000000002,12.973400000000002,12.796000000000001,12.566400000000002
2655,2011-03-08,13.1508,13.37,12.9692,13.1821,138096,14.432800000000016,15.988639999999986,16.983519000000047,16.94627250000008,30.92861908597086,17.115736994336963,14.325940000000028,11.536143005663094,-1.0032713800832571,-0.9535662294375261,Bearish,21.0238,12.4056,386488.3333333333,13.37833333333333,13.574566666666664,13.779133333333329,12.977533333333332,12.772966666666667,12.576733333333333
2656,2011-03-09,13.2886,13.6393,13.2761,13.4639,201343,14.284890476190494,15.925765999999985,16.931592000000045,16.92685500000008,35.907075891456856,16.835340719909176,14.18222000000003,11.529099280090882,-0.9323504710858241,-0.9493230777671857,Bullish,21.0238,12.4056,380835.09523809527,13.643433333333334,13.822966666666668,14.006633333333335,13.280233333333333,13.096566666666666,12.917033333333332
2657,2011-03-10,13.4702,13.6956,13.37,13.3763,35275,14.143842857142875,15.858383999999985,16.880834000000046,16.90536300000008,35.06107725867046,16.58856163924513,14.05102500000003,11.51348836075493,-0.8731486139387084,-0.9340881850014903,Bullish,21.0238,12.4056,279437.14285714284,13.591266666666664,13.806233333333333,13.916866666666666,13.265666666666663,13.15503333333333,12.940066666666661
2658,2011-03-11,13.3763,13.3825,12.9629,13.2134,21075,14.011138095238111,15.787743999999984,16.827746000000044,16.88326100000008,33.481307858739115,16.42846935611607,13.94268500000003,11.456900643883987,-0.8298098527671645,-0.9132325185546251,Bullish,21.0238,12.4056,271225.5238095238,13.409633333333334,13.605866666666667,13.829233333333335,12.990033333333333,12.766666666666666,12.570433333333332
2659,2011-03-14,13.2197,13.37,12.5872,12.6999,389629,13.88350476190478,15.716227999999983,16.773264000000044,16.85762700000008,29.039483546035065,16.248548323987496,13.80585000000003,11.363151676012562,-0.8273614233277264,-0.8960582995092453,Bullish,21.0238,12.4056,258164.33333333334,13.1842,13.6685,13.967,12.4014,12.1029,11.6186
2660,2011-03-15,12.6999,12.8001,12.462,12.5246,83595,13.744838095238114,15.625549999999983,16.719191000000045,16.83184750000008,27.688990843139937,15.944751942469969,13.638020000000031,11.331288057530093,-0.8299985635295606,-0.8828463523133083,Bullish,21.0238,12.4056,260593.09523809524,12.72913333333333,12.933666666666666,13.06723333333333,12.39103333333333,12.257466666666664,12.052933333333328
2661,2011-03-16,12.5246,12.8064,12.462,12.5121,88792,13.58440476190478,15.537377999999983,16.656051000000044,16.80603450000008,27.590459349825842,15.580174336924124,13.469565000000031,11.358955663075939,-0.8236031769238235,-0.8709977172354113,Bullish,21.0238,12.4056,243876.66666666666,12.725000000000001,12.9379,13.069400000000002,12.380600000000001,12.2491,12.036200000000001
2662,2011-03-17,12.5121,12.7125,12.462,12.487,273767,13.42277619047621,15.441815999999983,16.592777000000044,16.78082650000008,27.379768294930233,15.240655432992217,13.317080000000033,11.393504567007849,-0.8112090344045253,-0.8590399806692341,Bullish,21.0238,12.4056,223995.2380952381,12.64566666666667,12.804333333333336,12.896166666666671,12.39516666666667,12.303333333333335,12.14466666666667
2663,2011-03-18,12.487,12.5935,12.4369,12.4745,115974,13.276957142857162,15.347129999999984,16.531599000000043,16.75391950000008,27.268091514687402,14.743522449440396,13.152380000000033,11.56123755055967,-0.7932511274802376,-0.8458822100314348,Bullish,21.0238,12.4056,212922.14285714287,12.566366666666665,12.658233333333333,12.722966666666666,12.409766666666664,12.345033333333332,12.253166666666663
2664,2011-03-21,12.4745,12.5809,12.2115,12.4432,164760,13.118609523809543,15.257077999999986,16.47297200000004,16.72992450000008,26.971433454735504,14.192641078460818,12.998955000000034,11.80526892153925,-0.7726385094913475,-0.8312334699234174,Bullish,21.0238,12.4056,216744.95238095237,12.612233333333334,12.781266666666667,12.981633333333335,12.242833333333333,12.042466666666666,11.873433333333333
2665,2011-03-22,12.4432,12.8377,12.368,12.6937,401604,12.984419047619063,15.172913999999986,16.413986000000044,16.70662700000008,33.232055574171696,13.7878437561553,12.896570000000034,12.005296243844768,-0.7277011192209493,-0.8105269997829238,Bullish,21.0238,12.4056,216601.85714285713,12.898266666666666,13.102833333333333,13.367966666666666,12.428566666666667,12.163433333333334,11.958866666666667
2666,2011-03-23,12.4432,12.8377,12.368,12.6937,401604,12.886909523809539,15.088373999999988,16.350090000000044,16.682394000000077,33.232055574171696,13.552395942401152,12.829250000000034,12.106104057598916,-0.6842008719239612,-0.7852617742111312,Bullish,21.0238,12.4056,234900.14285714287,12.898266666666666,13.102833333333333,13.367966666666666,12.428566666666667,12.163433333333334,11.958866666666667
2667,2011-03-24,12.6937,12.7375,12.3993,12.4119,202094,12.809376190476206,14.999199999999988,16.276479000000045,16.657278000000076,29.889033721269488,13.460955176599363,12.776960000000035,12.092964823400706,-0.6648020927377285,-0.7611698379164507,Bullish,21.0238,12.4056,243498.80952380953,12.633166666666664,12.854433333333333,12.971366666666665,12.294966666666664,12.178033333333332,11.956766666666663
2668,2011-03-25,12.4119,12.4933,11.9672,12.105,436183,12.744961904761922,14.904387999999988,16.196526000000045,16.630949000000076,26.734763215386298,13.481842140252095,12.739385000000032,11.99692785974797,-0.6665095780734394,-0.7422377859478484,Bullish,21.0238,12.4056,237706.57142857142,12.409799999999999,12.714599999999999,12.935899999999998,11.8837,11.6624,11.3576
2669,2011-03-28,12.105,12.3618,12.2115,12.249,63845,12.71603333333335,14.802937999999989,16.118948000000042,16.607590500000075,30.44389773671128,13.492904910836213,12.722475000000033,11.952045089163853,-0.6487646212501552,-0.7235431530083097,Bullish,20.7432,12.105,235348.38095238095,12.336699999999999,12.4244,12.487,12.186399999999997,12.123799999999997,12.036099999999996
2670,2011-03-29,12.249,12.5058,12.2741,12.3492,178427,12.704700000000017,14.686709999999987,16.042372000000046,16.585288000000077,32.98620902833349,13.495100246236756,12.719655000000033,11.94420975376331,-0.6194753858900288,-0.7027295995846535,Bullish,20.451,12.105,224401.61904761905,12.478633333333335,12.608066666666668,12.710333333333335,12.246933333333335,12.144666666666668,12.015233333333335
2671,2011-03-30,12.3492,12.6811,12.2991,12.6498,134030,12.716328571428589,14.577869999999987,15.971316000000044,16.564898000000074,40.063846230481126,13.495536289005155,12.730610000000032,11.96568371099491,-0.565488943532209,-0.6752814683741646,Bullish,20.451,12.105,218951.19047619047,12.787566666666663,12.925333333333333,13.169566666666665,12.405566666666662,12.16133333333333,12.02356666666666
2672,2011-03-31,12.6498,12.7563,12.368,12.4244,133206,12.71602857142859,14.475543999999987,15.899350000000045,16.543147000000076,36.91550001566423,13.488701511005434,12.712765000000033,11.936828488994632,-0.5347281816446614,-0.6471708110282639,Bullish,20.451,12.105,194639.0,12.664466666666668,12.904533333333333,13.052766666666667,12.276166666666668,12.127933333333335,11.88786666666667
2673,2011-04-01,12.4244,12.7751,12.4307,12.630999999999998,266455,12.708871428571445,14.371087999999986,15.830619000000045,16.522283000000073,41.456675785507116,13.436666805203437,12.686775000000033,11.936883194796629,-0.48805318949180077,-0.6153472867209713,Bullish,20.451,12.105,193746.66666666666,12.79383333333333,12.956666666666665,13.13823333333333,12.44943333333333,12.267866666666665,12.10503333333333
2674,2011-04-04,12.630999999999998,12.7312,12.368,12.4181,47153,12.673980952380967,14.261497999999985,15.769344000000046,16.50108500000007,38.3898304898522,13.377011816492686,12.650140000000032,11.923268183507378,-0.4629060795202786,-0.5848590452808328,Bullish,20.451,12.105,195026.52380952382,12.643533333333332,12.868966666666665,13.006733333333331,12.280333333333333,12.142566666666667,11.917133333333334
2675,2011-04-05,12.4181,12.6498,12.3367,12.5559,133099,12.645652380952397,14.158419999999985,15.714123000000047,16.48168650000007,41.41097767774779,13.304104631378674,12.618830000000035,11.933555368621395,-0.42693605228310005,-0.5532744466812862,Bullish,20.451,12.105,186337.61904761905,12.691566666666667,12.827233333333334,13.004666666666667,12.378466666666666,12.201033333333333,12.065366666666666
2676,2011-04-06,12.5559,12.9003,12.5308,12.844,320772,12.629552380952397,14.060853999999985,15.661783000000048,16.46469300000007,47.236462916159105,13.16495734847668,12.587835000000034,12.010712651523388,-0.37090670271228454,-0.5168008978874858,Bullish,20.451,12.105,186190.7619047619,12.985933333333332,13.127866666666666,13.355433333333332,12.616433333333331,12.388866666666665,12.246933333333331
2677,2011-04-07,12.844,12.8941,12.6498,12.6624,22825,12.591385714285732,13.966043999999986,15.607627000000047,16.446265500000074,44.24981142237784,13.004633369687538,12.552140000000033,12.09964663031253,-0.3372688168352944,-0.48089448167704757,Bullish,20.451,12.105,194889.61904761905,12.821066666666665,12.979733333333332,13.065366666666664,12.576766666666666,12.491133333333334,12.332466666666667
2678,2011-04-08,12.6624,13.0819,12.725,12.7563,68063,12.56186190476192,13.873987999999986,15.554410000000049,16.429681000000073,46.14590742489424,12.880773476498538,12.529285000000034,12.177796523501529,-0.2995802302725785,-0.44463163139615375,Bullish,20.451,12.105,186388.7619047619,12.9838,13.2113,13.3407,12.626900000000001,12.4975,12.270000000000001
2679,2011-04-11,12.7563,12.7438,12.3993,12.4119,121665,12.523695238095254,13.788695999999984,15.503185000000048,16.410644000000072,40.68094424180402,12.860787675779095,12.514885000000035,12.168982324220975,-0.29411161994255686,-0.4145276291054344,Bullish,20.451,12.105,187950.09523809524,12.637366666666665,12.862833333333333,12.981866666666665,12.292866666666665,12.173833333333333,11.948366666666665
2680,2011-04-12,12.4119,12.4307,12.249,12.2929,77737,12.5043142857143,13.703153999999984,15.445008000000048,16.391450000000074,38.963886796956004,12.862393865181705,12.503300000000035,12.144206134818365,-0.2959682743000318,-0.3908157581443539,Bullish,20.451,12.105,192740.09523809524,12.399399999999998,12.505899999999999,12.581099999999998,12.217699999999999,12.1425,12.036
2681,2011-04-13,12.2929,12.5747,12.3367,12.5246,177815,12.5043142857143,13.627379999999983,15.391591000000048,16.372245500000073,43.92655032704512,12.863121452531617,12.503925000000034,12.144728547468452,-0.27556686931742647,-0.3677659803789684,Bullish,20.451,12.105,177888.09523809524,12.620633333333334,12.716666666666667,12.858633333333334,12.382633333333334,12.240666666666668,12.144633333333335
2682,2011-04-14,12.5246,12.5246,12.1551,12.1739,43051,12.488209523809536,13.535323999999981,15.33761000000005,16.349972500000074,38.78612798266327,12.87526842946855,12.488270000000036,12.101271570531521,-0.28441856775763874,-0.3510964978547025,Bullish,20.451,12.105,182374.7619047619,12.413966666666669,12.654033333333334,12.78346666666667,12.044466666666668,11.915033333333334,11.674966666666668
2683,2011-04-15,12.1739,12.4307,12.0549,12.1175,109199,12.470614285714296,13.440761999999982,15.283503000000051,16.325810500000074,38.015646672309984,12.889883288514124,12.470420000000036,12.050956711485949,-0.29261156718791703,-0.3393995117213454,Bullish,20.451,12.105,180196.61904761905,12.347166666666666,12.576833333333333,12.722966666666666,11.971366666666666,11.825233333333333,11.595566666666667
2684,2011-04-18,12.1175,12.3618,11.9171,11.9986,49463,12.44795238095239,13.344949999999981,15.23046200000005,16.30070300000007,36.375140763727416,12.915466572932052,12.448190000000036,11.98091342706802,-0.3051808793661923,-0.3325557852503148,Bullish,20.451,12.105,172360.04761904763,12.2679,12.5372,12.7126,11.823199999999998,11.647799999999998,11.378499999999997
2685,2011-04-19,11.9986,12.2115,11.5915,11.6541,181430,12.4103761904762,13.246631999999979,15.16733800000005,16.27422400000007,32.05845828649525,12.963308287434515,12.396210000000035,11.829111712565556,-0.3390322677751971,-0.33385108175529127,Bearish,20.451,11.9986,169192.85714285713,12.046566666666664,12.439033333333331,12.666566666666663,11.426566666666664,11.199033333333333,10.806566666666665
2686,2011-04-20,11.6541,11.9297,11.7606,11.867,90218,12.371009523809532,13.157205999999979,15.107470000000049,16.248604500000074,37.03168876233067,12.94907927759401,12.354875000000035,11.760670722406061,-0.3447069194600285,-0.3360222492962387,Bearish,20.451,11.6541,169986.66666666666,11.944266666666664,12.021533333333332,12.113366666666664,11.775166666666664,11.683333333333332,11.606066666666663
2687,2011-04-21,11.867,12.0173,11.7731,11.867,9207,12.331642857142864,13.074541999999978,15.047477000000049,16.221933000000075,37.03168876233067,12.957759825044878,12.327630000000035,11.697500174955191,-0.3452245876523037,-0.3378627169674517,Bearish,20.451,11.6541,155158.7619047619,11.998500000000003,12.130000000000003,12.242700000000005,11.754300000000002,11.6416,11.510100000000001
2688,2011-04-22,11.867,12.0173,11.7731,11.9672,23592,12.310466666666674,13.006281999999981,14.99606300000005,16.195616500000074,39.45089205428142,12.963346288182063,12.320740000000034,11.678133711818006,-0.3337028224165941,-0.3370307380572802,Bullish,20.451,11.6541,136473.19047619047,12.065299999999997,12.1634,12.309499999999998,11.821099999999996,11.674999999999997,11.576899999999995
2689,2011-04-25,11.9672,12.0424,11.4036,11.7105,101240,12.29168095238096,12.931759999999981,14.944963000000048,16.169273000000075,35.66998441174571,12.989151080691364,12.293815000000034,11.598478919308704,-0.3413504100818763,-0.3378946724621994,Bearish,20.1003,11.6541,127973.09523809524,12.034066666666668,12.357633333333334,12.672866666666668,11.395266666666668,11.080033333333335,10.756466666666668
2690,2011-04-26,11.7105,11.8858,11.579,11.6541,26542,12.263352380952389,12.84721799999998,14.892422000000046,16.142092500000075,34.87904762058012,13.007320771129374,12.259060000000035,11.510799228870697,-0.34795122195545325,-0.3399059823608502,Bearish,20.1003,11.6541,112023.42857142857,11.833599999999997,12.013099999999998,12.140399999999996,11.526799999999998,11.3995,11.219999999999999
2691,2011-04-27,11.6541,11.8357,11.3473,11.5539,41560,12.225480952380959,12.760671999999978,14.837126000000048,16.115930500000072,33.459557569295725,12.989630385735264,12.204265000000035,11.418899614264806,-0.3571507045121809,-0.34335492679111634,Bearish,20.1003,11.6541,110247.09523809524,11.810633333333335,12.067366666666667,12.299033333333334,11.322233333333337,11.09056666666667,10.833833333333338
2692,2011-04-28,11.5539,11.7418,11.3097,11.7355,124969,12.181942857142865,12.68464799999998,14.782894000000049,16.09278050000007,38.35611176312764,12.973753578357737,12.169820000000035,11.365886421642333,-0.3458015731305597,-0.34384425605900504,Bearish,20.1003,11.5539,103729.61904761905,11.881633333333333,12.027766666666666,12.313733333333333,11.449533333333333,11.163566666666666,11.017433333333333
2693,2011-04-29,11.7355,11.961,11.6228,11.6479,13465,12.144966666666674,12.60223599999998,14.730228000000047,16.069777000000073,36.94383503415133,12.926014018197185,12.120665000000034,11.315315981802884,-0.33995707904945505,-0.34306682065709504,Bullish,20.1003,11.5539,103298.14285714286,11.864999999999997,12.082099999999999,12.203199999999997,11.526799999999996,11.405699999999998,11.188599999999996
2694,2011-05-02,11.6479,12.0549,11.46,11.9046,312738,12.110376190476197,12.530093999999979,14.680192000000048,16.04820350000007,43.507988314284354,12.893484533238098,12.094990000000035,11.296495466761971,-0.31102641184574686,-0.3366587388948254,Bullish,20.1003,11.5539,97596.19047619047,12.152999999999999,12.401399999999999,12.747899999999998,11.5581,11.2116,10.9632
2695,2011-05-03,11.9046,12.1175,11.5351,11.6103,32668,12.07190952380953,12.46747199999998,14.627276000000046,16.022966500000067,38.55284045774327,12.843416729650555,12.047710000000034,11.252003270349514,-0.3082923972349132,-0.33098547056284294,Bullish,20.1003,11.5539,99800.14285714286,11.973500000000001,12.3367,12.555900000000001,11.391100000000002,11.1719,10.808700000000002
2696,2011-05-04,11.6103,11.7982,11.1531,11.2346,71896,12.008990476190482,12.41136199999998,14.569288000000046,15.997254000000066,33.33361927711087,12.749966987915554,11.967240000000034,11.184513012084514,-0.33260742969383195,-0.33130986238904075,Bearish,20.1003,11.5539,99110.38095238095,11.637500000000001,12.0404,12.2826,10.992400000000002,10.750200000000001,10.347300000000002
2697,2011-05-05,11.2346,11.4913,11.1782,11.2158,37183,11.93145714285715,12.366523999999977,14.511112000000047,15.971827000000067,33.09219759742372,12.674665058727546,11.894910000000035,11.115154941272523,-0.34936698584034964,-0.3349212870793025,Bearish,20.1003,11.2346,96195.95238095238,11.411999999999999,11.6082,11.7251,11.098899999999999,10.982,10.785799999999998
2698,2011-05-06,11.2158,11.5602,11.0467,11.2721,80430,11.865252380952388,12.334835999999978,14.453499000000045,15.945133000000066,34.619335841626054,12.538452999304978,11.820700000000034,11.10294700069509,-0.35402513397975355,-0.3387420564593927,Bearish,20.1003,11.2158,82691.71428571429,11.539299999999999,11.8065,12.0528,11.025799999999998,10.779499999999999,10.512299999999998
2699,2011-05-09,11.2721,11.7105,11.1845,11.316,12003,11.796666666666672,12.309411999999977,14.396387000000045,15.917109500000064,35.84888696891315,12.46175004734272,11.765905000000034,11.070059952657347,-0.35013821147951774,-0.3410212874634177,Bearish,20.1003,11.2158,85434.80952380953,11.622833333333332,11.929666666666666,12.148833333333332,11.096833333333333,10.877666666666666,10.570833333333333
2700,2011-05-10,11.316,11.5665,11.2721,11.3598,83202,11.746566666666673,12.288495999999975,14.341717000000044,15.888808000000065,37.11948342256874,12.392253032691068,11.719250000000034,11.046246967309001,-0.3396087056861177,-0.3407387711079577,Bullish,20.1003,11.2158,82765.28571428571,11.526833333333334,11.693866666666667,11.821233333333334,11.232433333333335,11.105066666666668,10.938033333333335
2701,2011-05-11,11.3598,11.8921,11.4287,11.5226,68650,11.709885714285722,12.270333999999975,14.289802000000044,15.862314000000065,41.738505491720055,12.235638801311456,11.669150000000034,11.102661198688612,-0.3145020136179433,-0.3354914196099548,Bullish,20.1003,11.2158,80933.71428571429,11.800233333333335,12.077866666666667,12.263633333333335,11.336833333333335,11.151066666666667,10.873433333333335
2702,2011-05-12,11.5226,11.5852,11.3848,11.3974,25263,11.656209523809531,12.242655999999975,14.232628000000044,15.836305000000063,39.34487702935676,12.158240845103427,11.630325000000035,11.102409154896643,-0.3012349242355512,-0.3286401205350741,Bullish,20.1003,11.2158,80501.0,11.526799999999996,11.656199999999998,11.727199999999996,11.326399999999996,11.255399999999998,11.125999999999996
2703,2011-05-13,11.3974,11.9798,11.46,11.8232,218066,11.639509523809531,12.216103999999975,14.180087000000047,15.812249500000062,49.873533365644285,12.103258717429943,11.615610000000036,11.127961282570128,-0.25344065279082173,-0.3136002269862236,Bullish,20.1003,11.2158,73236.61904761905,12.048666666666666,12.274133333333332,12.568466666666664,11.528866666666667,11.234533333333335,11.00906666666667
2704,2011-05-16,11.8232,11.6792,11.4663,11.4725,44383,11.608795238095244,12.182537999999974,14.123476000000048,15.790327000000062,43.21930058741342,12.047336970402903,11.589305000000035,11.131273029597168,-0.24108285433366028,-0.29909675245571093,Bullish,20.1003,11.2158,81570.66666666667,11.612366666666663,11.752233333333331,11.825266666666662,11.399466666666664,11.326433333333332,11.186566666666664
2705,2011-05-17,11.4725,11.7105,11.46,11.4788,59437,11.584042857142864,12.148471999999975,14.068556000000049,15.768845500000062,43.365484139651805,12.039983769803516,11.580540000000035,11.121096230196553,-0.2281508714474647,-0.2849075762540617,Bullish,20.1003,11.2158,78484.19047619047,11.639533333333329,11.800266666666664,11.890033333333328,11.38903333333333,11.299266666666666,11.138533333333331
2706,2011-05-18,11.4788,11.6479,11.46,11.4663,32237,11.575100000000006,12.108519999999976,14.017143000000049,15.747301500000063,43.128230132457766,12.002863747976384,11.560505000000035,11.118146252023685,-0.2164161170899348,-0.2712092844212363,Bullish,20.1003,11.2158,78959.14285714286,11.58946666666667,11.712633333333335,11.77736666666667,11.401566666666671,11.336833333333336,11.213666666666672
2707,2011-05-19,11.4663,11.579,11.3661,11.4663,21430,11.556019047619053,12.070319999999976,13.96435200000005,15.725728000000062,43.12823013245776,11.961258232263301,11.540470000000035,11.119681767736768,-0.20475594068913594,-0.2579186156748162,Bullish,20.1003,11.2158,71854.71428571429,11.574833333333334,11.683366666666668,11.787733333333335,11.361933333333333,11.257566666666666,11.149033333333332
2708,2011-05-20,11.4663,11.6166,11.5164,11.5852,114318,11.542600000000007,12.037755999999977,13.912750000000049,15.706210500000063,46.36533056431464,11.894979358034814,11.521370000000037,11.14776064196526,-0.18380217352965822,-0.24309532724578461,Bullish,20.1003,11.2158,68579.09523809524,11.629066666666663,11.672933333333331,11.729266666666662,11.528866666666664,11.472533333333333,11.428666666666665
2709,2011-05-23,11.5852,11.8044,11.3661,11.6729,75202,11.528585714285722,12.017215999999978,13.866722000000049,15.690083000000064,48.68540928742494,11.889635986890525,11.519490000000037,11.149344013109548,-0.15829478132745223,-0.22613521806211814,Bullish,20.1003,11.2158,73584.38095238095,11.862833333333334,12.052766666666667,12.301133333333334,11.424533333333335,11.176166666666667,10.986233333333335
2710,2011-05-24,11.6729,11.9359,11.7731,11.9171,125169,11.538423809523817,12.005065999999978,13.815308000000048,15.674709000000064,54.57737356463355,11.937993097448588,11.532640000000036,11.127286902551484,-0.11702608622512578,-0.20431339169471968,Bullish,20.1003,11.2158,76042.0,11.977633333333333,12.038166666666667,12.140433333333334,11.814833333333333,11.712566666666666,11.652033333333332
2711,2011-05-25,11.9171,11.9923,11.8984,11.9109,43757,11.550652380952389,11.993041999999978,13.76521000000005,15.659713000000062,54.40656828821785,11.988168388330111,11.550490000000035,11.11281161166996,-0.0838540192791406,-0.18022151721160387,Bullish,20.1003,11.2158,77181.47619047618,11.969333333333333,12.027766666666666,12.063233333333333,11.875433333333334,11.839966666666667,11.781533333333334
2712,2011-05-26,11.9109,12.0862,11.9297,11.961,36767,11.570038095238104,11.982521999999978,13.71216900000005,15.644295500000062,55.61536162087306,12.028575262431254,11.561765000000037,11.09495473756882,-0.052912325583236,-0.15475967888593029,Bullish,20.1003,11.2158,78001.23809523809,12.0549,12.1488,12.2114,11.8984,11.8358,11.741900000000001
2713,2011-05-27,11.961,12.1802,11.7731,11.8984,10434,11.577795238095247,11.970999999999979,13.659065000000048,15.627863500000062,53.699597244575294,12.062618880582688,11.574290000000037,11.085961119417385,-0.03306100060116535,-0.1304199432289773,Bullish,20.1003,11.2158,77773.0,12.128033333333335,12.357666666666667,12.535133333333334,11.720933333333335,11.543466666666667,11.313833333333335
2714,2011-05-30,11.8984,12.0549,11.8984,11.9359,114119,11.591509523809533,11.960853999999976,13.608966000000049,15.609339500000063,54.706131048335074,12.06858892202177,11.575855000000038,11.083121077978307,-0.014139751676738754,-0.10716390491852959,Bullish,20.1003,11.2158,72318.95238095238,12.027733333333336,12.119566666666667,12.184233333333335,11.871233333333336,11.806566666666669,11.714733333333337
2715,2011-05-31,11.9359,12.368,11.7794,11.9986,517105,11.595985714285725,11.946951999999976,13.559933000000047,15.591655000000062,56.41232446516741,12.121372959895599,11.595270000000038,11.069167040104478,0.005847434821621533,-0.08456163697049937,Bullish,20.1003,11.2158,77112.0,12.317933333333334,12.637266666666667,12.906533333333334,11.729333333333335,11.460066666666668,11.140733333333335
2716,2011-06-01,11.9986,12.2115,11.9672,12.1301,20502,11.620738095238105,11.935679999999975,13.512027000000048,15.573693000000063,59.83001987367997,12.187728465069638,11.64004500000004,11.092361534930442,0.03193030247906492,-0.061263249080586515,Bullish,20.1003,11.2158,86843.76190476191,12.238666666666665,12.347233333333332,12.482966666666664,11.994366666666666,11.858633333333334,11.750066666666667
2717,2011-06-02,12.1301,12.3242,11.9672,12.0674,313437,11.660395238095248,11.928789999999976,13.463995000000047,15.556557000000062,57.51437210520055,12.224136447257292,11.682625000000039,11.141113552742786,0.047000010159637284,-0.039610597232541754,Bullish,20.1003,11.2158,86264.42857142857,12.271999999999997,12.476599999999998,12.628999999999996,11.914999999999997,11.762599999999999,11.557999999999998
2718,2011-06-03,12.0674,12.2115,11.8044,11.9046,160622,11.693195238095248,11.924781999999976,13.414585000000047,15.537263000000062,51.89777076492563,12.229402899643237,11.714250000000039,11.199097100356841,0.0452842539531364,-0.02263162699540612,Bullish,20.1003,11.2158,97766.38095238095,12.1426,12.3806,12.5497,11.7355,11.5664,11.3284
2719,2011-06-06,11.9046,12.1426,11.8044,11.9046,262182,11.723314285714295,11.917893999999974,13.360416000000049,15.51665350000006,51.89777076492563,12.230962282061425,11.743680000000037,11.256397717938649,0.04342394064088495,-0.009420513468147906,Bullish,20.1003,11.2158,103644.42857142857,12.096666666666666,12.288733333333333,12.434866666666666,11.758466666666665,11.612333333333332,11.420266666666665
2720,2011-06-07,11.9046,12.1363,11.7731,11.8483,25238,11.748661904761914,11.907875999999973,13.29729300000005,15.494126000000062,49.94170287493206,12.223927331518555,11.768105000000038,11.31228266848152,0.036980402397487566,-0.00014033029502081087,Bullish,20.1003,11.2158,112299.28571428571,12.065366666666666,12.282433333333334,12.428566666666667,11.702166666666665,11.556033333333332,11.338966666666664
2721,2011-06-08,11.8483,12.4745,11.5852,12.4369,481434,11.799952380952389,11.903617999999973,13.24074400000005,15.476821000000063,64.8555218140304,12.339954357755689,11.813820000000037,11.287685642244385,0.07846446329058132,0.015580628422099615,Bullish,20.1003,11.2158,112929.52380952382,12.745866666666668,13.054833333333335,13.635166666666668,11.856566666666668,11.276233333333334,10.967266666666667
2722,2011-06-09,12.4369,13.0631,12.6498,13.0631,676451,11.873309523809532,11.916391999999973,13.19596800000005,15.463231500000063,73.799026075799,12.622729405537111,11.897105000000035,11.17148059446296,0.16002531483598936,0.04446956570487756,Bullish,20.1003,11.2158,131892.95238095237,13.200866666666668,13.338633333333334,13.614166666666668,12.787566666666669,12.512033333333335,12.374266666666669
2723,2011-06-10,13.0631,13.7144,13.2197,13.7144,842083,11.983642857142865,11.938059999999973,13.15457400000005,15.454476500000062,79.61074575472577,13.064131427032153,11.991665000000037,10.91919857296792,0.274058172145514,0.09038728699300486,Bullish,20.1003,11.2158,160835.85714285713,13.8793,14.0442,14.374,13.3846,13.0548,12.8899
2724,2011-06-13,13.7144,14.2592,13.5266,13.9148,700957,12.083242857142867,11.967993999999974,13.11474600000005,15.444006000000064,81.00675326887155,13.446566228324336,12.113780000000038,10.780993771675739,0.37626330910146066,0.14756249141469602,Bullish,20.1003,11.2158,199732.04761904763,14.2738,14.6328,15.0064,13.5412,13.1676,12.8086
2725,2011-06-14,13.9148,14.372,13.8397,14.2467,789281,12.215347619047629,12.001809999999976,13.080115000000049,15.433412000000065,83.07375676274393,13.842437887547558,12.252175000000037,10.661912112452516,0.4785270111712041,0.21375539536599764,Bullish,20.1003,11.2158,222726.85714285713,14.465899999999998,14.685099999999998,14.998199999999997,13.933599999999998,13.6205,13.401299999999999
2726,2011-06-15,14.2467,14.5598,13.777,14.2154,897748,12.345661904761915,12.029237999999975,13.045046000000049,15.421171500000064,82.16561452130232,14.150507940236366,12.389630000000036,10.628752059763706,0.5506979799019565,0.2811439122731894,Bullish,20.1003,11.2158,258198.19047619047,14.591133333333334,14.966866666666666,15.373933333333333,13.808333333333334,13.401266666666666,13.025533333333334
2727,2011-06-16,14.2154,14.779000000000002,14.0275,14.7039,2194404,12.499833333333342,12.070067999999974,13.01805600000005,15.411402500000063,84.93381875181126,14.525473538571795,12.551510000000038,10.57754646142828,0.6399350866864282,0.3529021471558372,Bullish,20.1003,11.2158,298117.7619047619,14.979433333333336,15.25496666666667,15.730933333333338,14.227933333333334,13.751966666666666,13.476433333333333
2728,2011-06-17,14.7039,14.6538,13.9712,13.9712,686514,12.619114285714296,12.094365999999972,12.98417700000005,15.397970000000061,67.90802445964951,14.684750174784458,12.670810000000037,10.656869825215615,0.6441084884499144,0.4111434154146526,Bullish,20.1003,11.2158,401078.09523809527,14.426266666666663,14.881333333333332,15.108866666666664,13.743666666666662,13.51613333333333,13.061066666666662
2729,2011-06-20,13.9712,14.0902,13.2761,13.2761,342036,12.699633333333344,12.111649999999974,12.95017300000005,15.38106200000006,56.36450568165636,14.726916064145142,12.750970000000038,10.775023935854934,0.5845884073421068,0.44583241380014343,Bullish,20.1003,11.2158,432748.7619047619,13.81883333333333,14.361566666666665,14.63293333333333,13.00473333333333,12.733366666666665,12.19063333333333
2730,2011-06-21,13.2761,13.5767,12.8377,12.9442,134733,12.76017142857144,12.124675999999974,12.913915000000049,15.36229000000006,51.83371401696159,14.741967553541944,12.802325000000039,10.862682446458134,0.5048175357352243,0.4576294381871596,Bullish,20.1003,11.2158,443592.4761904762,13.40136666666667,13.858533333333336,14.14036666666667,12.662366666666669,12.380533333333334,11.923366666666668
2731,2011-06-22,12.9442,13.0757,12.5872,12.9254,144808,12.808185714285726,12.132691999999974,12.88003600000005,15.342898000000059,51.58078907898226,14.749368253355891,12.853050000000039,10.956731746644186,0.4350663681146152,0.45311682417265076,Bearish,20.1003,11.2158,446427.28571428574,13.138333333333335,13.351266666666668,13.626833333333336,12.649833333333335,12.374266666666667,12.161333333333335
2732,2011-06-23,12.9254,13.1383,12.75,12.7939,122149,12.850233333333344,12.145091999999975,12.84020800000005,15.32284850000006,49.75208596241975,14.746892289143576,12.894695000000038,11.0424977108565,0.3649699676356235,0.4354874528652453,Bearish,20.1003,11.2158,447362.4761904762,13.038133333333334,13.282366666666666,13.426433333333334,12.649833333333335,12.505766666666668,12.261533333333336
2733,2011-06-24,12.7939,13.0757,12.6185,12.7688,57483,12.888700000000009,12.158117999999977,12.79944000000005,15.301943000000058,49.39213307831628,14.734797311253933,12.938215000000039,11.141632688746144,0.3038896542388567,0.4091678931399676,Bearish,20.1003,11.2158,451095.4285714286,13.0235,13.2782,13.4807,12.5663,12.3638,12.1091
2734,2011-06-27,12.7688,13.0256,12.4557,12.5559,86914,12.920009523809535,12.169263999999975,12.757107000000051,15.278394500000056,46.33026965516799,14.716261044359044,12.96921500000004,11.222168955641035,0.2355881020990669,0.37445193493178747,Bearish,20.1003,11.2158,452081.90476190473,12.902433333333331,13.248966666666666,13.472333333333331,12.33253333333333,12.109166666666665,11.76263333333333
2735,2011-06-28,12.5559,12.6498,12.1802,12.2303,120438,12.934028571428582,12.180787999999975,12.71371000000005,15.252517000000058,42.038210749631034,14.704868853616501,12.98080000000004,11.256731146383578,0.1534169361536577,0.3302449351761615,Bearish,20.1003,11.2158,455723.8095238095,12.526666666666667,12.823033333333335,12.996266666666669,12.057066666666666,11.883833333333332,11.587466666666664
2736,2011-06-29,12.2303,12.8377,12.2428,12.3054,160930,12.948638095238106,12.189555999999975,12.673381000000052,15.225086000000058,43.34198507501449,14.697956361811073,12.989565000000038,11.281173638189003,0.09328035957359404,0.282852020055648,Bearish,20.1003,11.2158,456024.71428571426,12.681133333333333,13.056866666666666,13.276033333333332,12.086233333333334,11.867066666666668,11.491333333333335
2737,2011-06-30,12.3054,12.7751,12.2741,12.4745,393134,12.965038095238103,12.201705999999977,12.638124000000053,15.199786500000057,46.27251081527148,14.68321748532966,13.00992000000004,11.33662251467042,0.058591242770711816,0.2379998645986608,Bearish,20.1003,11.2158,439064.0,12.741700000000002,13.0089,13.242700000000001,12.240700000000002,12.006900000000002,11.739700000000003
2738,2011-07-01,12.4745,12.6498,12.2866,12.4119,92450,12.981442857142865,12.210599999999975,12.608441000000052,15.171280500000057,45.33762544201308,14.655325143055277,13.035285000000039,11.4152448569448,0.025751721141437756,0.19555023590721618,Bearish,20.1003,11.2158,456808.38095238095,12.612266666666667,12.812633333333334,12.975466666666668,12.249066666666666,12.086233333333332,11.885866666666665
2739,2011-07-04,12.4119,12.7125,12.4369,12.6248,120465,13.015738095238103,12.228885999999974,12.580323000000053,15.143810000000057,49.10385025748973,14.619633805917598,13.07129500000004,11.522956194082482,0.01671276007985334,0.15978274074174362,Bearish,20.1003,11.2158,446285.1904761905,12.7459,12.867,13.021500000000001,12.4703,12.3158,12.1947
2740,2011-07-05,12.6248,12.6498,12.4056,12.4369,41126,13.04108571428572,12.244541999999976,12.545880000000052,15.114026500000058,46.08583774904035,14.575593335652524,13.10072500000004,11.625856664347555,-0.005548679613180951,0.1267164566707587,Bearish,20.1003,11.2158,444372.95238095237,12.589266666666667,12.741633333333334,12.833466666666668,12.345066666666666,12.253233333333332,12.100866666666665
2741,2011-07-06,12.4369,12.5246,12.3993,12.4056,25225,13.067623809523814,12.261575999999977,12.511124000000052,15.08502150000006,45.58324872060743,14.576906202028741,13.09916000000004,11.62141379797134,-0.025423611798743195,0.09628844297685832,Bearish,20.1003,11.2158,433846.4761904762,12.48703333333333,12.568466666666664,12.612333333333329,12.36173333333333,12.317866666666665,12.23643333333333
2742,2011-07-07,12.4056,12.6749,12.3054,12.5935,67931,13.075080952380958,12.278735999999975,12.48169200000005,15.057803500000059,49.16715820524594,14.569804137550351,13.07568000000004,11.581555862449727,-0.025716238305394157,0.07188750672040782,Bearish,20.1003,11.2158,433845.85714285716,12.743799999999998,12.894099999999998,13.113299999999997,12.3743,12.155100000000001,12.004800000000001
2743,2011-07-08,12.5935,12.6185,12.3492,12.5246,26687,13.049438095238102,12.296269999999975,12.44925300000005,15.03079650000006,47.92084830572832,14.498551590034769,13.01619000000004,11.533828409965313,-0.03114873783846228,0.051280257808633795,Bearish,20.1003,11.2158,414155.2380952381,12.645666666666667,12.766733333333333,12.914966666666666,12.376366666666668,12.228133333333334,12.107066666666668
2744,2011-07-11,12.5246,12.462,12.4119,12.462,3426,12.989800000000006,12.307417999999975,12.418756000000052,15.00265800000006,46.76106950117192,14.384457675741467,12.94355000000004,11.50264232425861,-0.04004373048871912,0.033015460149163206,Bearish,20.1003,11.2158,383214.09523809527,12.478699999999996,12.495399999999998,12.528799999999997,12.428599999999996,12.395199999999997,12.378499999999995
2745,2011-07-12,12.462,12.5809,12.3743,12.5246,258307,12.923600000000006,12.325703999999973,12.39658800000005,14.97471550000006,48.11342344130925,14.177301992977187,12.857445000000038,11.537588007022888,-0.0415626708216692,0.018099833954996723,Bearish,20.1003,11.2158,343278.04761904763,12.61223333333333,12.699866666666665,12.81883333333333,12.40563333333333,12.286666666666665,12.19903333333333
2746,2011-07-13,12.5246,12.5246,12.4056,12.4494,13818,12.838014285714294,12.349999999999973,12.380681000000049,14.945754500000062,46.582641429577684,13.941888241255556,12.769145000000039,11.596401758744522,-0.04827793551760884,0.004824280060475609,Bearish,20.1003,11.2158,322199.4761904762,12.51413333333333,12.578866666666665,12.63313333333333,12.39513333333333,12.340866666666665,12.27613333333333
2747,2011-07-14,12.4494,12.5183,12.3367,12.3618,5716,12.749747619047628,12.372919999999974,12.36972200000005,14.911855000000061,44.79473410905446,13.429859383668628,12.652040000000039,11.87422061633145,-0.05997704107120683,-0.00813598416586088,Bearish,20.1003,11.2158,285272.6666666667,12.474499999999999,12.5872,12.656099999999999,12.2929,12.224,12.1113
2748,2011-07-15,12.3618,12.5872,12.5183,12.5246,311423,12.645971428571437,12.397969999999972,12.366403000000048,14.879266000000063,48.73290517386152,13.068880775507601,12.579710000000038,12.090539224492474,-0.05547261333033582,-0.017603309998755867,Bearish,20.1003,11.2158,242794.95238095237,12.568433333333331,12.612266666666665,12.63733333333333,12.499533333333332,12.474466666666666,12.430633333333333
2749,2011-07-18,12.5246,12.5308,12.3993,12.5246,73881,12.577085714285724,12.422141999999972,12.365777000000048,14.847174000000063,48.73290517386152,12.912615959174474,12.542135000000037,12.1716540408256,-0.05131133674326982,-0.024344915347658657,Bearish,20.1003,11.2158,153129.19047619047,12.570500000000003,12.6164,12.702000000000002,12.439000000000004,12.353400000000002,12.307500000000005
2750,2011-07-19,12.5246,12.5809,12.4369,12.5246,28798,12.54130000000001,12.445437999999973,12.366967000000047,14.814819000000064,48.73290517386152,12.842442631120221,12.521155000000038,12.199867368879854,-0.047466332730687455,-0.028969198824264415,Bearish,20.1003,11.2158,123956.19047619047,12.591366666666667,12.658133333333334,12.735366666666668,12.447366666666667,12.370133333333333,12.303366666666667
2751,2011-07-20,12.5246,12.5246,12.4307,12.5246,229614,12.521319047619059,12.46547799999997,12.367906000000048,14.782902500000064,48.73290517386152,12.763677192843613,12.501115000000038,12.238552807156463,-0.043912938330736395,-0.03195794672555881,Bearish,20.1003,11.2158,109040.09523809524,12.5559,12.5872,12.649799999999999,12.462,12.3994,12.3681
2752,2011-07-21,12.5246,12.5246,12.2741,12.5183,98220,12.501933333333344,12.48789599999997,12.365276000000046,14.751889500000066,48.55262346970059,12.713374388405898,12.487335000000037,12.261295611594177,-0.04113107162615037,-0.03379257170567712,Bearish,20.1003,11.2158,113558.23809523809,12.6039,12.689499999999999,12.854399999999998,12.3534,12.188500000000001,12.102900000000002
2753,2011-07-22,12.5183,12.630999999999998,12.3367,12.4995,112976,12.487914285714297,12.50142199999997,12.358763000000046,14.720870000000065,47.982181689525774,12.65975617057442,12.473870000000037,12.287983829425654,-0.03998253136898278,-0.03503056363833825,Bearish,20.1003,11.2158,111339.76190476191,12.641433333333332,12.783366666666664,12.93573333333333,12.347133333333334,12.194766666666668,12.052833333333336
2754,2011-07-25,12.4995,12.5246,12.2428,12.5246,113799,12.476285714285726,12.522463999999971,12.352501000000048,14.691379000000067,48.846305919043296,12.655915440636443,12.472305000000038,12.288694559363632,-0.036624757305743216,-0.035349402371819244,Bearish,20.1003,11.2158,110902.95238095238,12.618533333333334,12.712466666666666,12.900333333333332,12.336733333333335,12.148866666666668,12.054933333333336
2755,2011-07-26,12.5246,12.5246,12.3367,12.3618,123649,12.467042857142868,12.54012399999997,12.344298000000046,14.663908500000069,43.76771443713509,12.634664653964705,12.478880000000036,12.323095346035366,-0.04656354107607541,-0.037592230112670474,Bearish,20.1003,11.2158,113584.66666666667,12.4787,12.5956,12.666599999999999,12.2908,12.219800000000001,12.102900000000002
2756,2011-07-27,12.3618,12.5246,12.2741,12.4119,87689,12.475690476190488,12.559035999999969,12.333778000000047,14.63268500000007,45.64077916907431,12.622167451090005,12.484205000000037,12.346242548910068,-0.04982311763600933,-0.04003840761733825,Bearish,20.1003,11.2158,115333.95238095238,12.532966666666667,12.654033333333333,12.783466666666666,12.282466666666668,12.153033333333335,12.03196666666667
2757,2011-07-28,12.4119,12.462,11.7856,12.2991,92913,12.475390476190487,12.575691999999968,12.323006000000047,14.60192000000007,42.230068397506244,12.635309704411998,12.475435000000036,12.315560295588075,-0.0608074227170281,-0.04419221063727622,Bearish,20.1003,11.2158,113774.47619047618,12.578866666666668,12.858633333333334,13.255266666666667,11.902466666666669,11.505833333333335,11.22606666666667
2758,2011-07-29,12.2991,12.4181,12.0862,12.2741,229070,12.465847619047631,12.589469999999967,12.313613000000048,14.570679500000072,41.49003513960534,12.649293028787877,12.468545000000038,12.287796971212199,-0.07071469965837274,-0.04949670844149552,Bearish,20.1003,11.2158,110535.57142857143,12.432733333333333,12.591366666666667,12.764633333333334,12.100833333333332,11.927566666666666,11.768933333333331
2759,2011-08-01,12.2741,12.4244,12.1989,12.2115,46790,12.456304761904773,12.600241999999966,12.308729000000046,14.540996500000071,39.617888814506195,12.646104575698589,12.447880000000037,12.249655424301485,-0.08266467789266585,-0.05613030233172959,Bearish,20.1003,11.2158,102723.0,12.357633333333334,12.503766666666667,12.583133333333334,12.132133333333334,12.052766666666667,11.906633333333334
2760,2011-08-02,12.2115,12.2115,12.0549,12.1113,13017,12.43185238095239,12.604125999999967,12.304596000000046,14.511893500000072,36.75875273660677,12.678310226806591,12.431600000000037,12.184889773193483,-0.09907831123414645,-0.06471990411221296,Bearish,20.1003,11.2158,100548.71428571429,12.196900000000003,12.2825,12.353500000000002,12.040300000000004,11.969300000000002,11.883700000000005
2761,2011-08-03,12.1113,12.2052,11.7982,12.0299,22691,12.41247142857144,12.606505999999968,12.299774000000047,14.47791250000007,34.575739632208794,12.715456386976124,12.412815000000037,12.110173613023951,-0.11730234520557126,-0.07523639233088461,Bearish,20.1003,11.2158,95432.14285714286,12.223999999999998,12.418099999999999,12.630999999999998,11.816999999999998,11.604099999999999,11.409999999999998
2762,2011-08-04,12.0299,12.1989,11.7731,11.9109,20855,12.388914285714298,12.605503999999966,12.294013000000048,14.443395000000068,31.61938683459465,12.740329440176957,12.378685000000036,12.017040559823116,-0.13973653312955925,-0.08813642049061954,Bearish,20.1003,11.2158,94554.28571428571,12.148833333333332,12.386766666666666,12.574633333333333,11.723033333333332,11.535166666666665,11.297233333333331
2763,2011-08-05,11.9109,11.8357,11.2847,11.2847,32665,12.326590476190487,12.593229999999966,12.282115000000047,14.40685700000007,21.299019158887766,12.908733562257868,12.316690000000037,11.724646437742205,-0.20567401331924096,-0.11164393905634382,Bearish,20.1003,11.2158,94346.19047619047,11.652033333333335,12.019366666666667,12.203033333333334,11.101033333333337,10.91736666666667,10.550033333333339
2764,2011-08-08,11.2847,11.1469,10.6584,11.1406,517470,12.260685714285724,12.577323999999967,12.269089000000047,14.371030500000073,19.705135043578046,13.028738974457577,12.250620000000037,11.472501025542497,-0.26648572556677763,-0.1426122963584306,Bearish,20.1003,11.2158,92666.85714285714,11.305533333333333,11.470466666666667,11.794033333333333,10.817033333333333,10.493466666666666,10.328533333333333
2765,2011-08-09,11.1406,11.0843,10.5207,10.7398,45574,12.178676190476201,12.552147999999965,12.249550000000047,14.331768000000073,16.096947646568356,13.168909867751236,12.161380000000038,11.153850132248841,-0.3430660046716376,-0.182703038021072,Bearish,20.1003,11.1406,116037.47619047618,11.042499999999999,11.3452,11.6061,10.478899999999998,10.217999999999998,9.915299999999997
2766,2011-08-10,10.7398,11.2596,10.9903,11.1782,45624,12.114561904761917,12.533109999999965,12.234395000000047,14.292242500000073,30.983386877258972,13.182114433450149,12.097820000000038,11.013525566549927,-0.3641831349712099,-0.21899905741109957,Bearish,20.1003,10.7398,118044.52380952382,11.2951,11.412,11.564400000000001,11.025799999999998,10.873399999999998,10.756499999999997
2767,2011-08-11,11.1782,11.2095,10.959,11.2095,15939,12.05551904761906,12.515951999999965,12.222371000000045,14.249425000000072,31.912226380102933,13.183140633319212,12.04020500000004,10.897269366680867,-0.37408079392419324,-0.2500154047137183,Bearish,20.1003,10.7398,107916.76190476191,11.293,11.3765,11.5435,11.042499999999999,10.875499999999999,10.791999999999998
2768,2011-08-12,11.2095,11.3974,11.1156,11.1469,13401,11.997666666666678,12.500797999999966,12.212790000000046,14.204658000000073,31.01324856751096,13.154532724074212,11.971320000000038,10.788107275925864,-0.3825660732301017,-0.276525538416995,Bearish,20.1003,10.7398,108017.76190476191,11.324333333333332,11.501766666666665,11.60613333333333,11.042533333333333,10.938166666666667,10.760733333333334
2769,2011-08-15,11.1469,11.7731,10.8338,11.2032,33056,11.93474285714287,12.486769999999968,12.202332000000045,14.160640000000072,32.84550272718648,13.104962167984807,11.90525000000004,10.705537832015272,-0.38036318866088337,-0.2972930684657727,Bearish,20.1003,10.7398,108383.71428571429,11.706266666666671,12.209333333333335,12.64556666666667,10.766966666666672,10.330733333333336,9.827666666666673
2770,2011-08-16,11.2032,11.2533,10.9966,11.0717,3032,11.865557142857156,12.471237999999966,12.189557000000043,14.11596450000007,30.788607767330117,13.049339292239207,11.83260500000004,10.615870707760873,-0.3847926872045342,-0.31479299221352497,Bearish,20.1003,10.7398,95128.14285714286,11.2178,11.3639,11.474499999999999,10.961100000000002,10.850500000000002,10.704400000000003
2771,2011-08-17,11.0717,11.2346,10.959,11.0028,5375,11.79309047619049,12.442555999999966,12.173087000000043,14.072201500000071,29.737800198784765,12.98094443329164,11.75651500000004,10.532085566708439,-0.3893742864942382,-0.32970925106966764,Bearish,20.1003,10.7398,91754.38095238095,11.171933333333332,11.341066666666666,11.447533333333332,10.896333333333331,10.789866666666665,10.62073333333333
2772,2011-08-18,11.0028,11.2095,10.8338,10.8338,3874,11.712576190476204,12.397969999999965,12.157181000000044,14.02826550000007,27.278529878720814,12.907226982850094,11.67229000000004,10.437353017149984,-0.4020080262625907,-0.34416900610825224,Bearish,20.1003,10.7398,90639.0,11.084266666666664,11.334733333333332,11.459966666666665,10.708566666666664,10.583333333333332,10.332866666666664
2773,2011-08-19,10.8338,11.1406,10.3641,10.5958,13627,11.621028571428585,12.335597999999969,12.136829000000043,13.98372400000007,24.238498426115658,12.83557211594345,11.577105000000039,10.318637884056628,-0.4263107223630076,-0.3605973493592033,Bearish,20.1003,10.7398,79889.47619047618,11.036233333333332,11.476666666666665,11.81273333333333,10.259733333333333,9.923666666666668,9.483233333333335
2774,2011-08-22,10.5958,10.9465,10.3328,10.3954,97902,11.520833333333346,12.265209999999968,12.116602000000043,13.94297300000007,22.013863140684062,12.750543645171238,11.470645000000038,10.190746354828839,-0.45647937916688974,-0.3797737553207406,Bearish,20.1003,10.5958,75861.23809523809,10.783666666666667,11.171933333333333,11.397366666666667,10.169966666666667,9.944533333333334,9.556266666666668
2775,2011-08-23,10.3954,10.9903,10.2263,10.3954,5,11.419442857142869,12.188183999999968,12.094997000000044,13.90456000000007,22.013863140684062,12.66533395878995,11.372325000000039,10.079316041210129,-0.47491374698569366,-0.3988017536537312,Bearish,20.1003,10.3954,75143.42857142857,10.848366666666669,11.301333333333334,11.612366666666668,10.08436666666667,9.773333333333335,9.32036666666667
2776,2011-08-24,10.3954,10.6459,10.3328,10.3954,200595,11.325804761904774,12.111783999999966,12.070511000000044,13.866147000000069,22.013863140684066,12.538757945333623,11.271500000000039,10.004242054666454,-0.4839445052826399,-0.4158303039795129,Bearish,20.1003,10.3954,69724.66666666667,10.583266666666665,10.771133333333331,10.896366666666664,10.270166666666666,10.144933333333334,9.957066666666668
2777,2011-08-25,10.3954,10.8651,10.0572,10.2263,31705,11.221728571428585,12.022231999999967,12.046150000000045,13.826888500000068,20.07230541824413,12.420965724833762,11.167860000000038,9.914754275166315,-0.4989943073069405,-0.43246310464499843,Bearish,20.1003,10.3954,73388.76190476191,10.708533333333333,11.190766666666667,11.516433333333334,9.900633333333333,9.574966666666667,9.092733333333333
2778,2011-08-26,10.3954,10.8651,10.0572,10.2263,31705,11.123023809523822,11.94733399999997,12.020850000000046,13.787630000000068,20.07230541824413,12.27414397109855,11.065470000000039,9.856796028901528,-0.5050989179264711,-0.446990267301293,Bearish,20.1003,10.2263,70722.85714285714,10.708533333333333,11.190766666666667,11.516433333333334,9.900633333333333,9.574966666666667,9.092733333333333
2779,2011-08-29,10.2263,10.8212,10.0385,10.5269,48858,11.039823809523822,11.892349999999967,12.002000000000045,13.752592500000066,32.36962777464555,12.089323288210373,10.981240000000039,9.873156711789704,-0.48014613231013215,-0.45362144030306084,Bearish,20.1003,10.2263,67808.19047619047,10.885900000000001,11.2449,11.6686,10.103200000000003,9.679500000000003,9.320500000000004
2780,2011-08-30,10.5269,11.0467,10.3641,10.8964,71908,10.977200000000014,11.851393999999965,11.988035000000048,13.716521500000066,43.8131147226694,11.899842332620583,10.92049500000004,9.941147667379497,-0.4256486947781255,-0.44802689119807376,Bullish,20.1003,10.2263,59226.666666666664,11.174033333333334,11.451666666666666,11.856633333333333,10.491433333333335,10.086466666666668,9.808833333333336
2781,2011-08-31,10.5269,11.0467,10.3641,10.8964,71908,10.919347619047633,11.810813999999967,11.97175300000005,13.681672000000066,43.81311472266939,11.700619377635451,10.86382000000004,10.027020622364628,-0.3781005748339261,-0.43404162792524426,Bullish,20.1003,10.2263,60422.76190476191,11.174033333333334,11.451666666666666,11.856633333333333,10.491433333333335,10.086466666666668,9.808833333333336
2782,2011-09-01,10.5269,11.0467,10.3641,10.8964,71908,10.865371428571441,11.772863999999965,11.95897800000005,13.648294000000067,43.8131147226694,11.499300568260058,10.81309500000004,10.126889431740022,-0.33653893584819805,-0.41454108950983504,Bullish,20.1003,10.2263,63227.09523809524,11.174033333333334,11.451666666666666,11.856633333333333,10.491433333333335,10.086466666666668,9.808833333333336
2783,2011-09-02,10.5269,11.0467,10.3641,10.8964,71908,10.817061904761918,11.735415999999963,11.94676700000005,13.615135000000066,43.81311472266939,11.446578156232006,10.79368000000004,10.140781843768073,-0.3001411966331897,-0.39166111093450595,Bullish,20.1003,10.2263,65570.76190476191,11.174033333333334,11.451666666666666,11.856633333333333,10.491433333333335,10.086466666666668,9.808833333333336
2784,2011-09-05,10.8964,10.8964,10.6647,10.7461,35245,10.7914142857143,11.699219999999963,11.93424200000005,13.582352000000064,40.10073646149295,11.40728096181672,10.77395500000004,10.14062903818336,-0.2801937804774628,-0.3693676448430973,Bullish,20.1003,10.2263,68001.85714285714,10.873433333333331,11.000766666666665,11.105133333333331,10.641733333333331,10.537366666666665,10.410033333333331
2785,2011-09-06,10.7461,10.8964,10.6459,10.84,121231,10.777100000000015,11.671413999999965,11.92610100000005,13.546719500000066,43.3313306126011,11.412716093972382,10.778965000000039,10.145213906027696,-0.2538817731705265,-0.3462704705085832,Bullish,20.1003,10.2263,68124.71428571429,10.942300000000001,11.0446,11.192800000000002,10.6918,10.5436,10.4413
2786,2011-09-07,10.84,11.2721,10.8025,11.1218,104798,10.795290476190491,11.647741999999967,11.91864900000005,13.513059500000065,51.742985556733764,11.403231987515413,10.776145000000039,10.149058012484664,-0.20789394097084113,-0.31859516460103476,Bullish,20.1003,10.2263,49256.19047619047,11.328433333333335,11.535066666666667,11.798033333333334,10.858833333333335,10.595866666666668,10.389233333333335
2787,2011-09-08,11.1218,11.3347,11.0968,11.2847,112789,10.80036190476192,11.623945999999966,11.91282600000005,13.480151500000066,55.82504503320544,11.418143095001554,10.779905000000038,10.141666904998523,-0.15649955459250187,-0.28617604259932816,Bullish,20.1003,10.2263,52076.380952380954,11.380666666666668,11.476633333333334,11.618566666666668,11.142766666666668,11.000833333333334,10.904866666666669
2788,2011-09-09,11.2847,11.2721,10.8901,10.9903,45053,10.789923809523824,11.59551399999997,11.903057000000048,13.449560000000066,47.933540790612845,11.395788696747976,10.77207500000004,10.148361303252104,-0.1379347270357698,-0.2565277794866165,Bullish,20.1003,10.2263,55274.71428571428,11.21156666666667,11.432833333333335,11.59356666666667,10.82956666666667,10.668833333333335,10.44756666666667
2789,2011-09-12,10.9903,11.579,11.1156,11.4162,295474,10.802747619047635,11.571341999999968,11.900114000000048,13.422538500000066,57.33077382744741,11.441793081089656,10.782725000000038,10.12365691891042,-0.08784279972453213,-0.22279078353419962,Bullish,20.1003,10.2263,56661.09523809524,11.624933333333331,11.833666666666666,12.088333333333331,11.161533333333331,10.906866666666666,10.698133333333331
2790,2011-09-13,11.4162,11.5852,11.3347,11.5351,9920,10.818552380952397,11.553305999999965,11.898924000000049,13.395673000000068,59.52694812225443,11.533037116722111,10.805895000000039,10.078752883277966,-0.03811102989693005,-0.1858548328067457,Bullish,20.1003,10.2263,70093.14285714286,11.635299999999999,11.7355,11.8858,11.384799999999998,11.234499999999999,11.134299999999998
2791,2011-09-14,11.5351,12.0862,11.4287,11.9359,573378,10.859704761904778,11.543911999999963,11.902744000000048,13.369935000000066,65.89863397131671,11.728710285570514,10.85255000000004,9.976389714429565,0.03325957073605679,-0.1420319520981852,Bullish,20.1003,10.2263,68991.42857142857,12.205166666666667,12.474433333333334,12.862666666666668,11.547666666666666,11.159433333333332,10.890166666666666
2792,2011-09-15,11.9359,12.2052,11.8984,11.9923,60468,10.906823809523825,11.531887999999965,11.905312000000048,13.344103000000066,66.6932489491356,11.917436430994785,10.910475000000039,9.903513569005293,0.09329682683613427,-0.0949661963113213,Bullish,20.1003,10.2263,96150.76190476191,12.165533333333334,12.338766666666666,12.472333333333333,11.858733333333335,11.725166666666668,11.551933333333336
2793,2011-09-16,11.9923,12.1676,11.9297,12.0299,56869,10.963780952380969,11.521993999999966,11.90913200000005,13.319680000000067,67.24128018997824,12.088626243796353,10.982180000000039,9.875733756203724,0.1422707815944726,-0.04751880073016252,Bullish,20.1003,10.2263,98774.23809523809,12.155100000000001,12.2803,12.393,11.917200000000001,11.8045,11.679300000000001
2794,2011-09-19,12.0299,12.0487,11.842,11.9046,46610,11.026104761904778,11.510845999999965,11.90913200000005,13.294662000000066,63.49206468070396,12.199023380644334,11.057640000000038,9.916256619355742,0.169023928124858,-0.004210254959158416,Bullish,20.1003,10.2263,101297.80952380953,12.021533333333332,12.138466666666666,12.228233333333332,11.814833333333333,11.725066666666667,11.608133333333333
2795,2011-09-20,11.9046,12.1676,11.9109,12.0612,28232,11.105428571428588,11.501577999999965,11.91364100000005,13.270458500000068,66.04059537915357,12.319370196365913,11.14093000000004,9.962489803634167,0.20055047964439154,0.03674189196155158,Bullish,20.1003,10.2263,102868.42857142857,12.18223333333333,12.303266666666666,12.438933333333331,11.92553333333333,11.789866666666665,11.66883333333333
2796,2011-09-21,12.0612,12.2115,12.0236,12.1927,90765,11.191014285714303,11.496443999999965,11.92322200000005,13.246255000000069,68.05708425828593,12.441786103976796,11.23079500000004,10.019803896023284,0.233455322234974,0.07608457801623607,Bullish,20.1003,10.2263,99550.80952380953,12.2616,12.330499999999999,12.449499999999999,12.0737,11.9547,11.885800000000001
2797,2011-09-22,12.1927,12.2741,11.8984,12.1175,40819,11.273019047619064,11.491557999999964,11.932239000000052,13.22167550000007,65.6561090453481,12.502716537468832,11.325355000000041,10.14799346253125,0.25057614965226804,0.11098289234344247,Bullish,20.1003,10.2263,103872.71428571429,12.294933333333331,12.472366666666666,12.670633333333331,11.919233333333331,11.720966666666666,11.54353333333333
2798,2011-09-23,12.1175,12.1802,11.8984,11.9422,19026,11.354728571428588,11.479909999999963,11.938940000000052,13.19621950000007,60.314356165824336,12.502595021066563,11.41115000000004,10.319704978933517,0.24715028908573444,0.13821637169190087,Bullish,20.1003,10.2263,96264.33333333333,12.115466666666668,12.288733333333333,12.397266666666667,11.83366666666667,11.725133333333336,11.55186666666667
2799,2011-09-26,11.9422,12.1175,11.3347,11.5978,84291,11.42003809523811,11.461373999999964,11.941758000000052,13.16907250000007,51.45674047359204,12.479767410181179,11.46469500000004,10.449622589818901,0.21417617850983817,0.15340833305548834,Bullish,20.1003,10.2263,95660.57142857143,12.031966666666664,12.466133333333332,12.814766666666664,11.249166666666664,10.900533333333332,10.466366666666664
2800,2011-09-27,11.5978,12.0549,11.2721,11.9297,38034,11.48683809523811,11.449475999999965,11.947457000000052,13.144587000000072,57.876892763876654,12.515534157797784,11.51636000000004,10.517185842202295,0.21237736049727118,0.1652021385438449,Bullish,20.1003,10.2263,98164.66666666667,12.23236666666667,12.535033333333335,13.01516666666667,11.44956666666667,10.969433333333335,10.66676666666667
2801,2011-09-28,11.9297,12.5559,11.8921,12.1676,460712,11.547371428571443,11.442335999999965,11.95390700000005,13.121854500000072,61.778927554321115,12.574978857762098,11.57992000000004,10.584861142237983,0.22752555310284173,0.17766682145564427,Bullish,20.1003,10.2263,97649.23809523809,12.5183,12.869,13.1821,11.8545,11.5414,11.1907
2802,2011-09-29,12.1676,12.4494,12.0549,12.2365,108665,11.61118571428573,11.436699999999966,11.96229800000005,13.097463000000072,62.852207973617425,12.629250298213819,11.64692500000004,10.664599701786262,0.24229720767298701,0.19059289869911283,Bullish,20.1003,10.2263,116163.71428571429,12.438966666666666,12.641433333333334,12.833466666666666,12.044466666666665,11.852433333333332,11.649966666666664
2803,2011-09-30,12.2365,12.6185,12.3117,12.5246,132421,11.688719047619063,11.437201999999965,11.96931200000005,13.074699500000074,67.02224698845369,12.718212651586715,11.72833500000004,10.738457348413366,0.2740915557530368,0.20729263010989762,Bullish,20.1003,10.2263,117914.04761904762,12.658166666666665,12.791733333333331,12.964966666666664,12.351366666666665,12.178133333333333,12.044566666666666
2804,2011-10-03,12.5246,12.6373,12.4056,12.5246,94148,11.766252380952395,11.437201999999965,11.979833000000049,13.051654500000074,67.02224698845369,12.756449870905241,11.817260000000038,10.878070129094835,0.2958781070322427,0.22500972549436665,Bullish,20.1003,10.2263,120795.61904761905,12.639399999999998,12.754199999999999,12.871099999999998,12.407699999999998,12.290799999999999,12.175999999999998
2805,2011-10-04,12.5246,12.9066,12.249,12.7751,990402,11.862871428571443,11.445467999999964,11.992796000000048,13.030676000000074,70.3756779639941,12.82895519755993,11.914015000000038,10.999074802440147,0.32955841806829156,0.24591946400915163,Bullish,20.1003,10.2263,121854.66666666667,13.038133333333333,13.301166666666665,13.695733333333331,12.380533333333334,11.985966666666668,11.722933333333335
2806,2011-10-05,12.7751,13.1508,12.5246,12.7187,365571,11.952333333333348,11.451603999999966,12.005320000000047,13.011231500000074,68.68224180067386,12.896964278370385,11.993860000000039,11.090755721629693,0.34769132935786473,0.26627383707889424,Bullish,20.1003,10.2263,167338.33333333334,13.07146666666667,13.424233333333335,13.69766666666667,12.445266666666669,12.171833333333334,11.819066666666668
2807,2011-10-06,12.7187,12.9629,12.5371,12.6874,163215,12.02688571428573,11.459369999999968,12.017531000000046,12.990941500000075,67.70850987118571,12.95368012964471,12.063995000000038,11.174309870355366,0.3554388657886367,0.28410684282084275,Bullish,20.1003,10.2263,178973.57142857142,12.92116666666667,13.154933333333334,13.346966666666669,12.495366666666671,12.303333333333336,12.069566666666672
2808,2011-10-07,12.6874,12.8377,12.6185,12.7125,308436,12.094876190476205,11.468137999999968,12.028804000000047,12.970777000000076,68.09909172699416,12.93459684693705,12.150105000000039,11.365613153063029,0.35946056680091054,0.2991775876168563,Bullish,20.1003,10.2263,181755.33333333334,12.827300000000003,12.942100000000002,13.046500000000004,12.608100000000002,12.5037,12.388900000000001
2809,2011-10-10,12.7125,13.1446,12.6498,12.6686,140250,12.174795238095252,11.477279999999967,12.038761000000047,12.952741500000075,66.58218969208662,12.951498648359754,12.212725000000038,11.473951351640322,0.3550130611347324,0.31034468232043155,Bullish,20.1003,10.2263,191071.85714285713,12.992199999999999,13.3158,13.486999999999998,12.497399999999999,12.3262,12.0026
2810,2011-10-11,12.6686,13.3011,12.6811,13.3011,3119175,12.264552380952395,11.501075999999966,12.052601000000047,12.933954500000075,75.16546349264182,13.113229311433276,12.301025000000038,11.4888206885668,0.39793865571382625,0.3278634769991105,Bullish,20.1003,10.2263,195605.04761904763,13.507766666666665,13.714433333333332,14.127766666666664,12.887766666666666,12.474433333333334,12.267766666666667
2811,2011-10-12,13.3011,13.9649,13.4639,13.9023,4262582,12.377276190476206,11.538523999999965,12.072515000000045,12.918862500000076,80.33556976252599,13.45156248032949,12.399345000000038,11.347127519670584,0.47499388046139224,0.35728955769156684,Bullish,20.1003,10.2263,330067.0,14.090166666666667,14.278033333333333,14.591166666666666,13.589166666666667,13.276033333333334,13.088166666666668
2812,2011-10-13,13.9587,14.0902,13.5266,13.6455,293111,12.458685714285732,11.573215999999967,12.089360000000047,12.900764500000076,73.31463675772626,13.647026138825701,12.482005000000038,11.316983861174375,0.5094662772811489,0.38772490160948325,Bullish,20.1003,10.2263,532574.7142857143,13.981600000000002,14.3177,14.545200000000001,13.418000000000003,13.190500000000002,12.854400000000004
2813,2011-10-14,13.6455,14.0275,13.4639,13.6142,245194,12.535919047619064,11.619805999999965,12.106518000000046,12.882791500000076,72.48314493837618,13.805272855151614,12.561220000000038,11.317167144848462,0.5281718157891522,0.415814284445417,Bullish,20.1003,10.2263,519228.6666666667,13.939833333333334,14.265466666666667,14.503433333333334,13.376233333333335,13.138266666666668,12.812633333333336
2814,2011-10-17,13.6142,13.9336,12.9379,12.9943,434642,12.581842857142874,11.656879999999965,12.117102000000047,12.863034000000075,58.364891903770214,13.835161738843437,12.61570500000004,11.396248261156641,0.48735738794454875,0.4301229051452434,Bullish,20.1003,10.2263,528025.1428571428,13.6393,14.2843,14.635,12.643600000000001,12.292900000000001,11.647900000000002
2815,2011-10-18,12.9943,12.9943,12.462,12.5246,172518,12.611366666666683,11.692575999999965,12.122362000000049,12.841147500000076,50.36067128630094,13.832647259482812,12.63887500000004,11.445102740517267,0.41235739589598985,0.4265698032953927,Bearish,20.1003,10.2263,546014.3333333334,12.858600000000003,13.192600000000002,13.390900000000004,12.326300000000002,12.128,11.794
2816,2011-10-19,12.5763,13.0124,12.1126,12.2926,89309,12.622385714285732,11.714863999999967,12.123987000000048,12.818007000000078,46.93668595653892,13.830950139001068,12.643870000000039,11.45678986099901,0.33039036627508445,0.40733391589133106,Bearish,20.1003,10.2263,552009.9523809524,12.832466666666665,13.372333333333332,13.732266666666664,11.932666666666666,11.572733333333334,11.032866666666667
2817,2011-10-20,12.2926,12.4517,11.808,11.8703,54710,12.60703333333335,11.728079999999967,12.122016000000048,12.793005500000076,41.41674840453025,13.8451068076798,12.63151000000004,11.41791319232028,0.22871830185670916,0.3716107930844067,Bearish,20.1003,10.2263,554918.380952381,12.27866666666667,12.687033333333336,12.92236666666667,11.634966666666669,11.399633333333334,10.991266666666668
2818,2011-10-21,11.8703,11.9049,11.6004,11.7665,47178,12.590319047619065,11.740471999999965,12.120635000000048,12.767610000000078,40.16635933960174,13.858494926608808,12.62272500000004,11.386955073391272,0.13817388327414548,0.32492341112235446,Bearish,20.1003,10.2263,553201.4761904762,11.914133333333332,12.061766666666665,12.218633333333331,11.609633333333333,11.452766666666667,11.305133333333334
2819,2011-10-24,11.8703,11.9049,11.6004,11.7665,47178,12.581952380952398,11.751737999999964,12.119254000000046,12.739835000000078,40.16635933960174,13.840859431102917,12.63116000000004,11.421460568897164,0.06565989283738816,0.2730707074653612,Bearish,20.1003,10.2263,553504.2857142857,11.914133333333332,12.061766666666665,12.218633333333331,11.609633333333333,11.452766666666667,11.305133333333334
2820,2011-10-25,11.7665,11.8703,11.5589,11.6558,36868,12.584714285714302,11.763419999999964,12.117329000000046,12.707311000000077,38.720488082401694,13.864252352001419,12.61746500000004,11.370677647998662,-0.0007320927508107644,0.21831014742212682,Bearish,20.1003,10.2263,554844.8571428572,11.831100000000001,12.006400000000001,12.142500000000002,11.5197,11.3836,11.2083
2821,2011-10-26,11.6558,11.7665,11.6281,11.6281,4298,12.570352380952396,11.775925999999965,12.109241000000045,12.674992500000076,38.348497165366254,13.896958911077025,12.59049000000004,11.284021088923055,-0.05494994934839248,0.16365812806802293,Bearish,20.1003,10.2263,552586.619047619,11.720366666666667,11.812633333333334,11.858766666666668,11.581966666666666,11.535833333333333,11.443566666666666
2822,2011-10-27,11.6281,11.9742,11.7596,11.8357,344718,12.554547619047634,11.795963999999964,12.096967000000046,12.646467500000076,42.78493283355389,13.909903027922487,12.57045000000004,11.230996972077593,-0.0802414330148924,0.11487821585143987,Bearish,20.1003,10.2263,550980.1428571428,11.953399999999997,12.071099999999998,12.167999999999996,11.738799999999998,11.6419,11.524199999999999
2823,2011-10-28,11.8357,12.0018,11.7665,11.7873,7541,12.533157142857156,11.819793999999963,12.077696000000044,12.616135000000076,42.02564300247329,13.915953489625956,12.53358500000004,11.151216510374123,-0.10300323437166803,0.0713019258068183,Bearish,20.1003,10.2263,545456.619047619,11.937233333333332,12.087166666666665,12.17253333333333,11.701933333333333,11.616566666666667,11.466633333333334
2824,2011-10-31,11.7873,12.4794,11.8011,12.4794,124590,12.531004761904777,11.861473999999964,12.063342000000043,12.58904400000008,54.4688768617319,13.913892635781572,12.53132500000004,11.148757364218508,-0.0644524720800046,0.04415104622945372,Bearish,20.1003,10.2263,540641.1904761905,12.705500000000002,12.931600000000001,13.383800000000003,12.027200000000002,11.575000000000001,11.348900000000002
2825,2011-11-01,12.4794,12.6248,12.1957,12.3202,47259,12.521271428571444,11.899969999999964,12.044077000000042,12.562096000000079,51.71904152728337,13.889323796079015,12.50858000000004,11.127836203921063,-0.0462140973833467,0.026078017506893637,Bearish,20.1003,10.2263,540268.2857142857,12.564766666666669,12.809333333333335,12.99386666666667,12.135666666666669,11.951133333333335,11.706566666666669
2826,2011-11-02,12.3202,12.5971,12.2164,12.5763,50739,12.511804761904775,11.943587999999963,12.027686000000042,12.53636600000008,55.60208326532579,13.879261788941625,12.501460000000039,11.123658211058453,-0.010968486468490468,0.018668716711816816,Bearish,20.1003,10.2263,538035.4761904762,12.710133333333335,12.843966666666667,13.090833333333334,12.329433333333336,12.082566666666668,11.948733333333337
2827,2011-11-03,12.5763,12.5971,12.1472,12.4102,9094,12.497114285714298,11.987265999999963,12.004749000000043,12.511402500000079,52.64477764497775,13.863216338958912,12.48760000000004,11.111983661041167,0.0035204507037587263,0.0156390635102052,Bearish,20.1003,10.2263,493289.61904761905,12.622466666666666,12.834733333333332,13.072366666666666,12.172566666666667,11.934933333333333,11.722666666666667
2828,2011-11-04,12.4102,12.6594,12.4241,12.5071,1613,12.488528571428585,12.032881999999963,11.990108000000044,12.487142500000077,54.1759955926992,13.849138466372274,12.47733000000004,11.105521533627805,0.022561977540092926,0.017023646316182743,Bullish,20.1003,10.2263,476314.5238095238,12.636299999999999,12.7655,12.871599999999999,12.400999999999998,12.294899999999998,12.165699999999998
2829,2011-11-07,12.4102,12.6594,12.4241,12.5071,1613,12.478747619047633,12.072485999999964,11.982418000000044,12.466295500000076,54.1759955926992,13.838363488729303,12.46925500000004,11.100146511270776,0.03722343614360213,0.02106360428166662,Bullish,20.0068,10.2263,468619.1904761905,12.636299999999999,12.7655,12.871599999999999,12.400999999999998,12.294899999999998,12.165699999999998
2830,2011-11-08,12.4102,12.6594,12.4241,12.5071,1613,12.471057142857157,12.104699999999966,11.978047000000045,12.445981000000074,54.1759955926992,13.744867480709688,12.42955500000004,11.114242519290391,0.04828613520739289,0.026508110466811875,Bullish,20.0068,10.2263,454008.5714285714,12.636299999999999,12.7655,12.871599999999999,12.400999999999998,12.294899999999998,12.165699999999998
2831,2011-11-09,12.4102,12.6594,12.4241,12.5071,1613,12.433247619047634,12.136913999999967,11.973864000000043,12.426950000000074,54.17599559269919,13.490276388573283,12.359795000000041,11.229313611426798,0.05640322267666065,0.03248713290878163,Bullish,19.7554,10.2263,447406.8095238095,12.636299999999999,12.7655,12.871599999999999,12.400999999999998,12.294899999999998,12.165699999999998
2832,2011-11-10,12.5071,12.5902,12.1887,12.2233,5583,12.353295238095253,12.163451999999968,11.968158000000047,12.404183000000076,48.054837562175656,13.253506407883679,12.28868500000004,11.323863592116401,0.03948067613347561,0.033885841553720424,Bullish,19.621,10.2263,298951.4761904762,12.479433333333333,12.735566666666665,12.880933333333331,12.077933333333334,11.932566666666668,11.676433333333335
2833,2011-11-11,12.2233,12.7217,12.2995,12.4587,93869,12.296780952380967,12.194697999999969,11.965057000000044,12.382248500000076,52.816868401968776,12.98715834783986,12.23091000000004,11.474661652160222,0.044550696065355666,0.036018812456047475,Bullish,19.5041,10.2263,96237.23809523809,12.6871,12.9155,13.1093,12.264899999999999,12.0711,11.842699999999999
2834,2011-11-14,12.4587,12.5279,12.3895,12.4171,28835,12.239776190476205,12.22811799999997,11.963669000000044,12.360388000000075,51.91117847271008,12.879516198426673,12.202050000000039,11.524583801573405,0.04469671514514317,0.03775439299386661,Bullish,18.5456,10.2263,86749.52380952382,12.500166666666667,12.583233333333334,12.638566666666668,12.361766666666666,12.306433333333333,12.223366666666665
2835,2011-11-15,12.4171,12.4241,12.1126,12.3202,3850,12.207676190476203,12.25772199999997,11.964568000000044,12.339139000000076,49.77029875132565,12.855551960168969,12.19183000000004,11.528108039831112,0.03657183875301051,0.03751788214569539,Bearish,18.1606,10.2263,76446.71428571429,12.458666666666662,12.59713333333333,12.770166666666661,12.147166666666664,11.974133333333333,11.835666666666665
2836,2011-11-16,12.3202,12.4517,12.1472,12.2095,53988,12.192671428571444,12.27947599999997,11.963609000000044,12.318495000000075,47.36695772934834,12.84986025467615,12.18767500000004,11.52548974532393,0.020958652534067923,0.034206036223369894,Bearish,18.1606,10.2263,55932.80952380953,12.391733333333333,12.573966666666667,12.696233333333334,12.087233333333332,11.964966666666665,11.782733333333331
2837,2011-11-17,12.2095,12.3133,12.1472,12.2164,7480,12.189042857142871,12.29810999999997,11.961028000000045,12.299576000000075,47.53701074475053,12.850976212381024,12.204980000000038,11.558983787619052,0.009037681535932762,0.02917236528588247,Bearish,18.1606,10.2263,50288.52380952381,12.304066666666666,12.391733333333333,12.470166666666666,12.137966666666665,12.059533333333333,11.971866666666665
2838,2011-11-18,12.2164,12.3202,12.1126,12.2441,23101,12.20684285714287,12.32318599999997,11.959350000000043,12.283895500000074,48.25973047657769,12.84276815405116,12.228860000000038,11.614951845948916,0.001804582531285348,0.023698808734963044,Bearish,18.1606,10.2263,46391.90476190476,12.338666666666668,12.433233333333334,12.546266666666668,12.131066666666669,12.018033333333335,11.92346666666667
2839,2011-11-21,12.2441,12.251,12.0157,12.0711,19930,12.221347619047632,12.336283999999969,11.953813000000041,12.267068000000075,44.16740833392156,12.82562048037949,12.244090000000039,11.662559519620588,-0.017683510221999654,0.015422344943570504,Bearish,18.1606,10.2263,44886.71428571428,12.2095,12.3479,12.444799999999999,11.974200000000002,11.877300000000002,11.738900000000003
2840,2011-11-22,12.0711,12.0641,11.8565,11.8842,28376,12.226952380952396,12.343265999999966,11.948286000000042,12.247083000000075,40.201230779285055,12.79804402806687,12.255510000000038,11.712975971933206,-0.0476598391857177,0.002805908117712863,Bearish,18.1606,10.2263,43589.19047619047,12.013366666666666,12.142533333333333,12.220966666666666,11.805766666666667,11.727333333333334,11.598166666666668
2841,2011-11-23,11.8842,11.988,11.7804,11.9049,15375,12.2388142857143,12.342645999999968,11.943279000000041,12.227201500000076,40.83492736261837,12.758669733927118,12.269350000000038,11.78003026607296,-0.06895115288452125,-0.01154550408273396,Bearish,18.1606,10.2263,42693.857142857145,12.0018,12.0987,12.209399999999999,11.7942,11.6835,11.5866
2842,2011-11-24,11.9049,12.1126,11.7734,12.0711,16929,12.259909523809537,12.344221999999968,11.938055000000041,12.209873500000077,45.8011328623879,12.7384271379396,12.281120000000039,11.823812862060477,-0.07158849378375898,-0.023554102022938964,Bearish,18.1606,10.2263,41670.380952380954,12.198000000000002,12.324900000000001,12.537200000000002,11.858800000000002,11.646500000000001,11.519600000000002
2843,2011-11-25,12.0711,12.1749,11.9396,11.9396,10518,12.264857142857156,12.342415999999968,11.93220500000004,12.190729000000076,42.74400296325039,12.71704961463569,12.28873500000004,11.86042038536439,-0.0833289917101272,-0.03550907996037661,Bearish,18.1606,10.2263,42271.857142857145,12.096466666666666,12.253333333333332,12.331766666666665,11.861166666666668,11.782733333333335,11.625866666666669
2844,2011-11-28,11.9396,11.8357,11.4343,11.7734,40821,12.264195238095253,12.33979199999997,11.92531900000004,12.172037500000076,39.18410497080368,12.727051356464125,12.25343500000004,11.779818643535956,-0.10483588904035734,-0.049374441776372756,Bearish,18.1606,10.2263,26357.571428571428,11.927966666666666,12.082533333333332,12.329366666666665,11.526566666666668,11.279733333333334,11.125166666666669
2845,2011-11-29,11.7734,12.3479,11.7319,11.7804,14893,12.230909523809538,12.334175999999971,11.917877000000042,12.157232500000077,39.41297750385429,12.741478515327312,12.22644500000004,11.71141148467277,-0.11993290673167323,-0.06348613476743285,Bearish,18.1606,10.2263,27942.333333333332,12.174900000000001,12.5694,12.7909,11.558900000000001,11.3374,10.942900000000002
2846,2011-11-30,11.7804,12.1126,11.7734,11.9742,16713,12.214433333333348,12.329805999999971,11.913125000000043,12.146903000000076,45.52537056777877,12.696220067226683,12.19634000000004,11.696459932773397,-0.11493446866382584,-0.07377580154671146,Bearish,18.1606,10.2263,22718.666666666668,12.1334,12.2926,12.4726,11.7942,11.6142,11.455
2847,2011-12-01,11.9742,12.0088,11.8703,11.9326,6013,12.183780952380967,12.326107999999971,11.908833000000046,12.139277500000079,44.487848579623254,12.67481804125195,12.17246000000004,11.67010195874813,-0.11302703748629384,-0.08162604873462793,Bearish,18.1606,10.2263,21264.095238095237,12.004166666666666,12.075733333333334,12.142666666666667,11.865666666666666,11.798733333333333,11.727166666666665
2848,2011-12-02,11.9326,12.0987,11.7665,11.9049,46919,12.159719047619062,12.325361999999974,11.902636000000046,12.134519500000078,43.77250231115564,12.632919096061507,12.14235000000004,11.651780903938572,-0.11245424055248598,-0.08779168709819954,Bearish,18.1606,10.2263,19134.285714285714,12.080233333333332,12.255566666666665,12.41243333333333,11.748033333333334,11.591166666666668,11.415833333333335
2849,2011-12-05,11.9326,12.0987,11.7665,11.9049,46919,12.131042857142871,12.331503999999972,11.896439000000045,12.13110800000008,43.77250231115565,12.583089846140604,12.112240000000039,11.641390153859474,-0.11072393821913273,-0.09237813732238617,Bearish,18.1606,10.2263,20935.47619047619,12.080233333333332,12.255566666666665,12.41243333333333,11.748033333333334,11.591166666666668,11.415833333333335
2850,2011-12-06,11.9326,12.0987,11.7665,11.9049,46919,12.10236666666668,12.331007999999972,11.890242000000047,12.128604500000078,43.77250231115564,12.524270498496575,12.082130000000038,11.639989501503502,-0.10810647698110287,-0.09552380525412951,Bearish,18.1606,10.2263,23092.904761904763,12.080233333333332,12.255566666666665,12.41243333333333,11.748033333333334,11.591166666666668,11.415833333333335
2851,2011-12-07,11.9049,11.8911,11.6627,11.6765,167322,12.0628142857143,12.321185999999972,11.881761000000047,12.12483350000008,37.55380719725355,12.471153708624978,12.040600000000039,11.610046291375099,-0.12304371986320284,-0.10102778817594418,Bearish,18.1606,10.2263,25250.333333333332,11.824166666666668,11.971833333333334,12.052566666666669,11.595766666666668,11.515033333333333,11.367366666666667
2852,2011-12-08,11.6765,11.9326,11.4966,11.725,14787,12.02557142857144,12.310955999999974,11.873828000000046,12.119552000000079,39.51874587394917,12.458560017483226,12.015685000000039,11.572809982516851,-0.12947553443050985,-0.10671733742685732,Bearish,18.1606,10.2263,33141.23809523809,11.939533333333333,12.154066666666667,12.375533333333333,11.503533333333333,11.282066666666667,11.067533333333333
2853,2011-12-09,11.725,11.7665,11.5243,11.552,18168,11.993604761904773,12.291503999999975,11.864353000000046,12.11155800000008,35.25708851265453,12.408146219730988,11.970350000000039,11.53255378026909,-0.1468397705224973,-0.11474182404598532,Bearish,18.1606,10.2263,33768.57142857143,11.704233333333331,11.856466666666666,11.946433333333331,11.46203333333333,11.372066666666665,11.21983333333333
2854,2011-12-12,11.552,12.078,11.4343,11.5589,115386,11.950757142857155,12.272189999999975,11.854696000000047,12.10359850000008,35.55559123086172,12.349626647835859,11.927440000000038,11.505253352164218,-0.15822041395043485,-0.12343754202687522,Bearish,18.1606,10.2263,34367.857142857145,11.946499999999997,12.334099999999998,12.590199999999996,11.302799999999998,11.0467,10.659099999999999
2855,2011-12-13,11.5589,11.725,11.4481,11.545,5949,11.909228571428583,12.247587999999975,11.846528000000049,12.09541300000008,35.20347022474969,12.301756509149183,11.888680000000038,11.475603490850894,-0.16644262274496846,-0.13203855817049387,Bearish,18.1606,10.2263,35392.47619047619,11.697299999999998,11.849599999999999,11.974199999999998,11.420399999999999,11.2958,11.1435
2856,2011-12-14,11.545,11.9672,11.4481,11.6419,29741,11.876928571428582,12.226051999999974,11.83882800000005,12.086303000000079,39.68765888627463,12.259054917224898,11.860300000000038,11.461545082775178,-0.1632578276666692,-0.13828241206972894,Bearish,18.1606,10.2263,34302.666666666664,11.923366666666663,12.204833333333331,12.442466666666663,11.404266666666663,11.166633333333332,10.885166666666663
2857,2011-12-15,11.6419,12.0434,11.0744,11.2474,41119,11.831114285714298,12.197251999999974,11.828311000000049,12.075658500000081,30.44893235770046,12.258374035199704,11.811850000000039,11.365325964800373,-0.19037221525299586,-0.1487003727063823,Bearish,18.1606,10.2263,35535.57142857143,11.835733333333334,12.424066666666667,12.804733333333333,10.866733333333334,10.486066666666668,9.897733333333335
2858,2011-12-16,11.2474,11.3512,10.5553,11.0813,30910,11.777061904761917,12.164627999999976,11.816383000000048,12.064998000000081,27.54185174325877,12.25891819828184,11.753710000000037,11.248501801718234,-0.222696339826296,-0.16349956613036504,Bearish,18.1606,10.2263,34922.76190476191,11.436566666666666,11.791833333333333,12.232466666666665,10.640666666666666,10.200033333333334,9.844766666666667
2859,2011-12-19,11.0813,11.4827,11.0052,11.0744,11571,11.721361904761917,12.132743999999976,11.80501200000005,12.05687050000008,27.424715503522545,12.267298772582459,11.703875000000037,11.140451227417616,-0.24603408597544707,-0.18000647009938145,Bearish,18.1606,10.2263,36038.47619047619,11.369666666666665,11.664933333333332,11.847166666666665,10.892166666666666,10.709933333333334,10.414666666666667
2860,2011-12-20,11.0744,11.4897,11.0744,11.3858,19052,11.688728571428582,12.094437999999975,11.797757000000049,12.051176500000079,39.85667952523754,12.252272749517001,11.678955000000038,11.105637250483074,-0.23667381203560467,-0.1913399384866261,Bearish,18.1606,10.2263,35489.42857142857,11.558866666666667,11.731933333333332,11.974166666666665,11.143566666666668,10.901333333333335,10.72826666666667
2861,2011-12-21,11.3858,12.078,11.2128,11.3789,221801,11.664666666666678,12.043969999999977,11.791247000000048,12.04551050000008,39.69442542387373,12.230342505413756,11.652655000000037,11.074967494586318,-0.2271935539683696,-0.19851066158297478,Bearish,18.1606,10.2263,35447.619047619046,11.900333333333334,12.421766666666667,12.765533333333334,11.035133333333334,10.691366666666667,10.169933333333335
2862,2011-12-22,11.3789,11.4204,11.0674,11.0744,72854,11.625119047619059,11.992547999999976,11.782882000000047,12.03844750000008,33.259628414858,12.199180017448535,11.602820000000037,11.006459982551538,-0.24146749931206557,-0.20710202912879294,Bearish,18.1606,10.2263,44658.333333333336,11.307400000000005,11.540400000000004,11.660400000000006,10.954400000000003,10.8344,10.601400000000002
2863,2011-12-23,11.0744,11.2474,11.0398,11.0744,106927,11.577657142857154,11.941751999999976,11.780779000000047,12.03144700000008,33.25962841485801,12.17707189916558,11.559560000000037,10.942048100834493,-0.24989902344958104,-0.21566142799295057,Bearish,18.1606,10.2263,47395.42857142857,11.201266666666669,11.328133333333335,11.40886666666667,10.993666666666668,10.912933333333333,10.786066666666667
2864,2011-12-26,11.0744,11.3858,10.9359,11.0605,16836,11.535795238095247,11.903075999999977,11.77997800000005,12.02453350000008,32.97661418996071,12.169597080525186,11.523915000000034,10.878232919474883,-0.25476589821886364,-0.22348232203813317,Bearish,18.1606,10.2263,51681.04761904762,11.3189,11.5773,11.768799999999999,10.869,10.6775,10.4191
2865,2011-12-27,11.0605,11.0674,10.9013,10.9013,34181,11.494266666666675,11.870609999999978,11.781593000000049,12.01557150000008,29.844300670244923,12.168109807535707,11.479960000000034,10.79181019246436,-0.2683753767621049,-0.23246093298292753,Bearish,18.1606,10.2263,51981.90476190476,11.01203333333333,11.122766666666664,11.178133333333328,10.845933333333331,10.790566666666667,10.679833333333333
2866,2011-12-28,10.9013,11.282,10.8529,10.9013,28617,11.45240476190477,11.842783999999979,11.778824000000048,12.006609500000081,29.844300670244923,12.119246350937065,11.426315000000034,10.733383649063004,-0.2759796647744768,-0.24116467934123736,Bearish,18.1606,10.2263,51665.71428571428,11.171233333333335,11.441166666666668,11.600333333333335,10.742133333333335,10.582966666666668,10.313033333333335
2867,2011-12-29,10.9013,11.0744,10.8321,11.0674,40842,11.409223809523818,11.826725999999978,11.777403000000048,11.999887000000081,37.07646387797309,12.05176064668737,11.383055000000033,10.714349353312695,-0.2655422304277675,-0.2460401895585434,Bearish,18.1606,10.2263,52319.23809523809,11.150500000000001,11.233600000000001,11.392800000000001,10.9082,10.749,10.6659
2868,2011-12-30,11.0674,10.9775,10.845999999999998,10.8736,61904,11.358795238095245,11.808867999999979,11.774670000000047,11.99373000000008,32.82465049709325,11.990258459788011,11.331490000000034,10.672721540212057,-0.26979846015125375,-0.25079184367708546,Bearish,18.1606,10.2263,53468.23809523809,10.952066666666669,11.030533333333334,11.08356666666667,10.820566666666668,10.767533333333333,10.689066666666667
2869,2012-01-02,10.8736,11.0398,10.666,10.8252,14072,11.30738095238096,11.79004199999998,11.770890000000048,11.986611000000082,31.84254107576613,11.91611636061894,11.277505000000033,10.638893639381127,-0.27391945540297336,-0.25541736602226306,Bearish,18.1606,10.2263,56129.71428571428,11.021333333333338,11.217466666666668,11.395133333333337,10.647533333333339,10.46986666666667,10.27373333333334
2870,2012-01-03,10.8252,11.2128,10.7352,11.0951,1238765,11.268819047619056,11.778827999999981,11.771124000000048,11.980340500000082,42.223818727489146,11.810771158234083,11.237015000000033,10.663258841765984,-0.2524960818206683,-0.25483310918194413,Bullish,18.1606,10.2263,54565.57142857143,11.293533333333334,11.491966666666666,11.771133333333333,10.815933333333335,10.536766666666669,10.338333333333336
2871,2012-01-04,11.0951,11.372,11.0744,11.1436,195570,11.232566666666674,11.76913799999998,11.772532000000048,11.97280950000008,43.87804067356402,11.748396174467004,11.210370000000033,10.672343825533062,-0.2289649933237552,-0.24965948601030635,Bullish,18.1606,10.2263,111320.14285714286,11.318933333333334,11.494266666666666,11.616533333333333,11.021333333333335,10.899066666666668,10.723733333333335
2872,2012-01-05,11.1436,11.1782,11.0052,11.0121,10582,11.200928571428578,11.752665999999982,11.774315000000048,11.965748000000081,40.49278633051321,11.663890914094145,11.174725000000034,10.685559085905924,-0.21840969614442152,-0.2434095280371294,Bullish,18.1606,10.2263,118398.76190476191,11.125133333333336,11.238166666666668,11.298133333333336,10.952133333333336,10.892166666666668,10.779133333333336
2873,2012-01-06,11.0121,11.1297,10.7975,11.0744,130074,11.169947619047626,11.738407999999982,11.779101000000047,11.957965000000081,42.7464718249831,11.60970010775352,11.150845000000034,10.691989892246548,-0.20268107646096212,-0.23526383772189594,Bullish,18.1606,10.2263,110934.95238095238,11.203566666666664,11.332733333333332,11.535766666666664,10.871366666666663,10.668333333333331,10.539166666666663
2874,2012-01-09,11.0744,11.0744,10.9359,11.0744,66680,11.147204761904769,11.71030799999998,11.785891000000044,11.951246500000082,42.7464718249831,11.546224097229086,11.126620000000035,10.707015902770983,-0.18804832797436433,-0.22582073577238962,Bullish,18.1606,10.2263,116424.80952380953,11.120566666666665,11.166733333333333,11.259066666666666,10.982066666666665,10.889733333333332,10.843566666666664
2875,2012-01-10,11.0744,11.0813,10.8667,10.9359,63630,11.117538095238103,11.682621999999979,11.791296000000044,11.943146500000083,38.943765964959596,11.476459660903071,11.096165000000035,10.715870339096998,-0.18548935604925987,-0.21775445982776367,Bullish,18.1606,10.2263,118734.90476190476,11.055900000000003,11.175900000000002,11.270500000000004,10.841300000000002,10.7467,10.626700000000001
2876,2012-01-11,10.9359,11.1436,10.9359,11.0052,33815,11.091833333333343,11.651199999999978,11.797394000000043,11.933952500000082,41.73666934199199,11.351836084129204,11.064330000000036,10.776823915870867,-0.17584241957176516,-0.20937205177656398,Bullish,18.1606,10.2263,116270.33333333333,11.120566666666665,11.235933333333332,11.328266666666664,10.912866666666666,10.820533333333334,10.705166666666667
2877,2012-01-12,11.0052,11.0052,10.7006,10.9013,14579,11.056566666666676,11.621021999999977,11.804144000000042,11.92514700000008,38.866125755346914,11.329999782465393,11.047025000000035,10.764050217534678,-0.17456869532789554,-0.2024113804868303,Bullish,18.1606,10.2263,117597.28571428571,11.037466666666669,11.173633333333335,11.34206666666667,10.732866666666668,10.564433333333334,10.428266666666667
2878,2012-01-13,10.9013,11.0536,10.9359,11.0398,11574,11.04668095238096,11.591675999999977,11.812279000000041,11.916564500000081,44.35969690100363,11.327497323490347,11.044950000000034,10.762402676509721,-0.16053294333822166,-0.19403569305710858,Bullish,18.1606,10.2263,116875.28571428571,11.083633333333331,11.127466666666665,11.20133333333333,10.965933333333332,10.892066666666667,10.848233333333333
2879,2012-01-16,11.0398,11.0328,10.7629,10.9636,17106,11.041076190476199,11.560805999999978,11.816646000000041,11.90932300000008,42.11724728477881,11.3237695041693,11.039410000000036,10.75505049583077,-0.15378546877835575,-0.18598564820135802,Bullish,18.1606,10.2263,115468.38095238095,11.076633333333335,11.189666666666668,11.346533333333335,10.806733333333336,10.649866666666668,10.536833333333336
2880,2012-01-17,10.9636,11.3789,10.9013,11.0605,41284,11.040414285714293,11.531873999999977,11.81828700000004,11.903161000000082,45.864958247462454,11.259563861158455,11.023145000000035,10.786726138841615,-0.13901653037642703,-0.17659182463637182,Bullish,18.1606,10.2263,114811.04761904762,11.32583333333333,11.591166666666664,11.803433333333329,10.848233333333331,10.635966666666667,10.370633333333332
2881,2012-01-18,11.0605,11.1436,10.9844,11.0744,7578520,11.025585714285722,11.503219999999976,11.82006700000004,11.89591000000008,46.40106194709849,11.181643246605853,11.007920000000036,10.834196753394219,-0.12475235891763425,-0.16622393149262432,Bullish,18.0918,10.2263,116225.95238095238,11.150533333333332,11.226666666666665,11.30973333333333,10.991333333333333,10.908266666666668,10.832133333333335
2882,2012-01-19,11.0744,11.5243,10.9359,10.9982,644190,11.00745714285715,11.478717999999976,11.82108500000004,11.890031500000083,43.838073530239875,11.175155840672543,11.004110000000036,10.83306415932753,-0.11823367918305294,-0.15662588103071004,Bullish,17.8976,10.2263,476200.61904761905,11.369699999999998,11.7412,11.958099999999998,10.781299999999998,10.5644,10.192899999999998
2883,2012-01-20,10.9982,11.4827,11.1713,11.2128,1655484,11.014047619047627,11.453799999999976,11.824249000000039,11.885508000000081,51.89657282532524,11.202830157485643,11.011030000000035,10.819229842514428,-0.0946599707963216,-0.14423269898383234,Bullish,17.8976,10.2263,496314.38095238095,11.406566666666665,11.600333333333332,11.717966666666664,11.095166666666666,10.977533333333334,10.783766666666667
2884,2012-01-23,11.2128,11.5935,11.1159,11.2682,416529,11.0232761904762,11.430821999999976,11.829470000000038,11.881856000000083,53.74186453156916,11.242986056574136,11.021415000000037,10.799843943425937,-0.07069242182328495,-0.12952464355172286,Bullish,17.8976,10.2263,571677.7142857143,11.53583333333333,11.803466666666665,12.01343333333333,11.058233333333328,10.848266666666664,10.580633333333328
2885,2012-01-24,11.2682,11.3166,11.0813,11.0882,868784,11.024595238095246,11.406181999999976,11.831952000000037,11.879026500000082,47.3819747240643,11.246979660557153,11.030760000000036,10.81454033944292,-0.0654677903279044,-0.11671327290695917,Bullish,17.7223,10.2263,586420.6666666666,11.242766666666666,11.397333333333332,11.478066666666665,11.007466666666668,10.926733333333335,10.772166666666669
2886,2012-01-25,11.0882,11.1782,11.0744,11.1021,339884,11.034157142857152,11.384033999999975,11.831755000000038,11.875202000000082,47.89477133451889,11.25059427068277,11.040800000000036,10.831005729317303,-0.05951951448020765,-0.10527452122160887,Bullish,17.7223,10.2263,626989.619047619,11.162066666666668,11.222033333333334,11.265866666666668,11.058266666666668,11.014433333333335,10.954466666666669
2887,2012-01-26,11.1021,11.3997,11.0052,11.0121,277680,11.039433333333344,11.359947999999974,11.82902900000004,11.87092750000008,44.84717078201257,11.24781174111114,11.038035000000038,10.828258258888937,-0.06136038651429132,-0.09649169428014535,Bullish,17.4029,10.2263,641546.9047619047,11.272800000000002,11.5335,11.667300000000001,10.878300000000003,10.744500000000002,10.483800000000004
2888,2012-01-27,11.0121,11.2059,10.9705,11.1367,275626,11.042733333333343,11.337799999999975,11.83049300000004,11.86677500000008,49.6261515923834,11.250822781905299,11.051190000000037,10.851557218094776,-0.05216380036989143,-0.08762611549809457,Bullish,17.3591,10.2263,653407.0476190476,11.238233333333332,11.339766666666666,11.473633333333332,11.002833333333331,10.868966666666665,10.767433333333331
2889,2012-01-30,11.1367,11.282,10.9705,11.0674,53713,11.051961904761914,11.317725999999976,11.82700500000004,11.863559500000079,47.17763242033913,11.23390157095187,11.063300000000037,10.892698429048204,-0.04989224369983525,-0.0800793411384427,Bullish,16.8456,10.2263,664587.2380952381,11.242766666666666,11.418133333333333,11.554266666666667,10.931266666666666,10.795133333333332,10.619766666666665
2890,2012-01-31,11.0674,11.3443,11.0398,11.1574,139681,11.06778095238096,11.303189999999978,11.82322800000004,11.861076000000077,50.587398519329895,11.241442989508299,11.066415000000037,10.891387010491774,-0.04036447430079093,-0.07213636777091234,Bullish,16.8456,10.2263,664197.1904761905,11.321200000000001,11.485000000000001,11.625700000000002,11.0167,10.876,10.7122
2891,2012-02-01,11.1574,11.282,11.0744,11.0951,100643,11.06778095238096,11.286993999999977,11.81482000000004,11.858782000000078,48.26483412411977,11.235990975611442,11.063990000000036,10.89198902438863,-0.037409504266772586,-0.06519099507008438,Bullish,16.8456,10.2263,670178.5714285715,11.226599999999998,11.358099999999999,11.434199999999997,11.018999999999998,10.9429,10.811399999999999
2892,2012-02-02,11.0951,11.7873,11.1436,11.6696,631413,11.09282857142858,11.278963999999975,11.811593000000041,11.85845250000008,64.46625409947117,11.410035006723666,11.096865000000037,10.783694993276407,0.011161022161779499,-0.04992059162371161,Bullish,16.8456,10.2263,615982.2857142857,11.923399999999997,12.1772,12.567099999999998,11.279699999999997,10.889799999999997,10.635999999999996
2893,2012-02-03,11.6696,11.9672,11.4204,11.6489,173008,11.12315238095239,11.273149999999976,11.80778300000004,11.858457500000082,63.69229303287721,11.520080232593118,11.125590000000036,10.731099767406954,0.04743638022219265,-0.030449197254530755,Bullish,16.8456,10.2263,636736.7142857143,11.93726666666667,12.225633333333334,12.484066666666669,11.39046666666667,11.132033333333336,10.843666666666671
2894,2012-02-06,11.6489,12.341,11.4966,12.3133,1323564,11.182147619047628,11.283947999999976,11.81187000000004,11.860501000000081,74.34054065268374,11.83705846925376,11.187535000000036,10.538011530746312,0.12831722907041154,0.001304088010457706,Bullish,16.7892,10.2263,644471.2857142857,12.604,12.894699999999998,13.448399999999998,11.7596,11.205900000000002,10.915200000000002
2895,2012-02-07,12.3133,13.0055,12.2233,13.0055,2851372,11.274104761904772,11.308449999999976,11.821313000000039,11.867477000000083,80.69342788418005,12.304614333618213,11.291015000000037,10.277415666381861,0.24544134450339783,0.050131539309045736,Bullish,16.57,10.2263,701304.1428571428,13.26623333333333,13.526966666666665,14.04843333333333,12.48403333333333,11.962566666666666,11.701833333333331
2896,2012-02-08,13.0055,13.6353,12.604,12.6663,1336077,11.356504761904771,11.322291999999974,11.826049000000038,11.874635500000082,71.36862031903016,12.54100393146793,11.374070000000037,10.207136068532144,0.3073495107884643,0.10157513360492945,Bullish,16.3383,10.2263,833908.5238095238,13.333066666666667,13.999833333333335,14.364366666666669,12.301766666666666,11.937233333333332,11.270466666666664
2897,2012-02-09,12.6663,12.874,12.3548,12.3825,103901,11.422090476190485,11.331289999999976,11.828699000000038,11.880469000000083,64.6383402013145,12.672253843575946,11.448130000000038,10.22400615642413,0.3297111851053849,0.14720234390502054,Bullish,16.0002,10.2263,894501.2380952381,12.719400000000002,13.056300000000002,13.238600000000003,12.2002,12.0179,11.681
2898,2012-02-10,12.3825,12.5279,12.2926,12.3479,111064,11.4909761904762,11.340149999999976,11.832756000000039,11.885848000000083,63.84780681907445,12.782368504093956,11.513535000000036,10.244701495906117,0.34071350902769737,0.18590457692955592,Bullish,15.8812,10.2263,897838.6666666666,12.48633333333333,12.624766666666666,12.721633333333331,12.25103333333333,12.154166666666665,12.01573333333333
2899,2012-02-13,12.3479,12.5279,12.251,12.3756,44215,11.554585714285723,11.349563999999976,11.840534000000039,11.891146000000083,64.22502937838124,12.87956795199377,11.584135000000035,10.2887020480063,0.34766047496081853,0.21825575653580845,Bullish,15.8812,10.2263,902433.1904761905,12.518666666666666,12.661733333333334,12.795566666666668,12.241766666666665,12.107933333333332,11.964866666666664
2900,2012-02-14,12.3756,12.5279,12.251,12.3133,97077,11.618857142857152,11.357731999999976,11.84437000000004,11.89591350000008,62.64188406134449,12.95595376988252,11.646775000000037,10.337596230117555,0.3441715112336521,0.24343890747537716,Bullish,15.8812,10.2263,903987.5238095238,12.477133333333333,12.640966666666667,12.754033333333334,12.200233333333331,12.087166666666665,11.92333333333333
2901,2012-02-15,12.3133,12.6109,12.3133,12.431,113600,11.684119047619058,11.372821999999976,11.847004000000041,11.900455500000083,64.42599685576879,13.038623337452682,11.714605000000038,10.390586662547394,0.3469049839689653,0.2641321227740948,Bullish,15.8812,10.2263,907795.6666666666,12.590166666666663,12.749333333333333,12.887766666666664,12.292566666666662,12.15413333333333,11.994966666666661
2902,2012-02-16,12.431,12.9432,12.3895,12.7009,230449,11.761571428571438,11.392339999999976,11.851648000000042,11.906973000000082,68.17887124067144,13.14730856063466,11.799740000000037,10.452171439365415,0.3666237448417142,0.2846304471876187,Bullish,15.7685,10.2263,911239.2857142857,12.966233333333333,13.231566666666666,13.519933333333332,12.412533333333334,12.124166666666667,11.858833333333335
2903,2012-02-17,12.7009,13.1508,12.6386,12.9016,259412,11.852209523809533,11.419331999999976,11.855418000000041,11.912365000000085,70.65774256376208,13.284658471955524,11.884180000000038,10.483701528044552,0.3939051245016536,0.3064853826504257,Bullish,15.7685,10.2263,561331.1428571428,13.1554,13.4092,13.6676,12.6432,12.3848,12.131
2904,2012-02-20,12.9016,12.874,12.4241,12.5279,111216,11.914833333333343,11.438711999999978,11.855451000000041,11.917642000000084,61.11170361587399,13.344469664384578,11.947165000000037,10.549860335615497,0.38097965130643097,0.3213842363816267,Bullish,15.5117,10.2263,543008.380952381,12.793233333333333,13.058566666666668,13.243133333333335,12.343333333333332,12.158766666666665,11.89343333333333
2905,2012-02-21,12.5279,12.9086,12.5348,12.8117,257396,11.988333333333342,11.464045999999978,11.855817000000041,11.924306500000087,64.98107351658993,13.420666847433928,12.033340000000036,10.646013152566145,0.38915052385938864,0.3349374938771791,Bullish,14.7414,10.2263,469471.8095238095,12.968599999999999,13.125499999999999,13.342399999999998,12.5948,12.3779,12.221
2906,2012-02-22,12.8117,12.9847,12.5971,12.5971,58808,12.060185714285725,11.483149999999977,11.854601000000041,11.929960500000085,60.11056661984359,13.44691374180135,12.108090000000036,10.769266258198723,0.3739983525107444,0.34274966560389214,Bullish,14.7039,10.2263,461894.04761904763,12.855500000000001,13.113900000000001,13.243100000000002,12.4679,12.3387,12.0803
2907,2012-02-23,12.5971,12.8047,12.4102,12.4241,340278,12.123138095238104,11.506683999999977,11.85196800000004,11.934749500000088,56.438077154832946,13.424581335394407,12.178690000000037,10.932798664605667,0.34406433390413405,0.3430125992639405,Bullish,14.7039,10.2263,423323.7619047619,12.682466666666663,12.940833333333332,13.076966666666664,12.287966666666662,12.15183333333333,11.893466666666662
2908,2012-02-24,12.4241,12.5833,12.4587,12.4587,92904,12.19202380952382,11.534231999999976,11.849430000000039,11.939117000000088,57.00386528347301,13.399476480223418,12.244790000000037,11.090103519776656,0.3194509081137227,0.33830026103389693,Bearish,14.7039,10.2263,423342.5238095238,12.541766666666668,12.624833333333333,12.666366666666667,12.417166666666668,12.375633333333335,12.29256666666667
2909,2012-02-27,12.4587,12.7978,12.4033,12.5556,150425,12.259590476190485,11.563855999999978,11.848300000000037,11.943530500000088,58.62463383478408,13.345467316058903,12.319200000000038,11.292932683941173,0.3042563333991417,0.3314914755069459,Bearish,14.7039,10.2263,414543.6666666667,12.767833333333334,12.980066666666668,13.162333333333335,12.373333333333333,12.191066666666666,11.978833333333332
2910,2012-02-28,12.5556,12.604,12.2233,12.2787,48171,12.317271428571438,11.581713999999977,11.83807600000004,11.945338500000087,52.53081439196637,13.253344534615556,12.375265000000038,11.49718546538452,0.26679555453844017,0.31855229131324475,Bearish,14.7039,10.2263,408581.71428571426,12.514033333333336,12.749366666666667,12.894733333333335,12.133333333333336,11.987966666666669,11.752633333333337
2911,2012-02-29,12.2787,12.4587,12.3272,12.4379,54753,12.37824761904763,11.602893999999976,11.82343200000004,11.947973500000087,55.40118236248496,13.09510147916196,12.44240500000004,11.78970852083812,0.24710525139072992,0.3042628833287418,Bearish,14.7039,10.2263,408317.8095238095,12.488666666666665,12.539433333333333,12.620166666666666,12.357166666666664,12.276433333333332,12.225666666666664
2912,2012-03-01,12.4379,12.521,12.3133,12.3895,58000,12.439885714285724,11.629195999999977,11.810872000000039,11.950116000000088,54.32566402527149,13.027894684242208,12.47840000000004,11.928905315757872,0.22500139278336917,0.2884105852196673,Bearish,14.7039,10.2263,404273.61904761905,12.502566666666665,12.615633333333333,12.710266666666666,12.294866666666664,12.200233333333331,12.087166666666663
2913,2012-03-02,12.3895,12.8393,12.4587,12.784,295716,12.49295238095239,11.663387999999976,11.802570000000038,11.954544000000089,60.975650835803016,12.947616040475971,12.535155000000039,12.122693959524106,0.2365895218769385,0.2780463725511215,Bearish,14.7039,10.2263,402243.0,12.929300000000001,13.0746,13.3099,12.548700000000002,12.313400000000001,12.168100000000003
2914,2012-03-05,12.784,13.4761,12.8047,13.4761,4198517,12.579961904761914,11.711699999999976,11.807388000000039,11.962245000000088,69.39452762662323,13.162359708017044,12.593295000000039,12.024230291983033,0.2981826199203095,0.2820736220249591,Bullish,14.7039,10.2263,386257.4285714286,13.6999,13.9237,14.3713,13.0285,12.5809,12.357099999999999
2915,2012-03-06,13.4761,13.7391,13.1508,13.2685,503982,12.625447619047629,11.759043999999976,11.814827000000038,11.96859450000009,64.87357944399373,13.223162697095393,12.606445000000038,11.989727302904683,0.3264805443711527,0.2909550064941978,Bullish,14.7039,10.2263,577948.3333333334,13.621466666666667,13.974433333333334,14.209766666666667,13.033166666666666,12.797833333333333,12.444866666666666
2916,2012-03-07,13.2685,13.9606,13.1508,13.7876,1626131,12.662690476190486,11.816769999999977,11.82977700000004,11.976882000000092,70.11620065481056,13.466298830235147,12.662510000000037,11.858721169764927,0.3863403935064724,0.3100320838966527,Bullish,14.7039,10.2263,538920.619047619,14.115200000000002,14.4428,14.925,13.305400000000002,12.823200000000002,12.495600000000003
2917,2012-03-08,13.7876,14.1821,13.5661,13.8568,346743,12.719380952380963,11.872557999999977,11.84964200000004,11.985829000000091,70.74307855297457,13.681701324140784,12.736225000000037,11.79074867585929,0.43435662409959797,0.33489699193724176,Bullish,14.7039,10.2263,480575.8095238095,14.170566666666664,14.484333333333332,14.786566666666664,13.554566666666664,13.252333333333333,12.938566666666665
2918,2012-03-09,13.8568,14.015999999999998,13.2892,13.4623,471114,12.770800000000012,11.924331999999977,11.86660000000004,11.993617500000093,62.67175759635953,13.770098528803453,12.791945000000037,11.813791471196621,0.43555615947484405,0.3550288254447622,Bullish,14.7039,10.2263,433464.6666666667,13.889133333333332,14.315966666666665,14.61593333333333,13.162333333333333,12.862366666666667,12.435533333333334
2919,2012-03-12,13.4623,13.9122,13.4346,13.6561,2311201,12.833095238095249,11.980949999999977,11.885496000000039,12.002375000000095,64.79664612528244,13.88313681430561,12.855970000000037,11.828803185694463,0.44699219249562105,0.373421498854934,Bullish,14.7039,10.2263,450951.0,13.900666666666666,14.145233333333334,14.378266666666667,13.423066666666665,13.190033333333332,12.945466666666665
2920,2012-03-13,13.6561,14.196,13.6007,13.6492,2519679,12.893742857142868,12.032031999999976,11.90543000000004,12.011379500000094,64.65552752142638,13.973559935803797,12.922765000000036,11.871970064196274,0.45030769195639486,0.38879873747522614,Bullish,14.7039,10.2263,555719.4285714285,14.029899999999998,14.410599999999999,14.625199999999998,13.434599999999998,13.219999999999999,12.839299999999998
2921,2012-03-14,13.6492,14.3413,13.7322,14.3344,3257176,12.989985714285725,12.095847999999975,11.93249300000004,12.020867000000093,71.33243672477924,14.208782090566677,13.017935000000033,11.82708790943339,0.5024334229646197,0.41152567457310485,Bullish,14.7039,10.2263,673598.6666666666,14.539733333333333,14.745066666666666,15.148833333333332,13.930633333333333,13.526866666666667,13.321533333333333
2922,2012-03-15,14.3344,15.0473,14.189,15.0335,5268232,13.113914285714296,12.176275999999975,11.964471000000039,12.030719000000095,76.26008552540969,14.602933067315213,13.134565000000034,11.666196932684855,0.593315594860357,0.4478836586305553,Bullish,14.7039,10.2263,824079.5714285715,15.324200000000001,15.6149,16.1825,14.465900000000001,13.8983,13.607600000000001
2923,2012-03-16,15.0335,15.5733,14.3275,14.4451,2917921,13.196971428571441,12.243689999999976,11.99104900000004,12.034372500000096,65.98035641582075,14.781748508770246,13.211740000000034,11.641731491229823,0.6108202526719975,0.4804709774388437,Bullish,15.0335,10.2263,1069538.238095238,15.236433333333334,16.027766666666665,16.482233333333333,13.990633333333335,13.536166666666668,12.744833333333336
2924,2012-03-19,14.4451,14.6735,13.7253,13.9606,1304563,13.247400000000013,12.301413999999976,12.00586100000004,12.034601500000095,58.93557231035577,14.852779745599689,13.283375000000035,11.713970254400381,0.5789242409555122,0.5001616301421774,Bullish,15.0335,10.2263,1197513.0952380951,14.514299999999999,15.068,15.462499999999999,13.566099999999999,13.1716,12.617899999999999
2925,2012-03-20,13.9606,14.6528,13.8084,14.5351,411521,13.342980952380966,12.373397999999979,12.028010000000041,12.036043500000094,63.86265856427925,15.013381309950216,13.369545000000034,11.725708690049853,0.59316612076789,0.51876252826732,Bullish,15.0335,10.2263,1247282.1904761905,14.855799999999997,15.176499999999997,15.700199999999995,14.011399999999998,13.4877,13.167
2926,2012-03-21,14.5351,14.7081,14.3621,14.4936,158667,13.423071428571445,12.44316599999998,12.047183000000041,12.037434500000092,63.272077885244315,15.137569439520203,13.464370000000034,11.791170560479866,0.5942540195295205,0.5338608265197601,Bullish,15.0335,10.2263,1261582.4285714286,14.680433333333335,14.867266666666668,15.026433333333335,14.334433333333335,14.175266666666667,13.988433333333335
2927,2012-03-22,14.4936,14.7081,14.1267,14.2098,703674,13.499866666666682,12.50933599999998,12.065179000000041,12.034964000000093,59.23767536899424,15.18534429698983,13.553655000000031,11.921965703010232,0.5656949200461305,0.5402276452250342,Bullish,15.0335,10.2263,1256881.0476190476,14.569700000000001,14.9296,15.151100000000001,13.9883,13.7668,13.4069
2928,2012-03-23,14.4936,14.7081,14.1267,14.2098,703674,13.584900000000014,12.57273599999998,12.082206000000042,12.036157000000093,59.23767536899424,15.215397540165203,13.64121000000003,12.067022459834856,0.5368728914475067,0.5395566944695287,Bearish,15.0335,10.2263,1287588.9523809524,14.569700000000001,14.9296,15.151100000000001,13.9883,13.7668,13.4069
2929,2012-03-26,14.2098,14.3967,13.8499,13.8914,408597,13.65312380952382,12.631291999999979,12.096049000000042,12.039233500000094,54.69950727762091,15.203671082829235,13.708000000000027,12.212328917170819,0.4827738902212637,0.5282001336198757,Bearish,15.0335,10.2263,1304893.5238095238,14.242099999999999,14.592799999999999,14.788899999999998,13.6953,13.4992,13.1485
2930,2012-03-27,13.8914,14.1198,13.7737,13.7945,543483,13.712119047619055,12.685971999999976,12.10892300000004,12.043485000000095,53.359733047726685,15.12802667693282,13.783790000000028,12.439553323067237,0.42715702156570323,0.5079915112090412,Bearish,15.0335,10.2263,1319926.5238095238,14.018299999999998,14.242099999999999,14.364399999999998,13.672199999999998,13.5499,13.326099999999999
2931,2012-03-28,13.7945,14.4867,13.8084,14.1683,739297,13.802100000000006,12.747849999999978,12.12553500000004,12.049699500000093,57.667231055463965,15.072106576634926,13.870310000000027,12.668513423365127,0.40853346895447196,0.4880999027581273,Bearish,15.0335,10.2263,1338643.5714285714,14.500533333333331,14.832766666666666,15.178833333333332,13.822233333333331,13.476166666666666,13.143933333333331
2932,2012-03-29,14.1683,14.4313,13.8568,14.2098,366630,13.886476190476195,12.812081999999977,12.145400000000041,12.056779000000093,58.12957472206042,14.959158218284259,13.961325000000025,12.963491781715792,0.39259725572396853,0.46899937335129555,Bearish,15.0335,10.2263,1371554.3333333333,14.475133333333336,14.740466666666668,15.049633333333336,13.900633333333335,13.591466666666667,13.326133333333335
2933,2012-03-30,14.2098,14.9158,14.3275,14.5836,799575,13.990957142857146,12.879497999999979,12.16664900000004,12.065853000000093,62.14045342875678,14.925096699383555,14.051305000000024,13.177513300616493,0.40545637919609234,0.4562907745202549,Bearish,15.0335,10.2263,1386405.619047619,14.890433333333334,15.197266666666668,15.478733333333334,14.302133333333334,14.020666666666667,13.713833333333334
2934,2012-04-02,14.5836,15.3103,14.7081,15.1511,1982526,14.103676190476195,12.95715599999998,12.193989000000043,12.078829000000093,67.26704401091213,15.089619473417855,14.135055000000026,13.180490526582197,0.45618126078597676,0.45626887177339925,Bearish,15.0335,10.2263,1421718.7142857143,15.4049,15.6587,16.0071,14.8027,14.4543,14.2005
2935,2012-04-03,15.1511,15.9056,14.9504,15.7741,1758107,14.213104761904766,13.050873999999979,12.228528000000042,12.096548000000093,71.78408677599879,15.371875916526157,14.260335000000023,13.148794083473888,0.5404223359827718,0.47309956461527375,Bullish,15.1511,10.2263,1502043.0,16.136333333333333,16.498566666666665,17.09153333333333,15.181133333333332,14.588166666666666,14.225933333333332
2936,2012-04-04,15.7741,16.0232,15.4072,15.601,837004,14.324176190476194,13.14085199999998,12.262443000000044,12.113026000000094,68.93753913581021,15.582840973623028,14.351005000000024,13.119169026377019,0.5864559722653571,0.49577084614529043,Bullish,15.7741,10.2263,1385833.0,15.947066666666672,16.293133333333337,16.56306666666667,15.331066666666672,15.061133333333336,14.715066666666672
2937,2012-04-05,15.601,15.5664,14.8881,15.075,516038,14.385480952380956,13.22210999999998,12.291029000000044,12.126028500000093,61.01926378332239,15.660340323802764,14.411915000000022,13.16348967619728,0.5738788386147853,0.5113924446391894,Bullish,15.7741,10.2263,1401691.1904761905,15.464899999999998,15.8548,16.1432,14.786599999999998,14.498199999999999,14.108299999999998
2938,2012-04-06,15.075,15.8225,14.9988,15.6287,1471800,14.469857142857144,13.311949999999978,12.324875000000045,12.142112500000094,65.51021898855568,15.795927877267909,14.520235000000019,13.24454212273213,0.60165482975904,0.5294449216631596,Bullish,15.7741,10.2263,1348829.619047619,15.96786666666667,16.307033333333337,16.791566666666668,15.144166666666669,14.659633333333334,14.320466666666668
2939,2012-04-09,15.6287,16.3347,15.7256,15.7879,1177006,14.580599999999999,13.40635999999998,12.362043000000046,12.157928000000092,66.69820031304674,15.951210010301814,14.62682500000002,13.302439989698225,0.6292598959859177,0.5494079165277113,Bullish,15.7741,10.2263,1402403.761904762,16.173200000000005,16.558500000000002,16.782300000000006,15.564100000000003,15.340300000000001,14.955000000000002
2940,2012-04-10,15.7879,16.044,15.6149,15.7394,478324,14.67980476190476,13.49799999999998,12.400595000000045,12.174440500000092,65.95289129796342,16.060515496814535,14.73133500000002,13.402154503185503,0.6398477980612682,0.5674958928344227,Bullish,15.7879,10.2263,1436017.6666666667,15.983966666666666,16.22853333333333,16.413066666666666,15.554866666666666,15.370333333333333,15.125766666666665
2941,2012-04-11,15.7394,15.9194,15.2965,15.3449,355394,14.76055238095238,13.58299599999998,12.434995000000047,12.189137000000091,60.07272580020027,16.123609087427404,14.781860000000018,13.440110912572633,0.6093813646666142,0.575872987200861,Bullish,15.7879,10.2263,1348737.8095238095,15.744033333333332,16.143166666666666,16.366933333333332,15.121133333333333,14.897366666666667,14.498233333333333
2942,2012-04-12,15.3449,15.5733,14.805,15.3865,392442,14.81065238095238,13.657333999999981,12.468149000000048,12.203102000000092,60.47292972418793,16.163144075407438,14.799510000000017,13.435875924592597,0.5818856534352861,0.577075520447746,Bullish,15.7879,10.2263,1245676.619047619,15.704866666666668,16.023233333333334,16.473166666666668,14.936566666666668,14.486633333333334,14.168266666666668
2943,2012-04-13,15.3865,16.1547,15.5733,15.7533,4450738,14.844928571428571,13.73942199999998,12.50628600000005,12.21924550000009,63.9080554830969,16.278852743242155,14.864920000000017,13.45098725675788,0.5829726528587713,0.578254946929951,Bullish,15.7879,10.2263,1109260.7142857143,16.0809,16.408499999999997,16.6623,15.499500000000001,15.245700000000001,14.918100000000003
2944,2012-04-16,15.7533,16.0578,15.4487,15.7741,694973,14.908214285714283,13.808637999999979,12.54629300000005,12.23580600000009,64.09859198515726,16.358477996515553,14.955595000000017,13.55271200348448,0.5788399868474414,0.5783719549134492,Bullish,15.7879,10.2263,1070332.4285714286,16.0717,16.3693,16.680799999999998,15.462599999999998,15.1511,14.853499999999999
2945,2012-04-17,15.7741,16.0855,15.5733,15.8848,298036,14.999842857142854,13.86622399999998,12.58733700000005,12.25260700000009,65.15298485483648,16.467789305850964,15.023080000000016,13.57837069414907,0.5778364452505613,0.5782648529808716,Bearish,15.7879,10.2263,964477.7619047619,16.122433333333333,16.36006666666667,16.634633333333333,15.610233333333333,15.335666666666667,15.098033333333333
2946,2012-04-18,15.8848,16.1478,15.7118,15.8917,274513,15.064442857142854,13.93073199999998,12.626512000000048,12.26981850000009,65.22154747186435,16.563518396122742,15.092985000000017,13.62245160387729,0.571015591347015,0.5768150006541003,Bearish,15.8848,10.2263,916547.9047619047,16.1224,16.353099999999998,16.5584,15.686399999999999,15.4811,15.250399999999999
2947,2012-04-19,15.8917,15.9886,15.6564,15.7048,203091,15.122119047619043,13.997177999999979,12.664234000000047,12.28653350000009,61.68140335524826,16.60264913997922,15.167735000000016,13.732820860020812,0.5442549155952676,0.5703029836423338,Bearish,15.8917,10.2263,910023.7142857143,15.910133333333336,16.11546666666667,16.242333333333335,15.577933333333336,15.451066666666668,15.245733333333336
2948,2012-04-20,15.7048,15.9056,15.6149,15.6218,145285,15.189357142857139,14.06265599999998,12.701403000000045,12.302019500000087,60.12074559699444,16.615559840435367,15.238335000000017,13.861110159564666,0.5104651563527849,0.558335418184424,Bearish,15.8917,10.2263,912139.1428571428,15.8133,16.0048,16.104,15.5226,15.4234,15.231900000000001
2949,2012-04-23,15.6218,15.8433,15.5387,15.6149,97181,15.256266666666663,14.12744199999998,12.738503000000046,12.317471000000086,59.984867075664006,16.562474942804148,15.324510000000018,14.08654505719589,0.47762400416733186,0.5421931353810056,Bearish,15.8917,10.2263,885549.1904761905,15.792566666666664,15.970233333333331,16.097166666666663,15.487966666666665,15.361033333333333,15.183366666666666
2950,2012-04-24,15.6149,15.9125,15.4003,15.8848,283752,15.351190476190473,14.19887199999998,12.778302000000046,12.334272000000086,63.4633776479829,16.469920054994677,15.429025000000015,14.388129945005355,0.46798123246457024,0.5273507547977185,Bearish,15.8917,10.2263,856668.5714285715,16.06476666666667,16.244733333333336,16.57696666666667,15.552566666666669,15.220333333333334,15.040366666666669
2951,2012-04-25,15.8848,15.7118,15.5803,15.601,64863,15.437214285714282,14.26227199999998,12.817547000000047,12.349654000000085,57.77601599997916,16.36724282790071,15.500660000000016,14.634077172099321,0.43245391865226956,0.5083713875686288,Bearish,15.8917,10.2263,850723.5714285715,15.68176666666667,15.762533333333336,15.81326666666667,15.55026666666667,15.499533333333334,15.418766666666668
2952,2012-04-26,15.601,15.6425,14.985,15.2134,264463,15.486980952380948,14.312521999999978,12.852431000000049,12.363129500000085,51.04751489853203,16.202095266091714,15.550840000000017,14.899584733908318,0.3687712207235183,0.48045135419960666,Bearish,15.8917,10.2263,827932.1428571428,15.575599999999998,15.9378,16.2331,14.918099999999997,14.622799999999998,14.260599999999997
2953,2012-04-27,15.2134,15.2965,14.4659,14.6597,240942,15.508404761904758,14.34768399999998,12.883508000000049,12.373930500000085,43.29134590556728,16.183764198492863,15.554645000000017,14.925525801507169,0.27050504746625315,0.43846209285293597,Bearish,15.8917,10.2263,805321.0,15.148833333333334,15.637966666666667,15.979433333333334,14.318233333333334,13.976766666666666,13.487633333333333
2954,2012-04-30,14.6597,14.7081,14.3967,14.4659,216409,15.502799999999995,14.386443999999978,12.912578000000048,12.383637000000085,40.9463004781746,16.292135864665834,15.520385000000015,14.748634135334198,0.17497337272091684,0.38576434882653216,Bearish,15.8917,10.2263,799335.8571428572,14.650433333333336,14.834966666666668,14.961833333333336,14.339033333333335,14.212166666666667,14.027633333333334
2955,2012-05-01,14.6597,14.7081,14.3967,14.4659,216409,15.470171428571424,14.41952799999998,12.941787000000048,12.394157500000086,40.9463004781746,16.342668070555547,15.454975000000015,14.567281929444482,0.09813262045353532,0.3282380031519328,Bearish,15.8917,10.2263,771566.0476190476,14.650433333333336,14.834966666666668,14.961833333333336,14.339033333333335,14.212166666666667,14.027633333333334
2956,2012-05-02,14.4659,14.8812,14.3275,14.7289,137907,15.420399999999997,14.46216399999998,12.972657000000048,12.405742500000086,45.5854321486375,16.350287315002895,15.411370000000016,14.472452684997139,0.057791488387026746,0.2741487001989516,Bearish,15.8917,10.2263,687465.2380952381,14.964233333333336,15.199566666666668,15.517933333333335,14.410533333333337,14.09216666666667,13.856833333333338
2957,2012-05-03,14.7289,15.0542,14.7497,14.8743,127395,15.385795238095236,14.51116799999998,13.008926000000047,12.418618500000084,48.01677470827386,16.358530278463142,15.401335000000017,14.444139721536892,0.037125456273527035,0.2267440514138667,Bearish,15.8917,10.2263,610312.8571428572,15.035766666666667,15.197233333333333,15.340266666666666,14.731266666666668,14.588233333333335,14.42676666666667
2958,2012-05-04,14.8743,15.2134,14.7081,14.7358,304687,15.369642857142853,14.55670999999998,13.045471000000045,12.430927000000084,45.91236321252678,16.349916306343058,15.356690000000018,14.363463693656977,0.009462605400859303,0.18328776221126522,Bearish,15.8917,10.2263,576521.9523809524,15.063433333333334,15.391066666666667,15.568733333333334,14.558133333333334,14.380466666666667,14.052833333333334
2959,2012-05-07,14.7358,15.0473,14.7081,14.8881,135363,15.334376190476188,14.603359999999979,13.083608000000044,12.444310000000085,48.58103885517192,16.30423664920322,15.31170000000002,14.319163350796822,-0.00016911656947371512,0.14659638645511744,Bearish,15.8917,10.2263,566457.619047619,15.054233333333334,15.220366666666667,15.393433333333334,14.715033333333334,14.541966666666667,14.375833333333334
2960,2012-05-08,14.8881,14.985,14.6805,14.8743,60555,15.290871428571428,14.655271999999979,13.118493000000043,12.458125000000084,48.34826054801298,16.25805265655465,15.26844500000002,14.278837343445387,-0.00881426493290327,0.11551425617751329,Bearish,15.8917,10.2263,502817.7619047619,15.0127,15.1511,15.3172,14.708200000000001,14.542100000000001,14.403700000000002
2961,2012-05-09,14.8743,14.8812,14.5559,14.812,112416,15.246709523809525,14.70275399999998,13.152824000000043,12.472035500000084,47.24761063823872,16.25025566288822,15.24180000000002,14.23334433711182,-0.02045688242638377,0.08832002845673388,Bearish,15.8917,10.2263,449653.4285714286,14.943499999999998,15.075,15.268799999999999,14.618199999999998,14.424399999999999,14.292899999999998
2962,2012-05-10,14.812,14.8812,14.6043,14.7428,124137,15.218038095238095,14.749819999999978,13.189508000000044,12.486195000000084,45.99509656408311,16.238425920000175,15.209615000000019,14.180804079999863,-0.03486569234376802,0.0636828842966335,Bearish,15.8917,10.2263,432229.2380952381,14.881233333333336,15.019666666666668,15.158133333333335,14.604333333333336,14.465866666666669,14.327433333333337
2963,2012-05-11,14.7428,14.8812,14.3621,14.5005,124862,15.175847619047618,14.784149999999979,13.223769000000045,12.502274000000083,41.81517015834996,16.188227597361376,15.146975000000017,14.105722402638659,-0.06508609108423791,0.03792908922045922,Bearish,15.8917,10.2263,421217.0,14.800433333333332,15.100366666666666,15.319533333333332,14.281333333333333,14.062166666666666,13.762233333333333
2964,2012-05-14,14.5005,14.7081,13.843,13.9537,276932,15.09015238095238,14.79370199999998,13.252701000000044,12.516339500000083,34.25058852565894,16.17720087041001,15.05595500000002,13.93470912959003,-0.13164069304803405,0.004015132766760562,Bearish,15.8917,10.2263,408475.09523809527,14.493533333333335,15.033366666666668,15.358633333333335,13.628433333333335,13.303166666666668,12.763333333333335
2965,2012-05-15,13.9537,14.2583,13.8153,13.8637,445407,14.999180952380952,14.80560599999998,13.282325000000046,12.531959000000084,33.18642064636161,16.12247930780378,14.95490000000002,13.78732069219626,-0.18946392030687065,-0.034680677847965684,Bearish,15.8917,10.2263,209722.42857142858,14.142900000000001,14.4221,14.5859,13.699900000000001,13.536100000000001,13.256900000000002
2966,2012-05-16,13.8637,14.0437,13.4969,13.843,154010,14.901952380952382,14.806713999999978,13.311742000000047,12.545283000000083,32.932974562058696,16.032725647955253,14.85246500000002,13.672204352044787,-0.234259167642918,-0.07459637580695615,Bearish,15.8917,10.2263,197838.33333333334,14.092166666666667,14.341333333333333,14.638966666666667,13.545366666666668,13.247733333333334,12.998566666666669
2967,2012-05-17,13.843,13.843,13.5661,13.843,34669,14.804395238095239,14.806437999999979,13.339498000000049,12.558450500000083,32.9329745620587,15.94969476019527,14.759375000000023,13.569055239804777,-0.26668553900144154,-0.11301420844585322,Bearish,15.8917,10.2263,190979.95238095237,13.9353,14.0276,14.2122,13.6584,13.4738,13.3815
2968,2012-05-18,13.843,13.7391,13.3239,13.49,104684,14.698928571428574,14.806991999999978,13.36566200000005,12.57016600000008,28.6114346026143,15.895734162722041,14.652785000000023,13.409835837278004,-0.31721120842476935,-0.15385360844163645,Bearish,15.8917,10.2263,179558.80952380953,13.711433333333337,13.93286666666667,14.126633333333338,13.296233333333337,13.102466666666668,12.881033333333336
2969,2012-05-21,13.49,13.7045,13.4623,13.5038,56973,14.598071428571432,14.803945999999975,13.39244800000005,12.581669000000081,29.003657204598838,15.803914304195473,14.547230000000024,13.290545695804575,-0.3520810496148421,-0.19349909667627757,Bearish,15.8917,10.2263,174872.7619047619,13.651433333333332,13.799066666666665,13.89363333333333,13.409233333333333,13.314666666666668,13.167033333333334
2970,2012-05-22,13.5038,13.6353,13.5038,13.573,782183,14.500838095238098,14.802421999999977,13.41722700000005,12.59417550000008,31.04941222659577,15.596894206433648,14.431640000000025,13.266385793566402,-0.3698681781869535,-0.22877291297841276,Bearish,15.8917,10.2263,170667.42857142858,13.6376,13.702200000000001,13.769100000000002,13.5061,13.4392,13.3746
2971,2012-05-23,13.573,13.7045,13.3239,13.5938,144603,14.39174285714286,14.787609999999978,13.44172900000005,12.60713050000008,31.686597149970545,15.419601394814643,14.331280000000024,13.242958605185406,-0.3779296814478741,-0.258604266672305,Bearish,15.8917,10.2263,203286.57142857142,13.757566666666667,13.921333333333333,14.138166666666667,13.376966666666668,13.160133333333334,12.996366666666669
2972,2012-05-24,13.5938,13.6976,12.9778,13.1577,117766,14.275395238095241,14.750093999999976,13.46318500000005,12.618750000000082,26.21634758679372,15.35188954240766,14.228495000000024,13.105100457592387,-0.4147273870631487,-0.28982889075047374,Bearish,15.8917,10.2263,196660.42857142858,13.577600000000002,13.9975,14.297400000000001,12.857800000000003,12.557900000000002,12.138000000000003
2973,2012-05-25,13.1577,13.6007,13.047,13.4069,393020,14.189371428571432,14.729329999999974,13.48651000000005,12.632805500000082,33.30216429366556,15.325223939514528,14.165855000000025,13.006486060485523,-0.4189520579917758,-0.31565352419873416,Bearish,15.8917,10.2263,199179.61904761905,13.656066666666668,13.905233333333333,14.209766666666667,13.102366666666668,12.797833333333335,12.54866666666667
2974,2012-05-28,13.4069,13.753,13.4,13.4969,168905,14.134000000000004,14.720055999999975,13.510735000000052,12.648313000000082,35.703731198362156,15.303255532702696,14.117405000000025,12.931554467297353,-0.410308115750766,-0.33458444250914054,Bearish,15.8917,10.2263,205301.38095238095,13.699933333333336,13.902966666666668,14.052933333333335,13.346933333333336,13.196966666666668,12.993933333333336
2975,2012-05-29,13.4969,13.7322,13.0954,13.1577,1007820,14.071704761904765,14.692507999999975,13.532953000000052,12.662124500000084,31.15117424139333,15.29660120194152,14.051995000000025,12.807388798058529,-0.425918609826887,-0.35285127597268984,Bearish,15.8917,10.2263,201871.04761904763,13.56146666666667,13.965233333333336,14.19826666666667,12.924666666666669,12.691633333333334,12.287866666666668
2976,2012-05-30,13.1577,13.3585,13.0124,13.047,26309,14.004138095238101,14.663575999999976,13.553371000000052,12.675382500000085,29.815029555827177,15.245052941511435,13.967900000000025,12.690747058488615,-0.44212604980303105,-0.3707062307387581,Bearish,15.8917,10.2263,239557.2857142857,13.266200000000001,13.4854,13.612300000000001,12.920100000000001,12.7932,12.574000000000002
2977,2012-05-31,13.047,13.2892,12.9778,13.1785,48550,13.930309523809528,14.642949999999976,13.576143000000052,12.690143500000085,33.46581829168645,15.133182213758605,13.883110000000025,12.633037786241445,-0.43929568454441714,-0.3844241214998899,Bearish,15.8917,10.2263,230504.90476190476,13.3192,13.4599,13.6306,13.007800000000001,12.837100000000001,12.696400000000002
2978,2012-06-01,13.1785,13.4415,13.1508,13.2546,21118,13.853180952380956,14.623845999999975,13.598291000000051,12.705285000000087,35.55499618447258,15.023269882068922,13.809050000000024,12.594830117931126,-0.4260012880079618,-0.3927395548015043,Bearish,15.8917,10.2263,226249.80952380953,13.413800000000002,13.573,13.704500000000001,13.123100000000003,12.991600000000002,12.832400000000003
2979,2012-06-04,13.2546,13.5592,13.0124,13.0331,24663,13.772100000000004,14.606679999999976,13.618986000000053,12.71781600000009,32.36907753799527,14.868458657482321,13.716300000000023,12.564141342517726,-0.42840025040238494,-0.3998716939216804,Bearish,15.8917,10.2263,221189.0,13.390733333333333,13.748366666666668,13.937533333333334,12.843933333333332,12.654766666666665,12.297133333333331
2980,2012-06-05,13.0331,13.1647,12.6317,12.7078,109571,13.668276190476195,14.584945999999977,13.63545900000005,12.72687300000009,28.351169114645053,14.710587352330307,13.607975000000025,12.505362647669742,-0.45134758275810327,-0.410166871688965,Bearish,15.8917,10.2263,207854.52380952382,13.037766666666668,13.367733333333334,13.570766666666668,12.504766666666669,12.301733333333335,11.971766666666669
2981,2012-06-06,12.7078,13.0747,12.8047,12.9224,169198,13.575328571428575,14.560027999999978,13.653939000000051,12.737003000000088,34.15755626923844,14.505520954253,13.513495000000024,12.521469045747047,-0.44706361143841633,-0.41754621963885524,Bearish,15.8917,10.2263,206626.33333333334,13.063166666666667,13.203933333333334,13.333166666666667,12.793166666666668,12.663933333333334,12.523166666666668
2982,2012-06-07,12.9224,13.047,12.2579,12.3202,173038,13.45667142857143,14.522235999999978,13.667159000000051,12.744122000000088,27.43794462520303,14.345243807147922,13.392365000000023,12.439486192852124,-0.4866512280803885,-0.4313672213271619,Bearish,15.8917,10.2263,211799.80952380953,12.825500000000002,13.330800000000002,13.614600000000003,12.0364,11.7526,11.2473
2983,2012-06-08,12.3202,12.5625,12.3202,12.4587,48743,13.347904761904767,14.479737999999976,13.679618000000051,12.751933500000089,30.809257641894426,14.181926265636612,13.290275000000026,12.39862373436344,-0.5010728510553779,-0.4453083472728051,Bearish,15.8917,10.2263,214686.57142857142,12.574066666666667,12.689433333333334,12.816366666666667,12.331766666666667,12.204833333333333,12.089466666666667
2984,2012-06-11,12.4587,12.5902,12.1126,12.1472,61371,13.235842857142861,14.419659999999975,13.688408000000052,12.758939000000089,27.69287673440555,14.167268511148912,13.199950000000026,12.23263148885114,-0.5315106143428441,-0.4625488006868129,Bearish,15.8917,10.2263,211096.38095238095,12.454066666666666,12.760933333333332,12.931666666666665,11.976466666666667,11.805733333333334,11.498866666666668
2985,2012-06-12,12.1472,12.2787,11.7111,11.7734,196097,13.13201904761905,14.339645999999977,13.695260000000053,12.763606000000088,24.491409833328216,14.19584752678775,13.095435000000027,11.995022473212304,-0.5791195671823921,-0.48586295398592877,Bearish,15.8917,10.2263,208073.0,12.131033333333336,12.488666666666669,12.698633333333337,11.563433333333336,11.353466666666668,10.995833333333335
2986,2012-06-13,11.7734,12.1126,11.0813,11.0813,1257988,12.999523809523813,14.249251999999979,13.695052000000054,12.763403500000088,19.90341622398151,14.311681988107514,12.957350000000028,11.603018011892543,-0.6650306320318116,-0.5216964895951053,Bearish,15.8917,10.2263,204223.7142857143,11.768833333333331,12.456366666666666,12.800133333333331,10.737533333333332,10.393766666666666,9.706233333333332
2987,2012-06-14,11.0813,11.5589,11.0744,11.4274,1099520,12.884495238095239,14.176299999999978,13.699205000000054,12.764117000000088,27.243457536795663,14.281263087271928,12.836570000000028,11.39187691272813,-0.6971520574035015,-0.5567876031567845,Bearish,15.8917,10.2263,242918.04761904763,11.63273333333333,11.838066666666665,12.11723333333333,11.148233333333332,10.869066666666667,10.663733333333333
2988,2012-06-15,11.4274,11.725,11.3512,11.4412,234042,12.77012380952381,14.092549999999978,13.702250000000054,12.766371500000089,27.528633640484802,14.266833375220177,12.734130000000029,11.20142662477988,-0.7132728088211682,-0.5880846442896612,Bearish,15.8917,10.2263,287942.3333333333,11.660400000000001,11.8796,12.0342,11.286600000000002,11.132000000000001,10.912800000000002
2989,2012-06-18,11.4412,11.7665,11.4204,11.4412,42848,12.672561904761903,14.005615999999977,13.705988000000055,12.76649650000009,27.528633640484802,14.219235393136458,12.631000000000029,11.0427646068636,-0.7177745621105522,-0.6140226278538394,Bearish,15.8917,10.2263,297436.28571428574,11.665000000000003,11.888800000000002,12.011100000000003,11.318900000000003,11.196600000000002,10.972800000000003
2990,2012-06-19,11.4412,11.6765,11.2959,11.4204,15547,12.57335238095238,13.919235999999977,13.708618000000053,12.76592300000009,27.34130082202061,14.133274490462526,12.523370000000028,10.91346550953753,-0.714781068965646,-0.6341743160762008,Bearish,15.8917,10.2263,294491.71428571426,11.632633333333334,11.844866666666668,12.013233333333336,11.252033333333333,11.083666666666666,10.871433333333332
2991,2012-06-20,11.4204,11.5935,11.3166,11.462,11715,12.47282857142857,13.841577999999975,13.712287000000053,12.76355350000009,28.390872903375204,14.01129683415748,12.416780000000028,10.822263165842575,-0.700971567852509,-0.6475337664314624,Bearish,15.8917,10.2263,292519.04761904763,11.598133333333335,11.734266666666668,11.875033333333336,11.321233333333334,11.180466666666666,11.044333333333332
2992,2012-06-21,11.462,11.5796,11.3028,11.5312,79988,12.374609523809525,13.764471999999977,13.710903000000053,12.761248000000089,30.197194104327103,13.936419337488967,12.335455000000028,10.734490662511089,-0.6766436502527284,-0.6533557431957157,Bearish,15.8917,10.2263,255830.09523809524,11.639599999999996,11.747999999999998,11.916399999999996,11.362799999999996,11.194399999999998,11.085999999999997
2993,2012-06-22,11.5312,12.2233,11.4204,12.2233,545976,12.330114285714288,13.693871999999976,13.716647000000055,12.76221500000009,45.11021340643559,13.800084237244436,12.276275000000028,10.752465762755621,-0.5946620207913309,-0.6416169987148387,Bullish,15.8917,10.2263,252753.19047619047,12.490933333333334,12.758566666666667,13.293833333333334,11.688033333333335,11.152766666666668,10.885133333333336
2994,2012-06-25,12.2233,12.5279,11.9396,12.0157,59776,12.263866666666667,13.618703999999978,13.713671000000055,12.76277050000009,42.197971435517225,13.621950836383512,12.202215000000027,10.782479163616543,-0.5402153080134102,-0.621336660574553,Bullish,15.8917,10.2263,273144.14285714284,12.382533333333337,12.749366666666669,12.970833333333337,11.794233333333336,11.572766666666668,11.205933333333336
2995,2012-06-26,12.0157,12.1057,11.8565,11.8773,4538,12.186742857142857,13.538553999999976,13.702389000000055,12.76185100000009,40.32874996836862,13.493842165715126,12.138195000000028,10.78254783428493,-0.5024417830960832,-0.597557685078859,Bullish,15.8917,10.2263,257275.38095238095,12.0365,12.1957,12.2857,11.7873,11.6973,11.5381
2996,2012-06-27,11.8773,12.0365,11.6835,11.7111,25595,12.117857142857142,13.454941999999976,13.692837000000054,12.75944300000009,38.14365125193938,13.371872864773284,12.071400000000027,10.77092713522677,-0.48037942843896353,-0.5741220337508799,Bullish,15.8917,10.2263,249448.38095238095,11.937233333333333,12.163366666666667,12.290233333333333,11.584233333333334,11.457366666666667,11.231233333333334
2997,2012-06-28,11.7111,11.8703,11.6419,11.6973,29623,12.053585714285713,13.374791999999978,13.685985000000056,12.75734200000009,37.95973832279374,13.202390296714523,11.997340000000026,10.79228970328553,-0.45872055309861004,-0.551041737620426,Bullish,15.8917,10.2263,202675.7619047619,11.8311,11.9649,12.0595,11.602699999999999,11.508099999999999,11.374299999999998
2998,2012-06-29,11.6973,11.9672,11.6627,11.6904,26158,11.98272380952381,13.296163999999976,13.679410000000054,12.756083000000089,37.861440969392774,12.98232372289892,11.919130000000028,10.855936277101135,-0.43707419147185433,-0.5282482283907116,Bullish,15.8917,10.2263,202833.57142857142,11.88416666666667,12.077933333333336,12.188666666666672,11.57966666666667,11.468933333333334,11.275166666666669
2999,2012-07-02,11.6904,11.9742,11.8011,11.9188,26531,11.919114285714286,13.222241999999977,13.674842000000053,12.757688000000089,43.112724213640256,12.796034127571174,11.863415000000028,10.930795872428883,-0.39691394585007345,-0.501981371882584,Bullish,15.8917,10.2263,201767.2857142857,11.994966666666665,12.071133333333332,12.168066666666665,11.821866666666665,11.724933333333333,11.648766666666665
3000,2012-07-03,11.9188,12.0018,11.7319,11.7458,97945,11.857814285714287,13.139461999999975,13.669167000000051,12.756768500000089,40.332414513367375,12.664251657891194,11.815315000000028,10.966378342108863,-0.37472669989739593,-0.47653043748554635,Bullish,15.8917,10.2263,202025.04761904763,11.921100000000003,12.096400000000001,12.191000000000003,11.651200000000003,11.556600000000001,11.381300000000003
3001,2012-07-04,11.7458,11.8357,11.6281,11.7596,131992,11.812661904761907,13.062633999999976,13.662453000000053,12.754728500000088,40.66114842873957,12.437370415679533,11.757175000000029,11.076979584320524,-0.3519722855481753,-0.4516188070980721,Bullish,15.8917,10.2263,205514.66666666666,11.854166666666664,11.948733333333331,12.061766666666664,11.646566666666665,11.533533333333333,11.438966666666666
3002,2012-07-05,11.7596,11.7665,11.6281,11.6627,40546,11.75267619047619,12.991619999999976,13.652071000000053,12.751859500000087,39.03489423537328,12.354163807510485,11.724300000000028,11.094436192489571,-0.337863587291114,-0.4288677631366805,Bullish,15.8917,10.2263,206582.33333333334,11.743433333333332,11.824166666666667,11.881833333333333,11.605033333333331,11.547366666666665,11.46663333333333
3003,2012-07-06,11.6627,12.0434,11.7665,11.8911,111356,11.732242857142857,12.936247999999976,13.641966000000055,12.748692000000085,44.65382177931012,12.235551813750536,11.695920000000028,11.156288186249519,-0.30473952355933065,-0.40404211522121053,Bullish,15.8917,10.2263,200456.04761904763,12.034166666666668,12.177233333333334,12.311066666666667,11.757266666666668,11.623433333333335,11.480366666666669
3004,2012-07-09,11.8911,11.9326,11.7665,11.9257,22463,11.706861904761906,12.885443999999975,13.635944000000054,12.745697500000084,45.47368783965623,12.195277085503726,11.684845000000028,11.17441291449633,-0.2725546927317577,-0.37774463072332,Bullish,15.8917,10.2263,197518.80952380953,11.983366666666665,12.041033333333333,12.149466666666665,11.817266666666665,11.708833333333333,11.651166666666665
3005,2012-07-10,11.9257,12.0434,11.7734,11.9742,26884,11.698623809523811,12.835609999999974,13.627569000000056,12.741693000000085,46.66632168948689,12.21958927205401,11.694885000000028,11.170180727946045,-0.24036367492973731,-0.35026843956460346,Bullish,15.8917,10.2263,196267.38095238095,12.08726666666667,12.200333333333335,12.35726666666667,11.81726666666667,11.660333333333336,11.54726666666667
3006,2012-07-11,11.9742,12.1126,11.8427,12.0295,85611,11.710819047619049,12.781621999999976,13.621893000000057,12.738247000000085,48.061277172192874,12.204268884447504,11.742295000000029,11.280321115552553,-0.20799220884633307,-0.3218131934209494,Bullish,15.8917,10.2263,194625.14285714287,12.147166666666667,12.264833333333334,12.417066666666667,11.877266666666667,11.725033333333334,11.607366666666667
3007,2012-07-12,12.0295,12.161,11.8427,12.1057,87724,11.759600000000002,12.726249999999975,13.618709000000058,12.735338500000086,50.00183848781069,12.240321869716226,11.77621000000003,11.312098130283832,-0.17418103503345073,-0.29228676174344964,Bullish,15.8917,10.2263,189363.90476190476,12.230233333333334,12.354766666666666,12.548533333333333,11.911933333333335,11.718166666666669,11.593633333333337
3008,2012-07-13,12.1057,12.251,12.0434,12.1957,73058,11.796185714285716,12.675447999999975,13.61607900000006,12.732754500000087,52.2701285480029,12.285586520841054,11.813935000000027,11.342283479159,-0.13852634290047128,-0.26153467797485397,Bullish,15.8917,10.2263,133637.04761904763,12.283333333333333,12.370966666666666,12.490933333333333,12.075733333333334,11.955766666666667,11.868133333333335
3009,2012-07-16,12.1957,12.3202,12.1126,12.2303,36885,11.833761904761905,12.622291999999975,13.612826000000059,12.730563000000089,53.15010579251839,12.325739505781108,11.853390000000028,11.381040494218947,-0.10625299330454041,-0.23047834104079126,Bullish,15.8917,10.2263,84757.90476190476,12.329466666666665,12.428633333333332,12.537066666666664,12.121866666666666,12.013433333333333,11.914266666666666
3010,2012-07-17,12.2303,12.7632,12.3133,12.5486,219946,11.886495238095238,12.575777999999975,13.615525000000058,12.726800500000088,60.38575894300789,12.428984961272652,11.909800000000027,11.390615038727402,-0.05436529213046981,-0.19525573125872697,Bullish,15.8917,10.2263,75369.47619047618,12.770099999999998,12.991599999999998,13.219999999999997,12.320199999999998,12.0918,11.870299999999999
3011,2012-07-18,12.5486,12.7978,12.5279,12.6179,97133,11.943519047619047,12.531895999999975,13.61732500000006,12.720378500000088,61.77013220065945,12.530061114456315,11.967595000000028,11.405128885543741,-0.007564782183486329,-0.15771754144367883,Bullish,15.8917,10.2263,83802.71428571429,12.767833333333334,12.917766666666667,13.037733333333334,12.497933333333334,12.377966666666667,12.228033333333334
3012,2012-07-19,12.6179,12.874,12.5625,12.7009,65943,12.002514285714286,12.491057999999976,13.62043900000006,12.715655500000087,63.4190041383348,12.636117109044847,12.026080000000025,11.416042890955204,0.03580957497934811,-0.11901211815907345,Bullish,15.8917,10.2263,87687.76190476191,12.862433333333332,13.023966666666666,13.173933333333332,12.550933333333331,12.400966666666665,12.23943333333333
3013,2012-07-20,12.7009,12.874,12.4933,12.5071,44032,12.048985714285713,12.451189999999976,13.617670000000059,12.710120000000085,57.213939026301276,12.680454936101858,12.040270000000026,11.400085063898194,0.05392441805587822,-0.08442481091608312,Bullish,15.8917,10.2263,90270.04761904762,12.756300000000001,13.005500000000001,13.137000000000002,12.3756,12.2441,11.9949
3014,2012-07-23,12.5071,12.4587,12.3202,12.3825,18700,12.056566666666665,12.419765999999976,13.606734000000058,12.707061000000088,53.58390858313176,12.715721000982086,12.058610000000026,11.401498999017967,0.05756283450551436,-0.056027281831763615,Bullish,15.8917,10.2263,88557.85714285714,12.454066666666666,12.525633333333333,12.592566666666666,12.315566666666665,12.248633333333332,12.177066666666665
3015,2012-07-24,12.3825,12.3202,12.251,12.3133,17050,12.070738095238093,12.388757999999978,13.597182000000059,12.706004500000086,51.62488244883866,12.740934521582496,12.080410000000025,11.419885478417555,0.05423723104576261,-0.03397437925625837,Bullish,15.8917,10.2263,63449.47619047619,12.338666666666663,12.364033333333332,12.407866666666663,12.269466666666663,12.225633333333331,12.200266666666662
3016,2012-07-25,12.3133,12.7701,12.3202,12.7217,36850,12.110947619047618,12.366331999999979,13.586523000000058,12.708150000000085,60.74610273169407,12.82451920788584,12.130940000000027,11.437360792114214,0.08359253054543636,-0.01046099729591942,Bullish,15.8917,10.2263,61414.90476190476,12.887799999999999,13.053899999999999,13.337699999999998,12.437899999999999,12.1541,11.988
3017,2012-07-26,12.7217,12.8393,12.5971,12.604,17050,12.153466666666667,12.34155199999998,13.573995000000059,12.711818500000083,57.38775575066367,12.869080522142765,12.176275000000027,11.48346947785729,0.09624990160021873,0.010881182483308213,Bullish,15.8917,10.2263,62953.57142857143,12.763166666666665,12.922333333333333,13.005366666666665,12.520966666666665,12.437933333333332,12.278766666666664
3018,2012-07-27,12.604,12.5694,12.5348,12.5694,9350,12.194995238095238,12.32313999999998,13.56506600000006,12.715833000000082,56.400623437226194,12.895463944012931,12.220225000000026,11.54498605598712,0.10230966636849459,0.029166879260345488,Bullish,15.8917,10.2263,62546.666666666664,12.580933333333334,12.592466666666667,12.615533333333333,12.546333333333335,12.523266666666668,12.511733333333336
3019,2012-07-30,12.5694,12.6317,12.5625,12.6179,31900,12.239161904761906,12.30542199999998,13.55468400000006,12.720090000000082,57.50407614753487,12.936735499142685,12.255180000000026,11.573624500857367,0.1097603690630855,0.04528557722089349,Bullish,15.8917,10.2263,61581.28571428572,12.645566666666667,12.673233333333334,12.714766666666668,12.576366666666667,12.534833333333333,12.507166666666667
3020,2012-07-31,12.6179,13.22,12.5763,13.1162,110000,12.296180952380954,12.296285999999983,13.54935400000006,12.727392000000082,66.80088305058909,13.059984882373485,12.323700000000025,11.587415117626566,0.15409741112793007,0.06704794400230081,Bullish,15.8917,10.2263,61854.71428571428,13.365366666666663,13.614533333333332,14.009066666666664,12.721666666666662,12.32713333333333,12.077966666666661
3021,2012-08-01,13.1162,13.1854,13.0124,13.1577,56650,12.363414285714287,12.287563999999982,13.53758700000006,12.735040000000083,67.43975827832037,13.166934185994936,12.393605000000026,11.620275814005115,0.19038885535391437,0.09171612627262352,Bullish,15.8917,10.2263,65829.42857142857,13.224599999999999,13.2915,13.397599999999999,13.051599999999999,12.9455,12.878599999999999
3022,2012-08-02,13.1577,13.8499,13.2892,13.6838,283800,12.455042857142857,12.298085999999982,13.52409000000006,12.744280500000082,74.21421857728144,13.3796830401587,12.494660000000025,11.60963695984135,0.2586207406551395,0.12509704914912673,Bullish,15.8917,10.2263,63863.0,13.926066666666665,14.168333333333333,14.486766666666666,13.365366666666665,13.046933333333332,12.804666666666664
3023,2012-08-03,13.6838,13.7391,13.7045,13.7115,88550,12.55260476190476,12.304177999999984,13.51675400000006,12.753901500000081,74.51487466782018,13.572295529176223,12.585680000000025,11.599064470823826,0.3113412121514827,0.1623458817495979,Bullish,15.8917,10.2263,71091.95238095238,13.732233333333337,13.75296666666667,13.766833333333338,13.697633333333336,13.683766666666667,13.663033333333335
3024,2012-08-06,13.7115,13.6353,13.2546,13.2892,39050,12.619180952380951,12.300023999999985,13.51004000000006,12.757950500000081,62.542253747588326,13.637060084360158,12.653855000000025,11.670649915639892,0.3154106275728168,0.19295883091424168,Bullish,15.8917,10.2263,73377.85714285714,13.53146666666667,13.773733333333336,13.912166666666671,13.15076666666667,13.012333333333334,12.770066666666668
3025,2012-08-07,13.2892,13.4969,13.1993,13.2892,32450,12.684109523809521,12.302653999999986,13.497581000000059,12.762795500000081,62.542253747588326,13.687978098506823,12.719605000000024,11.751231901493226,0.31500449290209254,0.21736796331181185,Bullish,15.8917,10.2263,69934.71428571429,13.457633333333332,13.626066666666667,13.755233333333333,13.160033333333331,13.030866666666665,12.86243333333333
3026,2012-08-08,13.2892,13.3585,13.1647,13.3239,18150,12.74838095238095,12.308191999999986,13.48588400000006,12.76653350000008,63.1071468347732,13.73236363397639,12.784325000000024,11.836286366023657,0.3138645925999324,0.23666728916943597,Bullish,15.8917,10.2263,70410.28571428571,13.400033333333333,13.476166666666666,13.593833333333333,13.206233333333333,13.088566666666667,13.012433333333334
3027,2012-08-09,13.3239,13.3169,12.9432,13.1301,90200,12.800790476190473,12.307223999999986,13.47508700000006,12.77013300000008,57.8590161313693,13.741132648939429,12.835545000000025,11.92995735106062,0.2939348747837123,0.24812080629229122,Bullish,15.8917,10.2263,69994.38095238095,13.316933333333333,13.503766666666667,13.690633333333334,12.943233333333332,12.756366666666665,12.56953333333333
3028,2012-08-10,13.1301,13.4623,13.22,13.2546,16500,12.855499999999996,12.307223999999986,13.46553500000006,12.773870500000083,60.151659975921824,13.76148335141325,12.888490000000024,12.015496648586797,0.28490236225210097,0.25547711748425317,Bullish,15.8917,10.2263,70212.90476190476,13.4046,13.5546,13.6469,13.1623,13.07,12.92
3029,2012-08-13,13.2546,13.2546,13.0539,13.1785,25300,12.902299999999995,12.310131999999985,13.458406000000059,12.777227500000084,58.07197059208392,13.762522588616932,12.935900000000023,12.109277411383115,0.2685082015820104,0.2580833343038046,Bullish,15.8917,10.2263,66821.28571428571,13.270766666666669,13.363033333333334,13.471466666666668,13.07006666666667,12.961633333333335,12.86936666666667
3030,2012-08-14,13.2546,13.2546,13.0539,13.1785,25300,12.947452380952376,12.319545999999985,13.45224600000006,12.780584500000083,58.07197059208392,13.780480393984929,12.967395000000025,12.15430960601512,0.25260385118143347,0.25698743767933035,Bearish,15.8917,10.2263,64547.09523809524,13.270766666666669,13.363033333333334,13.471466666666668,13.07006666666667,12.961633333333335,12.86936666666667
3031,2012-08-15,13.1785,13.3031,13.1508,13.22,26400,12.979423809523805,12.325497999999984,13.44276300000006,12.784149000000085,58.96918008551118,13.801126231535276,12.997500000000025,12.193873768464774,0.24057504273446995,0.25370495869035825,Bearish,15.8917,10.2263,63995.42857142857,13.29846666666667,13.376933333333335,13.45076666666667,13.14616666666667,13.072333333333335,12.99386666666667
3032,2012-08-16,13.22,13.3585,13.0193,13.1024,23100,13.002495238095232,12.341141999999984,13.431689000000057,12.788544500000084,55.354371997490034,13.810550149365735,13.017575000000026,12.224599850634316,0.2190279701024096,0.24676956097276853,Bearish,15.8917,10.2263,54778.95238095238,13.300833333333332,13.499266666666665,13.640033333333331,12.961633333333332,12.820866666666666,12.622433333333332
3033,2012-08-17,13.22,13.3585,13.0193,13.1024,23100,13.021614285714278,12.354015999999984,13.416877000000058,12.791763000000085,55.35437199749005,13.805355750239768,13.047340000000025,12.289324249760282,0.19965031524706411,0.23734571182762765,Bearish,15.8917,10.2263,51253.57142857143,13.300833333333332,13.499266666666665,13.640033333333331,12.961633333333332,12.820866666666666,12.622433333333332
3034,2012-08-20,13.22,13.3585,13.0193,13.1024,23100,13.049961904761899,12.373119999999982,13.396390000000059,12.795189500000085,55.35437199749005,13.777315686411095,13.083335000000025,12.389354313588955,0.18219317465957552,0.22631520439401723,Bearish,15.8917,10.2263,49213.42857142857,13.300833333333332,13.499266666666665,13.640033333333331,12.961633333333332,12.820866666666666,12.622433333333332
3035,2012-08-21,13.22,13.3585,13.0193,13.1024,23100,13.08424285714285,12.399699999999982,13.369673000000057,12.799100500000087,55.35437199749005,13.720171217993544,13.122790000000027,12.52540878200651,0.16643965226585067,0.2143400939683839,Bearish,15.8917,10.2263,48216.666666666664,13.300833333333332,13.499266666666665,13.640033333333331,12.961633333333332,12.820866666666666,12.622433333333332
3036,2012-08-22,13.22,13.3585,13.0193,13.1024,23100,13.12181904761904,12.440121999999981,13.344687000000055,12.803565000000088,55.35437199749005,13.710440430244093,13.141825000000026,12.573209569755958,0.15220040079195307,0.20191215533309775,Bearish,15.8917,10.2263,48426.19047619047,13.300833333333332,13.499266666666665,13.640033333333331,12.961633333333332,12.820866666666666,12.622433333333332
3037,2012-08-23,13.1024,13.3239,13.22,13.2477,23100,13.146866666666659,12.47652799999998,13.326414000000055,12.808721500000088,59.7681626652127,13.687401437025851,13.174010000000028,12.660618562974204,0.1509006977763132,0.19170986382174085,Bearish,15.8917,10.2263,48714.28571428572,13.307733333333333,13.367766666666666,13.411633333333333,13.203833333333334,13.159966666666667,13.099933333333334
3038,2012-08-24,13.2477,13.4277,12.8809,13.0885,178750,13.16993809523809,12.50947399999998,13.301012000000055,12.812943500000088,53.52439550192764,13.634968288621605,13.199965000000025,12.764961711378445,0.13546303076661026,0.18046049721071472,Bearish,15.8917,10.2263,48059.52380952381,13.383833333333328,13.679166666666664,13.930633333333327,12.837033333333329,12.585566666666665,12.29023333333333
3039,2012-08-27,13.0885,13.4969,13.0816,13.1854,2132350,13.199271428571425,12.54435799999998,13.274987000000056,12.818515000000087,56.50292717546287,13.572272832994424,13.228340000000026,12.884407167005628,0.1295541687987054,0.17027923152831287,Bearish,15.8917,10.5269,55759.52380952381,13.427666666666665,13.669933333333333,13.842966666666666,13.012366666666665,12.839333333333332,12.597066666666665
3040,2012-08-28,13.1854,13.7045,13.1508,13.2477,3284600,13.2292619047619,12.58090399999998,13.250070000000056,12.825332500000085,58.351047371028706,13.575027859374089,13.234915000000026,12.894802140625963,0.1284181183247206,0.1619070088875944,Bearish,15.8917,10.7461,156854.7619047619,13.58453333333333,13.921366666666664,14.138233333333329,13.03083333333333,12.813966666666666,12.477133333333331
3041,2012-08-29,13.2477,13.4,13.0816,13.0885,2791250,13.227942857142853,12.613433999999978,13.227506000000055,12.831250500000085,52.24255180046242,13.576018361243841,13.231455000000025,12.88689163875621,0.11336488084994834,0.1521985832800652,Bearish,15.8917,10.7461,311745.2380952381,13.298466666666668,13.508433333333334,13.616866666666668,12.980066666666668,12.871633333333333,12.661666666666667
3042,2012-08-30,13.0885,13.2546,13.0816,13.0954,158950,13.224976190476188,12.64471799999998,13.204595000000054,12.836372000000086,52.47477228379566,13.481392758280252,13.202035000000027,12.922677241719802,0.10082955370190838,0.14192477736443382,Bearish,15.8917,10.7461,439423.8095238095,13.206133333333336,13.316866666666668,13.379133333333336,13.033133333333335,12.970866666666668,12.860133333333335
3043,2012-08-31,13.0954,13.3169,13.0954,13.1508,249150,13.199595238095233,12.66326799999998,13.178570000000052,12.842428000000083,54.39230546582425,13.327332971051485,13.174000000000026,13.020667028948568,0.09427874691980342,0.13239557127550775,Bearish,15.8917,10.7461,444295.2380952381,13.28,13.4092,13.5015,13.058499999999999,12.966199999999999,12.836999999999998
3044,2012-09-03,13.1508,13.843,13.2546,13.836,3988600,13.205523809523806,12.69967399999998,13.159189000000051,12.852741000000083,70.3348467591151,13.526171786639459,13.201340000000027,12.876508213360594,0.14273177582932384,0.13446281218627096,Bullish,15.8917,10.7461,442645.2380952381,14.034466666666667,14.232933333333333,14.622866666666667,13.446066666666667,13.056133333333333,12.857666666666667
3045,2012-09-04,13.836,14.1129,13.4969,13.5869,471350,13.219699999999998,12.73386599999998,13.136210000000052,12.861773500000082,61.867916567519806,13.580665480066754,13.216225000000028,12.851784519933302,0.15919575260083718,0.1394094002691842,Bullish,15.8917,10.8252,628361.9047619047,13.967566666666666,14.348233333333333,14.583566666666666,13.351566666666667,13.116233333333334,12.735566666666667
3046,2012-09-05,13.5869,13.7391,13.2685,13.4138,197450,13.22563333333333,12.76791999999998,13.111431000000053,12.868971500000079,56.75501210391083,13.592505473642115,13.220720000000028,12.848934526357942,0.1564721360816428,0.14282194743167592,Bullish,15.8917,10.8252,648947.619047619,13.679100000000005,13.944400000000003,14.149700000000006,13.208500000000004,13.003200000000001,12.737900000000003
3047,2012-09-06,13.4138,13.5938,13.2892,13.4623,123200,13.232223809523807,12.80321999999998,13.089006000000051,12.87662000000008,57.807144655818476,13.620932205952196,13.237330000000028,12.853727794047861,0.15642403611838063,0.14554236516901686,Bullish,15.8917,10.8252,656804.7619047619,13.607666666666669,13.753033333333335,13.91226666666667,13.303066666666668,13.143833333333333,12.998466666666667
3048,2012-09-07,13.3931,14.0714,13.4277,13.9883,774950,13.273090476190472,12.84917799999998,13.072671000000053,12.88703700000008,67.14362208447841,13.778493971921854,13.274015000000029,12.769536028078203,0.19656385482387861,0.15574666309998922,Bullish,15.8917,10.8252,661807.1428571428,14.230566666666666,14.472833333333334,14.874266666666667,13.586866666666666,13.185433333333332,12.943166666666665
3049,2012-09-10,13.9883,14.6874,13.9468,14.6043,3649250,13.337361904761902,12.90288799999998,13.062565000000053,12.90053400000008,74.31242826020602,14.11099226638957,13.34530500000003,12.57961773361049,0.274911987942728,0.17957972806853698,Bullish,15.8917,10.8252,694414.2857142857,14.878866666666667,15.153433333333334,15.619466666666668,14.138266666666667,13.672233333333333,13.397666666666666
3050,2012-09-11,14.6043,14.8743,14.4313,14.4521,3302750,13.398009523809522,12.95701399999998,13.048238000000051,12.913270000000079,70.2348843320763,14.308701996122135,13.40898500000003,12.509268003877924,0.3210216422330774,0.20786811090144505,Bullish,15.8917,10.8252,867402.380952381,14.7405,15.0289,15.1835,14.297500000000001,14.142900000000001,13.854500000000002
3051,2012-09-12,14.4521,14.4174,14.189,14.2029,114400,13.446790476190476,13.00587999999998,13.03425700000005,12.925902000000079,64.03904546618507,14.416642852501857,13.458130000000029,12.499617147498201,0.33360987118154917,0.23301646295746586,Bullish,15.8917,10.8252,1023471.4285714285,14.350533333333335,14.498166666666668,14.578933333333335,14.122133333333334,14.041366666666667,13.893733333333333
3052,2012-09-13,14.2029,14.3621,14.015999999999998,14.0783,935000,13.487661904761902,13.05419199999998,13.022906000000049,12.937668500000079,61.135073819637306,14.48714766833159,13.50692500000003,12.526702331668469,0.32973102068611837,0.25235937450319634,Bullish,15.8917,10.8252,1027714.2857142857,14.288266666666669,14.498233333333335,14.63436666666667,13.942166666666667,13.806033333333332,13.596066666666665
3053,2012-09-14,14.0783,14.189,13.843,13.8776,97350,13.524576190476187,13.09392199999998,13.015085000000049,12.949296500000077,56.67679887183148,14.520148454990007,13.545685000000029,12.57122154501005,0.3069241603756119,0.26327233167767944,Bullish,15.8917,10.8252,1070980.9523809524,14.096733333333333,14.315866666666667,14.442733333333333,13.750733333333333,13.623866666666666,13.404733333333333
3054,2012-09-17,13.8776,14.5282,13.843,13.8499,124850,13.560171428571426,13.13240599999998,13.00892500000005,12.960751500000079,56.06906034973051,14.543893230904906,13.583060000000028,12.62222676909515,0.2833481397861757,0.2672874932993787,Bullish,15.8917,10.8252,1074516.6666666667,14.304400000000001,14.7589,14.989600000000001,13.619200000000001,13.3885,12.934000000000001
3055,2012-09-18,13.8499,14.015999999999998,13.8568,13.9329,147400,13.599719047619047,13.171579999999981,13.00359500000005,12.972691000000077,57.53829737250392,14.570404217985603,13.62458500000003,12.678765782014457,0.26826894257466627,0.2674837831544362,Bullish,15.8917,10.8252,1079361.9047619049,14.01366666666667,14.094433333333333,14.172866666666668,13.85446666666667,13.776033333333336,13.695266666666672
3056,2012-09-19,13.9329,14.0506,13.8568,13.8706,109450,13.6363,13.20840199999998,12.995012000000049,12.983834500000079,56.023731928764384,14.58290908398316,13.662995000000032,12.743080916016904,0.24842776022861557,0.26367257856927206,Bearish,15.8917,10.8252,1085280.9523809524,13.9952,14.1198,14.189,13.801400000000001,13.7322,13.607600000000001
3057,2012-09-20,13.8706,14.0091,13.5315,13.6215,118800,13.66101904761905,13.238717999999981,12.98248400000005,12.995705000000077,50.320201379854936,14.582071048931526,13.681685000000034,12.78129895106854,0.21018036368708337,0.2529741355928343,Bearish,15.8917,10.8252,1089392.857142857,13.909900000000002,14.198300000000001,14.387500000000003,13.432300000000001,13.2431,12.9547
3058,2012-09-21,13.8706,14.0091,13.5315,13.6215,118800,13.67881904761905,13.26723399999998,12.97134100000005,13.008406000000079,50.320201379854936,14.567523515467087,13.708335000000034,12.84914648453298,0.177819236896001,0.23794315585346765,Bearish,15.8917,10.8252,1093950.0,13.909900000000002,14.198300000000001,14.387500000000003,13.432300000000001,13.2431,12.9547
3059,2012-09-24,13.6215,13.9053,13.7391,13.8014,111650,13.712766666666669,13.29865599999998,12.960474000000051,13.02204100000008,54.223577394734754,14.564635067298926,13.739135000000033,12.91363493270114,0.16478964483009761,0.22331245364879365,Bearish,15.8917,10.8252,1098507.142857143,13.891433333333332,13.981466666666666,14.057633333333332,13.725233333333332,13.649066666666666,13.559033333333332
3060,2012-09-25,13.8014,13.9814,13.4969,13.7045,83050,13.737485714285716,13.321773999999982,12.948776000000052,13.033634500000078,51.859997167260005,14.556520117353733,13.761975000000032,12.96742988264633,0.14497341577755307,0.20764464607454552,Bearish,15.8917,10.8252,1095311.9047619049,13.958300000000001,14.212100000000001,14.442800000000002,13.4738,13.2431,12.9893
3061,2012-09-26,13.7045,13.836,13.7045,13.7807,63250,13.76286666666667,13.345029999999984,12.938463000000054,13.045643500000075,53.573801296997026,14.528614333504287,13.796585000000032,13.064555666495778,0.13387439397538792,0.192890595654714,Bearish,15.8917,10.8252,997726.1904761905,13.842966666666669,13.905233333333335,13.97446666666667,13.711466666666668,13.642233333333333,13.579966666666667
3062,2012-09-27,13.7807,13.843,13.5661,13.6146,164450,13.787919047619049,13.363303999999982,12.927181000000054,13.058344500000075,49.44190323684985,14.486971734795052,13.822545000000034,13.158118265205015,0.11040280260360014,0.17639303704449122,Bearish,15.8917,10.8252,844328.5714285715,13.78303333333333,13.951466666666665,14.05993333333333,13.50613333333333,13.397666666666666,13.229233333333331
3063,2012-09-28,13.6146,14.3067,13.6561,14.3067,584650,13.845600000000001,13.399295999999982,12.925243000000055,13.074506000000076,62.44059709354871,14.500609926411617,13.880340000000032,13.260070073588448,0.14596548397779863,0.1703075264311527,Bearish,15.8917,10.8252,719242.8571428572,14.523566666666666,14.740433333333332,15.174166666666665,13.872966666666667,13.439233333333334,13.222366666666668
3064,2012-10-01,14.3067,15.0196,14.7497,15.0196,1639000,13.934590476190479,13.45203799999998,12.935902000000056,13.094301500000077,70.77549988079129,14.733191943822137,13.939520000000034,13.14584805617793,0.22903407498063189,0.18205283614104856,Bullish,15.8917,10.8252,739514.2857142857,15.109566666666666,15.199533333333333,15.379466666666666,14.839666666666666,14.659733333333334,14.569766666666666
3065,2012-10-02,15.0196,15.7671,15.0888,15.5456,2297900,14.016,13.51668399999998,12.952721000000054,13.117523000000077,75.15618432478361,15.077926296053233,14.037455000000032,12.99698370394683,0.33346634343036463,0.21233553759891177,Bullish,15.8917,10.8252,805697.619047619,15.84553333333333,16.145466666666664,16.52383333333333,15.167233333333332,14.788866666666667,14.488933333333334
3066,2012-10-03,15.5456,16.3209,15.2273,16.2586,2297900,14.143223809523809,13.587421999999979,12.976877000000053,13.144309500000077,79.61647058631115,15.56192492223098,14.179695000000033,12.797465077769084,0.468363803401747,0.2635411907594788,Bullish,15.8917,10.8252,725188.0952380953,16.643900000000002,17.029200000000003,17.737500000000004,15.5503,14.841999999999999,14.456699999999998
3067,2012-10-04,16.2586,17.0684,16.3001,16.8538,3810950,14.307033333333333,13.672417999999977,13.006985000000054,13.173241500000076,82.44916818739992,16.116407014611738,14.349270000000029,12.582132985388322,0.6161955591810138,0.3340720644437858,Bullish,16.2586,10.8252,812166.6666666666,17.181433333333338,17.50906666666667,17.949733333333338,16.413133333333338,15.97246666666667,15.644833333333338
3068,2012-10-05,16.8538,16.9576,16.2655,16.6254,570900,14.457657142857142,13.753537999999978,13.038339000000054,13.202000500000077,77.97127893230143,16.49689382392568,14.48112500000003,12.46535617607438,0.706776045228235,0.40861286060067564,Bullish,16.8538,10.8252,984238.0952380953,16.966833333333337,17.30826666666667,17.658933333333337,16.274733333333337,15.924066666666668,15.582633333333337
3069,2012-10-08,16.6254,16.5977,15.7948,15.7948,228250,14.543680952380953,13.817075999999979,13.061249000000053,13.226848500000076,64.29560161059345,16.636184546126728,14.540650000000031,12.445115453873335,0.7034305451771594,0.4675763975159724,Bullish,16.8538,10.8252,1005557.1428571428,16.330066666666667,16.865333333333332,17.13296666666667,15.52716666666667,15.259533333333335,14.72426666666667
3070,2012-10-09,15.7948,16.0924,15.6425,15.954,257400,14.60795238095238,13.873831999999977,13.08505900000005,13.251143000000077,65.54306179010977,16.79901122790498,14.615745000000032,12.432478772095084,0.7054928394940987,0.5151596859115977,Bullish,16.8538,10.8252,979523.8095238095,16.150100000000002,16.346200000000003,16.600000000000005,15.700200000000002,15.4464,15.250300000000001
3071,2012-10-10,15.954,16.1893,15.7118,15.8433,78650,14.6742,13.927543999999978,13.10755400000005,13.274641500000078,63.87195418304464,16.935404907829337,14.697765000000032,12.460125092170726,0.6902380234803722,0.5501753534253526,Bullish,16.8538,10.8252,818007.1428571428,16.1178,16.3923,16.595299999999998,15.6403,15.4373,15.1628
3072,2012-10-11,15.8433,16.4385,15.5733,16.0302,266200,14.761214285714285,13.974471999999977,13.13627900000005,13.299732000000079,65.4725742411281,17.086050387112724,14.79536000000003,12.504669612887337,0.6853296858800988,0.5772062199163018,Bullish,16.8538,10.8252,664478.5714285715,16.4547,16.8792,17.3199,15.589499999999997,15.148799999999998,14.724299999999996
3073,2012-10-12,16.0302,16.8261,16.8261,16.8261,782650,14.892061904761905,14.036763999999978,13.17047100000005,13.328490500000079,71.30315508359179,17.354558254912313,14.942785000000033,12.531011745087751,0.7371646956134441,0.6091979150557303,Bullish,16.8538,10.8252,671707.1428571428,16.8261,16.8261,16.8261,16.8261,16.8261,16.8261
3074,2012-10-15,16.8261,17.6636,17.2691,17.3798,3246100,15.058833333333334,14.118575999999978,13.209300000000049,13.360017500000081,74.5260399211856,17.69628935008209,15.119280000000032,12.542270649917974,0.8135452337736044,0.6500673787993051,Bullish,16.8538,10.8252,664452.380952381,17.6059,17.831999999999997,18.000399999999996,17.2114,17.043000000000003,16.816900000000004
3075,2012-10-16,17.3798,17.7882,16.7154,16.7915,1471250,15.198909523809524,14.188621999999977,13.24563800000005,13.389295500000081,66.0396253177515,17.876980677442067,15.26221000000003,12.647439322557993,0.8171864504657691,0.6834911931325979,Bullish,17.3798,10.8252,814392.8571428572,17.481333333333335,18.171166666666668,18.554133333333336,16.408533333333335,16.025566666666666,15.335733333333334
3076,2012-10-17,16.7915,17.0961,16.4524,16.9646,456500,15.34327619047619,14.261435999999978,13.284814000000049,13.41909250000008,67.22233227571282,18.050084509904483,15.41691000000003,12.783735490095577,0.824535136472841,0.7116999818006465,Bullish,17.3798,10.8252,878507.1428571428,17.222999999999995,17.481399999999997,17.866699999999994,16.579299999999996,16.194,15.935599999999997
3077,2012-10-18,16.9646,17.7536,17.0268,17.3314,1245750,15.508076190476189,14.34546199999998,13.32634300000005,13.45124300000008,69.63550127277303,18.22620556366921,15.602405000000028,12.978604436330842,0.8501566410484909,0.7393913136502154,Bullish,17.3798,10.8252,893226.1904761905,17.714399999999998,18.097399999999997,18.441199999999995,16.9876,16.643800000000002,16.260800000000003
3078,2012-10-19,17.3314,17.9959,17.0961,17.3314,710600,15.68473809523809,14.42699799999998,13.36711100000005,13.482701000000079,69.63550127277301,18.349107456652245,15.787900000000025,13.226692543347806,0.8605420746499437,0.763621465850161,Bullish,17.3798,10.8252,947335.7142857143,17.85283333333333,18.374266666666664,18.75263333333333,16.95303333333333,16.574666666666666,16.05323333333333
3079,2012-10-22,17.3314,17.5806,16.7915,16.8746,1657700,15.839647619047613,14.500919999999981,13.40552600000005,13.512256000000079,62.942515257122544,18.37307906873281,15.941560000000024,13.51004093126724,0.8224321770482348,0.7753836080897758,Bullish,17.3798,10.8252,975516.6666666666,17.37296666666667,17.871333333333336,18.16206666666667,16.58386666666667,16.293133333333333,15.794766666666668
3080,2012-10-23,16.8746,17.6498,16.7984,17.4975,876150,16.015652380952375,14.58729999999998,13.45342300000005,13.544441000000079,67.5260566628611,18.42287290269993,16.131210000000024,13.839547097300121,0.8328915771944931,0.7868852019107193,Bullish,17.3798,10.8252,1048797.619047619,17.83206666666667,18.166633333333333,18.683466666666668,16.98066666666667,16.463833333333337,16.129266666666673
3081,2012-10-24,17.4975,17.892,16.9161,17.0407,839850,16.174519047619043,14.66371399999998,13.49460600000005,13.57427250000008,61.51691785197927,18.34503856904498,16.294210000000025,14.243381430955068,0.7951547359735329,0.788539108723282,Bullish,17.4975,10.8252,1085202.380952381,17.649766666666665,18.25883333333333,18.625666666666664,16.673866666666665,16.307033333333333,15.697966666666666
3082,2012-10-25,17.0407,17.2968,16.7846,16.8123,330000,16.318880952380944,14.73791199999998,13.539527000000053,13.603343000000079,58.70396180042922,18.103721159440756,16.454095000000024,14.80446884055929,0.7383072992793522,0.7784927468344961,Bearish,17.4975,10.8252,1121240.4761904762,17.14453333333333,17.476766666666666,17.65673333333333,16.63233333333333,16.452366666666666,16.12013333333333
3083,2012-10-26,17.0407,17.2968,16.7846,16.8123,330000,16.471152380952372,14.812109999999983,13.583063000000054,13.63134050000008,58.703961800429205,17.90673601325574,16.579375000000024,15.252013986744307,0.6853549508804413,0.7598651876436852,Bearish,17.4975,10.8252,1133942.857142857,17.14453333333333,17.476766666666666,17.65673333333333,16.63233333333333,16.452366666666666,16.12013333333333
3084,2012-10-29,17.0407,17.2968,16.7846,16.8123,330000,16.59046666666666,14.886307999999984,13.629714000000053,13.659061000000081,58.70396180042922,17.78884066916904,16.66901000000002,15.549179330831002,0.636057755401179,0.735103701195184,Bearish,17.4975,10.8252,1141826.1904761905,17.14453333333333,17.476766666666666,17.65673333333333,16.63233333333333,16.452366666666666,16.12013333333333
3085,2012-10-30,16.8123,16.7846,16.5423,16.5839,113850,16.664957142857133,14.955937999999982,13.677819000000055,13.68653950000008,55.53242974813604,17.717056916721667,16.720925000000022,15.724793083278378,0.5719661321008864,0.7024761873763244,Bearish,17.4975,10.8252,1129700.0,16.731566666666662,16.87923333333333,16.973866666666662,16.489266666666662,16.39463333333333,16.246966666666662
3086,2012-10-31,16.5839,16.923,15.7602,15.7879,1113200,16.676495238095228,15.009647999999984,13.724885000000054,13.70996850000008,46.17045439705178,17.75636188801775,16.69739000000002,15.638418111982288,0.45173518926332434,0.6523279877537245,Bearish,17.4975,10.8252,1057073.8095238095,16.553866666666664,17.319833333333328,17.71666666666666,15.391066666666664,14.994233333333332,14.228266666666665
3087,2012-11-01,15.7879,16.5769,15.8502,16.0025,1483900,16.66429999999999,15.064743999999985,13.770636000000055,13.73492050000008,48.68228011407986,17.75293972420306,16.654825000000024,15.556710275796988,0.3695082660798974,0.595764043418959,Bearish,17.4975,10.8252,1000659.5238095238,16.4362,16.8699,17.1629,15.709500000000002,15.416500000000001,14.982800000000003
3088,2012-11-02,16.0025,16.4385,15.8502,15.954,692450,16.621452380952373,15.122053999999984,13.815764000000053,13.75900700000008,48.13560173457447,17.76116996959722,16.621255000000023,15.481340030402828,0.2970055967358469,0.5360123540823366,Bearish,17.4975,10.8252,961897.619047619,16.3116,16.669200000000004,16.899900000000002,15.723299999999998,15.492599999999998,15.134999999999996
3089,2012-11-05,15.954,16.3693,15.4487,15.5456,673750,16.570033333333324,15.169257999999987,13.856808000000052,13.781398000000081,43.68682929818345,17.78929755989201,16.608795000000022,15.428292440108033,0.2042379145234321,0.4696574661705557,Bearish,17.4975,10.8252,813397.619047619,16.12703333333333,16.708466666666666,17.04763333333333,15.206433333333333,14.867266666666668,14.285833333333334
3090,2012-11-06,15.5456,15.6633,15.2273,15.601,371250,16.560804761904752,15.216323999999986,13.898614000000055,13.803616000000082,44.43701378567279,17.819851253712518,16.59114500000002,15.362438746287518,0.13364855763879646,0.4024556844642039,Bearish,17.4975,10.8252,818295.2380952381,15.7671,15.9332,16.2031,15.3311,15.0612,14.8951
3091,2012-11-07,15.601,16.1963,15.6079,15.8986,212850,16.558166666666654,15.272525999999987,13.942980000000055,13.827633500000081,48.41267146237869,17.81610383225911,16.59391000000002,15.371716167740926,0.10056061640280944,0.342076670851925,Bearish,17.4975,10.8252,825104.7619047619,16.193966666666668,16.489333333333335,16.782366666666668,15.605566666666668,15.312533333333334,15.017166666666668
3092,2012-11-08,15.8986,16.4039,15.9125,16.2862,680350,16.57925714285713,15.336341999999986,13.990530000000057,13.85071650000008,53.117754902873315,17.810240514616027,16.60671000000002,15.403179485384015,0.10441068390848685,0.2945434734632374,Bearish,17.4975,10.8252,822983.3333333334,16.48923333333333,16.69226666666667,16.980633333333333,15.997833333333332,15.709466666666666,15.506433333333332
3093,2012-11-09,15.8986,16.4039,15.9125,16.2862,680350,16.59144761904761,15.399049999999987,14.031159000000054,13.87390300000008,53.11775490287333,17.786566157811833,16.57971500000002,15.372863842188211,0.10623725322024669,0.25688222941463923,Bearish,17.4975,10.8252,851635.7142857143,16.48923333333333,16.69226666666667,16.980633333333333,15.997833333333332,15.709466666666666,15.506433333333332
3094,2012-11-12,16.2862,16.6116,16.2309,16.307000000000002,576400,16.566728571428563,15.448469999999986,14.074072000000056,13.89387150000008,53.38237532964235,17.680123617481755,16.526075000000024,15.372026382518293,0.10811690435372867,0.22712916440245712,Bearish,17.4975,10.8252,871357.1428571428,16.53543333333333,16.763866666666665,16.91613333333333,16.15473333333333,16.002466666666663,15.774033333333328
3095,2012-11-13,16.307000000000002,16.4731,15.8502,15.9263,1217150,16.497514285714278,15.495257999999986,14.114562000000056,13.90847550000008,48.03792074388863,17.658484351948726,16.482815000000024,15.307145648051321,0.0779882332548496,0.19730097817293563,Bearish,17.4975,10.8252,861535.7142857143,16.316200000000002,16.7061,16.939100000000003,15.693300000000004,15.460300000000002,15.070400000000005
3096,2012-11-14,15.9263,16.0924,15.6841,15.7879,146850,16.449723809523803,15.542739999999986,14.155330000000056,13.924083500000078,46.2260380949577,17.614992262914136,16.42398000000002,15.23296773708591,0.04245393842518652,0.1663315702233858,Bearish,17.4975,10.8252,764919.0476190476,16.025500000000005,16.2631,16.433800000000005,15.617200000000004,15.446500000000002,15.208900000000003
3097,2012-11-15,15.7879,15.9194,15.7118,15.7256,60500,16.390723809523802,15.588005999999984,14.195613000000055,13.940799000000078,45.3959961202468,17.495032254766958,16.343690000000024,15.19234774523309,0.009160072807357977,0.13489727074018024,Bearish,17.4975,10.8252,701852.380952381,15.8594,15.9932,16.067,15.651800000000001,15.578000000000001,15.444200000000002
3098,2012-11-16,15.7256,15.9194,15.6425,15.7741,125950,16.31656666666666,15.623721999999985,14.236450000000056,13.95793000000008,46.20581351584113,17.348003127441107,16.265825000000024,15.183646872558942,-0.01316030706766469,0.10528575517861125,Bearish,17.4975,10.8252,682995.2380952381,15.914833333333332,16.055566666666664,16.19173333333333,15.637933333333333,15.501766666666667,15.361033333333333
3099,2012-11-19,15.7741,16.4039,15.9194,16.0578,445500,16.255919047619038,15.652791999999986,14.277840000000058,13.97634100000008,50.80214228309998,17.27330334721706,16.224985000000025,15.176666652782993,-0.007866470137066983,0.0826553101154756,Bearish,17.4975,10.8252,629671.4285714285,16.334666666666667,16.611533333333334,16.819166666666668,15.850166666666667,15.642533333333333,15.365666666666666
3100,2012-11-20,16.0578,16.2655,15.6425,15.781,311300,16.20384285714285,15.679369999999984,14.318192000000058,13.99367950000008,46.61698878150835,17.025203613831657,16.139160000000025,15.253116386168395,-0.025710142397855407,0.06098221961280939,Bearish,17.4975,10.8252,617047.619047619,16.150166666666664,16.519333333333332,16.773166666666665,15.527166666666666,15.273333333333333,14.904166666666667
3101,2012-11-21,15.781,15.9194,15.5803,15.7741,123200,16.121776190476183,15.710793999999986,14.358337000000057,14.01039500000008,46.51412040964843,16.871524298341054,16.07583000000002,15.280135701658988,-0.039947661777130605,0.04079624333482139,Bearish,17.4975,10.8252,552933.3333333334,15.935566666666668,16.097033333333336,16.27466666666667,15.596466666666668,15.418833333333334,15.257366666666668
3102,2012-11-22,15.8294,16.1963,15.8502,16.0371,275550,16.073985714285705,15.749969999999985,14.402081000000058,14.027076000000081,50.95645105222416,16.757446607346715,16.03707000000002,15.316693392653328,-0.029667112438646726,0.026703572180127765,Bearish,17.4975,10.8252,517078.5714285714,16.205533333333335,16.373966666666668,16.55163333333334,15.859433333333335,15.681766666666666,15.513333333333334
3103,2012-11-23,16.0371,15.9886,15.6495,15.7118,61050,16.021580952380944,15.786653999999984,14.440288000000058,14.041127000000081,45.88054785617126,16.620633488709366,15.982045000000022,15.343456511290677,-0.047224321789535395,0.011917993386195131,Bearish,17.4975,10.8252,490207.14285714284,15.917100000000005,16.122400000000003,16.256200000000007,15.578000000000005,15.444200000000002,15.238900000000005
3104,2012-11-26,15.7118,15.8848,15.6218,15.6564,92950,15.966538095238088,15.822783999999983,14.477595000000058,14.05676950000008,45.057376139535855,16.451296933405263,15.924250000000024,15.397203066594784,-0.06486117445146355,-0.0034378401813366065,Bearish,17.4975,10.8252,477400.0,15.820199999999996,15.983999999999998,16.083199999999998,15.557199999999996,15.457999999999998,15.294199999999996
3105,2012-11-27,15.6564,16.3347,15.7118,16.0578,1068100,15.930609523809515,15.865281999999985,14.518431000000056,14.073000000000079,51.804526426352325,16.335609430713497,15.897945000000025,15.460280569286551,-0.045919549905093504,-0.011934182126087985,Bearish,17.4975,10.8252,466111.90476190473,16.357733333333332,16.657666666666668,16.980633333333333,15.73483333333333,15.411866666666665,15.11193333333333
3106,2012-11-28,16.0578,16.6462,15.9194,16.2586,827200,15.91511904761904,15.913041999999985,14.560722000000055,14.09130750000008,54.79518417883465,16.382920130907095,15.921480000000026,15.460039869092958,-0.014537712441070383,-0.012454888189084464,Bearish,17.4975,10.8252,501259.5238095238,16.630066666666668,17.001533333333334,17.35686666666667,15.903266666666667,15.547933333333333,15.176466666666666
3107,2012-11-29,16.2586,16.4731,15.8502,15.9263,476300,15.92170952380952,15.959137999999985,14.598928000000056,14.10881850000008,49.33885179646946,16.37762731150994,15.917670000000026,15.457712688490112,-0.016293392918647953,-0.013222589134997163,Bearish,17.4975,10.8252,535228.5714285715,16.316200000000002,16.7061,16.939100000000003,15.693300000000004,15.460300000000002,15.070400000000005
3108,2012-11-30,15.9263,16.7223,15.8502,16.7223,4868600,15.955985714285712,16.021153999999985,14.644194000000054,14.130136500000079,59.69284702856855,16.534772992886904,15.956085000000026,15.377397007113151,0.046015329133606286,-0.0013750054812764721,Bullish,17.4975,10.8252,504900.0,17.012999999999998,17.3037,17.8851,16.1409,15.559499999999998,15.268799999999997
3109,2012-12-03,16.7223,17.4075,16.6046,16.7015,17608800,15.991580952380948,16.079155999999987,14.688906000000054,14.150866000000079,59.35149729961663,16.645503196542855,16.01388000000003,15.382256803457203,0.09264905348641506,0.017429806312261837,Bullish,17.4975,10.8252,666076.1904761905,17.204466666666665,17.70743333333333,18.007366666666663,16.401566666666668,16.101633333333336,15.59866666666667
3110,2012-12-04,16.7015,17.4075,16.3416,17.2622,6172650,16.073323809523806,16.150309999999987,14.736042000000053,14.17578350000008,65.13874637717996,16.90249483588095,16.09694000000003,15.291385164119104,0.17285782266896632,0.04851540958360273,Bullish,17.4975,10.8252,1471616.6666666667,17.665933333333335,18.069666666666667,18.731833333333334,16.600033333333336,15.937866666666668,15.534133333333337
3111,2012-12-05,17.2622,18.1204,17.102999999999998,18.1204,6579650,16.19329523809524,16.237103999999984,14.791067000000053,14.20419600000008,71.76487638175566,17.395702077810522,16.20803000000003,15.020357922189536,0.3021899600892688,0.09925031968473594,Bullish,17.4975,10.8252,1733469.0476190476,18.459533333333336,18.79866666666667,19.47693333333334,17.442133333333334,16.763866666666665,16.424733333333332
3112,2012-12-06,18.1204,18.8264,17.9266,18.0443,4620000,16.295471428571428,16.325697999999985,14.844501000000053,14.232470000000077,70.48550220542427,17.728698484009325,16.295935000000032,14.86317151599074,0.3940041422836451,0.15820108420451778,Bullish,18.1204,10.8252,2029107.142857143,18.604933333333335,19.165566666666667,19.504733333333334,17.705133333333336,17.36596666666667,16.805333333333337
3113,2012-12-07,18.0443,18.1135,17.1445,17.6636,4192100,16.361061904761904,16.392835999999985,14.896066000000053,14.256868000000077,64.30902986625865,17.916552869310916,16.36480500000003,14.813057130689144,0.4310790241478024,0.2127766721931747,Bullish,18.1204,10.8252,2238971.4285714286,18.136566666666667,18.60953333333333,19.105566666666665,17.16756666666667,16.671533333333336,16.19856666666667
3114,2012-12-10,17.6636,18.2035,16.7846,16.7846,12981100,16.384795238095236,16.428135999999984,14.940087000000053,14.273410500000077,52.80377255971589,17.950804623175703,16.38868500000003,14.82656537682436,0.3850940566721661,0.247240149088973,Bullish,18.1204,10.8252,2406197.619047619,17.73053333333333,18.676466666666663,19.149433333333327,16.311633333333333,15.838666666666668,14.892733333333336
3115,2012-12-11,16.7846,17.0961,15.954,16.2032,8573400,16.37985238095238,16.441287999999986,14.978986000000052,14.288084000000076,46.83523517170384,17.952875748667395,16.402530000000027,14.852184251332659,0.29829792481322315,0.257451704233823,Bullish,18.1204,10.8252,2991947.619047619,16.881533333333337,17.559866666666668,18.023633333333336,15.739433333333338,15.27566666666667,14.597333333333339
3116,2012-12-12,16.2032,16.7431,16.2655,16.5008,3054700,16.40720952380952,16.446131999999988,15.016777000000053,14.301650000000075,49.953542338565114,17.962926477294104,16.43817500000003,14.913423522705953,0.25063602179196565,0.2560885677454515,Bearish,18.1204,10.8252,3372757.1428571427,16.74076666666667,16.980733333333333,17.218366666666668,16.26316666666667,16.025533333333335,15.785566666666671
3117,2012-12-13,16.5008,16.8192,16.5423,16.6185,992200,16.446761904761903,16.44142599999999,15.056922000000052,14.315458500000075,51.173319272893906,17.973405508587373,16.48282000000003,14.992234491412686,0.21982699780902237,0.2488362537581657,Bearish,18.1204,10.8252,3460259.523809524,16.7777,16.936899999999998,17.054599999999997,16.5008,16.383100000000002,16.223900000000004
3118,2012-12-14,16.6185,16.7431,16.3693,16.5285,574750,16.484995238095237,16.439487999999987,15.09651300000005,14.330789500000073,50.16645435103029,17.97522707618172,16.520540000000032,15.065852923818344,0.18600423545419176,0.23626985009737092,Bearish,18.1204,10.8252,3500514.285714286,16.724633333333333,16.920766666666665,17.098433333333332,16.350833333333334,16.173166666666667,15.977033333333335
3119,2012-12-17,16.5285,16.66,16.0924,16.1617,1310650,16.503452380952382,16.446825999999987,15.13195100000005,14.343317500000074,46.17859494450211,17.974504859263384,16.525735000000033,15.076965140736682,0.12812481497158146,0.21464084307221304,Bearish,18.1204,10.8252,3525002.380952381,16.517,16.8723,17.0846,15.9494,15.737100000000002,15.381800000000002
3120,2012-12-18,16.1617,16.4662,15.9609,16.1132,987800,16.506090476190476,16.45000999999999,15.161921000000053,14.355637500000073,45.661731400006296,17.96394322661328,16.542345000000033,15.120746773386784,0.07744863294137261,0.18720240104604496,Bearish,18.1204,10.8252,3581416.6666666665,16.399299999999997,16.6854,16.9046,15.893999999999998,15.6748,15.388699999999998
3121,2012-12-19,16.1132,16.3555,16.0232,16.0786,160050,16.520261904761906,16.45471599999999,15.191130000000053,14.36435850000007,45.27242815960154,17.952197593449178,16.557570000000034,15.16294240655089,0.034102352057971075,0.15658239124843018,Bearish,18.1204,10.8252,3607240.476190476,16.28166666666667,16.484733333333335,16.61396666666667,15.94936666666667,15.820133333333334,15.61706666666667
3122,2012-12-20,16.0786,16.1755,15.954,15.9955,141350,16.53080476190476,16.454021999999988,15.214247000000052,14.369168500000072,44.295627134434774,17.953336755410028,16.55549000000003,15.157643244590034,-0.006876099939653102,0.12389069301081351,Bearish,18.1204,10.8252,3600038.095238095,16.129333333333335,16.263166666666667,16.350833333333334,15.907833333333336,15.820166666666669,15.686333333333337
3123,2012-12-21,15.9955,16.044,15.7533,15.7948,315700,16.519266666666667,16.433395999999988,15.235080000000053,14.375917000000072,41.94192392902493,17.947902926685664,16.559640000000034,15.171377073314401,-0.054913621021103864,0.08812983020443003,Bearish,18.1204,10.8252,3600902.380952381,15.974766666666667,16.154733333333333,16.26546666666667,15.684066666666666,15.573333333333332,15.393366666666665
3124,2012-12-24,15.7948,15.9194,15.6079,15.6702,233200,16.517285714285716,16.399203999999987,15.258890000000054,14.384465000000073,40.50301422421677,17.946809084735865,16.560330000000032,15.173850915264202,-0.10186366037527605,0.05013113208848881,Bearish,18.1204,10.8252,3602814.285714286,15.857099999999999,16.043999999999997,16.168599999999998,15.5456,15.421000000000001,15.234100000000002
3125,2012-12-25,15.7948,15.9194,15.6079,15.6702,233200,16.51794285714286,16.376777999999987,15.282700000000055,14.390140500000072,40.50301422421676,17.965302806719535,16.540950000000034,15.116597193280535,-0.137487039808029,0.012607497709185247,Bearish,18.1204,10.8252,3611011.904761905,15.857099999999999,16.043999999999997,16.168599999999998,15.5456,15.421000000000001,15.234100000000002
3126,2012-12-26,15.6702,15.9194,15.6702,15.6979,125950,16.500804761904767,16.351443999999987,15.306440000000052,14.396162000000075,41.02467315089082,17.97982993588068,16.512915000000035,15.046000064119392,-0.16162060443701876,-0.02223812272005555,Bearish,18.1204,10.8252,3617690.476190476,15.854800000000003,16.0117,16.104000000000003,15.605600000000003,15.513300000000001,15.356400000000002
3127,2012-12-27,15.6979,15.8433,15.3103,15.4487,190850,16.4622380952381,16.313789999999987,15.32962600000005,14.402356500000074,37.812629006627716,18.00799704465749,16.489035000000033,14.970072955342577,-0.1985660399219853,-0.0575037061604415,Bearish,18.1204,10.8252,3572826.1904761903,15.757900000000001,16.0671,16.2909,15.224900000000002,15.001100000000001,14.691900000000002
3128,2012-12-28,15.4487,16.217,15.6425,16.217,1414050,16.476080952380954,16.291501999999987,15.359250000000053,14.412392500000074,50.643314076959925,17.983181237424027,16.463770000000032,14.944358762576039,-0.16396014419172644,-0.07879499376669849,Bearish,18.1204,10.8252,3542523.8095238097,16.408499999999997,16.599999999999994,16.982999999999993,15.833999999999996,15.450999999999999,15.259499999999997
3129,2012-12-31,16.217,16.6808,16.0025,16.0924,1398650,16.446085714285715,16.275857999999985,15.388389000000052,14.423397500000073,48.88187590035926,17.956857091676703,16.43331500000003,14.909772908323355,-0.14491837238947625,-0.09201966949125404,Bearish,18.1204,10.8252,3587178.5714285714,16.514633333333332,16.936866666666667,17.192933333333333,15.836333333333332,15.580266666666667,15.158033333333332
3130,2013-01-01,16.0924,16.3831,15.8848,15.954,497200,16.410490476190475,16.24498799999999,15.416144000000052,14.434195000000075,46.92936832908393,17.85538781936652,16.36790500000003,14.880422180633538,-0.13938856972515623,-0.10149344953803448,Bearish,18.1204,10.9013,3421942.8571428573,16.263133333333336,16.572266666666664,16.761433333333333,15.764833333333335,15.575666666666669,15.266533333333337
3131,2013-01-02,15.954,15.8571,15.158,15.4003,534050,16.321828571428572,16.212179999999986,15.437947000000051,14.440355000000075,40.038881376054455,17.5401888977632,16.23190000000003,14.923611102236862,-0.17763743009099997,-0.11672224564862757,Bearish,18.1204,10.9013,2607104.761904762,15.7856,16.170900000000003,16.484700000000004,15.0865,14.772699999999999,14.387399999999998
3132,2013-01-03,15.4003,15.6425,15.3726,15.6218,198000,16.202847619047617,16.188369999999985,15.46314100000005,14.447415000000074,43.60603433397963,17.145386244627932,16.11077500000003,15.076163755372125,-0.1879106120859948,-0.130959918936101,Bearish,18.1204,10.9013,2338600.0,15.718666666666666,15.815533333333333,15.988566666666665,15.448766666666666,15.275733333333333,15.178866666666666
3133,2013-01-04,15.6218,15.781,15.4349,15.4557,95150,16.07958095238095,16.161237999999983,15.48667400000005,14.451775500000075,41.60709336802665,16.79110356636868,16.00038000000003,15.209656433631375,-0.20706811237169376,-0.14618155762321955,Bearish,18.1204,10.9013,2034711.9047619049,15.679499999999999,15.9033,16.025599999999997,15.3334,15.2111,14.9873
3134,2013-01-07,15.4557,15.4557,14.812,15.2273,144100,15.963566666666665,16.129537999999982,15.507923000000051,14.452156500000074,38.962200968225616,16.695510641068342,15.922515000000029,15.149519358931716,-0.2379377423690734,-0.1645327945723903,Bearish,18.1204,10.9013,1819242.857142857,15.517999999999999,15.8087,16.1617,14.874299999999998,14.521299999999998,14.230599999999997
3135,2013-01-08,15.2273,15.6772,15.1927,15.3865,424600,15.896990476190476,16.105589999999985,15.530764000000051,14.450218500000073,41.7420882812429,16.677015070527233,15.881680000000031,15.08634492947283,-0.24671209359358315,-0.18096865437662887,Bearish,18.1204,10.9013,1626480.9523809524,15.644899999999998,15.903299999999998,16.129399999999997,15.1604,14.9343,14.6759
3136,2013-01-09,15.3865,16.1547,15.4349,16.0163,1466300,15.888090476190476,16.110157999999984,15.559903000000052,14.452295000000072,51.20907293131497,16.60389526278764,15.85745500000003,15.111014737212422,-0.2005345956231146,-0.18488184262592602,Bearish,18.1204,10.9013,1028552.380952381,16.302366666666664,16.58843333333333,17.022166666666664,15.582566666666668,15.148833333333336,14.862766666666671
3137,2013-01-10,16.0163,16.0717,15.5872,15.7187,300850,15.850847619047618,16.104481999999983,15.584613000000052,14.455513500000073,47.2978454839345,16.473592338044966,15.812465000000032,15.151337661955097,-0.18581052062490677,-0.18506757822572217,Bearish,18.1204,10.9013,690119.0476190476,15.997866666666667,16.277033333333335,16.482366666666667,15.513366666666666,15.308033333333332,15.028866666666666
3138,2013-01-11,15.7187,15.7671,15.3311,15.5803,142450,15.801409523809525,16.09700799999998,15.609531000000052,14.455271500000071,45.555266018487,16.345001047413398,15.765055000000032,15.185108952586667,-0.18319752145964507,-0.18469356687250676,Bullish,18.1204,10.9636,558983.3333333334,15.7879,15.9955,16.2239,15.3519,15.1235,14.9159
3139,2013-01-14,15.5803,15.6425,15.3588,15.6079,33000,15.757571428571428,16.098253999999983,15.633756000000052,14.454371500000072,45.9826733778276,16.29121025014679,15.737365000000034,15.183519749853279,-0.1768608694474363,-0.18312702738749267,Bullish,18.1204,10.9636,518519.04761904763,15.714,15.8201,15.9977,15.4303,15.2527,15.146600000000001
3140,2013-01-15,15.6079,15.7464,14.8327,14.8327,222200,15.694285714285714,16.082887999999983,15.649606000000052,14.449838000000073,37.1591629468535,16.325859058426715,15.673340000000033,15.020820941573351,-0.23172006380314158,-0.19284563467062246,Bearish,18.1204,10.9982,492721.4285714286,15.441833333333333,16.050966666666667,16.355533333333334,14.528133333333335,14.223566666666668,13.614433333333336
3141,2013-01-16,14.8327,14.7774,14.4659,14.5836,375100,15.621447619047618,16.056587999999984,15.66455700000005,14.446031500000071,34.84530794552277,16.378391507827548,15.598590000000033,14.818788492172521,-0.29193145466526893,-0.21266279866955176,Bearish,18.1204,10.9982,440890.4761904762,14.752033333333335,14.920466666666668,15.063533333333336,14.440533333333335,14.297466666666667,14.129033333333334
3142,2013-01-17,14.5836,15.2273,14.6805,14.8327,480700,15.562119047619046,16.027517999999983,15.68193000000005,14.44326250000007,38.939915665802275,16.365301102933323,15.540450000000032,14.715598897066739,-0.31590754203969595,-0.2333117473435806,Bearish,18.1204,10.9982,411714.28571428574,15.146500000000001,15.4603,15.6933,14.599700000000002,14.366700000000002,14.052900000000003
3143,2013-01-18,14.8327,15.5318,15.0888,15.2896,258500,15.528504761904761,16.007585999999982,15.703318000000051,14.440944000000073,45.68266717269284,16.33827774235203,15.515190000000032,14.692102257648033,-0.29464427668302484,-0.24557825321146945,Bearish,18.1204,11.0121,426983.3333333333,15.518000000000002,15.746400000000001,15.961000000000002,15.075000000000003,14.860400000000002,14.632000000000003
3144,2013-01-21,15.2896,15.7118,15.0958,15.3657,350900,15.508071428571427,15.988759999999981,15.718615000000051,14.438902000000072,46.73765683828475,16.3222849262514,15.499965000000032,14.677645073748664,-0.2685565983929479,-0.25017392224776513,Bearish,18.1204,11.0121,432561.90476190473,15.686399999999999,16.0071,16.3024,15.0704,14.7751,14.4544
3145,2013-01-22,15.3657,16.134,15.4349,16.0509,1734150,15.526199999999998,15.991251999999982,15.743255000000051,14.439732500000073,55.17895315463166,16.3732075977245,15.51900000000003,14.664792402275559,-0.19039723108997642,-0.23821858401620738,Bullish,18.1204,11.0121,434238.09523809527,16.311633333333333,16.572366666666667,17.01073333333333,15.612533333333332,15.174166666666666,14.913433333333332
3146,2013-01-23,16.0509,16.4039,15.8156,15.8571,476300,15.535099999999996,15.99263599999998,15.767688000000051,14.439559500000072,52.637929113793746,16.390602549675584,15.526960000000031,14.66331745032448,-0.14245131960086965,-0.21906513113313983,Bullish,18.1204,11.0121,505711.90476190473,16.235466666666664,16.613833333333332,16.823766666666664,15.647166666666664,15.437233333333332,15.058866666666663
3147,2013-01-24,15.8571,16.0924,15.6218,15.8433,165550,15.542023809523807,15.99498999999998,15.791498000000052,14.440252000000074,52.452698336672285,16.42025203878715,15.546690000000032,14.673127961212915,-0.1043643368717877,-0.1961249722808694,Bullish,18.1204,11.0121,517288.09523809527,16.0832,16.323100000000004,16.553800000000003,15.6126,15.3819,15.142
3148,2013-01-25,15.8571,16.0924,15.6218,15.8433,165550,15.560814285714283,15.99637399999998,15.810048000000052,14.441359500000074,52.4526983366723,16.3583341623868,15.528005000000032,14.697675837613263,-0.07333477106556252,-0.171566932037808,Bullish,18.1204,11.0674,519173.8095238095,16.0832,16.323100000000004,16.553800000000003,15.6126,15.3819,15.142
3149,2013-01-28,15.8433,15.9679,15.5387,15.5941,237600,15.531152380952381,15.98709999999998,15.819946000000051,14.441255500000073,48.852399329742255,16.293108262833115,15.503090000000034,14.713071737166954,-0.06806733607703208,-0.15086701284565282,Bullish,18.1204,11.0674,517969.04761904763,15.861766666666663,16.12943333333333,16.290966666666662,15.432566666666663,15.271033333333332,15.003366666666663
3150,2013-01-29,15.5941,16.3693,15.4072,16.0094,2261050,15.527199999999999,15.991667999999981,15.835519000000051,14.441878500000072,54.46213016943442,16.302543225384767,15.505860000000036,14.709176774615303,-0.030035387455511042,-0.12670068776762447,Bullish,18.1204,11.0813,461947.61904761905,16.450066666666665,16.89073333333333,17.412166666666664,15.487966666666665,14.966533333333333,14.525866666666666
3151,2013-01-30,16.0094,16.6116,15.8502,16.5423,2213200,15.555214285714285,16.00703199999998,15.858913000000053,14.446585000000074,60.45550289910779,16.476346836783577,15.562960000000036,14.649573163216496,0.042614548216114656,-0.09283764057087665,Bullish,18.1204,11.0813,503014.28571428574,16.819200000000002,17.0961,17.580600000000004,16.057800000000004,15.573300000000001,15.296400000000004
3152,2013-01-31,16.5423,16.7431,16.1063,16.1547,567600,15.591138095238094,16.009383999999983,15.879677000000054,14.451291500000073,54.80553796169002,16.53869641072377,15.589605000000034,14.640513589276301,0.06812871948914001,-0.06064436855887332,Bullish,18.1204,11.0813,584728.5714285715,16.563099999999995,16.971499999999995,17.199899999999992,15.926299999999998,15.6979,15.2895
3153,2013-02-01,16.1547,16.3347,15.6841,15.8156,7768200,15.600366666666664,16.011459999999982,15.899057000000052,14.457071000000072,50.37033537641437,16.559496981825898,15.607600000000037,14.655703018174174,0.06029134690260385,-0.03645722546657788,Bullish,18.1204,11.0813,586326.1904761905,16.2055,16.5954,16.8561,15.5549,15.2942,14.9043
3154,2013-02-04,15.8156,16.4039,15.9886,16.1132,4906550,15.63167619047619,16.020595999999983,15.921690000000053,14.465307500000069,53.89657655417037,16.611301238206497,15.651895000000035,14.692488761793573,0.0772040453387639,-0.013724971305509523,Bullish,18.1204,11.0813,946811.9047619047,16.348533333333336,16.583866666666665,16.763833333333334,15.933233333333334,15.753266666666667,15.517933333333334
3155,2013-02-05,15.8156,16.4039,15.9886,16.1132,4906550,15.673861904761903,16.021703999999982,15.943493000000053,14.473544000000068,53.89657655417037,16.65964801527939,15.688230000000036,14.716811984720682,0.08957491681622543,0.006935006318837467,Bullish,18.1204,11.0813,1175926.1904761905,16.348533333333336,16.583866666666665,16.763833333333334,15.933233333333334,15.753266666666667,15.517933333333334
3156,2013-02-06,16.1132,16.8538,16.2655,16.5562,6031850,15.729561904761903,16.027655999999983,15.970349000000054,14.482680500000066,58.933842772773815,16.749578150287427,15.715225000000036,14.680871849712647,0.133585429605505,0.032265090976170974,Bullish,18.1204,11.0813,1402709.5238095238,16.851499999999998,17.1468,17.439799999999998,16.263199999999998,15.970199999999998,15.674899999999997
3157,2013-02-07,16.5562,16.9576,16.6116,16.66,3182300,15.760214285714286,16.042329999999982,16.000734000000055,14.491609000000066,60.03566771737181,16.875637891545793,15.762290000000036,14.648942108454278,0.17482460139647138,0.06077699306023106,Bullish,18.1204,11.0813,1669721.4285714286,16.87453333333333,17.089066666666664,17.22053333333333,16.52853333333333,16.397066666666664,16.18253333333333
3158,2013-02-08,16.66,17.4906,16.7846,17.2345,10078750,15.832395238095238,16.052573999999982,16.036864000000055,14.504102500000068,65.54564733496912,17.125248466513145,15.845000000000036,14.564751533486927,0.2509712505045343,0.0988158445490917,Bullish,18.1204,11.0813,1751435.7142857143,17.555199999999996,17.875899999999998,18.261199999999995,16.849199999999996,16.4639,16.143199999999997
3159,2013-02-11,17.2345,17.6429,16.8953,16.9992,8020650,15.899961904761902,16.05852799999998,16.068842000000053,14.514658000000068,61.78814576251296,17.28382437101401,15.914565000000033,14.545305628986059,0.2889998644723377,0.1368526485337409,Bullish,18.1204,11.0813,2217050.0,17.462966666666667,17.926733333333335,18.21056666666667,16.715366666666664,16.43153333333333,15.967766666666662
3160,2013-02-12,16.9992,17.2345,16.6116,16.7984,3144900,15.95665238095238,16.04925199999998,16.099781000000053,14.524278500000069,58.69579487613228,17.338888440622867,16.012850000000036,14.686811559377205,0.2994826832280566,0.16937865547260406,Bullish,18.1204,11.0813,2592202.380952381,17.1514,17.5044,17.7743,16.528499999999998,16.258599999999998,15.905599999999996
3161,2013-02-13,16.7984,17.6359,17.0961,17.6221,14721300,16.089480952380953,16.039285999999983,16.138195000000053,14.538329000000068,66.17437957528544,17.49723104937254,16.164775000000034,14.832318950627528,0.3699910719030157,0.2095011387586864,Bullish,18.1204,11.0813,2740388.095238095,17.80663333333333,17.991166666666665,18.34643333333333,17.26683333333333,16.911566666666666,16.72703333333333
3162,2013-02-14,17.6221,18.1274,17.4698,17.5113,24603150,16.228895238095237,16.02862599999998,16.177162000000052,14.55217150000007,64.48305814571799,17.606921839025386,16.298705000000034,14.990488160974682,0.4121775180511662,0.25003641461718235,Bullish,18.1204,11.0813,3430821.4285714286,17.93586666666667,18.360433333333336,18.59346666666667,17.278266666666667,17.045233333333332,16.620666666666665
3163,2013-02-15,17.5113,17.6429,16.8884,17.012999999999998,6672600,16.332719047619047,16.01561399999998,16.20422500000005,14.564734000000069,57.380185448576405,17.641901297063747,16.384875000000033,15.12784870293632,0.4007819699558297,0.28018552568491184,Bullish,18.1204,11.0813,4584538.095238095,17.474466666666668,17.935933333333335,18.22896666666667,16.719966666666668,16.426933333333334,15.965466666666668
3164,2013-02-18,17.012999999999998,16.8884,16.1686,16.1686,7769300,16.37457619047619,16.003293999999983,16.21571500000005,14.575808500000068,47.776374245108876,17.597743354593717,16.425020000000035,15.252296645406354,0.31992697392722746,0.28813381533337495,Bullish,18.1204,11.0813,4879390.476190476,16.648466666666668,17.128333333333334,17.368266666666667,15.928666666666668,15.688733333333335,15.208866666666669
3165,2013-02-19,16.1686,15.7464,15.3657,15.3657,14487000,16.37457619047619,15.98654399999998,16.21391600000005,14.583318500000068,40.78613368875373,17.642568169652787,16.390760000000036,15.138951830347285,0.18888414827601707,0.2682838819219034,Bearish,18.1204,11.0813,5237047.619047619,15.619500000000002,15.8733,16.0002,15.238800000000003,15.111900000000002,14.858100000000004
3166,2013-02-20,15.3657,15.2965,14.6389,14.9642,10831700,16.322828571428573,15.95581199999998,16.200972000000046,14.588924500000068,37.80719117892248,17.727819410179592,16.346115000000033,14.964410589820476,0.05203425184528143,0.225033955906579,Bearish,18.1204,11.0813,5910195.238095238,15.294166666666666,15.624133333333333,15.951766666666666,14.636566666666665,14.308933333333332,13.978966666666665
3167,2013-02-21,14.9642,15.4349,15.0888,15.165,3231800,16.28987142857143,15.92674199999998,16.184084000000045,14.595534500000069,40.1611333275579,17.77266160922124,16.312200000000036,14.851738390778833,-0.03975907728814576,0.17207534926763404,Bearish,18.1204,11.0813,6343411.904761905,15.37033333333333,15.575666666666665,15.71643333333333,15.02423333333333,14.883466666666665,14.67813333333333
3168,2013-02-22,15.165,15.3311,14.8881,14.9712,1851300,16.24834285714286,15.895595999999978,16.167542000000047,14.60294050000007,38.64100997527239,17.830973086734826,16.268595000000037,14.706216913265246,-0.12668366191076785,0.11232354703195366,Bearish,18.1204,11.0813,6474626.19047619,15.23883333333333,15.506466666666665,15.68183333333333,14.79583333333333,14.620466666666665,14.352833333333331
3169,2013-02-25,14.9712,15.1511,14.6112,14.805,2394700,16.198900000000002,15.868461999999976,16.157644000000047,14.60944650000007,37.3358584295083,17.894142060542016,16.229140000000037,14.564137939458055,-0.20660140015457884,0.04853855759464715,Bearish,18.1204,11.0813,6554900.0,15.100333333333335,15.395666666666667,15.640233333333335,14.560433333333336,14.315866666666668,14.020533333333336
3170,2013-02-26,14.805,15.2134,14.6735,14.7635,1800150,16.159347619047622,15.841467999999978,16.14573900000005,14.615399000000071,36.999800907528616,17.94916713191375,16.166845000000034,14.384522868086318,-0.27017112213870753,-0.015203378352023789,Bearish,18.1204,11.0813,6661050.0,15.093433333333337,15.423366666666668,15.633333333333336,14.553533333333338,14.34356666666667,14.013633333333338
3171,2013-02-27,14.7635,15.0888,14.8673,14.9573,1641750,16.10924761904762,15.819041999999977,16.13687900000005,14.62221650000007,39.72810446349827,17.93582563006488,16.087595000000032,14.239364369935185,-0.3014377576289675,-0.07245025420741254,Bearish,18.1204,11.0813,6735457.142857143,15.074966666666668,15.192633333333335,15.296466666666669,14.853466666666668,14.749633333333334,14.631966666666667
3172,2013-02-28,14.9573,15.2965,14.9504,15.0058,1988250,16.036080952380953,15.799247999999977,16.12663500000005,14.631457000000069,40.423446985711934,17.93695681192658,16.030150000000035,14.123343188073488,-0.3186302753762753,-0.1216862584411851,Bearish,18.1204,11.0813,6705966.666666667,15.21806666666667,15.430333333333335,15.56416666666667,14.87196666666667,14.738133333333336,14.525866666666671
3173,2013-03-01,15.0058,15.1027,14.8466,14.895,1043350,15.976095238095237,15.781251999999977,16.107324000000048,14.638897500000068,39.307753574522145,17.95286171449935,15.984120000000033,14.015378285500717,-0.33730782887771404,-0.1648105725284909,Bearish,18.1204,11.0813,6695254.761904762,15.049600000000003,15.204200000000002,15.305700000000003,14.793500000000003,14.692000000000002,14.537400000000003
3174,2013-03-04,14.895,15.3795,14.7981,15.2065,2146100,15.947090476190475,15.771977999999976,16.08559100000005,14.647445500000067,43.988267129644306,17.935113914059478,15.938785000000033,13.94245608594059,-0.3232482730298081,-0.19649811262875433,Bearish,18.1204,11.0813,6717909.523809524,15.457966666666666,15.709433333333333,16.039366666666666,14.876566666666665,14.546633333333332,14.295166666666665
3175,2013-03-05,15.2065,15.3242,15.0196,15.1234,1562000,15.899957142857142,15.761041999999975,16.06891000000005,14.657274000000065,43.03479567329583,17.914737794529124,15.889295000000033,13.863852205470941,-0.31517827032241996,-0.22023414416748746,Bearish,18.1204,11.0813,6450190.476190476,15.291866666666671,15.460333333333335,15.59646666666667,14.987266666666672,14.851133333333337,14.682666666666673
3176,2013-03-06,15.1234,15.2203,14.9158,14.985,1830400,15.846233333333332,15.746783999999975,16.049114000000046,14.666964000000066,41.424349229573394,17.848461491242116,15.810735000000033,13.77300850875795,-0.31630429930868154,-0.23944817519572628,Bearish,18.1204,11.0813,6290926.19047619,15.16493333333333,15.344866666666665,15.46943333333333,14.860433333333331,14.735866666666666,14.555933333333332
3177,2013-03-07,14.985,15.1511,14.6943,14.8189,1926650,15.76350476190476,15.734187999999975,16.023989000000046,14.675166000000068,39.513232026674224,17.760965456641717,15.718680000000031,13.676394543358345,-0.32683205080152433,-0.2569249503168859,Bearish,18.1204,11.0813,6144442.857142857,15.0819,15.344899999999999,15.538699999999999,14.6251,14.4313,14.1683
3178,2013-03-08,14.8181,15.3957,14.9216,14.9733,1473500,15.683185714285711,15.709313999999974,16.000408000000046,14.683759500000066,42.183446665183176,17.547623050051797,15.60562000000003,13.663616949948263,-0.3190388982582917,-0.269347739905167,Bearish,18.1204,11.0813,5948957.142857143,15.272133333333331,15.570966666666665,15.74623333333333,14.798033333333331,14.622766666666665,14.323933333333331
3179,2013-03-11,14.9733,15.2836,14.3957,14.6457,1340000,15.55990952380952,15.680379999999975,15.978119000000047,14.691822500000066,38.31824075057095,17.3619413879129,15.48794500000003,13.61394861208716,-0.33543071437674676,-0.28256433479948295,Bearish,18.1204,11.0813,5867585.714285715,15.154299999999997,15.662899999999999,16.042199999999998,14.266399999999997,13.887099999999998,13.378499999999997
3180,2013-03-12,14.6457,15.5077,14.6629,15.5077,1591000,15.488885714285711,15.671453999999976,15.958221000000048,14.705822000000067,51.0323953993526,17.198747429225996,15.423410000000029,13.64807257077406,-0.2756872003456028,-0.28118890790870693,Bullish,18.1204,11.0813,5451454.761904762,15.7893,16.0709,16.6341,14.944500000000001,14.381300000000001,14.099700000000002
3181,2013-03-13,15.5077,15.9818,15.525,15.6025,1725500,15.431938095238092,15.675497999999974,15.943839000000049,14.719222500000066,52.19934038520243,16.78892318048556,15.32243000000003,13.8559368195145,-0.21817547624318934,-0.2685862215756034,Bullish,18.1204,11.0813,5145280.952380952,15.881199999999998,16.1599,16.337999999999997,15.424399999999999,15.2463,14.9676
3182,2013-03-14,15.6025,15.7318,15.3008,15.3612,444000,15.324276190476187,15.670285999999976,15.929328000000048,14.734427500000065,48.998541802196904,16.285645876564338,15.214925000000031,14.144204123435722,-0.18987910577841305,-0.25284479841616536,Bullish,18.1204,11.0813,5077690.476190476,15.628399999999997,15.895599999999998,16.059399999999997,15.197399999999998,15.0336,14.766399999999999
3183,2013-03-15,15.3612,15.4905,15.0078,15.1026,336000,15.209576190476188,15.663223999999978,15.912231000000046,14.747647000000065,45.76009943528205,15.80194111912524,15.119405000000032,14.436868880874824,-0.18617478013474553,-0.2395107947598814,Bullish,18.1204,11.0813,4397819.047619048,15.392799999999998,15.683,15.875499999999999,14.910099999999996,14.717599999999997,14.427399999999995
3184,2013-03-18,15.1026,15.0422,14.7405,14.8957,418500,15.108752380952378,15.656591999999979,15.893065000000046,14.761389500000066,43.29460808598588,15.545146928320467,15.05576000000003,14.566373071679592,-0.19765572408760157,-0.23113978062542545,Bullish,18.1204,11.0813,3242240.476190476,15.045099999999998,15.194499999999998,15.346799999999996,14.7434,14.5911,14.4417
3185,2013-03-19,14.8957,15.1629,14.8698,14.9043,671000,15.048547619047614,15.646947999999979,15.876269000000045,14.777044000000068,43.431040435628525,15.504649883476686,15.032690000000027,14.560730116523368,-0.20371223887587853,-0.22565427227551607,Bullish,18.1204,11.0813,2944426.1904761903,15.088199999999999,15.2721,15.3813,14.795099999999998,14.685899999999998,14.501999999999997
3186,2013-03-20,14.9043,15.025,14.7836,14.8181,413000,15.022471428571423,15.62298399999998,15.866571000000045,14.795728000000068,42.33165063534554,15.505805937419634,15.025385000000028,14.544964062580423,-0.21301221782537283,-0.22312586138548743,Bullish,18.1204,11.0813,2606411.904761905,14.967533333333332,15.116966666666666,15.208933333333333,14.726133333333332,14.634166666666665,14.484733333333331
3187,2013-03-21,14.8181,15.0681,14.7836,14.8267,576500,15.015923809523805,15.605143999999978,15.854813000000044,14.812724500000067,42.48806811900626,15.491850268951206,15.008470000000028,14.52508973104885,-0.21718499657126955,-0.22193768842264386,Bullish,18.1204,11.0813,1936221.4285714286,15.001999999999999,15.177299999999999,15.286499999999998,14.7175,14.6083,14.433
3188,2013-03-22,14.8267,14.8957,14.5681,14.6629,438000,14.99201428571428,15.586795999999978,15.841902000000045,14.828833000000065,40.24882567541405,15.49932756484168,14.993055000000027,14.486782435158373,-0.2310458916391802,-0.22375932906595114,Bearish,18.1204,11.0813,1447878.5714285714,14.8497,15.0365,15.1773,14.5221,14.3813,14.1945
3189,2013-03-25,14.6629,14.7836,14.525,14.5595,143500,14.972409523809517,15.565827999999978,15.832041000000046,14.844424500000065,38.85665999133426,15.515784914380495,14.980780000000028,14.44577508561956,-0.24752099869649768,-0.22851166299206044,Bearish,18.1204,11.0813,1314840.4761904762,14.7204,14.8813,14.979,14.4618,14.3641,14.2032
3190,2013-03-26,14.5595,14.6112,14.4043,14.5595,193500,14.960719047619042,15.560363999999977,15.821626000000046,14.860120000000062,38.85665999133426,15.529030845116603,14.970580000000027,14.41212915488345,-0.25760809398417983,-0.2343309491904843,Bearish,18.1204,11.0813,1233516.6666666667,14.645700000000001,14.731900000000001,14.852600000000002,14.4388,14.3181,14.2319
3191,2013-03-27,14.5595,14.6543,14.4302,14.4388,167500,14.945257142857136,15.557467999999977,15.807028000000045,14.875004000000063,37.118521114331124,15.549387706169483,14.94465500000003,14.339922293830575,-0.2722038741214323,-0.2419055341766739,Bearish,18.1204,11.0813,1128697.619047619,14.585333333333335,14.731866666666667,14.809433333333335,14.361233333333335,14.283666666666667,14.137133333333335
3192,2013-03-28,14.4388,14.5681,14.3526,14.4561,162000,14.92139047619047,15.549935999999976,15.788727000000046,14.889628500000063,37.549719292864104,15.557224216774994,14.917170000000027,14.27711578322506,-0.279157218968324,-0.24935587113500393,Bearish,18.1204,11.0813,1050952.380952381,14.565266666666668,14.674433333333333,14.780766666666667,14.34976666666667,14.243433333333336,14.13426666666667
3193,2013-03-29,14.4561,15.3181,14.4043,15.0509,1686500,14.92353809523809,15.545161999999975,15.776374000000047,14.903766500000064,50.195189961263964,15.567541682669985,14.924965000000029,14.282388317330073,-0.2339752843729439,-0.24627975378259193,Bullish,18.1204,11.0813,980488.0952380953,15.444566666666667,15.838233333333333,16.35836666666667,14.530766666666667,14.010633333333333,13.616966666666666
3194,2013-04-01,15.0509,15.3784,14.956,15.0078,835000,14.928909523809518,15.538003999999976,15.763382000000046,14.918727000000063,49.41438070295413,15.54592611855791,14.915030000000026,14.284133881442143,-0.19934812439795557,-0.23689342790566464,Bullish,18.1204,11.0813,966119.0476190476,15.272133333333333,15.536466666666666,15.694533333333332,14.849733333333333,14.691666666666666,14.427333333333333
3195,2013-04-02,15.0078,15.0164,14.6974,14.7664,223500,14.907952380952374,15.512313999999977,15.751783000000046,14.933172500000062,45.17568466076023,15.523670212542514,14.897180000000025,14.270689787457536,-0.18920378966657658,-0.22735550025784704,Bullish,18.1204,11.0813,956197.619047619,14.95606666666667,15.145733333333336,15.275066666666671,14.63706666666667,14.507733333333334,14.318066666666668
3196,2013-04-03,14.7664,14.7836,14.5336,14.6371,439500,14.88479523809523,15.487913999999979,15.740275000000045,14.947802500000062,43.04580206685335,15.514816883539496,14.879785000000023,14.24475311646055,-0.18941431043639056,-0.21976726229355575,Bullish,18.1204,11.0813,864645.2380952381,14.76926666666667,14.901433333333335,15.01926666666667,14.51926666666667,14.401433333333335,14.26926666666667
3197,2013-04-04,14.6371,15.0078,14.5767,14.6198,619000,14.867404761904751,15.46344399999998,15.729217000000045,14.962415000000062,42.75535054639678,15.514536234196342,14.869830000000025,14.225123765803708,-0.18880073770121442,-0.2135739573750875,Bullish,18.1204,11.0813,811192.8571428572,14.892833333333334,15.165866666666666,15.323933333333333,14.461733333333335,14.303666666666668,14.030633333333336
3198,2013-04-05,14.6198,14.7836,14.4905,14.5509,233500,14.85464285714285,15.437595999999978,15.716985000000044,14.976717500000063,41.55280644321348,15.5060257320585,14.848710000000025,14.19139426794155,-0.19166473925968042,-0.20919211375200608,Bullish,18.1204,11.0813,753507.1428571428,14.726166666666668,14.901433333333333,15.019266666666667,14.433066666666669,14.315233333333335,14.13996666666667
3199,2013-04-08,14.5509,14.6974,14.5078,14.6112,266500,14.837399999999992,15.417937999999978,15.702519000000043,14.990179500000062,43.06217124149442,15.506599779330703,14.846985000000027,14.18737022066935,-0.18691414516150218,-0.2047365200339053,Bullish,18.1204,11.0813,672880.9523809524,14.703133333333334,14.795066666666667,14.892733333333334,14.513533333333333,14.415866666666666,14.323933333333333
3200,2013-04-09,14.6112,14.9905,14.5681,14.7405,688500,14.841914285714278,15.392559999999978,15.692114000000045,15.005153000000062,46.2665314231426,15.395280475992054,14.808625000000026,14.221969524007998,-0.1707475640855911,-0.19793872884424246,Bullish,18.1204,11.0813,615404.7619047619,14.964633333333337,15.18876666666667,15.387033333333338,14.542233333333336,14.343966666666667,14.119833333333334
3201,2013-04-10,14.7405,14.7922,14.525,14.5509,367000,14.796352380952374,15.352731999999978,15.679882000000044,15.019109500000063,42.49033105053244,15.225452023713498,14.756045000000025,14.286637976286553,-0.17126038444964387,-0.19260305996532273,Bullish,18.1204,11.0813,584380.9523809524,14.7204,14.889899999999999,14.987599999999999,14.4532,14.355500000000001,14.186000000000002
3202,2013-04-11,14.5509,15.206,14.525,14.8698,1394000,14.761461904761896,15.327033999999978,15.668209000000042,15.035145000000064,49.897442119290055,15.115237608276557,14.731475000000026,14.347712391723496,-0.14427116525396144,-0.18293668102305047,Bullish,18.1204,11.0813,526095.2380952381,15.208866666666667,15.547933333333333,15.889866666666666,14.527866666666668,14.185933333333335,13.846866666666669
3203,2013-04-12,14.8698,14.9129,14.5681,14.6112,1129000,14.725747619047612,15.302945999999979,15.657203000000044,15.048745500000063,44.85252985454217,15.053611593406462,14.706905000000026,14.36019840659359,-0.14211070958493544,-0.17477148673542747,Bullish,18.1204,11.0813,510309.5238095238,14.8267,15.042200000000001,15.171500000000002,14.4819,14.352599999999999,14.137099999999998
3204,2013-04-15,14.6112,14.6802,14.344,14.3785,551500,14.691266666666658,15.268251999999979,15.644424000000042,15.061009500000063,40.850122867120234,15.044324179022503,14.681045000000026,14.317765820977549,-0.15736151258401776,-0.17128949190514553,Bullish,18.1204,11.0813,542928.5714285715,14.591133333333337,14.803766666666668,14.927333333333337,14.254933333333337,14.131366666666668,13.918733333333337
3205,2013-04-16,14.3785,14.4302,13.7233,13.8957,998000,14.64364761904761,15.22390199999998,15.622803000000042,15.070617000000063,34.05925852691672,15.115572541555386,14.630615000000025,14.145657458444665,-0.20603081393561773,-0.17823775631123998,Bearish,18.1204,11.0813,553190.4761904762,14.309499999999998,14.723299999999998,15.016399999999997,13.602599999999999,13.3095,12.8957
3206,2013-04-17,13.8957,14.0854,13.7751,13.8957,871500,14.595619047619039,15.170691999999981,15.599174000000044,15.079948000000064,34.05925852691673,15.15691572456515,14.584495000000024,14.012074275434896,-0.24181410343974008,-0.19095302573694,Bearish,18.1204,11.0813,580785.7142857143,14.062366666666668,14.229033333333334,14.372666666666667,13.752066666666668,13.608433333333334,13.441766666666668
3207,2013-04-18,13.8957,14.1199,13.844,14.0164,284500,14.557442857142846,15.11781999999998,15.580075000000043,15.089501500000063,37.09141080803165,15.155464552880852,14.543980000000023,13.932495447119193,-0.257465237912319,-0.2042554681720158,Bearish,18.1204,11.0813,590333.3333333334,14.142866666666668,14.269333333333334,14.418766666666668,13.866966666666668,13.717533333333334,13.591066666666668
3208,2013-04-19,14.0164,14.4819,13.913,14.1544,428000,14.52542857142856,15.05621799999998,15.554396000000043,15.099295000000062,40.46230924772394,15.150103697973218,14.518555000000024,13.88700630202683,-0.25578489896163603,-0.21456135432993986,Bearish,18.1204,11.0813,584214.2857142857,14.453200000000002,14.752,15.022100000000002,13.884300000000003,13.614200000000002,13.315400000000004
3209,2013-04-22,14.1544,14.3526,13.9216,14.1888,274500,14.50285238095237,15.000009999999982,15.529269000000042,15.10908750000006,41.30659424611957,15.147238623350592,14.500020000000024,13.852801376649456,-0.24880930691808878,-0.22141094484756965,Bearish,18.1204,11.0813,577142.8571428572,14.387066666666668,14.585333333333335,14.818066666666668,13.956066666666667,13.723333333333333,13.525066666666666
3210,2013-04-23,14.1888,14.4647,14.1371,14.2147,615000,14.486433333333324,14.948335999999982,15.498794000000043,15.11741800000006,41.97378092246531,15.14101780080757,14.482780000000023,13.824542199192477,-0.23844256891339377,-0.22481726966073448,Bearish,18.1204,11.0813,569357.1428571428,14.407233333333338,14.59976666666667,14.734833333333338,14.079633333333337,13.944566666666669,13.752033333333337
3211,2013-04-24,14.2147,14.3871,14.1802,14.2837,206000,14.47329999999999,14.88156799999998,15.460427000000044,15.125747000000057,43.806427447971515,15.138784115577517,14.475025000000022,13.811265884422527,-0.22209891299617368,-0.22427359832782232,Bullish,18.1204,11.0813,591809.5238095238,14.387133333333335,14.490566666666668,14.594033333333336,14.180233333333334,14.076766666666666,13.973333333333333
3212,2013-04-25,14.2837,14.7405,14.3095,14.4302,1240500,14.472890476190466,14.81994599999998,15.424286000000043,15.134393500000058,47.5911356458506,15.13773277138884,14.473730000000023,13.809727228611205,-0.1950764029414156,-0.21843415925054097,Bullish,18.1204,11.0813,592404.7619047619,14.677299999999999,14.9244,15.1083,14.246299999999998,14.062399999999998,13.815299999999997
3213,2013-04-26,14.4302,14.5423,14.2319,14.3181,399000,14.466319047619038,14.766047999999978,15.390831000000041,15.143448500000058,45.0886823957888,15.048439997638168,14.437090000000023,13.825740002361878,-0.18062427793621794,-0.21087218298767635,Bullish,18.1204,11.0813,643500.0,14.496299999999998,14.674499999999998,14.806699999999998,14.185899999999998,14.0537,13.875499999999999
3214,2013-04-29,14.3181,14.3957,14.0682,14.1285,602000,14.422395238095227,14.725245999999979,15.364270000000042,15.152178500000057,41.147713429775315,14.958740338823198,14.393125000000023,13.827509661176848,-0.18236777796991,-0.2051713019841231,Bullish,18.1204,11.0813,654785.7142857143,14.326733333333332,14.524966666666666,14.654233333333332,13.999233333333331,13.869966666666665,13.67173333333333
3215,2013-04-30,14.1285,14.4819,13.7923,14.0682,4824500,14.37765238095237,14.69929599999998,15.342920000000042,15.160953000000058,39.95170443669943,14.913457546201204,14.358215000000024,13.802972453798844,-0.1864657591590415,-0.20143019341910678,Bullish,18.1204,11.0813,603142.8571428572,14.435966666666667,14.803733333333334,15.125566666666668,13.746366666666667,13.424533333333333,13.056766666666666
3216,2013-05-01,14.1285,14.4819,13.7923,14.0682,4824500,14.344404761904752,14.681375999999982,15.318594000000042,15.16768550000006,39.95170443669944,14.88323561267338,14.329770000000025,13.77630438732667,-0.18755146226552277,-0.19865444718838998,Bullish,18.1204,11.0813,793119.0476190476,14.435966666666667,14.803733333333334,15.125566666666668,13.746366666666667,13.424533333333333,13.056766666666666
3217,2013-05-02,14.0682,14.2923,13.9819,14.0854,1085500,14.318133333333325,14.659783999999984,15.29326300000004,15.17509250000006,40.523596330244615,14.849482255647496,14.303050000000024,13.756617744352551,-0.18489266598409948,-0.1959020909475319,Bullish,18.1204,11.0813,1012214.2857142857,14.257833333333334,14.430266666666666,14.568233333333334,13.947433333333334,13.809466666666667,13.637033333333335
3218,2013-05-03,14.0854,14.2061,13.9475,13.9906,616000,14.288171428571419,14.640171999999984,15.267884000000043,15.18219850000006,38.35537287223185,14.825205814485722,14.275035000000026,13.72486418551433,-0.1882649177182092,-0.19437465630166734,Bullish,18.1204,11.0813,1042976.1904761905,14.148633333333331,14.306666666666665,14.40723333333333,13.890033333333331,13.789466666666666,13.631433333333332
3219,2013-05-06,13.9906,14.3526,13.9475,13.9733,913500,14.260666666666655,14.623537999999986,15.246000000000043,15.18897550000006,37.95625437485008,14.785566199230828,14.243140000000025,13.700713800769222,-0.19014158311993867,-0.19352804166532162,Bullish,18.1204,11.0813,1042833.3333333334,14.234766666666667,14.496233333333334,14.639866666666668,13.829666666666666,13.686033333333333,13.424566666666665
3220,2013-05-07,13.9733,13.9906,13.8613,13.8957,297000,14.226595238095225,14.606181999999984,15.223825000000042,15.192873000000061,36.139651852786024,14.712523717210386,14.200900000000024,13.689276282789661,-0.19563536275810378,-0.19394950588387805,Bearish,18.1204,11.0813,1075214.2857142857,13.970433333333332,14.045166666666667,14.099733333333333,13.841133333333332,13.786566666666666,13.711833333333331
3221,2013-05-08,13.8957,14.1975,13.9216,14.1113,591500,14.19663333333332,14.589261999999986,15.204152000000043,15.19764100000006,44.13903851332646,14.665676590517677,14.178920000000023,13.692163409482369,-0.1805112828420441,-0.19126186127551126,Bullish,18.1204,11.0813,1076666.6666666667,14.231999999999998,14.352699999999999,14.507899999999998,13.956099999999998,13.800899999999999,13.680199999999997
3222,2013-05-09,14.1113,14.3526,14.094,14.1457,740000,14.17733809523808,14.572059999999986,15.185654000000042,15.199950500000062,45.31604722319977,14.512101584911484,14.14271500000002,13.773328415088557,-0.1638606642999214,-0.1857816218803933,Bullish,18.1204,11.0813,1072047.619047619,14.30086666666667,14.456033333333336,14.55946666666667,14.042266666666668,13.938833333333333,13.783666666666667
3223,2013-05-10,14.1457,14.5681,14.1371,14.4302,966500,14.156404761904748,14.562763999999985,15.172008000000044,15.203544000000061,53.95669448605533,14.463441780735842,14.133665000000022,13.803888219264202,-0.12625279319939864,-0.17387585614419437,Bullish,18.1204,11.0813,1089809.5238095238,14.619833333333336,14.809466666666667,15.050833333333335,14.188833333333337,13.947466666666669,13.757833333333338
3224,2013-05-13,14.4302,15.2922,14.6198,15.275,4900000,14.18801428571427,14.564133999999985,15.168056000000044,15.21347300000006,69.41238256257249,14.76946875055921,14.178490000000021,13.587511249440833,-0.027957705662529975,-0.1446922260478615,Bullish,18.1204,11.0813,1069452.380952381,15.504866666666667,15.734733333333333,16.177266666666668,14.832466666666667,14.389933333333333,14.160066666666667
3225,2013-05-14,15.275,15.6887,15.1284,15.3784,3350500,14.235628571428558,14.569233999999987,15.165138000000045,15.223919000000059,70.70841547935198,15.026727483856202,14.252625000000023,13.478522516143844,0.05762115443801008,-0.10422954995068717,Bullish,18.1204,11.0813,1249023.8095238095,15.668599999999998,15.9588,16.2289,15.108299999999996,14.838199999999997,14.547999999999995
3226,2013-05-15,15.3784,16.2404,15.1284,16.2404,8311500,14.34728095238094,14.594341999999989,15.170563000000046,15.238501500000062,78.78038202709045,15.513988171846144,14.369860000000026,13.225731828153908,0.1927770003351501,-0.044828239893519715,Bullish,18.1204,11.0813,1382309.5238095238,16.61106666666667,16.981733333333338,17.72306666666667,15.499066666666668,14.757733333333332,14.387066666666666
3227,2013-05-16,16.2404,16.7663,16.206,16.317999999999998,2823000,14.46262857142856,14.624323999999987,15.179256000000045,15.254441000000064,79.33253923850134,15.89565568560499,14.484940000000027,13.074224314395064,0.3026617570883481,0.02466975950285385,Bullish,18.1204,11.0813,1730571.4285714286,16.6542,16.9904,17.2145,16.093899999999998,15.869799999999998,15.533599999999996
3228,2013-05-17,16.317999999999998,16.637,15.9043,16.0249,2689500,14.558271428571418,14.645355999999987,15.177335000000044,15.268292500000062,71.7393945510334,16.130101254124018,14.578465000000026,13.026828745876037,0.36192346956349297,0.09212050151498169,Bullish,18.1204,11.0813,1823500.0,16.47316666666667,16.921433333333336,17.205866666666672,15.74046666666667,15.456033333333334,15.007766666666669
3229,2013-05-20,16.0249,16.887,16.1284,16.887,4920500,14.688395238095227,14.690181999999986,15.185281000000042,15.286835000000062,78.31407653548065,16.549204850370764,14.713375000000024,12.877545149629285,0.47300061216295575,0.1682965236445765,Bullish,18.1204,11.0813,1938023.8095238095,17.13986666666667,17.392733333333336,17.89846666666667,16.38126666666667,15.875533333333333,15.622666666666667
3230,2013-05-21,16.887,17.6542,17.0507,17.5248,5024500,14.847252380952368,14.730523999999987,15.200989000000042,15.308566500000063,81.7051269241505,17.067895846085154,14.878880000000027,12.689864153914899,0.6055151755994235,0.2557402540355459,Bullish,18.1204,11.0813,2151952.380952381,17.7691,18.0134,18.372600000000002,17.1656,16.8064,16.5621
3231,2013-05-22,17.5248,18.2145,17.4817,18.1283,7209500,15.033614285714274,14.781039999999987,15.228269000000044,15.333108000000063,84.21962388709419,17.65662331530353,15.071110000000028,12.485596684696525,0.7505791193106237,0.3547080270905615,Bullish,18.1204,11.0813,2378142.8571428573,18.401300000000003,18.674300000000002,19.134100000000004,17.6685,17.2087,16.9357
3232,2013-05-23,18.1283,18.43,17.2231,17.3093,7929000,15.177690476190465,14.820001999999986,15.245144000000044,15.354142500000062,70.13222956963415,17.957642748234658,15.215065000000028,12.472487251765397,0.7903462647332375,0.4418356746190967,Bullish,18.1283,11.0813,2692166.6666666665,18.08516666666667,18.861033333333335,19.29206666666667,16.87826666666667,16.447233333333333,15.671366666666668
3233,2013-05-24,17.3093,17.6628,16.9473,17.3524,1992000,15.316842857142845,14.864997999999984,15.264111000000044,15.375392500000062,70.41270875153815,18.227268398580236,15.366780000000025,12.506291601419816,0.8159342417482964,0.5166553880449366,Bullish,18.1283,11.0813,3059928.5714285714,17.694366666666667,18.036333333333335,18.40986666666667,16.978866666666665,16.60533333333333,16.263366666666663
3234,2013-05-27,17.3524,17.8352,17.1628,17.2662,4319500,15.457228571428558,14.912407999999985,15.284500000000044,15.39621150000006,69.01676756373638,18.43894098369551,15.523665000000028,12.608389016304546,0.8198070528940189,0.5772857210147531,Bullish,18.1283,11.0813,3095714.285714286,17.680000000000003,18.0938,18.352400000000003,17.007600000000004,16.749000000000002,16.335200000000004
3235,2013-05-28,17.2662,17.6455,17.3352,17.5076,1741500,15.618138095238086,14.964473999999985,15.305711000000041,15.418237500000059,70.76475190058879,18.652671232634198,15.69563500000003,12.738598767365863,0.8327557561803349,0.6283797280478695,Bullish,18.1283,11.0813,3282404.761904762,17.656999999999996,17.806399999999996,17.967299999999994,17.3467,17.1858,17.0364
3236,2013-05-29,17.5076,18.3782,17.3697,18.3696,9174000,15.822966666666657,15.035503999999985,15.329244000000042,15.444573500000057,75.97668104081271,18.98631090614455,15.91070500000003,12.835099093855511,0.9021741903085854,0.6831386205000126,Bullish,18.1283,11.0813,3336666.6666666665,18.70863333333333,19.047666666666665,19.71713333333333,17.700133333333333,17.03066666666667,16.691633333333336
3237,2013-05-30,18.3696,19.1541,18.3179,18.9644,7478000,16.05611904761904,15.118257999999985,15.361701000000044,15.473157000000057,78.78692328980918,19.38265255915508,16.15465500000003,12.92665744084498,0.993729098069366,0.7452567160138833,Bullish,18.3696,11.0813,3543785.714285714,19.306366666666662,19.64833333333333,20.14256666666666,18.470166666666664,17.975933333333334,17.633966666666666
3238,2013-05-31,18.9644,19.5247,18.6627,18.9558,4933000,16.288042857142848,15.204115999999983,15.395456000000042,15.50249350000006,78.64367589555995,19.690177080381012,16.402915000000032,13.115652919619052,1.0534495631461098,0.8068952854403286,Bullish,18.9644,11.0813,3670142.8571428573,19.432766666666666,19.90973333333333,20.294766666666664,18.570766666666668,18.185733333333335,17.70876666666667
3239,2013-06-03,18.9558,19.3092,18.4472,18.542,3696500,16.504776190476182,15.283765999999984,15.424797000000043,15.52927650000006,71.87238652408719,19.845676197822925,16.631350000000033,13.41702380217714,1.0552242914752306,0.856561086647309,Bullish,18.9644,11.0813,3853357.1428571427,19.085066666666666,19.628133333333334,19.947066666666668,18.223066666666664,17.90413333333333,17.361066666666662
3240,2013-06-04,18.542,18.6886,18.0679,18.3179,4076500,16.711661904761897,15.358933999999985,15.459649000000043,15.554627500000061,68.43580234837505,19.887005826579472,16.852460000000033,13.817914173420593,1.0267124770154226,0.8905913647209317,Bullish,18.9644,11.0813,4000047.619047619,18.648366666666668,18.978833333333334,19.269066666666667,18.02766666666667,17.737433333333335,17.40696666666667
3241,2013-06-05,18.3179,18.5679,18.2231,18.4903,4198500,16.930452380952374,15.439963999999986,15.498716000000043,15.58163650000006,69.63853135169367,19.908736965228048,17.071410000000036,14.234083034772024,1.0064264403074183,0.913758379838229,Bullish,18.9644,11.0813,4150666.6666666665,18.6311,18.771900000000002,18.975900000000003,18.286299999999997,18.082299999999996,17.941499999999994
3242,2013-06-06,18.4903,18.9213,18.361,18.542,3473500,17.14143809523809,15.521681999999988,15.535809000000043,15.60886950000006,70.0076126427592,19.855931797961524,17.291225000000036,14.72651820203855,0.9831877911452231,0.9276442620996279,Bullish,18.9644,11.0813,4336452.380952381,18.855200000000007,19.168400000000002,19.415500000000005,18.29490000000001,18.047800000000006,17.73460000000001
3243,2013-06-07,18.542,18.792,18.5334,18.5507,947000,17.351199999999995,15.591677999999987,15.568420000000042,15.63586900000006,70.07354035273629,19.752931360921785,17.497250000000037,15.241568639078288,0.9544704701076583,0.933009503701234,Bullish,18.9644,11.0813,4473690.476190476,18.717333333333336,18.88396666666667,18.975933333333337,18.458733333333335,18.366766666666667,18.200133333333333
3244,2013-06-10,18.5507,19.473,18.3179,19.473,9020000,17.591333333333328,15.680981999999988,15.609493000000041,15.66405400000006,76.07709545399547,19.876229289009444,17.707150000000038,15.538070710990631,0.994667777327713,0.9453411584265299,Bullish,18.9644,11.0813,4483547.619047619,19.85803333333333,20.243066666666664,21.01313333333333,18.702933333333334,17.93286666666667,17.547833333333337
3245,2013-06-11,19.473,19.8695,19.1799,19.2575,4584000,17.780976190476185,15.77080399999999,15.64155900000004,15.692407000000062,72.42132134696507,19.88869965332084,17.901105000000037,15.913510346679232,0.9976352655790066,0.9557999798570253,Bullish,19.473,11.0813,4867047.619047619,19.691366666666664,20.12523333333333,20.380966666666662,19.001766666666665,18.746033333333333,18.312166666666666
3246,2013-06-12,19.2575,19.542,18.9213,19.1196,8193000,17.959128571428568,15.860453999999988,15.674184000000041,15.720936000000062,70.09994900215658,19.94585230349025,18.045065000000037,16.144277696509825,0.9775905881054747,0.9601581015067151,Bullish,19.473,11.0813,4852000.0,19.467299999999998,19.815,20.088,18.846599999999995,18.573599999999995,18.225899999999992
3247,2013-06-13,19.1196,19.654,19.1368,19.2316,5449000,18.101566666666663,15.952689999999986,15.708067000000042,15.749782500000062,70.91536717697802,19.98326392093482,18.19074500000004,16.398226079065257,0.9596799081691678,0.9600624628392056,Bearish,19.473,11.4204,5082595.238095238,19.544799999999995,19.857999999999997,20.061999999999994,19.027599999999996,18.8236,18.510399999999997
3248,2013-06-14,19.2316,19.4041,18.4472,18.6541,5547500,18.212809523809522,16.034753999999985,15.736175000000042,15.773111500000063,61.588668938535875,19.821791547655547,18.322205000000036,16.822618452344525,0.8886424249350888,0.9457784552583822,Bearish,19.473,11.4204,4946285.714285715,19.223066666666664,19.792033333333332,20.179966666666665,18.266166666666663,17.87823333333333,17.309266666666662
3249,2013-06-17,18.6541,18.7317,18.2748,18.3524,1538000,18.323642857142854,16.109577999999985,15.763758000000042,15.791852000000064,57.345458196660324,19.742881958386924,18.395475000000037,17.04806804161315,0.7987920614333461,0.916381176493375,Bearish,19.473,11.4204,5076023.80952381,18.63113333333333,18.909866666666666,19.088033333333332,18.17423333333333,17.996066666666664,17.71733333333333
3250,2013-06-18,18.3524,18.5334,17.4386,17.5248,4131000,18.354014285714282,16.165263999999986,15.778912000000041,15.807215500000066,47.64780706765875,19.742881958386757,18.39547500000004,17.048068041613323,0.6532740608387222,0.8637597533624445,Bearish,19.473,11.4204,5021190.476190476,18.22593333333333,18.927066666666665,19.32073333333333,17.13113333333333,16.737466666666666,16.03633333333333
3251,2013-06-19,17.5248,18.1714,17.7059,17.9041,2284500,18.372076190476182,16.232327999999985,15.79253000000004,15.825721500000066,51.68085869120783,19.74405036435327,18.38426500000004,17.024479635646806,0.5620770625285338,0.8034232151956624,Bearish,19.473,11.462,4983595.238095238,18.148366666666668,18.392633333333333,18.613866666666667,17.68286666666667,17.461633333333335,17.21736666666667
3252,2013-06-20,17.9041,18.3179,17.7576,17.9041,1634500,18.361399999999993,16.293013999999985,15.81002400000004,15.844850500000065,51.68085869120783,19.7026011748777,18.41400500000004,17.125408825122378,0.4842209862168083,0.7395827693998915,Bearish,19.473,11.5312,4853119.047619048,18.228800000000003,18.553500000000003,18.789100000000005,17.6685,17.4329,17.1082
3253,2013-06-21,17.9041,17.8266,17.4559,17.5335,1080000,18.372076190476182,16.351459999999985,15.82720300000004,15.863130000000067,47.5315757192668,19.68393624516024,18.42306000000004,17.162183754839837,0.38814091518948146,0.6692943985578095,Bearish,19.473,11.6627,4587642.857142857,17.75476666666667,17.976033333333334,18.125466666666668,17.38406666666667,17.234633333333335,17.01336666666667
3254,2013-06-24,17.5335,17.9386,16.8094,16.9042,1151500,18.350733333333327,16.40197399999998,15.83511300000004,15.878401500000066,41.446473021830585,19.7399583496655,18.404960000000038,17.069961650334577,0.2582406781716102,0.5870836544805696,Bearish,19.473,11.6627,4261500.0,17.625399999999996,18.3466,18.754599999999996,16.496199999999995,16.088199999999997,15.366999999999994
3255,2013-06-25,16.9042,17.2404,16.637,17.0076,1210000,18.33841904761904,16.464211999999982,15.844057000000038,15.893775000000067,42.74352621913285,19.797419908995664,18.379960000000036,16.962500091004408,0.16177250753741745,0.5020214250919393,Bearish,19.473,11.6627,4221476.19047619,17.28633333333334,17.56506666666667,17.88973333333334,16.682933333333338,16.35826666666667,16.079533333333337
3256,2013-06-26,17.0076,17.3611,16.387,16.7318,875000,18.301476190476183,16.520933999999983,15.845813000000039,15.908081000000065,40.18645495520883,19.887294186957213,18.29807000000004,16.708845813042863,0.0623473310287217,0.4140866062792957,Bearish,19.473,11.6627,4073404.761904762,17.266266666666667,17.800733333333334,18.240366666666667,16.292166666666667,15.852533333333334,15.318066666666667
3257,2013-06-27,16.7318,17.499000000000002,16.637,17.2404,1212000,18.247704761904757,16.585413999999982,15.851617000000038,15.926175500000065,46.53806641703404,19.833858220798664,18.21187000000004,16.589881779201416,0.02431168184351762,0.3361316213921401,Bearish,19.473,11.6627,4032142.8571428573,17.613933333333335,17.98746666666667,18.475933333333337,16.751933333333334,16.263466666666666,15.889933333333332
3258,2013-06-28,17.2404,17.5766,16.9387,17.2921,967000,18.168071428571423,16.648167999999984,15.852193000000035,15.944528500000064,47.15240596176616,19.760149315610175,18.12868500000004,16.497220684389905,-0.0016411678809973296,0.2685770635375126,Bearish,19.473,11.6627,3653000.0,17.599566666666664,17.90703333333333,18.237466666666663,16.961666666666666,16.631233333333334,16.323766666666668
3259,2013-07-01,17.2921,17.8869,17.2835,17.6886,689000,18.107728571428567,16.71816399999998,15.859087000000036,15.963964500000065,51.73328557255697,19.716647393002763,18.08601500000004,16.455382606997315,0.00967373524516546,0.21679639787904317,Bearish,19.473,11.6627,3342952.380952381,17.95583333333334,18.22306666666667,18.559233333333342,17.35243333333334,17.01626666666667,16.74903333333334
3260,2013-07-02,17.6886,18.5679,17.68,18.5679,3255000,18.108961904761898,16.805227999999982,15.876782000000038,15.988281500000067,60.01151050347515,19.739863683585984,18.09851500000004,16.4571663164141,0.08857203558338256,0.19115152541991104,Bearish,19.473,11.6627,3140857.1428571427,18.863866666666667,19.159833333333335,19.75176666666667,17.975966666666665,17.38403333333333,17.088066666666663
3261,2013-07-03,18.5679,19.4903,18.9903,19.4903,8468000,18.16479047619047,16.90935999999998,15.895464000000036,16.016829500000068,66.50197267085866,19.892286631008464,18.14851500000004,16.404743368991614,0.22295934171066278,0.1975130886780614,Bullish,19.473,11.6627,3119833.3333333335,19.656966666666666,19.823633333333333,20.156966666666666,19.156966666666666,18.823633333333333,18.656966666666666
3262,2013-07-04,19.4903,20.4643,19.654,20.4643,8714000,18.258790476190466,17.030041999999984,15.924994000000037,16.051078000000068,71.72140019023814,20.255946253702955,18.24463000000004,16.233313746297124,0.40340570016695665,0.23869161097584043,Bullish,19.4903,11.6627,3328952.380952381,20.734399999999997,21.0045,21.5447,19.924099999999996,19.383899999999997,19.113799999999994
3263,2013-07-05,20.4643,21.4815,20.8609,21.4815,8611500,18.398766666666656,17.173309999999983,15.96967900000004,16.086952000000068,75.93804175412745,20.848043398531182,18.391170000000038,15.934296601468894,0.6213279958216944,0.31521888794501124,Bullish,20.4643,11.8911,3543976.1904761903,21.688366666666667,21.895233333333334,22.308966666666667,21.067766666666667,20.654033333333334,20.447166666666668
3264,2013-07-08,21.4815,22.5504,22.197,22.5504,16689000,18.58922857142856,17.34174799999998,16.03349700000004,16.124606000000067,79.41209416115802,21.572793391148252,18.54504000000004,15.517286608851826,0.8702525522939624,0.4262256208148015,Bullish,21.4815,11.9257,3788642.8571428573,22.668199999999995,22.785999999999998,23.021599999999996,22.314799999999995,22.079199999999997,21.961399999999994
3265,2013-07-09,22.5504,23.671,23.671,23.671,2727000,18.78913333333332,17.533803999999982,16.11655000000004,16.165233000000068,82.29767891634006,22.524181989227078,18.76571500000004,15.007248010772999,1.144754098791676,0.5699313164101764,Bullish,22.5504,11.9742,4538261.904761905,23.671000000000006,23.671000000000003,23.671000000000006,23.671000000000006,23.671000000000003,23.671000000000006
3266,2013-07-10,23.671,24.8262,22.8435,23.2142,14889000,18.97754761904761,17.71672399999998,16.199050000000042,16.200011000000064,77.52746964967957,23.200240912087192,18.97044500000004,14.740649087912889,1.310333896203943,0.7180118323689297,Bullish,23.671,12.0295,4238595.238095238,24.41243333333334,25.61066666666667,26.39513333333334,22.42973333333334,21.645266666666668,20.447033333333337
3267,2013-07-11,23.2142,22.9125,22.1022,22.2315,7498000,19.125733333333322,17.87964599999998,16.26971500000004,16.226899500000066,68.34916251068712,23.58299924482913,19.120440000000038,14.657880755170947,1.3467370549035351,0.8437568768758508,Bullish,23.671,12.1057,4729309.523809524,22.728600000000004,23.225700000000003,23.538900000000005,21.918300000000002,21.6051,21.108
3268,2013-07-12,22.2315,22.9297,22.2573,22.3866,4746500,19.275971428571417,18.047565999999982,16.343869000000044,16.255705500000065,68.97349418766414,23.9830873567804,19.307065000000037,14.631042643219676,1.3722832669342289,0.9494621548875264,Bullish,23.671,12.1957,4696214.285714285,22.791766666666668,23.196933333333334,23.464166666666667,22.119366666666668,21.852133333333335,21.44696666666667
3269,2013-07-15,22.3866,22.8349,21.2919,21.5332,4128500,19.41307142857142,18.19876399999998,16.411151000000043,16.284397500000065,61.75527971976339,24.21719630094444,19.466105000000038,14.715013699055635,1.3085820567937851,1.021286135268778,Bullish,23.671,12.2303,4662761.904761905,22.481433333333335,23.42966666666667,24.024433333333338,20.938433333333332,20.343666666666664,19.39543333333333
3270,2013-07-16,21.5332,22.6021,21.4815,21.7056,6308000,19.57274761904761,18.35496199999998,16.48057200000004,16.31315550000006,62.60663610206456,24.434074734079935,19.675145000000036,14.916215265920137,1.2575137917915136,1.068531666573325,Bullish,23.671,12.3133,4595190.476190476,22.377966666666662,23.05033333333333,23.49856666666666,21.257366666666663,20.80913333333333,20.136766666666663
3271,2013-07-17,21.7056,22.3694,21.3781,21.585,1796500,19.766090476190467,18.50443599999998,16.546849000000044,16.34186400000006,61.57403577883481,24.614619645322257,19.859190000000037,15.103760354677817,1.1935518885357013,1.0935357109658004,Bullish,23.671,12.3133,4822333.333333333,22.1769,22.7688,23.1682,21.1856,20.7862,20.194300000000002
3272,2013-07-18,21.585,22.1539,21.4298,22.0418,1861000,19.9631238095238,18.66235799999998,16.617209000000045,16.371922000000062,63.996305110658156,24.823299758145208,20.066075000000037,15.308850241854866,1.1662774413861499,1.1080840570498702,Bullish,23.671,12.3133,4711166.666666667,22.320533333333337,22.59926666666667,23.044633333333337,21.596433333333337,21.15106666666667,20.872333333333337
3273,2013-07-19,22.0418,22.3866,21.9815,22.0504,1449000,20.160566666666657,18.814761999999977,16.688763000000044,16.39804350000006,64.04226162318209,24.975069096324937,20.29192000000004,15.608770903675142,1.1323037014098816,1.1129279859218726,Bullish,23.671,12.3133,4691000.0,22.297499999999996,22.5446,22.702599999999997,21.892399999999995,21.734399999999997,21.487299999999994
3274,2013-07-22,22.0504,22.628,21.9815,22.3349,2769000,20.389204761904754,18.955959999999976,16.760047000000046,16.422819000000057,65.60629995891611,25.055268055984065,20.56345500000004,16.071641944016015,1.1154775096745162,1.1134378906724014,Bullish,23.671,12.3133,4682166.666666667,22.648100000000003,22.9613,23.294600000000003,22.001600000000003,21.668300000000002,21.355100000000004
3275,2013-07-23,22.3349,23.059,22.2918,22.7228,4324000,20.666280952380944,19.102847999999977,16.836041000000044,16.45247550000006,67.67105596086574,25.121624464120885,20.849215000000036,16.57680553587919,1.1205261912530808,1.1148555507885374,Bullish,23.671,12.3133,4762595.238095238,23.0906,23.4584,23.8578,22.323399999999996,21.923999999999996,21.556199999999993
3276,2013-07-24,22.7228,23.2745,22.4556,22.6021,3562000,20.932685714285704,19.230081999999975,16.912212000000046,16.48066300000006,66.33656694373525,25.032817186222122,21.142730000000036,17.25264281377795,1.1020836917348262,1.1123011789777952,Bearish,23.671,12.5694,4913666.666666667,23.0992,23.5963,23.9181,22.2803,21.9585,21.4614
3277,2013-07-25,22.6021,22.8866,21.9815,22.0418,4346500,21.18554285714285,19.344557999999974,16.984441000000047,16.50421500000006,60.383654688963205,24.84953814759769,21.38280000000004,17.916061852402386,1.0303787853688462,1.0959167002560055,Bearish,23.671,12.5694,5025666.666666667,22.625099999999993,23.208399999999997,23.530199999999994,21.71999999999999,21.398199999999996,20.81489999999999
3278,2013-07-26,22.0418,22.197,21.6367,21.7574,1023500,21.400638095238087,19.459207999999975,17.052282000000044,16.52634500000006,57.56012802583146,24.521572516215524,21.606065000000036,18.69055748378455,0.9397703398072501,1.0646874281662544,Bearish,23.671,12.5694,5190976.19047619,22.090699999999995,22.423999999999996,22.650999999999993,21.530399999999997,21.3034,20.9701
3279,2013-07-29,21.7574,22.8435,21.5074,22.1625,4115500,21.632561904761896,19.564717999999974,17.127450000000046,16.552784500000058,60.40052634046885,24.130334676381764,21.82976000000004,19.529185323618314,0.8903868529449497,1.0298273131219935,Bearish,23.671,12.6179,5182000.0,22.834866666666667,23.507233333333332,24.170966666666665,21.49876666666667,20.835033333333335,20.16266666666667
3280,2013-07-30,22.1625,22.4125,21.3781,21.5332,2364500,21.815638095238086,19.64488599999997,17.187705000000044,16.57296300000006,54.318691116351644,23.737103518858433,21.978025000000038,20.218946481141643,0.7913486583611515,0.9821315821698251,Bearish,23.671,13.0885,5331928.571428572,22.171100000000006,22.809000000000005,23.205500000000008,21.136700000000005,20.7402,20.102300000000003
3281,2013-07-31,21.5332,22.1539,21.335,21.9729,3569000,21.977780952380943,19.721777999999972,17.251409000000045,16.59762400000006,57.53603778373867,23.441921519177427,22.10215500000004,20.76238848082265,0.7398121964124655,0.9336677050183532,Bearish,23.671,13.0885,5411714.285714285,22.306200000000004,22.6395,23.125100000000003,21.487300000000005,21.001700000000003,20.668400000000005
3282,2013-08-01,21.9729,22.1884,21.4643,21.5505,5162500,22.075885714285704,19.80660199999997,17.313302000000043,16.62131500000006,53.6284672058567,23.29993641158339,22.15646500000004,21.01299358841669,0.6573079917926954,0.8783957623732216,Bearish,23.671,13.0885,5426666.666666667,22.004500000000007,22.458500000000004,22.728600000000007,21.280400000000007,21.010300000000004,20.556300000000007
3283,2013-08-02,21.9729,22.1884,21.4643,21.5505,5162500,22.127609523809515,19.890563999999973,17.377781000000045,16.64500600000006,53.6284672058567,23.29560968833336,22.15991500000004,21.02422031166672,0.5851772560730168,0.8197520611131807,Bearish,23.671,13.0885,5269261.904761905,22.004500000000007,22.458500000000004,22.728600000000007,21.280400000000007,21.010300000000004,20.556300000000007
3284,2013-08-05,21.5505,21.6367,20.473,20.4816,2394000,22.079995238095233,19.95487199999997,17.433640000000047,16.66335250000006,44.715753305947274,23.390587300935884,22.05647500000004,20.7223626990642,0.43672750864508814,0.7431471506195622,Bearish,23.671,13.0885,5100142.857142857,21.254533333333335,22.02746666666667,22.418233333333337,20.090833333333332,19.700066666666665,18.92713333333333
3285,2013-08-06,20.4816,20.7747,19.5678,19.6627,2429000,21.94248571428571,19.99797399999997,17.481224000000047,16.678746500000056,39.32377363207653,23.354020112155297,21.856060000000042,20.358099887844787,0.2501184186813816,0.6445414042319261,Bearish,23.671,13.0885,4804071.428571428,20.435666666666663,21.20863333333333,21.642566666666664,19.22876666666666,18.79483333333333,18.02186666666666
3286,2013-08-07,19.6627,20.335,19.6109,19.904,2743000,21.763104761904756,20.02866199999997,17.532083000000046,16.699327000000057,41.55996663506529,23.280364157066373,21.69055000000004,20.10073584293371,0.12031336621772226,0.5396957966290853,Bearish,23.671,13.0885,4125023.8095238097,20.289033333333336,20.67406666666667,21.013133333333336,19.564933333333336,19.22586666666667,18.840833333333336
3287,2013-08-08,19.6627,20.335,19.6109,19.904,2743000,21.605476190476185,20.04745399999997,17.582856000000046,16.718834500000057,41.559966635065294,23.32150533268133,21.574175000000043,19.826844667318756,0.01724315854712799,0.43520526901269385,Bearish,23.671,13.0885,4125785.714285714,20.289033333333336,20.67406666666667,21.013133333333336,19.564933333333336,19.22586666666667,18.840833333333336
3288,2013-08-09,19.6627,20.335,19.6109,19.904,2743000,21.49464285714285,20.06641799999997,17.635267000000045,16.738584500000055,41.55996663506529,23.298671596668015,21.450045000000042,19.60141840333207,-0.06370635639190425,0.33542294393177424,Bearish,23.671,13.0885,3547404.761904762,20.289033333333336,20.67406666666667,21.013133333333336,19.564933333333336,19.22586666666667,18.840833333333336
3289,2013-08-12,19.904,20.335,19.6282,20.1971,4113500,21.390380952380944,20.09951999999997,17.691643000000045,16.761842000000055,44.65443531105608,23.30993664078411,21.38324000000004,19.45654335921597,-0.10302114608611035,0.24773412592819732,Bearish,23.671,13.0885,3320976.1904761903,20.47866666666667,20.760233333333336,21.18546666666667,19.771866666666668,19.346633333333333,19.065066666666667
3290,2013-08-13,20.1971,20.5161,19.7402,19.9213,3945500,21.3136238095238,20.13158799999997,17.745261000000045,16.783443500000054,42.38036715262445,23.315656321361143,21.29402500000004,19.272393678638938,-0.15465044119027738,0.16725721250450237,Bearish,23.671,13.0885,3290833.3333333335,20.3782,20.8351,21.1541,19.6023,19.2833,18.8264
3291,2013-08-14,20.1971,20.5161,19.7402,19.9213,3945500,21.228657142857134,20.16020799999997,17.800086000000046,16.803557000000055,42.380367152624444,23.313042587194758,21.21084000000004,19.108637412805322,-0.1933383454321138,0.09513810091717913,Bearish,23.671,13.0885,3282119.0476190476,20.3782,20.8351,21.1541,19.6023,19.2833,18.8264
3292,2013-08-15,19.9213,20.1195,19.1368,19.7489,3018000,21.1412238095238,20.18434599999997,17.853014000000044,16.820870500000055,40.87143025769721,23.25398011949385,21.096195000000037,18.938409880506224,-0.2351988020839002,0.029070720316963256,Bearish,23.671,13.0885,3169619.0476190476,20.199999999999996,20.651099999999996,21.182699999999993,19.217299999999998,18.6857,18.2346
3293,2013-08-16,19.7489,20.2919,19.4816,19.6713,1561500,21.028342857142846,20.20675799999997,17.899218000000047,16.837796000000054,40.177998379780725,23.173463843238583,20.977240000000034,18.781016156761485,-0.27150544131724885,-0.031044512009879163,Bearish,23.671,13.0885,3227785.714285714,20.148266666666665,20.62523333333333,20.958566666666663,19.337966666666667,19.004633333333334,18.52766666666667
3294,2013-08-19,19.6713,20.0247,19.1799,19.4041,2939000,20.90232857142856,20.20537999999997,17.943181000000045,16.853281500000058,37.79987827572261,23.036104507116377,20.830700000000036,18.625295492883694,-0.3181718345477371,-0.08846997651745075,Bearish,23.671,13.0885,3213523.8095238097,19.892566666666664,20.38103333333333,20.737366666666663,19.047766666666664,18.691433333333332,18.202966666666665
3295,2013-08-20,19.4041,19.2144,18.7058,18.8524,4289000,20.736495238095227,20.19727799999997,17.984041000000044,16.867912000000057,33.40355705408268,22.823669143446388,20.637180000000036,18.450690856553685,-0.39511819010384386,-0.14979961923472937,Bearish,23.671,13.0885,3284476.1904761903,19.142599999999998,19.4328,19.6512,18.633999999999997,18.415599999999998,18.125399999999996
3296,2013-08-21,18.8524,18.792,18.1024,18.1886,1953000,20.52058095238094,20.178657999999967,18.019556000000044,16.87991550000006,29.028860346371836,22.655449312373307,20.416505000000036,18.177560687626766,-0.5038537314642824,-0.22061044168063998,Bearish,23.671,13.0885,3356857.1428571427,18.619600000000002,19.050600000000003,19.309200000000004,17.93,17.6714,17.240399999999998
3297,2013-08-22,18.1886,18.6196,18.1024,18.4041,1934000,20.320676190476178,20.162107999999968,18.057399000000046,16.893308000000058,32.13619582559502,22.506663360151663,20.234620000000035,17.962576639848407,-0.5661125888667442,-0.2897108711178608,Bearish,23.671,13.0885,3243952.380952381,18.64833333333333,18.892566666666664,19.16553333333333,18.13113333333333,17.858166666666666,17.613933333333332
3298,2013-08-23,18.4041,18.6282,18.1541,18.2662,1038000,20.1408857142857,20.15434999999997,18.094552000000046,16.905768500000057,31.194972572864742,22.373382271022614,20.060060000000036,17.746737728977457,-0.6194400402348634,-0.35565670494126134,Bearish,23.671,13.0885,3166428.5714285714,18.544900000000005,18.823600000000003,19.019000000000005,18.070800000000006,17.875400000000003,17.596700000000006
3299,2013-08-26,18.2662,19.1713,18.6972,18.8006,4126500,20.0000857142857,20.163313999999968,18.136446000000046,16.919482500000058,38.68912563582172,22.05336115089633,19.891965000000035,17.73056884910374,-0.611531461788406,-0.4068316563106903,Bearish,23.671,13.0885,3008880.9523809524,19.082200000000004,19.3638,19.556300000000004,18.608100000000004,18.4156,18.134000000000004
3300,2013-08-27,18.8006,19.0334,18.1455,18.2145,3246000,19.8120857142857,20.17710799999997,18.171186000000045,16.931650000000058,34.27927418861757,21.86741808355933,19.72603000000003,17.58464191644073,-0.6451206785407422,-0.45448946075670066,Bearish,23.671,13.0885,3156642.8571428573,18.783433333333335,19.35236666666667,19.671333333333337,17.895533333333333,17.576566666666665,17.00763333333333
3301,2013-08-28,18.2145,18.4041,17.6714,18.292,3548500,19.65774285714284,20.18486599999997,18.208597000000044,16.94423950000006,35.32896054134359,21.504548661415804,19.541985000000032,17.57942133858426,-0.6579028776653288,-0.4951721441384263,Bearish,23.671,13.0885,3115238.095238095,18.5736,18.8552,19.3063,17.840899999999998,17.389799999999997,17.108199999999997
3302,2013-08-29,18.292,18.4041,17.68,17.8179,483000,19.459885714285697,20.18314199999997,18.238078000000044,16.953143500000056,31.965462854956794,21.226183804008954,19.355355000000035,17.484526195991116,-0.6982398954676086,-0.5357856944042627,Bearish,23.671,13.0954,3171619.0476190476,18.254666666666665,18.691433333333332,18.978766666666665,17.530566666666665,17.243233333333333,16.806466666666665
3303,2013-08-30,17.8179,17.9214,17.43,17.4645,661000,19.26531428571427,20.18176199999997,18.266611000000047,16.961907000000057,29.695920273801796,20.907295492048185,19.151055000000035,17.394814507951885,-0.7500772752788798,-0.5786440105791861,Bearish,23.671,13.1508,3024666.6666666665,17.7806,18.0967,18.272,17.2892,17.1139,16.797800000000002
3304,2013-09-02,17.4645,17.6714,16.8525,17.2404,1209000,19.060071428571412,20.188485999999973,18.295230000000046,16.96982700000006,28.32266447886645,20.820763925904576,18.988995000000035,17.157226074095494,-0.800019640939805,-0.6229191366513099,Bearish,23.671,13.4138,2810309.523809524,17.65703333333333,18.073666666666664,18.47593333333333,16.83813333333333,16.435866666666666,16.019233333333332
3305,2013-09-03,17.2404,17.7145,17.2404,17.4645,881000,18.91639999999998,20.197623999999973,18.330918000000043,16.976860500000058,31.722940286441897,20.797703743030944,18.879085000000035,16.960466256969127,-0.8121543189825253,-0.660766173117553,Bearish,23.671,13.4138,2622047.619047619,17.705866666666665,17.947233333333333,18.179966666666665,17.231766666666665,16.999033333333333,16.757666666666665
3306,2013-09-04,17.4645,17.9041,17.3783,17.7059,664500,18.823219047619027,20.217105999999973,18.369020000000045,16.98409700000006,35.28434816549999,20.692189074968113,18.769180000000034,16.846170925031956,-0.7931492454378457,-0.6872427875816116,Bearish,23.671,13.4138,2550000.0,17.947233333333333,18.188566666666667,18.473033333333333,17.421433333333333,17.136966666666666,16.895633333333333
3307,2013-09-05,17.7059,18.5248,17.4128,18.3782,1508000,18.750561904761884,20.239861999999974,18.412638000000044,16.996356500000058,44.03907009172302,20.549686443234815,18.692890000000034,16.836093556765253,-0.715589723481898,-0.6929121747616689,Bearish,23.671,13.4623,2465976.1904761903,18.79773333333333,19.217266666666664,19.909733333333328,17.68573333333333,16.993266666666667,16.573733333333333
3308,2013-09-06,18.3782,18.6972,17.8869,18.0852,1762500,18.66395238095236,20.255723999999972,18.451946000000046,17.00317100000006,41.40985606915882,20.389437800800227,18.601950000000034,16.81446219919984,-0.6700420669810043,-0.6883381532055359,Bullish,23.671,13.6146,2407166.6666666665,18.559299999999997,19.033399999999997,19.369599999999995,17.749,17.4128,16.9387
3309,2013-09-09,18.0852,18.361,17.7835,17.8783,1139000,18.567490476190457,20.25951799999997,18.488841000000047,17.009055000000057,39.61145659813239,20.140451737750027,18.486010000000036,16.831568262250045,-0.6432256173922006,-0.6793156460428689,Bullish,23.671,13.6146,2360476.1904761903,18.2317,18.5851,18.8092,17.6542,17.4301,17.0767
3310,2013-09-10,17.8783,18.2748,17.8524,18.111,1837000,18.468152380952365,20.25037999999997,18.52780400000005,17.013299000000057,42.629276695656756,19.918820515413426,18.395495000000036,16.872169484586646,-0.596322409111604,-0.6627169986566159,Bullish,23.671,13.6146,2284095.238095238,18.306400000000007,18.501800000000003,18.728800000000007,17.884000000000007,17.657000000000004,17.461600000000008
3311,2013-09-11,18.111,19.0161,18.0162,19.0161,4280000,18.425047619047604,20.240895999999974,18.57512800000005,17.017777500000058,52.55976281604687,19.737224794161868,18.350235000000037,16.963245205838206,-0.4805774748847931,-0.6262890939022514,Bullish,23.671,13.6146,2175690.476190476,19.3494,19.6827,20.3493,18.3495,17.6829,17.3496
3312,2013-09-12,19.0161,19.8178,19.223,19.4127,4590500,18.40082857142856,20.219863999999973,18.62495300000005,17.024619500000057,56.14211817827872,19.658990541008322,18.33342500000004,17.00785945899176,-0.35277984864003287,-0.5715872448498077,Bullish,23.671,13.6146,2191619.0476190476,19.746000000000002,20.0793,20.3408,19.151200000000003,18.8897,18.556400000000004
3313,2013-09-13,19.4127,19.6023,19.0937,19.1627,1174000,18.372914285714273,20.173487999999974,18.673399000000053,17.032115000000054,53.40450735977178,19.546580792712255,18.30799500000004,17.069409207287826,-0.268576240059204,-0.510985043891687,Bullish,23.671,13.6146,2222333.3333333335,19.478766666666665,19.794833333333333,19.987366666666667,18.970166666666664,18.77763333333333,18.461566666666663
3314,2013-09-16,19.1627,19.3523,18.792,19.0851,1115500,18.344999999999988,20.104181999999973,18.722965000000052,17.043617500000053,52.547972050784544,19.48097996790561,18.29204500000004,17.10311003209447,-0.20573436735275408,-0.4499349085839004,Bullish,23.671,13.6146,2134523.8095238097,19.360933333333328,19.636766666666663,19.921233333333326,18.80063333333333,18.516166666666667,18.240333333333332
3315,2013-09-17,19.0851,19.4989,18.8868,19.0075,1647500,18.326114285714276,20.010911999999973,18.77235800000005,17.057639000000055,51.65575452387724,19.505163606555676,18.29980000000004,17.094436393444404,-0.1603450440943952,-0.3920169356859994,Bullish,23.671,13.6146,2113285.714285714,19.37533333333333,19.743166666666664,19.98743333333333,18.763233333333332,18.518966666666667,18.151133333333334
3316,2013-09-18,19.0075,19.0937,18.6196,18.7575,628000,18.321595238095227,19.921777999999975,18.81925100000005,17.068922500000056,48.78207689336255,19.54852764017346,18.32824500000004,17.107962359826622,-0.14289933448634073,-0.34219341544606763,Bullish,23.671,13.6146,2051785.7142857143,19.0276,19.2977,19.5017,18.5535,18.3495,18.0794
3317,2013-09-19,18.7575,18.9644,18.5334,18.8868,752000,18.35484285714285,19.854883999999974,18.867265000000053,17.08026400000006,50.32140720991476,19.59656875995927,18.35238000000004,17.10819124004081,-0.11728803112406183,-0.29721233858166646,Bullish,23.671,13.6146,1877452.380952381,19.056333333333335,19.22586666666667,19.487333333333336,18.625333333333334,18.363866666666667,18.194333333333333
3318,2013-09-20,18.8868,19.1368,18.5334,18.8868,1658500,18.37782857142856,19.784887999999974,18.916227000000053,17.09205550000006,50.32140720991477,19.648237962850803,18.383410000000037,17.11858203714927,-0.09588557941716047,-0.25694698674876526,Bullish,23.671,13.6146,1820261.9047619049,19.171266666666668,19.455733333333335,19.77466666666667,18.567866666666667,18.248933333333333,17.964466666666667
3319,2013-09-23,18.8868,19.1368,18.68,18.7403,764000,18.40040476190475,19.729029999999977,18.96389700000005,17.10494850000006,48.40957575726284,19.641512762109883,18.38039500000004,17.119277237890195,-0.08971117332864864,-0.22349982406474195,Bullish,23.671,13.6146,1807142.857142857,19.02473333333333,19.309166666666666,19.48153333333333,18.56793333333333,18.395566666666664,18.111133333333328
3320,2013-09-24,18.7403,18.792,18.3265,18.5507,708000,18.38850476190475,19.665931999999977,19.01044700000005,17.11713600000006,45.97510295561234,19.657992148534202,18.39720500000004,17.136417851465875,-0.09897611245213866,-0.1985950817422213,Bullish,23.671,13.6146,1794095.238095238,18.7863,19.021900000000002,19.251800000000003,18.3208,18.090899999999998,17.855299999999996
3321,2013-09-25,18.5507,18.9989,18.5334,18.9472,1468000,18.423395238095228,19.613175999999974,19.05880600000005,17.13147900000006,51.47129494674277,19.711985532249283,18.429965000000042,17.1479444677508,-0.07347740535570324,-0.17357154646491768,Bullish,23.671,13.6146,1631309.5238095238,19.1196,19.291999999999998,19.585099999999997,18.6541,18.361,18.1886
3322,2013-09-26,18.9472,19.4299,18.1972,18.43,4257500,18.429966666666655,19.540939999999974,19.10164900000005,17.14365150000006,45.03523101025846,19.711531737387986,18.46057000000004,17.209608262612093,-0.09392055614504002,-0.15764134840094216,Bullish,23.671,13.6146,1546642.857142857,19.174199999999995,19.9184,20.406899999999997,17.941499999999994,17.452999999999996,16.708799999999993
3323,2013-09-27,18.43,18.7489,18.1455,18.2834,1028000,18.452133333333318,19.465599999999974,19.14018100000005,17.15609450000006,43.379462719292675,19.670294726513433,18.50151500000004,17.332735273486648,-0.1205615368928683,-0.1502253860993274,Bullish,23.671,13.8957,1580404.761904762,18.639699999999998,18.996,19.2431,18.036299999999997,17.789199999999997,17.432899999999997
3324,2013-09-30,18.2834,18.2403,17.4559,17.7748,676500,18.46690952380951,19.374397999999974,19.165179000000048,17.166617500000058,38.140337620912405,19.60095628025346,18.52823500000004,17.455513719746623,-0.18063225928056426,-0.15630676073557476,Bearish,23.671,13.8957,1606357.142857143,18.191433333333336,18.60806666666667,18.975833333333338,17.407033333333334,17.039266666666666,16.622633333333333
3325,2013-10-01,17.7748,18.0852,17.4817,17.861,264500,18.49646190476189,19.277161999999976,19.19000500000005,17.17757150000006,39.47455978244851,19.553988875024743,18.548060000000042,17.54213112497534,-0.2187613750056201,-0.16879768358958383,Bearish,23.671,13.8957,1607095.238095238,18.136900000000008,18.412800000000004,18.740400000000008,17.533400000000007,17.205800000000004,16.929900000000007
3326,2013-10-02,17.861,18.0938,17.8352,17.9472,234500,18.519447619047604,19.184063999999974,19.20707300000005,17.188818000000058,40.84850993711888,19.530522083419257,18.560125000000042,17.589727916580827,-0.2392652534226194,-0.18289119755619093,Bearish,23.671,13.8957,1562119.0476190476,18.082266666666662,18.217333333333332,18.340866666666663,17.82366666666666,17.70013333333333,17.56506666666666
3327,2013-10-03,17.9472,18.0076,17.7231,17.7921,222500,18.523552380952367,19.099069999999976,19.221814000000048,17.20053500000006,39.127420445708744,19.555314268607134,18.53082000000004,17.50632573139295,-0.26497552564764604,-0.19930806317448196,Bearish,23.671,13.8957,1531333.3333333333,17.958766666666673,18.125433333333337,18.243266666666674,17.67426666666667,17.556433333333334,17.38976666666667
3328,2013-10-04,17.7921,18.68,18.0507,18.3696,1470000,18.523142857142844,19.031313999999977,19.24526100000005,17.21129800000006,47.92531512196964,19.552146058768557,18.545040000000043,17.53793394123153,-0.23603086114420435,-0.20665262276842644,Bearish,23.671,13.8957,1510285.7142857143,18.682833333333335,18.996066666666668,19.312133333333335,18.053533333333334,17.737466666666666,17.424233333333333
3329,2013-10-07,18.3696,18.7834,18.1024,18.5593,803000,18.545719047619034,18.959249999999976,19.26198400000005,17.223632500000058,50.458274400310735,19.538650955650173,18.579090000000043,17.619529044349914,-0.19553084352875416,-0.20442826692049199,Bullish,23.671,13.8957,1508476.1904761905,18.861,19.1627,19.542,18.18,17.8007,17.499
3330,2013-10-08,18.5593,18.792,18.361,18.4472,217500,18.57280952380951,18.897529999999975,19.27120800000005,17.236098500000057,48.94325778423167,19.533601587930846,18.595900000000043,17.65819841206924,-0.17051423891803097,-0.19764546131999977,Bullish,23.671,13.8957,1462785.7142857143,18.7058,18.9644,19.1368,18.2748,18.1024,17.843799999999998
3331,2013-10-09,18.4472,18.4041,17.8869,17.9472,248000,18.56500952380951,18.817015999999978,19.26939700000005,17.248833000000058,42.774235573465404,19.49990344556154,18.542455000000043,17.585006554438547,-0.18885719269689005,-0.19588780759537783,Bullish,23.671,13.8957,1418904.761904762,18.27189999999999,18.596599999999995,18.78909999999999,17.754699999999993,17.562199999999997,17.237499999999994
3332,2013-10-10,17.9472,18.0248,17.6283,17.7835,290500,18.506314285714275,18.741675999999973,19.27413900000005,17.259641500000058,40.95417837708876,19.38506310674773,18.460995000000043,17.536926893252357,-0.2141349235185359,-0.19953723078000946,Bearish,23.671,13.8957,1343238.0952380951,17.996100000000002,18.2087,18.3926,17.599600000000002,17.4157,17.203100000000003
3333,2013-10-11,17.7835,18.2748,17.8179,17.9041,256000,18.434476190476175,18.668747999999972,19.279656000000053,17.27188350000006,42.88239610463801,19.293391506425838,18.39806500000004,17.502738493574245,-0.2218786166293043,-0.20400550794986844,Bearish,23.671,13.8957,1153261.9047619049,18.179966666666665,18.45583333333333,18.636866666666663,17.723066666666668,17.542033333333336,17.26616666666667
3334,2013-10-14,17.9041,18.1024,17.7576,17.8697,187000,18.37290476190475,18.616509999999973,19.285691000000053,17.28509550000006,42.45649685361526,19.202319900166668,18.337295000000044,17.47227009983342,-0.22816124095677992,-0.20883665455125072,Bearish,23.671,13.8957,946857.1428571428,18.062199999999994,18.254699999999996,18.406999999999993,17.717399999999994,17.565099999999997,17.372599999999995
3335,2013-10-15,17.9041,18.1024,17.7576,17.8697,187000,18.31502857142856,18.580649999999974,19.289312000000052,17.297511500000063,42.45649685361526,19.11059549495173,18.280405000000044,17.450214505048358,-0.23048339687196062,-0.2131660030153927,Bearish,23.671,13.8957,899857.1428571428,18.062199999999994,18.254699999999996,18.406999999999993,17.717399999999994,17.565099999999997,17.372599999999995
3336,2013-10-16,17.9041,18.1024,17.7576,17.8697,187000,18.26084761904761,18.539963999999973,19.28431300000005,17.306778500000064,42.45649685361527,19.054273003999047,18.236015000000044,17.417756996001042,-0.22967615837961475,-0.21646803408823712,Bearish,23.671,13.8957,855642.8571428572,18.062199999999994,18.254699999999996,18.406999999999993,17.717399999999994,17.565099999999997,17.372599999999995
3337,2013-10-17,17.9041,18.1024,17.7576,17.8697,187000,18.21857142857142,18.499277999999972,19.273366000000053,17.317533500000067,42.45649685361527,18.9606175098664,18.185160000000046,17.409702490133693,-0.22642631445108563,-0.21845969016080682,Bearish,23.671,13.8957,786095.2380952381,18.062199999999994,18.254699999999996,18.406999999999993,17.717399999999994,17.565099999999997,17.372599999999995
3338,2013-10-18,17.9041,18.1024,17.7576,17.8697,187000,18.170138095238087,18.45859199999997,19.26250500000005,17.328980500000068,42.45649685361528,18.850149040212635,18.134305000000047,17.41846095978746,-0.2212997835731656,-0.21902770884327857,Bearish,23.671,13.8957,765095.2380952381,18.062199999999994,18.254699999999996,18.406999999999993,17.717399999999994,17.565099999999997,17.372599999999995
3339,2013-10-21,17.8697,18.2317,17.8955,18.0507,371000,18.1303238095238,18.41566399999997,19.257592000000052,17.341194500000064,46.505780823038876,18.759847105317526,18.09982500000005,17.439802894682572,-0.2003225894827949,-0.21528668497118184,Bullish,23.671,13.8957,738190.4761904762,18.223099999999995,18.3955,18.559299999999997,17.886899999999994,17.723099999999995,17.550699999999992
3340,2013-10-22,18.0507,18.3179,17.9731,18.3007,339000,18.10939047619047,18.383251999999974,19.257420000000053,17.358534500000065,51.5745415943038,18.721688207876653,18.08732500000005,17.452961792123446,-0.16166156745207516,-0.2045616614673605,Bullish,23.671,13.8957,676880.9523809524,18.421366666666668,18.542033333333336,18.76616666666667,18.076566666666665,17.85243333333333,17.731766666666662
3341,2013-10-23,18.3007,18.5162,18.2662,18.2748,183000,18.096252380952375,18.350321999999974,19.25526500000005,17.376990500000066,51.035021428692886,18.560703850006426,18.053705000000047,17.546706149993668,-0.1315953927276965,-0.1899684077194277,Bullish,23.671,13.8957,656642.8571428572,18.438599999999997,18.6024,18.688599999999997,18.188599999999997,18.1024,17.938599999999997
3342,2013-10-24,18.2748,18.4041,17.93,18.0938,270000,18.055614285714277,18.317219999999974,19.250783000000055,17.393296000000067,47.31031825438992,18.514304117956456,18.036895000000047,17.55948588204364,-0.12097835677295166,-0.17617039753013247,Bullish,23.671,13.8957,631642.8571428572,18.355266666666665,18.616733333333332,18.829366666666665,17.881166666666665,17.668533333333333,17.407066666666665
3343,2013-10-25,18.0938,18.3955,17.8007,17.8955,420000,18.030161904761897,18.281703999999973,19.244231000000056,17.406325500000065,43.55942799216295,18.48468344149579,18.017500000000048,17.550316558504306,-0.12710029889646535,-0.16635637780339904,Bullish,23.671,13.8957,574595.2380952381,18.26043333333333,18.625366666666665,18.85523333333333,17.665633333333332,17.435766666666666,17.070833333333333
3344,2013-10-28,17.8955,17.9559,17.7576,17.9214,167500,18.0129238095238,18.252049999999972,19.228715000000054,17.41910400000007,44.18189354374126,18.481022762336654,18.024830000000044,17.568637237663435,-0.12838215897732042,-0.15876153403818333,Bullish,23.671,13.8957,391857.14285714284,17.999,18.0766,18.1973,17.8007,17.68,17.6024
3345,2013-10-29,17.9214,17.9731,17.5938,17.7317,225500,18.01087142857142,18.229635999999974,19.213457000000055,17.427508000000067,40.64603897001368,18.487152411422482,18.018365000000045,17.54957758857761,-0.1430561842944904,-0.15562046408944474,Bullish,23.671,13.8957,350880.95238095237,17.9386,18.1455,18.317899999999998,17.559300000000004,17.386900000000004,17.180000000000007
3346,2013-10-30,17.7317,17.6973,17.1542,17.2576,510500,17.98213809523809,18.211015999999976,19.194837000000053,17.434510500000066,33.44263369649578,18.558120092194528,17.983885000000047,17.409649907805566,-0.1907426008900579,-0.16264489144956737,Bearish,23.671,13.8957,329404.7619047619,17.585199999999997,17.912799999999997,18.128299999999996,17.042099999999998,16.8266,16.499
3347,2013-10-31,17.2576,17.4042,17.1111,17.2921,302000,17.95094285714285,18.188775999999976,19.175442000000054,17.441754500000066,34.35434932766518,18.603557739541483,17.958885000000045,17.314212260458607,-0.2231779118878343,-0.17475149553722075,Bearish,23.671,13.8957,341119.04761904763,17.427166666666665,17.56223333333333,17.720266666666664,17.134066666666666,16.976033333333334,16.840966666666667
3348,2013-11-01,17.2921,17.5421,16.8094,17.0766,214500,17.91687142857142,18.164983999999976,19.159667000000056,17.447921000000065,31.455823378693037,18.61592222664876,17.894235000000045,17.17254777335133,-0.2632377377477688,-0.19244874397933037,Bearish,23.671,13.8957,344333.3333333333,17.476000000000003,17.875400000000003,18.208700000000004,16.7433,16.41,16.0106
3349,2013-11-04,17.0766,17.067999999999998,16.8094,16.8266,237000,17.84339523809523,18.125503999999975,19.144409000000056,17.454083500000067,28.456305858295934,18.60152478737482,17.807600000000043,17.013675212625266,-0.311566800883071,-0.2162723553600785,Bearish,23.671,13.8957,343952.38095238095,16.99326666666666,17.159933333333328,17.251866666666658,16.734666666666662,16.642733333333332,16.476066666666664
3350,2013-11-05,16.8266,17.6714,17.0163,17.5852,500000,17.797009523809514,18.112917999999972,19.145013000000056,17.461962500000066,45.45342577878439,18.506767369623766,17.764500000000044,17.022232630376323,-0.28536573295907175,-0.23009103087987715,Bearish,23.671,13.8957,285238.09523809527,17.832299999999996,18.079399999999996,18.487399999999994,17.1772,16.7692,16.522100000000002
3351,2013-11-06,17.4214,17.6886,17.2835,17.4386,219500,17.748980952380943,18.09584999999997,19.140358000000056,17.466444000000067,43.31192949912601,18.489363550824223,17.739070000000044,16.988776449175866,-0.2732803864891693,-0.23872890200173558,Bearish,23.671,13.8957,270809.5238095238,17.656966666666673,17.875333333333337,18.062066666666674,17.251866666666672,17.065133333333335,16.84676666666667
3352,2013-11-07,17.4386,17.5852,17.4128,17.4386,140500,17.724761904761895,18.08826399999997,19.135703000000056,17.472863500000063,43.31192949912601,18.483016494637262,17.721825000000045,16.96063350536283,-0.26069750379634726,-0.2431226223606579,Bearish,23.671,13.8957,270904.7619047619,17.54493333333333,17.651266666666665,17.71733333333333,17.37253333333333,17.306466666666665,17.20013333333333
3353,2013-11-08,17.4386,17.7576,17.2835,17.68,269500,17.719833333333323,18.092573999999967,19.137168000000056,17.482185500000064,47.991417940027944,18.467333495590495,17.71062000000004,16.953906504409588,-0.22861122813905155,-0.24022034351633664,Bullish,23.671,13.8957,265785.71428571426,17.863900000000005,18.047800000000002,18.338000000000005,17.389800000000005,17.099600000000002,16.915700000000005
3354,2013-11-11,17.5852,18.0593,17.3697,17.8093,490000,17.715319047619037,18.103951999999968,19.146219000000055,17.490666000000065,50.35529860829282,18.462229108906275,17.707600000000042,16.95297089109381,-0.19055262210397217,-0.23028679923386375,Bullish,23.671,13.8957,264785.71428571426,18.122500000000002,18.4357,18.8121,17.432900000000004,17.056500000000003,16.743300000000005
3355,2013-11-12,17.8438,17.93,17.6714,17.7404,166000,17.709161904761896,18.109469999999966,19.153547000000056,17.498802000000065,49.07527305214503,18.452305947992897,17.701135000000043,16.94996405200719,-0.1640593823658989,-0.21704131586027078,Bullish,23.671,13.8957,275928.5714285714,17.8898,18.0392,18.148400000000002,17.6312,17.522,17.3726
3356,2013-11-13,17.6714,17.8524,17.5852,17.68,58000,17.70012857142856,18.108951999999967,19.163029000000055,17.504421000000065,47.92516283359049,18.43884772350346,17.691650000000042,16.944452276496623,-0.14625118163247208,-0.20288328901471103,Bullish,23.671,13.8957,274928.5714285714,17.82653333333333,17.973066666666664,18.09373333333333,17.55933333333333,17.438666666666666,17.292133333333332
3357,2013-11-14,17.6714,17.8524,17.5852,17.68,58000,17.691095238095226,18.094987999999965,19.16742500000006,17.509521000000067,47.9251628335905,18.424883897772794,17.68216500000004,16.939446102227286,-0.13063220747799065,-0.18843307270736695,Bullish,23.671,13.8957,268785.71428571426,17.82653333333333,17.973066666666664,18.09373333333333,17.55933333333333,17.438666666666666,17.292133333333332
3358,2013-11-15,17.6714,17.8524,17.5852,17.68,58000,17.68206190476189,18.086883999999962,19.17130400000006,17.511748500000063,47.92516283359049,18.410405262146586,17.67268000000004,16.93495473785349,-0.11690643334011597,-0.17412774483391674,Bullish,23.671,13.8957,262642.85714285716,17.82653333333333,17.973066666666664,18.09373333333333,17.55933333333333,17.438666666666666,17.292133333333332
3359,2013-11-18,17.6714,18.5593,17.4559,18.5593,612500,17.714899999999986,18.100503999999965,19.180011000000057,17.51954900000006,63.48492913628084,18.51682301663591,17.69811000000004,16.879396983364167,-0.034676764903430524,-0.1462375488478195,Bullish,23.671,13.8957,256500.0,18.927100000000003,19.294900000000002,20.030500000000004,17.823700000000002,17.0881,16.7203
3360,2013-11-19,18.7834,19.1282,18.6282,18.9386,1063000,17.75718095238094,18.117055999999963,19.18371800000006,17.530250000000063,67.93562916884736,18.67940585628182,17.73000500000004,16.78060414371826,0.060400915665518085,-0.10490985594515198,Bullish,23.671,13.8957,276761.90476190473,19.168466666666667,19.398333333333333,19.668466666666667,18.668466666666667,18.398333333333333,18.168466666666667
3361,2013-11-20,18.9644,19.0506,18.4644,18.5334,207000,17.76826190476189,18.107401999999965,19.17414900000006,17.534806500000062,59.580863939305,18.728034808704226,17.74293500000004,16.75783519129585,0.10187999969343764,-0.06355188481743405,Bullish,23.671,13.8957,309714.28571428574,18.9012,19.269,19.487399999999997,18.315,18.096600000000002,17.728800000000003
3362,2013-11-21,18.5679,18.7058,18.4472,18.4644,207500,17.777290476190462,18.088435999999962,19.154150000000058,17.53957200000006,58.26678326348086,18.785442191693647,17.76146500000004,16.737487808306433,0.12771255840826612,-0.025298996172294017,Bullish,23.671,13.8957,303428.5714285714,18.631066666666673,18.797733333333337,18.889666666666674,18.37246666666667,18.280533333333334,18.11386666666667
3363,2013-11-22,18.6196,18.7058,18.4386,18.5938,184000,17.801099999999984,18.077057999999962,19.12527300000006,17.54747600000006,60.04645703063327,18.88202096017484,17.79638000000004,16.710739039825235,0.15681883593802226,0.01112457024976924,Bullish,23.671,13.8957,304595.2380952381,18.7202,18.8466,18.987399999999997,18.453,18.3122,18.1858
3364,2013-11-25,19.5161,19.5161,19.0506,19.1023,915500,17.85856666666665,18.077401999999964,19.090792000000057,17.56214450000006,66.15448514410815,19.081243279970202,17.85542500000004,16.629606720029876,0.21839989285235362,0.05257963477028612,Bullish,23.671,13.8957,300500.0,19.3954,19.6885,19.8609,18.929899999999996,18.757499999999997,18.464399999999994
3365,2013-11-26,19.223,19.2661,18.792,18.8955,220000,17.904952380952366,18.075161999999963,19.04303700000006,17.57979350000006,62.00300711772206,19.218366231886478,17.91361500000004,16.6088637681136,0.24766140590087815,0.09159598899640453,Bullish,23.671,13.8957,324095.2380952381,19.17706666666667,19.458633333333335,19.65116666666667,18.70296666666667,18.510433333333335,18.22886666666667
3366,2013-11-27,19.0851,19.1368,18.7489,18.8093,157000,17.956266666666654,18.076197999999962,18.998988000000057,17.599019000000062,60.30424431010329,19.31508716891174,17.99120000000004,16.667312831088335,0.2608883872819021,0.12545446865350404,Bullish,23.671,13.8957,326595.2380952381,19.047766666666668,19.286233333333335,19.43566666666667,18.659866666666666,18.51043333333333,18.271966666666664
3367,2013-11-28,18.8955,19.0075,18.6196,18.7144,214000,18.02563809523808,18.07274999999996,18.96381700000006,17.616766000000062,58.40697773676838,19.381141504552325,18.062315000000037,16.74348849544775,0.26070794947750286,0.1525051648183038,Bullish,23.671,13.8957,323333.3333333333,18.9414,19.168400000000002,19.329300000000003,18.5535,18.392599999999998,18.165599999999998
3368,2013-11-29,18.7058,18.8782,18.4041,18.4558,447000,18.081052380952364,18.06412999999996,18.924509000000057,17.634189000000063,53.47024473942093,19.379041284009045,18.131275000000038,16.88350871599103,0.23696649023499106,0.16939742990164125,Bullish,23.671,13.8957,309214.28571428574,18.754633333333338,19.05346666666667,19.228733333333338,18.280533333333338,18.10526666666667,17.806433333333338
3369,2013-12-02,18.361,18.6455,18.361,18.542,1193500,18.150833333333317,18.060163999999958,18.894597000000054,17.652874000000065,54.840457069063895,19.32194244406846,18.21704500000004,17.112147555931625,0.22254151230727004,0.180026246382767,Bullish,23.671,13.8957,316119.04761904763,18.671333333333333,18.800666666666665,18.95583333333333,18.386833333333335,18.23166666666667,18.102333333333338
3370,2013-12-03,18.4472,19.4644,18.4472,19.0765,4383000,18.257971428571416,18.07067999999996,18.868306000000054,17.674439000000064,62.261527419491024,19.416974635844284,18.29161000000004,17.1662453641558,0.25134198245156725,0.19428939359652705,Bullish,23.671,13.8957,362738.09523809527,19.544866666666667,20.013233333333336,20.56206666666667,18.527666666666665,17.97883333333333,17.510466666666662
3371,2013-12-04,19.3006,19.5247,18.9644,19.0679,1760500,18.328576190476177,18.07309399999996,18.843135000000053,17.694992000000063,62.084745704546584,19.47529974999813,18.373075000000043,17.270850250001956,0.2703561173799862,0.2095027383532189,Bullish,23.671,13.8957,560166.6666666666,19.40693333333333,19.745966666666664,19.96723333333333,18.846633333333333,18.625366666666668,18.286333333333335
3372,2013-12-05,19.0506,19.2058,18.8782,18.9989,673500,18.402876190476178,18.084471999999963,18.812706000000055,17.714957500000065,60.59808522574335,19.497147703766075,18.451090000000043,17.405032296234012,0.27666797674122634,0.22293578603082037,Bullish,23.671,13.8957,620190.4761904762,19.17706666666667,19.355233333333334,19.50466666666667,18.849466666666668,18.700033333333334,18.521866666666668
3373,2013-12-06,18.9989,19.0937,18.6196,18.7231,208500,18.464042857142843,18.09326599999996,18.779433000000054,17.734098000000063,54.935558221871574,19.49280958804288,18.503245000000042,17.513680411957203,0.2564591146824675,0.2296404517611498,Bullish,23.671,13.8957,641809.5238095238,19.004666666666665,19.286233333333332,19.478766666666665,18.530566666666665,18.338033333333332,18.056466666666665
3374,2013-12-09,18.9558,19.4385,18.7575,19.2575,2313000,18.53916190476189,18.12291999999996,18.748659000000053,17.754353000000066,62.288796624215735,19.563447199760997,18.57565500000004,17.587862800239083,0.2803335490844958,0.239779071225819,Bullish,23.671,13.8957,645047.619047619,19.54483333333333,19.832166666666666,20.22583333333333,18.86383333333333,18.470166666666664,18.182833333333328
3375,2013-12-10,19.223,19.4385,18.9644,18.9817,1126000,18.59499047619046,18.145333999999963,18.711248000000055,17.773644500000067,57.10955772925722,19.561716481816305,18.637720000000037,17.71372351818377,0.2738427663614722,0.24659181025294966,Bullish,23.671,13.8957,742357.1428571428,19.292000000000005,19.602300000000003,19.766100000000005,18.817900000000005,18.654100000000003,18.343800000000005
3376,2013-12-11,19.0075,19.2144,18.9644,19.1282,791500,18.661076190476173,18.168953999999964,18.676509000000053,17.794360500000067,59.05699622441234,19.54527386330063,18.71013000000004,17.874986136699448,0.27732328968262365,0.2527381061388845,Bullish,23.671,13.8957,772642.8571428572,19.240266666666667,19.352333333333334,19.490266666666667,18.990266666666667,18.852333333333334,18.740266666666667
3377,2013-12-12,19.2144,19.2747,19.0161,19.0679,485000,18.727166666666648,18.194469999999964,18.646770000000053,17.815605500000064,57.891837921471755,19.480644761173984,18.77952500000004,18.078405238826093,0.2720795596387049,0.25660639683884856,Bullish,23.671,13.8957,802428.5714285715,19.223033333333333,19.378166666666665,19.48163333333333,18.964433333333336,18.86096666666667,18.705833333333338
3378,2013-12-13,19.1799,19.7402,18.9644,19.5678,3725000,18.817061904761886,18.218433999999966,18.624874000000055,17.838578000000062,64.19807713653266,19.455649889025093,18.873915000000036,18.29218011097498,0.30474866505000975,0.2662348504810808,Bullish,23.671,13.8957,822761.9047619047,19.883866666666666,20.199933333333334,20.659666666666666,19.108066666666666,18.648333333333333,18.332266666666666
3379,2013-12-16,19.5247,19.6971,19.0506,19.1282,2408500,18.88602380952379,18.229811999999967,18.594531000000057,17.860990500000064,56.22392453984503,19.475347488178095,18.902360000000037,18.32937251182198,0.29180339247995235,0.27134855888085513,Bullish,23.671,13.8957,997380.9523809524,19.533333333333335,19.938466666666667,20.179833333333335,18.886833333333335,18.645466666666668,18.240333333333336
3380,2013-12-17,19.2661,19.3437,18.9644,18.9817,1055000,18.906138095238074,18.240501999999967,18.569016000000055,17.878360500000063,53.824499713239646,19.478355034425185,18.904515000000035,18.330674965574886,0.26664908043811053,0.2704086631923062,Bearish,23.671,13.8957,1109309.5238095238,19.228799999999996,19.475899999999996,19.608099999999993,18.8495,18.7173,18.470200000000002
3381,2013-12-18,19.1368,19.292,18.8437,19.042,1796500,18.911061904761883,18.26239799999997,18.539707000000057,17.89555800000006,54.681780713365725,19.480345583128873,18.92994500000004,18.379544416871205,0.2487128065541846,0.2660694918646819,Bearish,23.671,13.8957,1130380.9523809524,19.27476666666667,19.50753333333334,19.723066666666675,18.82646666666667,18.61093333333333,18.378166666666665
3382,2013-12-19,19.0937,19.4385,18.792,18.8696,2385000,18.927071428571406,18.28411999999997,18.512898000000053,17.913100000000064,51.725015427558255,19.458811730106,18.950205000000036,18.441598269894072,0.2180731297898042,0.2564702194497063,Bearish,23.671,13.8957,1165309.5238095238,19.27473333333333,19.679866666666666,19.92123333333333,18.62823333333333,18.386866666666666,17.98173333333333
3383,2013-12-20,18.9213,18.9644,18.7489,18.8093,883000,18.943495238095213,18.30222399999997,18.48548600000005,17.93163350000006,50.6925323954706,19.447582859022454,18.96098000000004,18.474377140977623,0.18677226474888187,0.24253062850954143,Bearish,23.671,13.8957,1269023.8095238095,18.932833333333335,19.05636666666667,19.148333333333337,18.717333333333332,18.625366666666665,18.50183333333333
3384,2013-12-23,18.9041,19.1368,18.7575,18.8437,1161000,18.955395238095214,18.32170399999997,18.46910700000005,17.95137350000006,51.289880246121456,19.432684144493265,18.948050000000038,18.46341585550681,0.16286449567409633,0.22659740194245243,Bearish,23.671,13.8957,1301190.4761904762,19.067833333333333,19.291966666666667,19.447133333333333,18.688533333333332,18.533366666666666,18.30923333333333
3385,2013-12-24,18.9644,19.0506,18.7575,18.8437,927500,18.943080952380928,18.34118399999997,18.460917000000048,17.97107050000006,51.28988024612147,19.43174068603326,18.945460000000036,18.45917931396681,0.14227733191836478,0.2097333879376349,Bearish,23.671,13.8957,1347714.2857142857,19.01036666666667,19.177033333333334,19.30346666666667,18.71726666666667,18.590833333333336,18.42416666666667
3386,2013-12-25,18.9644,19.0506,18.7575,18.8437,927500,18.94061428571426,18.36066399999997,18.45031400000005,17.99119850000006,51.28988024612147,19.43176248256455,18.94718000000004,18.462597517435526,0.12452639356936501,0.19269198906398094,Bearish,23.671,13.8957,1348285.7142857143,19.01036666666667,19.177033333333334,19.30346666666667,18.71726666666667,18.590833333333336,18.42416666666667
3387,2013-12-26,19.0506,19.1196,18.7662,18.8179,751000,18.941023809523784,18.379627999999972,18.43945300000005,18.01115450000006,50.71435965432332,19.429029331078336,18.952355000000036,18.475680668921736,0.10714173938061222,0.17558193912730719,Bearish,23.671,13.8957,1381976.1904761905,19.036266666666666,19.25463333333333,19.389666666666663,18.68286666666667,18.547833333333337,18.329466666666672
3388,2013-12-27,18.7489,18.8782,18.4041,18.4558,708000,18.9287095238095,18.391349999999974,18.42497100000005,18.03011900000006,43.36047642379272,19.429029331078336,18.952355000000036,18.475680668921736,0.06341482525117925,0.1531485163520816,Bearish,23.671,13.8957,1410261.9047619049,18.754633333333338,19.05346666666667,19.228733333333338,18.280533333333338,18.10526666666667,17.806433333333338
3389,2013-12-30,18.5334,18.5765,18.3782,18.4386,339000,18.927890476190452,18.39910799999997,18.407386000000045,18.04951450000006,43.041208822811775,19.443392715688297,18.94718500000004,18.450977284311783,0.02706109110132715,0.1279310313019307,Bearish,23.671,13.8957,1433785.7142857143,18.55066666666667,18.662733333333335,18.74896666666667,18.352366666666672,18.266133333333336,18.154066666666672
3390,2013-12-31,18.5334,18.6972,18.3179,18.361,344500,18.919271428571403,18.40031399999997,18.391783000000046,18.068522000000062,41.55459616140186,19.465017073300853,18.91141000000004,18.357802926699225,-0.007919881136889018,0.10076084881416676,Bearish,23.671,13.8957,1428642.857142857,18.5995,18.837999999999997,18.978799999999996,18.220200000000002,18.079400000000003,17.840900000000005
3391,2014-01-01,18.4041,18.5679,18.3179,18.3524,516500,18.88479047619045,18.40186599999997,18.376094000000048,18.088090000000065,41.3840007858537,19.474769376503918,18.875635000000038,18.27650062349616,-0.03592241059832091,0.07342419693166923,Bearish,23.671,13.8957,1388214.2857142857,18.507566666666662,18.662733333333332,18.757566666666662,18.257566666666662,18.162733333333332,18.007566666666662
3392,2014-01-02,18.4644,18.9127,18.4041,18.7144,1335500,18.867957142857115,18.41427799999997,18.365749000000047,18.10938150000006,50.58083564667674,19.461670852970634,18.86141000000004,18.261149147029442,-0.028574849229375587,0.05302438769946026,Bearish,23.671,13.8957,1204095.238095238,18.95003333333333,19.185666666666666,19.45863333333333,18.44143333333333,18.168466666666664,17.932833333333328
3393,2014-01-03,18.7489,19.1368,18.6196,18.973,2022500,18.866723809523783,18.43582799999997,18.35876600000005,18.12899200000006,55.90352065585568,19.47253103176652,18.87390500000004,18.27527896823356,-0.0018635136926867801,0.042046807421030855,Bearish,23.671,13.8957,1183857.142857143,19.200000000000003,19.427000000000003,19.717200000000005,18.6828,18.392599999999998,18.165599999999998
3394,2014-01-06,19.1282,19.2661,18.8782,18.9127,1379000,18.875752380952356,18.45565399999997,18.35385200000005,18.148516500000063,54.431350685761615,19.42940948151754,18.85666500000004,18.28392051848254,0.014275151057628221,0.03649247614835033,Bearish,23.671,13.8957,1248095.238095238,19.159800000000004,19.406900000000004,19.547700000000006,18.771900000000002,18.6311,18.384
3395,2014-01-07,19.0334,19.0506,18.68,18.7317,231000,18.850714285714258,18.47565399999997,18.35264500000005,18.16834300000006,50.161295520609414,19.41636054446784,18.84416500000004,18.27196945553224,0.01231797784425126,0.031657576487530516,Bearish,23.671,13.8957,1303833.3333333333,18.961533333333335,19.191366666666667,19.332133333333335,18.590933333333336,18.450166666666668,18.220333333333336
3396,2014-01-08,18.9472,19.4385,18.9472,19.3351,4254000,18.86754285714283,18.51720399999997,18.36411000000005,18.19183300000006,61.11336425776119,19.453716077746765,18.85451000000004,18.255303922253315,0.05877867714609053,0.03708179661924252,Bullish,23.671,13.8957,1204690.4761904762,19.533333333333335,19.73156666666667,20.024633333333338,19.042033333333332,18.748966666666664,18.55073333333333
3397,2014-01-09,19.3092,19.3092,18.6627,18.8696,1318500,18.855228571428547,18.54875399999997,18.36876500000005,18.21308200000006,51.67844998847343,19.43585905091902,18.844595000000037,18.253330949081054,0.05737576432392899,0.04114059016017981,Bullish,23.671,13.8957,1353642.857142857,19.231633333333328,19.593666666666664,19.878133333333327,18.585133333333328,18.300666666666665,17.93863333333333
3398,2014-01-10,19.042,19.3523,18.6369,18.973,1519500,18.8507095238095,18.586681999999968,18.37583300000005,18.23519250000006,53.39944033997712,19.309574902478676,18.81485500000004,18.320135097521405,0.06387119428578103,0.045686710985300055,Bullish,23.671,13.8957,1378738.0952380951,19.337899999999994,19.702799999999996,20.053299999999993,18.622499999999995,18.272,17.907099999999996
3399,2014-01-13,19.1023,19.3351,18.9213,18.9903,1284000,18.8232095238095,18.62995599999997,18.37773000000005,18.25708800000006,53.69658018620922,19.28866447221613,18.80796000000004,18.32725552778395,0.06961238648625212,0.05047184608549047,Bullish,23.671,13.8957,1428000.0,19.24316666666667,19.496033333333337,19.656966666666673,18.82936666666667,18.668433333333333,18.415566666666667
3400,2014-01-14,19.1023,19.3351,18.9213,18.9903,1284000,18.81664285714283,18.658057999999972,18.38548800000005,18.27833700000006,53.69658018620921,19.289730324104358,18.80839000000004,18.32704967589572,0.07331716799389909,0.055040910467172195,Bullish,23.671,13.8957,1311761.9047619049,19.24316666666667,19.496033333333337,19.656966666666673,18.82936666666667,18.668433333333333,18.415566666666667
3401,2014-01-15,18.9299,19.0506,18.7058,18.7403,791500,18.805147619047595,18.684091999999975,18.38997100000005,18.29928400000006,48.51233845509421,19.263188817457966,18.79330500000004,18.323421182542113,0.05544123136321133,0.05512097464638002,Bullish,23.671,13.8957,1258214.2857142857,18.95866666666667,19.177033333333334,19.30346666666667,18.61386666666667,18.487433333333335,18.26906666666667
3402,2014-01-16,18.9299,18.9299,18.3179,18.4731,1044500,18.77805714285712,18.704781999999977,18.396523000000048,18.31730050000006,43.66047871062553,19.261906803531804,18.773480000000042,18.28505319646828,0.01948895928659411,0.04799457157442284,Bearish,23.671,13.8957,1245666.6666666667,18.829366666666665,19.18563333333333,19.441366666666664,18.217366666666667,17.961633333333335,17.60536666666667
3403,2014-01-17,18.4903,19.0506,18.361,18.9903,2651000,18.783804761904737,18.73098799999998,18.411781000000047,18.33919600000006,53.3798179217305,19.27990179293616,18.78253000000004,18.285158207063922,0.03235724800962814,0.044867106861463904,Bearish,23.671,13.8957,1209857.142857143,19.240266666666667,19.490233333333332,19.929866666666666,18.550666666666668,18.111033333333335,17.86106666666667
3404,2014-01-20,19.0765,19.4472,19.0506,19.2058,2780000,18.80268571428569,18.758917999999976,18.431435000000047,18.363332500000062,56.72939514458557,19.3308714388731,18.80063500000004,18.270398561126978,0.05926138022271843,0.04774596153371481,Bullish,23.671,13.8957,1222523.8095238095,19.418466666666664,19.63113333333333,19.815066666666663,19.021866666666664,18.837933333333332,18.625266666666665
3405,2014-01-21,19.3523,19.3954,19.0161,19.1713,909500,18.81828571428569,18.787535999999974,18.448503000000045,18.389710500000064,56.035275959326945,19.37125777452141,18.817015000000037,18.262772225478663,0.07691263617060784,0.05357929646109342,Bullish,23.671,13.8957,1312857.142857143,19.372433333333333,19.573566666666665,19.75173333333333,18.993133333333336,18.81496666666667,18.61383333333334
3406,2014-01-22,19.0765,19.1799,18.973,19.0161,798000,18.826495238095212,18.814257999999977,18.46160500000005,18.415312500000063,52.89956992535934,19.38659166954672,18.825635000000037,18.264678330453354,0.07748484369478703,0.05836040590783214,Bullish,23.671,13.8957,1300880.9523809524,19.139666666666663,19.263233333333332,19.346566666666664,18.932766666666662,18.84943333333333,18.72586666666666
3407,2014-01-23,19.1368,19.3006,18.8782,18.9644,883000,18.83224285714283,18.839945999999976,18.467467000000045,18.44005250000006,51.85850614231112,19.397138111600533,18.832960000000035,18.268781888399538,0.07292591974712792,0.0612735086756913,Bullish,23.671,13.8957,1294714.2857142857,19.217266666666667,19.470133333333333,19.639666666666667,18.794866666666667,18.625333333333334,18.372466666666668
3408,2014-01-24,18.8868,19.042,18.792,18.8868,498000,18.83552380952378,18.86408199999998,18.475483000000047,18.463714500000062,50.25968165192264,19.391696324852752,18.854510000000037,18.31732367514732,0.06233273523261218,0.061485353987075476,Bullish,23.671,13.8957,1292595.238095238,19.021866666666668,19.156933333333335,19.271866666666668,18.771866666666668,18.656933333333335,18.521866666666668
3409,2014-01-27,18.9644,18.9644,18.6024,18.7575,495500,18.84989047619045,18.86804599999998,18.484275000000046,18.486558000000063,47.624947580782354,19.37526995412582,18.870455000000035,18.36564004587425,0.043008357220010396,0.05778995463366246,Bearish,23.671,13.8957,1280547.619047619,18.947133333333337,19.13676666666667,19.30913333333334,18.585133333333335,18.412766666666666,18.223133333333333
3410,2014-01-28,18.792,18.9644,18.6196,18.6627,188000,18.860561904761873,18.86252799999998,18.489792000000044,18.508798000000063,45.73202864030815,19.3445078176177,18.885540000000038,18.426572182382376,0.019815658125011737,0.05019509533193232,Bearish,23.671,13.8957,1270428.5714285714,18.8782,19.093700000000002,19.223000000000003,18.533399999999997,18.404099999999996,18.188599999999994
3411,2014-01-29,18.7489,18.8782,18.6196,18.6972,278000,18.8765714285714,18.86580399999998,18.486603000000045,18.530865500000065,46.56441228371274,19.302416492838937,18.90278000000004,18.50314350716114,0.0041710573169631004,0.04099028772893847,Bearish,23.671,13.8957,1263238.0952380951,18.843733333333333,18.990266666666667,19.102333333333334,18.58513333333333,18.473066666666664,18.32653333333333
3412,2014-01-30,18.7489,18.8782,18.6196,18.6541,315500,18.890938095238067,18.86959799999998,18.479017000000045,18.551985000000066,45.62294310516274,19.305897871248618,18.899765000000038,18.493632128751457,-0.011571818613180795,0.03047786646051462,Bearish,23.671,13.8957,1260071.4285714286,18.814999999999998,18.9759,19.0736,18.556399999999996,18.458699999999997,18.297799999999995
3413,2014-01-31,18.7058,18.9213,18.6282,18.6455,672500,18.887657142857115,18.87063199999998,18.473845000000043,18.573622000000068,45.42558345818847,19.302590204685913,18.883390000000038,18.464189795314162,-0.024460147975965185,0.019490263573218657,Bearish,23.671,13.8957,1250500.0,18.83513333333333,19.024766666666665,19.12823333333333,18.542033333333332,18.438566666666667,18.248933333333333
3414,2014-02-03,18.792,18.861,18.6196,18.6541,405000,18.8724714285714,18.861667999999977,18.469535000000043,18.59625000000007,45.67864743014485,19.30104453015491,18.870460000000037,18.439875469845163,-0.033593053910042414,0.008873600076566441,Bearish,23.671,13.8957,1218928.5714285714,18.803533333333334,18.95296666666667,19.044933333333336,18.562133333333332,18.470166666666664,18.32073333333333
3415,2014-02-04,18.542,18.7489,18.5334,18.5765,389500,18.85646190476188,18.855287999999977,18.465225000000043,18.618791500000068,43.70912346542337,19.30833863837028,18.86270000000004,18.4170613616298,-0.04655595110728683,-0.002212310160204215,Bearish,23.671,13.8957,1141904.761904762,18.705800000000004,18.8351,18.921300000000002,18.490300000000005,18.404100000000003,18.274800000000006
3416,2014-02-05,18.542,18.7489,18.5334,18.5765,389500,18.849071428571406,18.850631999999976,18.463415000000044,18.641333000000067,43.70912346542337,19.230465442923602,18.824770000000036,18.41907455707647,-0.0561815149956395,-0.013006151127291274,Bearish,23.671,13.8957,1094785.7142857143,18.705800000000004,18.8351,18.921300000000002,18.490300000000005,18.404100000000003,18.274800000000006
3417,2014-02-06,18.8265,18.8265,18.5334,18.5507,142500,18.811719047619025,18.84735799999998,18.460054000000042,18.663659500000065,42.99432029064087,19.23095382809494,18.808825000000038,18.386696171905136,-0.06514078567744974,-0.023433078037322967,Bearish,23.671,13.8957,1102333.3333333333,18.740333333333332,18.929966666666665,19.03343333333333,18.447233333333333,18.343766666666667,18.154133333333334
3418,2014-02-07,18.542,18.6196,18.4472,18.4644,131000,18.792423809523786,18.847529999999978,18.455830000000045,18.686028500000067,40.602425220424784,19.223782372558414,18.783395000000038,18.34300762744166,-0.07830214264265578,-0.03440689095838953,Bearish,23.671,13.8957,906547.619047619,18.573600000000003,18.6828,18.746000000000002,18.401200000000003,18.338,18.228800000000003
3419,2014-02-10,18.4903,18.4903,17.93,18.0765,354500,18.74973333333331,18.83821999999998,18.449192000000043,18.706544500000067,31.988226816577857,19.263983354018578,18.73770500000004,18.211426645981504,-0.11866500473627895,-0.05125851371396742,Bearish,23.671,13.8957,850000.0,18.401200000000003,18.725900000000003,18.961500000000004,17.8409,17.6053,17.2806
3420,2014-02-11,17.9817,18.0938,17.7576,17.861,247000,18.69595714285712,18.81390999999998,18.442295000000044,18.726371000000064,28.38520340498508,19.317775313716922,18.681240000000038,18.044704686283154,-0.16612690518300255,-0.07423219200777445,Bearish,23.671,13.8957,794523.8095238095,18.050666666666668,18.240333333333336,18.38686666666667,17.714466666666667,17.567933333333333,17.378266666666665
3421,2014-02-12,18.0162,18.3869,18.0162,18.3007,422000,18.663119047619027,18.79856599999998,18.435830000000045,18.747318000000064,42.59323373298887,19.316153633405474,18.65926000000004,18.002366366594604,-0.1663431872403187,-0.0926543910542833,Bearish,23.671,13.8957,745142.8571428572,18.453,18.6053,18.8237,18.0823,17.8639,17.7116
3422,2014-02-13,18.4041,18.4041,17.861,17.999000000000006,619000,18.627819047619028,18.77856799999998,18.431520000000045,18.766584500000064,37.14741437931002,19.349361053426417,18.635555000000043,17.92174894657367,-0.18868422660442263,-0.11186035816431117,Bearish,23.671,13.8957,704095.2380952381,18.315066666666677,18.631133333333338,18.858166666666676,17.77196666666668,17.54493333333334,17.22886666666668
3423,2014-02-14,18.0852,18.1455,17.6714,17.7576,308500,18.5937476190476,18.759257999999978,18.426262000000044,18.783221500000064,33.46096925583491,19.363423503733795,18.573920000000044,17.784416496266292,-0.22329462238422693,-0.13414721100829433,Bearish,23.671,13.8957,695880.9523809524,18.044933333333333,18.332266666666666,18.519033333333333,17.570833333333333,17.384066666666666,17.096733333333333
3424,2014-02-17,17.6714,17.8783,17.1714,17.2576,821000,18.511238095238078,18.719259999999977,18.421090000000042,18.79313450000006,27.396512691576863,19.3995734602281,18.476510000000044,17.553446539771986,-0.28775240115889744,-0.16486824903841496,Bearish,23.671,13.8957,660833.3333333334,17.700133333333333,18.142666666666667,18.407033333333334,16.993233333333333,16.728866666666665,16.28633333333333
3425,2014-02-18,17.4386,17.4559,17.0421,17.2404,275000,18.417647619047603,18.684433999999975,18.41488400000004,18.802444500000064,27.21379290705498,19.391799651070876,18.37996500000005,17.36813034892922,-0.3363463600147334,-0.19916387123367865,Bearish,23.671,13.8957,573690.4761904762,17.450166666666664,17.65993333333333,17.863966666666663,17.036366666666666,16.832333333333334,16.622566666666668
3426,2014-02-19,17.2404,17.4559,17.2404,17.2576,183500,18.326519047619033,18.64702199999998,18.40798800000004,18.807530500000063,27.732850914423523,19.37087883393555,18.29204000000005,17.21320116606455,-0.3692134632776849,-0.2331737896424799,Bearish,23.671,13.8957,454404.7619047619,17.395533333333333,17.533466666666666,17.61103333333333,17.180033333333334,17.10246666666667,16.964533333333335
3427,2014-02-20,17.2404,17.4042,17.2404,17.2404,200000,18.241961904761894,18.610471999999977,18.402471000000038,18.81214250000006,27.521490602129152,19.33053872126164,18.205840000000048,17.081141278738457,-0.39212856169421073,-0.26496474405282605,Bearish,23.671,13.8957,419833.3333333333,17.349599999999995,17.458799999999997,17.513399999999994,17.185799999999997,17.1312,17.022
3428,2014-02-21,17.3697,17.4128,17.1973,17.3266,383500,18.163971428571415,18.565647999999975,18.39204100000004,18.81865100000006,30.3849787336381,19.269090822252014,18.12783000000005,16.986569177748084,-0.3987369315454039,-0.29171918155134163,Bearish,23.671,13.8957,391357.14285714284,17.427166666666672,17.527733333333337,17.642666666666674,17.21166666666667,17.096733333333333,16.996166666666667
3429,2014-02-24,17.4128,17.4214,17.2835,17.3438,155500,18.090495238095222,18.529959999999974,18.37988600000004,18.820935000000063,30.971013653448036,19.208724147912875,18.057145000000048,16.90556585208722,-0.3979983389040811,-0.3129750130218895,Bearish,23.671,13.8957,367571.4285714286,17.41563333333333,17.487466666666663,17.553533333333327,17.27773333333333,17.211666666666666,17.139833333333332
3430,2014-02-25,17.4042,17.4214,17.249000000000002,17.3438,271500,18.023176190476175,18.497201999999973,18.368852000000043,18.82003000000006,30.971013653448036,19.147561711579744,17.99120000000005,16.834838288420354,-0.39288407585000584,-0.32895682558751277,Bearish,23.671,13.8957,351261.90476190473,17.42713333333333,17.510466666666662,17.599533333333326,17.254733333333334,17.16566666666667,17.082333333333338
3431,2014-02-26,17.2576,17.3266,17.1714,17.2835,205000,17.95749999999999,18.462031999999976,18.36221500000004,18.815806000000062,29.946027529057883,19.0684120289654,17.920515000000048,16.772617971034695,-0.38921011960137264,-0.3410074843902847,Bearish,23.671,13.8957,340595.2380952381,17.349600000000002,17.4157,17.504800000000003,17.1944,17.1053,17.0392
3432,2014-02-27,17.2404,17.3266,17.067999999999998,17.249000000000002,293000,17.888538095238083,18.429619999999975,18.356870000000043,18.81550450000006,29.34758641470759,18.981843676803223,17.85026000000005,16.718676323196874,-0.3846483576447355,-0.3497356590411749,Bearish,23.671,13.8957,341404.7619047619,17.361066666666666,17.473133333333333,17.619666666666667,17.102466666666665,16.95593333333333,16.843866666666663
3433,2014-02-28,17.3266,17.3266,17.1111,17.18,129000,17.818342857142845,18.397033999999973,18.349629000000043,18.81464250000006,28.136521861349685,18.882594821368894,17.77698500000005,16.671375178631205,-0.3821951440588265,-0.3562275560447052,Bearish,23.671,13.8957,342119.04761904763,17.3007,17.4214,17.516199999999998,17.0852,16.9904,16.8697
3434,2014-03-03,17.249000000000002,17.4559,17.1973,17.2921,282500,17.753895238095225,18.366001999999973,18.343853000000042,18.81477200000006,32.9756665937678,18.75625274110513,17.70888500000005,16.661517258894968,-0.3669751602629283,-0.3583770768883498,Bearish,23.671,13.8957,333238.09523809527,17.432900000000004,17.573700000000002,17.691500000000005,17.174300000000002,17.0565,16.9157
3435,2014-03-04,17.3697,17.5421,17.2404,17.3697,287500,17.692733333333322,18.336521999999974,18.338853000000043,18.81408250000006,36.17943992381331,18.625721369908497,17.64854500000005,16.6713686300916,-0.3446783050352238,-0.3556373225177246,Bullish,23.671,13.8957,314666.6666666667,17.52773333333333,17.685766666666666,17.82943333333333,17.22603333333333,17.082366666666665,16.92433333333333
3436,2014-03-05,17.249000000000002,17.5679,17.2404,17.3093,394500,17.632390476190466,18.305833999999972,18.33324900000004,18.80878100000006,34.785674742273095,18.473786731434064,17.58518500000005,16.696583268566034,-0.32809953464274955,-0.3501297649427296,Bullish,23.671,13.8957,309071.4285714286,17.504666666666665,17.700033333333334,17.832166666666666,17.177166666666665,17.045033333333333,16.849666666666664
3437,2014-03-06,17.4128,17.4386,17.249000000000002,17.3524,206500,17.574099999999987,18.276523999999974,18.328076000000042,18.800721000000063,36.66077935300043,18.299639250685665,17.52527000000005,16.750900749314432,-0.3079332668464474,-0.3416904653234732,Bullish,23.671,13.8957,309309.5238095238,17.444333333333333,17.536266666666666,17.63393333333333,17.254733333333334,17.15706666666667,17.065133333333335
3438,2014-03-07,17.4128,17.4559,17.2404,17.317999999999998,254500,17.515399999999985,18.253767999999972,18.32255900000004,18.79253200000006,35.7765859960495,18.115023833505603,17.467950000000048,16.820876166494493,-0.2913684329109252,-0.3316260588409636,Bullish,23.671,13.8957,300595.2380952381,17.4358,17.5536,17.6513,17.2203,17.122600000000002,17.004800000000003
3439,2014-03-10,17.3266,17.3783,17.2059,17.2404,346000,17.457114285714272,18.229803999999973,18.314456000000042,18.786024000000065,33.79640872925858,18.01606287047647,17.426145000000048,16.836227129523625,-0.2812601620735684,-0.32155287948748457,Bullish,23.671,13.8957,305928.5714285714,17.343833333333336,17.447266666666668,17.516233333333336,17.171433333333336,17.10246666666667,16.999033333333337
3440,2014-03-11,17.2404,17.7921,17.2145,17.6973,2408500,17.439057142857127,18.216529999999974,18.308422000000043,18.782921000000062,50.99490658305811,17.987714639830045,17.417960000000047,16.84820536017005,-0.23368746939958385,-0.30397979746990444,Bullish,23.671,13.8957,316166.6666666667,17.921433333333333,18.145566666666667,18.499033333333333,17.343833333333333,16.990366666666667,16.766233333333332
3441,2014-03-12,17.7921,18.3955,17.7921,18.0938,1637000,17.450142857142843,18.211357999999976,18.306612000000044,18.78093850000006,60.56821626679262,17.917220958666036,17.407615000000046,16.898009041334056,-0.16212268204077063,-0.2756083743840777,Bullish,23.671,13.8957,413976.1904761905,18.395500000000002,18.6972,18.9989,17.792100000000005,17.490400000000005,17.188700000000008
3442,2014-03-13,18.0162,18.2748,17.6714,17.7404,858500,17.42346190476189,18.191877999999978,18.303078000000042,18.776930500000063,51.00430093023442,17.854284196156975,17.394685000000045,16.935085803843116,-0.1323973052549121,-0.24696616055824458,Bullish,23.671,13.8957,480166.6666666667,18.119666666666667,18.498933333333333,18.723066666666668,17.516266666666667,17.292133333333332,16.912866666666666
3443,2014-03-14,17.8869,18.0076,17.7145,17.7317,97000,17.41073333333332,18.167051999999977,18.301440000000042,18.772835500000063,50.79167273856324,17.84902041558677,17.393390000000046,16.93775958441332,-0.10829340828302847,-0.21923161010320136,Bullish,23.671,13.8957,500952.38095238095,17.921366666666664,18.11103333333333,18.214466666666663,17.628266666666665,17.524833333333333,17.335166666666666
3444,2014-03-17,18.1024,18.611,18.1024,18.611,990500,17.451371428571413,18.161017999999977,18.308336000000043,18.768525500000063,66.15076156793437,18.15540083677131,17.461060000000042,16.766719163228775,-0.018030886059666074,-0.1789914652944943,Bullish,23.671,13.8957,476095.2380952381,18.780533333333334,18.950066666666668,19.289133333333336,18.271933333333333,17.932866666666666,17.763333333333332
3445,2014-03-18,19.3954,19.3437,19.0161,19.1368,3342500,17.540857142857124,18.169119999999978,18.32238700000004,18.767922000000066,71.8157771192313,18.55489381892784,17.55588000000004,16.55686618107224,0.0948372539849558,-0.12422572143860429,Bullish,23.671,13.8957,508571.4285714286,19.314966666666663,19.49313333333333,19.64256666666666,18.987366666666667,18.837933333333336,18.65976666666667
3446,2014-03-19,19.2144,20.0937,18.8179,20.0678,7956500,17.675495238095216,18.18377399999998,18.350489000000042,18.772663000000065,78.63421443582489,19.16717570689574,17.69639000000004,16.22560429310434,0.256453748276499,-0.04808982749558362,Bullish,23.671,13.8957,628642.8571428572,20.5017,20.935599999999997,21.777499999999996,19.225900000000003,18.384000000000004,17.950100000000006
3447,2014-03-20,20.3437,20.5592,19.5247,20.2057,7743500,17.81588095238093,18.210495999999978,18.379625000000043,18.777533500000064,79.42809041809065,19.659323706378334,17.84465500000004,16.029986293621743,0.3911543777268385,0.03975901354890081,Bullish,23.671,13.8957,994428.5714285715,20.66836666666666,21.13103333333333,21.70286666666666,19.63386666666666,19.06203333333333,18.599366666666658
3448,2014-03-21,20.1971,20.904,19.9385,20.6195,4441000,17.976790476190452,18.243425999999978,18.415054000000044,18.787360500000062,81.63341770178918,20.170518954203583,18.00930000000004,15.848081045796496,0.5252411457836352,0.1368554399958477,Bullish,23.671,13.8957,1354428.5714285714,21.03616666666667,21.452833333333334,22.00166666666667,20.07066666666667,19.521833333333337,19.105166666666673
3449,2014-03-24,20.6885,20.6885,20.0075,20.1626,1573000,18.111838095238074,18.266871999999978,18.448414000000042,18.796411500000062,72.40396123047742,20.480513194629488,18.15024000000004,15.81996680537059,0.587861364109802,0.22705662481863859,Bullish,23.671,13.8957,1556380.9523809524,20.5649,20.967200000000002,21.245900000000002,19.8839,19.6052,19.2029
3450,2014-03-25,19.8264,20.3437,19.7575,19.8351,1725000,18.230471428571406,18.283767999999977,18.470913000000042,18.807963000000058,66.5922175306515,20.684325482151706,18.27480500000004,15.865284517848373,0.6040981577942937,0.3024649314137696,Bullish,23.671,13.8957,1613023.8095238095,20.20003333333333,20.564966666666663,20.78623333333333,19.613833333333332,19.392566666666667,19.027633333333334
3451,2014-03-26,19.8264,19.9988,19.6282,19.7058,541500,18.3429476190476,18.303077999999974,18.493585000000042,18.816971500000058,64.39453458052091,20.837256887528802,18.39592000000004,15.954583112471276,0.5996204530423235,0.36189603573948037,Bullish,23.671,13.8957,1687761.9047619049,19.927,20.1482,20.2976,19.5564,19.407,19.1858
3452,2014-03-27,19.792,19.9557,19.3092,19.4385,1232500,18.445566666666643,18.322385999999973,18.513584000000044,18.824643500000057,59.98711256259632,20.927480095513562,18.50539500000004,16.083309904486516,0.5679559213643692,0.40310801286445813,Bullish,23.671,13.8957,1700619.0476190476,19.826400000000003,20.2143,20.472900000000003,19.179900000000004,18.921300000000002,18.533400000000004
3453,2014-03-28,19.4385,19.6282,18.9644,19.0592,763000,18.53176666666664,18.323763999999972,18.527376000000043,18.83227200000006,54.30696369943728,20.95332779039263,18.59935500000004,16.245382209607445,0.5064175455897377,0.42376991940951403,Bullish,23.671,13.8957,1749547.619047619,19.470133333333326,19.881066666666662,20.133933333333324,18.806333333333328,18.553466666666665,18.14253333333333
3454,2014-03-31,18.9817,19.6109,18.9817,19.3092,763000,18.63315714285712,18.325831999999977,18.542375000000042,18.84429700000006,57.18464787848661,20.993568635627973,18.700210000000034,16.406851364372095,0.47237559823822295,0.4334910551752558,Bullish,23.671,13.8957,1771928.5714285714,19.619500000000006,19.929800000000004,20.248700000000007,18.990300000000005,18.671400000000002,18.361100000000004
3455,2014-04-01,19.2661,19.4385,19.1885,19.3092,197500,18.729209523809498,18.328589999999977,18.558063000000043,18.85580500000006,57.18464787848661,21.020245867612367,18.797185000000034,16.574124132387702,0.44032135916523174,0.434857115973251,Bullish,23.671,13.8957,1802119.0476190476,19.43563333333333,19.562066666666666,19.68563333333333,19.18563333333333,19.062066666666666,18.93563333333333
3456,2014-04-02,19.3265,19.5075,19.2747,19.3954,452500,18.8256714285714,18.336175999999977,18.575217000000045,18.869123000000062,58.23643370052962,21.029233727898113,18.90149000000003,16.77374627210195,0.41706608514319754,0.4312989098072403,Bearish,23.671,13.8957,1798071.4285714286,19.510366666666666,19.625333333333334,19.743166666666667,19.277566666666665,19.15973333333333,19.044766666666664
3457,2014-04-03,19.3954,19.9816,19.3523,19.6799,1634500,18.938557142857114,18.350485999999975,18.595216000000043,18.88132050000006,61.590176775029995,21.046255807785695,19.017865000000032,16.98947419221437,0.41678840794481786,0.4283968094347558,Bearish,23.671,13.8957,1805928.5714285714,19.990233333333336,20.30056666666667,20.619533333333337,19.360933333333335,19.041966666666667,18.731633333333335
3458,2014-04-04,19.6282,20.0075,19.3609,19.5247,1314500,19.04199999999997,18.363243999999977,18.61366300000004,18.89248350000006,58.81546500570154,21.009460790004844,19.12820000000003,17.24693920999522,0.39944050235697404,0.4226055480191994,Bearish,23.671,13.8957,1864976.1904761905,19.90116666666667,20.277633333333334,20.547766666666668,19.25456666666667,18.984433333333335,18.60796666666667
3459,2014-04-07,19.5334,19.9988,19.3178,19.6454,3639500,19.152828571428543,18.381001999999977,18.624524000000044,18.90226750000006,60.31292674574937,20.928343838910635,19.24845000000003,17.568556161089425,0.39092529994647407,0.4162694984046543,Bearish,23.671,13.8957,1917738.0952380951,19.9902,20.335,20.671200000000002,19.3092,18.973,18.6282
3460,2014-04-08,19.7058,19.7402,19.3006,19.3351,1183000,19.252576190476162,18.394449999999978,18.628489000000044,18.906103500000057,54.796780174557526,20.852019270283215,19.33034000000003,17.80866072971685,0.35504557953999694,0.40402471463172285,Bearish,23.671,13.8957,2078928.5714285714,19.61666666666667,19.898233333333337,20.056266666666673,19.17706666666667,19.019033333333333,18.737466666666666
3461,2014-04-09,19.223,19.7144,19.223,19.6282,1576000,19.344523809523782,18.413069999999976,18.639437000000047,18.90679300000006,58.64428889582971,20.82265240235648,19.407060000000033,17.991467597643588,0.346269780594298,0.3924737278242379,Bearish,23.671,13.8957,2118785.714285714,19.820733333333337,20.01326666666667,20.31213333333334,19.329333333333334,19.030466666666666,18.837933333333332
3462,2014-04-10,19.7661,19.9988,19.5678,19.792,2901500,19.425390476190447,18.43582799999998,18.652713000000045,18.903431500000057,60.659554436731064,20.707928727148033,19.50964000000003,18.311351272852026,0.3485147269406106,0.3836819276475124,Bearish,23.671,13.8957,2079142.857142857,20.004600000000003,20.217200000000002,20.435600000000004,19.573600000000003,19.3552,19.1426
3463,2014-04-11,19.792,20.1712,19.6109,19.8437,3177000,19.52554761904759,18.45979199999998,18.665212000000043,18.89524250000006,61.300561447539124,20.4992057921036,19.615240000000032,18.731274207896465,0.3504261267624713,0.3770307674705042,Bearish,23.671,13.8957,2139357.1428571427,20.13963333333333,20.435566666666663,20.699933333333327,19.57933333333333,19.314966666666667,19.019033333333333
3464,2014-04-14,19.7058,20.4643,19.7058,20.223,3609500,19.644180952380925,18.49116999999998,18.676419000000042,18.88360550000006,65.71436216947548,20.488042581168123,19.695840000000032,18.90363741883194,0.3781877519589436,0.37726216436819204,Bullish,23.671,13.8957,2249761.904761905,20.55626666666667,20.889533333333336,21.31476666666667,19.797766666666668,19.372533333333333,19.039266666666666
3465,2014-04-15,20.2574,20.6454,20.0419,20.0678,2407000,19.71355238095235,18.52099599999998,18.68814200000004,18.86558950000006,62.56975728342575,20.506643245730192,19.742390000000032,18.978136754269872,0.3832478542985278,0.3784593023542592,Bullish,23.671,13.8957,2417023.8095238097,20.4615,20.8552,21.065,19.858,19.6482,19.2545
3466,2014-04-16,20.0937,20.6798,20.0937,20.5764,3347000,19.78210476190473,18.56099399999998,18.70581300000004,18.85240050000006,67.97765258733153,20.60414080352536,19.767820000000032,18.931499196474704,0.42341690480050076,0.3874508228435075,Bullish,23.671,13.8957,2484476.1904761903,20.80623333333333,21.036066666666667,21.392333333333333,20.22013333333333,19.863866666666663,19.634033333333328
3467,2014-04-17,20.4299,20.6281,20.0419,20.1799,1608000,19.78744285714283,18.59357799999998,18.720468000000043,18.842142500000058,60.624020679794846,20.600220611923685,19.76653000000003,18.932839388076378,0.4184334896120099,0.393647356197208,Bullish,23.671,13.8957,2484690.476190476,20.524700000000003,20.869500000000002,21.110900000000004,19.9385,19.6971,19.3523
3468,2014-04-18,20.2488,20.585,20.085,20.3005,1300500,19.791957142857115,18.63029999999998,18.73891500000004,18.83171200000006,61.971534789381465,20.52874171481871,19.75058000000003,18.97241828518135,0.4193811444972404,0.39879411385721447,Bullish,23.671,13.8957,2182380.9523809524,20.561999999999998,20.8235,21.061999999999998,20.061999999999998,19.8235,19.561999999999998
3469,2014-04-21,20.1023,20.5936,20.0937,20.3523,1002500,19.779233333333302,18.67581599999998,18.757018000000045,18.82580750000006,62.56412849778885,20.562334960243753,19.760065000000033,18.957795039756313,0.41947653058114653,0.40293059720200086,Bullish,23.671,13.8957,1875571.4285714286,20.59936666666666,20.84643333333333,21.09926666666666,20.09946666666666,19.84663333333333,19.59956666666666
3470,2014-04-22,20.2747,20.6798,20.2747,20.4299,1852000,19.791961904761873,18.72719399999998,18.770552000000045,18.81942900000006,63.48218552852158,20.643449512610502,19.78980500000003,18.936160487389557,0.42096121733541736,0.4065367212286842,Bullish,23.671,13.8957,1711833.3333333333,20.648233333333334,20.866566666666667,21.053333333333335,20.243133333333333,20.056366666666666,19.838033333333332
3471,2014-04-23,20.5592,20.6023,19.8264,20.0075,2555000,19.800171428571396,18.76132999999998,18.779948000000044,18.81154150000006,55.503217186751556,20.662716077716347,19.80489000000003,18.94706392228371,0.3836314281276749,0.4019556626084823,Bearish,23.671,13.8957,1725119.0476190476,20.464399999999998,20.9213,21.240299999999998,19.688499999999998,19.3695,18.912599999999998
3472,2014-04-24,20.2316,20.5505,19.9126,20.0247,2276000,19.81535714285711,18.80184399999998,18.790206000000044,18.801456000000062,55.74712492801791,20.679921133713467,19.83420000000003,18.988478866286595,0.3513846539264236,0.39184146087207056,Bearish,23.671,13.8957,1764642.857142857,20.412599999999994,20.800499999999996,21.050499999999992,19.774699999999996,19.5247,19.136799999999997
3473,2014-04-25,19.9126,20.1281,19.8523,19.973,690000,19.840809523809494,18.84615199999998,18.802705000000046,18.79106900000006,54.775210988227116,20.648409368402387,19.87989000000003,19.111370631597676,0.31799148719978376,0.3770714661376132,Bearish,23.671,13.8957,1847238.0952380951,20.116633333333333,20.260266666666666,20.392433333333333,19.840833333333332,19.708666666666666,19.565033333333332
3474,2014-04-28,19.9557,20.1712,19.9557,20.0419,550000,19.887604761904733,18.90183799999998,18.810549000000044,18.779604000000063,55.87919337039089,20.641346053439626,19.916525000000032,19.191703946560438,0.29370121142022754,0.3603974151941361,Bearish,23.671,13.8957,1821404.761904762,20.15683333333333,20.271766666666664,20.37233333333333,19.941333333333333,19.840766666666667,19.725833333333334
3475,2014-04-29,20.0506,20.1626,19.1799,19.3178,1253000,19.888014285714256,18.94338599999998,18.813910000000043,18.762579000000063,43.78286038616637,20.640343148858797,19.916955000000033,19.19356685114127,0.2135603832576649,0.33103000880684186,Bearish,23.671,13.8957,1811261.9047619049,19.92696666666667,20.536133333333336,20.90966666666667,18.944266666666667,18.570733333333333,17.961566666666666
3476,2014-04-30,19.3954,19.6971,19.3954,19.6023,357000,19.9019714285714,18.99027999999998,18.81865100000004,18.747580000000063,48.500005079206396,20.626056014649684,19.927300000000034,19.228543985350385,0.17103340525842015,0.2990306880971575,Bearish,23.671,13.8957,1834595.238095238,19.734466666666666,19.866633333333333,20.036166666666666,19.432766666666666,19.263233333333332,19.131066666666666
3477,2014-05-01,19.3954,19.6971,19.3954,19.6023,357000,19.91182380952378,19.03751799999998,18.823995000000043,18.73538250000006,48.500005079206396,20.628461416094634,19.923420000000036,19.218378583905437,0.13576544921617995,0.266377640320962,Bearish,23.671,13.8957,1842190.4761904762,19.734466666666666,19.866633333333333,20.036166666666666,19.432766666666666,19.263233333333332,19.131066666666666
3478,2014-05-02,19.9126,20.1281,19.6627,19.8523,685000,19.920033333333308,19.08803199999998,18.826840000000043,18.72585700000006,52.557045072132155,20.62187496949284,19.939800000000037,19.257725030507235,0.12652969506096312,0.23840805126896222,Bearish,23.671,13.8957,1837642.857142857,20.09936666666667,20.346433333333334,20.564766666666667,19.63396666666667,19.415633333333336,19.16856666666667
3479,2014-05-05,19.6109,19.9816,19.6109,19.8782,319500,19.936866666666642,19.13871999999998,18.834340000000044,18.714435500000064,52.97039500602487,20.62084940059769,19.951440000000037,19.282030599402383,0.1199178683574651,0.2147100146866628,Bearish,23.671,13.8957,1792428.5714285714,20.036233333333335,20.194266666666667,20.406933333333335,19.665533333333336,19.45286666666667,19.294833333333337
3480,2014-05-06,19.6627,19.7747,19.6109,19.6368,65500,19.93645714285712,19.18457999999998,18.840891000000042,18.704953500000066,48.7105719857314,20.59184362558945,19.966525000000036,19.34120637441062,0.09411409679936611,0.19059083110920344,Bearish,23.671,13.8957,1745047.619047619,19.737366666666667,19.837933333333332,19.901166666666665,19.573566666666668,19.510333333333335,19.40976666666667
3481,2014-05-07,19.654,19.9988,19.4558,19.8351,911500,19.96026666666664,19.235611999999982,18.848822000000045,18.694264500000063,52.11707771647407,20.586096601855836,19.976870000000037,19.36764339814424,0.08864374476040737,0.17020141383944423,Bearish,23.671,14.1113,1574857.142857143,20.070666666666664,20.30623333333333,20.613666666666663,19.527666666666665,19.220233333333333,18.984666666666666
3482,2014-05-08,19.8351,19.9557,19.4903,19.5592,314000,19.956980952380928,19.28181599999998,18.855718000000042,18.684308000000065,47.399997551445665,20.596632689580204,19.965230000000034,19.333827310419863,0.061338554476208174,0.148428841966797,Bearish,23.671,14.1457,1561928.5714285714,19.846500000000002,20.1338,20.3119,19.381100000000004,19.203000000000003,18.915700000000005
3483,2014-05-09,19.654,19.6971,19.3954,19.5937,195500,19.94753809523807,19.33008999999998,18.863562000000044,18.674524000000066,48.03338536666976,20.60288179489788,19.952730000000034,19.30257820510219,0.041998721011648144,0.12714281777576725,Bearish,23.671,14.4302,1501833.3333333333,19.728733333333334,19.863766666666667,20.030433333333335,19.427033333333334,19.260366666666666,19.125333333333334
3484,2014-05-12,19.8178,19.8178,19.3437,19.3868,203000,19.925780952380926,19.371983999999983,18.868993000000042,18.669050000000066,44.567395609827116,20.592939963350975,19.910920000000033,19.22890003664909,0.009862968627601276,0.10368684794613406,Bearish,23.671,15.275,1372976.1904761905,19.688499999999998,19.990199999999998,20.162599999999998,19.214399999999998,19.041999999999998,18.740299999999998
3485,2014-05-13,19.5592,19.6368,19.3092,19.4644,117000,19.889657142857118,19.413877999999983,18.875200000000046,18.668058500000065,46.13724699096978,20.585352065004884,19.880750000000035,19.176147934995186,-0.009236700261638475,0.08110213830457955,Bearish,23.671,15.3784,1231357.142857143,19.631066666666673,19.797733333333337,19.958666666666673,19.303466666666672,19.142533333333336,18.975866666666672
3486,2014-05-14,19.4385,19.792,19.4385,19.6885,305000,19.871595238095214,19.46146199999998,18.883648000000047,18.666981000000067,50.497255639972785,20.468167182463514,19.836355000000033,19.204542817536552,-0.006218643690395709,0.06363798190558449,Bearish,23.671,16.0249,1065047.619047619,19.84083333333334,19.99316666666667,20.19433333333334,19.48733333333334,19.28616666666667,19.13383333333334
3487,2014-05-15,19.7402,20.0419,19.6109,19.7833,1933500,19.833828571428548,19.51007999999998,18.89330200000005,18.666377500000067,52.25782120310695,20.428547917470596,19.816525000000034,19.204502082529473,0.0037791914430904683,0.051666223813085686,Bearish,23.671,16.0249,964952.380952381,20.013166666666663,20.24303333333333,20.44416666666666,19.582166666666666,19.381033333333335,19.15116666666667
3488,2014-05-16,19.9988,19.9988,19.5851,19.7316,231000,19.81248095238093,19.55835199999998,18.906060000000046,18.66551550000007,51.18861083998555,20.35898425677926,19.788080000000036,19.217175743220814,0.00744496892438562,0.042821972835345674,Bearish,23.671,16.0249,897642.8571428572,19.958566666666666,20.185533333333332,20.372266666666665,19.544866666666667,19.358133333333335,19.13116666666667
3489,2014-05-19,19.9557,20.1712,19.6971,19.7316,477000,19.785390476190454,19.60817599999998,18.91899000000005,18.66318800000007,51.188610839985536,20.266012721873025,19.757045000000037,19.24807727812705,0.010232173857890103,0.03630401303985456,Bearish,23.671,16.7318,832071.4285714285,20.036166666666666,20.340733333333333,20.510266666666666,19.562066666666666,19.392533333333333,19.087966666666667
3490,2014-05-20,19.654,19.8264,19.3954,19.4816,596000,19.74392857142855,19.643861999999977,18.93019600000005,18.66098950000007,45.91960329357623,20.12758051430568,19.70963000000004,19.2916794856944,-0.007643744486035331,0.02751446153467658,Bearish,23.671,16.7318,792857.1428571428,19.740200000000005,19.998800000000003,20.171200000000006,19.309200000000004,19.1368,18.878200000000003
3491,2014-05-21,19.6454,19.6971,19.3523,19.6023,666500,19.704519047619026,19.67403199999998,18.94269500000005,18.65939450000007,48.66689608580684,20.086357909649838,19.68937000000004,19.29238209035024,-0.011933495388131377,0.01962487015011499,Bearish,23.671,16.7318,773500.0,19.74883333333333,19.895366666666664,20.09363333333333,19.40403333333333,19.205766666666666,19.05923333333333
3492,2014-05-22,19.8006,19.8006,19.4558,19.5334,170500,19.68194285714284,19.70989199999998,18.95088500000005,18.658317000000068,47.19309071841405,20.03569815160594,19.66480500000004,19.293911848394142,-0.02065471338392655,0.011568953443306681,Bearish,23.671,16.7318,717047.619047619,19.737399999999997,19.941399999999998,20.082199999999997,19.392599999999998,19.2518,19.0478
3493,2014-05-23,19.7575,19.7575,19.3351,19.4041,151500,19.652390476190458,19.74333999999998,18.955196000000047,18.65698100000007,44.47132617318984,19.995416883526445,19.636360000000042,19.27730311647364,-0.03756672505146952,0.0017418177443514395,Bearish,23.671,16.7318,603500.0,19.662700000000005,19.921300000000002,20.085100000000004,19.240300000000005,19.076500000000003,18.817900000000005
3494,2014-05-26,19.4127,19.5247,19.2403,19.292,241000,19.619961904761887,19.756959999999978,18.958989000000045,18.656420500000067,42.199022879787734,19.936685320745447,19.59886500000004,19.26104467925463,-0.05933121595850466,-0.01047278899621978,Bearish,23.671,16.7318,502333.3333333333,19.464366666666667,19.636733333333332,19.748766666666665,19.17996666666667,19.067933333333336,18.89556666666667
3495,2014-05-27,19.2403,19.3523,19.0506,19.1454,414500,19.57727142857141,19.757131999999977,18.96312600000005,18.657885500000067,39.36617972800029,19.963275757321735,19.590245000000042,19.21721424267835,-0.08740161520522705,-0.025858554238021234,Bearish,23.671,16.7318,480952.38095238095,19.314933333333332,19.484466666666666,19.616633333333333,19.013233333333332,18.881066666666666,18.711533333333332
3496,2014-05-28,19.1023,19.1799,18.8093,18.9041,679500,19.55757142857141,19.733857999999977,18.95881600000005,18.66146300000007,35.17994716005724,20.033254492287035,19.555335000000042,19.07741550771305,-0.1276470662936262,-0.04621625664914223,Bearish,23.671,16.7318,474500.0,19.11956666666667,19.335033333333335,19.49016666666667,18.74896666666667,18.593833333333336,18.378366666666672
3497,2014-05-29,18.792,19.8437,18.792,19.8437,4651500,19.569066666666647,19.726617999999977,18.968557000000047,18.668661000000064,55.17080373348862,20.061382766612734,19.567405000000043,19.073427233387353,-0.08276988904045268,-0.05352698312740432,Bearish,23.671,16.7318,447190.4761904762,20.194266666666664,20.54483333333333,21.24596666666666,19.142566666666667,18.441433333333336,18.09086666666667
3498,2014-05-30,20.1712,20.5161,19.8437,19.9471,3902500,19.585485714285692,19.713169999999977,18.97829800000005,18.677065500000065,56.75152408228755,20.07862776368272,19.57214500000004,19.065662236317362,-0.03841802778465464,-0.050505192058854384,Bullish,23.671,16.7318,651690.4761904762,20.3609,20.774700000000003,21.033300000000004,19.688499999999998,19.429899999999996,19.016099999999994
3499,2014-06-02,20.0247,20.6023,19.654,20.0678,5662000,19.595747619047597,19.711273999999978,18.989073000000047,18.683401500000063,58.5872165570026,20.11694373823773,19.581625000000038,19.046306261762346,0.00639688377227543,-0.03912477689262842,Bullish,23.671,16.7318,820523.8095238095,20.56206666666667,21.056333333333335,21.51036666666667,19.61376666666667,19.159733333333335,18.66546666666667
3500,2014-06-03,19.9988,20.473,19.5678,20.085,4628000,19.605595238095216,19.71627199999998,19.00002000000005,18.692754000000065,58.855225733471386,20.1825034443495,19.60403500000004,19.025566555650578,0.0428074625274526,-0.02273832900861222,Bullish,23.671,16.7318,1057523.8095238095,20.516066666666667,20.947133333333333,21.421266666666668,19.610866666666666,19.136733333333332,18.705666666666666
3501,2014-06-04,20.1368,20.2574,19.654,19.792,1086500,19.612985714285692,19.71799599999998,19.01053700000005,18.700254000000065,52.609238203194764,20.177201759025344,19.60188000000004,19.026558240974737,0.04747321554045669,-0.008696020098798437,Bullish,23.671,16.7318,1262690.4761904762,20.148266666666668,20.504533333333335,20.75166666666667,19.544866666666667,19.297733333333333,18.941466666666667
3502,2014-06-05,19.8264,20.1712,19.6109,19.8178,1856500,19.612161904761884,19.72558199999998,19.023984000000052,18.710253500000064,53.08140759055575,20.19729292645194,19.61481000000004,19.032327073548142,0.05264583439063841,0.003572350799088934,Bullish,23.671,16.7318,1311309.5238095238,20.122366666666665,20.42693333333333,20.682666666666663,19.562066666666666,19.306333333333335,19.00176666666667
3503,2014-06-06,19.9385,19.9471,19.5937,19.6885,614000,19.618319047619025,19.73816799999998,19.03096600000005,18.721373500000063,50.372695596178374,20.20281101019034,19.61955000000004,19.036288989809737,0.045783973553710666,0.012014675350013281,Bullish,23.671,16.7318,1356309.5238095238,19.8925,20.0965,20.2459,19.539099999999998,19.389699999999998,19.185699999999997
3504,2014-06-09,19.8178,20.0937,19.5937,19.8264,2035000,19.629399999999976,19.74851199999998,19.03717200000005,18.734303500000063,53.12030863427254,20.221171092753195,19.64153000000004,19.061888907246882,0.05088668687459119,0.019789077654928863,Bullish,23.671,16.7318,1370595.238095238,20.082166666666666,20.337933333333332,20.582166666666666,19.582166666666666,19.337933333333332,19.082166666666666
3505,2014-06-10,19.9816,20.8178,19.9126,20.7229,14933000,19.693023809523783,19.77678599999998,19.05268800000005,18.750595500000063,66.21574424317225,20.44455146797479,19.704455000000035,18.96435853202528,0.12582030344366046,0.040995322812675185,Bullish,23.671,16.7318,1458190.4761904762,21.056266666666662,21.38963333333333,21.96146666666666,20.151066666666665,19.579233333333335,19.245866666666668
3506,2014-06-11,21.0074,21.2488,20.6885,20.8091,8220500,19.757057142857118,19.80505999999998,19.07061800000005,18.766111500000065,67.16549008191663,20.64319817034938,19.76048500000004,18.877771829650698,0.18997148105824735,0.07079055446178961,Bullish,23.671,16.7318,2159619.0476190476,21.14243333333334,21.47576666666667,21.702733333333338,20.582133333333342,20.355166666666673,20.021833333333344
3507,2014-06-12,20.8522,20.8522,20.1281,20.2919,2545500,19.785790476190453,19.81729999999998,19.08389300000005,18.775680000000065,56.8405558637334,20.69858803954269,19.78591500000004,18.873241960457385,0.1968093383795555,0.09599431124534279,Bullish,23.671,16.7318,2545500.0,20.72003333333333,21.148166666666665,21.44413333333333,19.99593333333333,19.699966666666665,19.27183333333333
3508,2014-06-13,20.2747,20.7316,20.2747,20.4643,3850500,19.81821904761902,19.83609199999998,19.09966800000005,18.787575500000063,59.097665377896966,20.78122345953072,19.822550000000035,18.86387654046935,0.21367649909135267,0.11953074881454476,Bullish,23.671,16.7318,2652190.476190476,20.705700000000004,20.947100000000002,21.162600000000005,20.248800000000003,20.0333,19.791900000000002
3509,2014-06-16,20.1712,20.5592,19.9126,20.0161,2253000,19.831766666666642,19.84350599999998,19.11225400000005,18.798264500000062,51.54981664639965,20.798067535864533,19.836775000000035,18.875482464135537,0.18870260507248915,0.13336512006613363,Bullish,23.671,16.7318,2743476.1904761903,20.412666666666663,20.80923333333333,21.059266666666662,19.766066666666664,19.516033333333333,19.119466666666664
3510,2014-06-17,20.1626,20.2143,19.5678,19.7402,1569500,19.832176190476165,19.85160799999998,19.12302900000005,18.806410500000066,47.525910517857646,20.798414697383024,19.849705000000036,18.900995302617048,0.14497659004263852,0.1356874140614346,Bullish,23.671,16.7318,2839761.904761905,20.113733333333336,20.48726666666667,20.76023333333334,19.467233333333333,19.194266666666664,18.82073333333333
3511,2014-06-18,19.5765,19.8264,19.1368,19.4041,1166000,19.828485714285687,19.84712599999998,19.130098000000046,18.808350500000067,43.111106944650636,20.802669952374064,19.83979500000003,18.876920047625998,0.08225476527517728,0.12500088430418316,Bearish,23.671,16.7318,2891785.714285714,19.77473333333333,20.145366666666664,20.46433333333333,19.08513333333333,18.766166666666667,18.395533333333333
3512,2014-06-19,19.2316,19.3868,18.6196,18.8524,1451000,19.79277619047616,19.82833399999998,19.13208100000005,18.80554900000007,37.03034679274222,20.85393618576215,19.80574500000003,18.75755381423791,-0.011833898178249314,0.09763392780769667,Bearish,23.671,16.7318,2918928.5714285714,19.286266666666663,19.720133333333333,20.053466666666665,18.51906666666666,18.185733333333328,17.751866666666658
3513,2014-06-20,18.7058,19.3782,18.7058,19.1972,1029000,19.776766666666635,19.81540399999998,19.137598000000047,18.80572150000007,42.48995368412361,20.86314451438968,19.795400000000033,18.727655485610384,-0.05790981514970284,0.06652517921621677,Bearish,23.671,16.7318,2956285.714285714,19.481666666666666,19.766133333333332,20.154066666666665,18.809266666666666,18.421333333333333,18.136866666666666
3514,2014-06-23,19.2058,19.5506,18.9644,19.4213,422500,19.77758571428568,19.79936999999998,19.14527000000005,18.80740250000007,45.7803346717339,20.85885081499919,19.80186500000003,18.744879185000872,-0.07547231630796603,0.03812568011138021,Bearish,23.671,16.7318,2997166.6666666665,19.6598,19.8983,20.246,19.073600000000003,18.725900000000003,18.487400000000004
3515,2014-06-24,19.3954,19.654,19.2661,19.3868,2188000,19.782099999999964,19.78574999999998,19.153373000000048,18.80929900000007,45.35016159024057,20.845876279874687,19.813935000000033,18.781993720125378,-0.09112416403813839,0.012275711281476493,Bearish,23.671,16.7318,3010071.4285714286,19.60516666666667,19.823533333333334,19.993066666666667,19.21726666666667,19.047733333333337,18.829366666666672
3516,2014-06-25,19.2316,19.4472,18.9644,19.0851,1250000,19.779228571428536,19.75592399999998,19.15845900000005,18.81093700000007,41.66328441941772,20.825609227270142,19.822985000000035,18.820360772729927,-0.12641579215678433,-0.015462589406175675,Bearish,23.671,16.7318,3102785.714285714,19.366733333333332,19.648366666666664,19.84953333333333,18.883933333333335,18.68276666666667,18.401133333333338
3517,2014-06-26,19.223,19.654,19.223,19.3696,1184500,19.801395238095203,19.73971799999998,19.166648000000052,18.81335100000007,46.1122734596845,20.82105952730017,19.79928000000003,18.77750047269989,-0.1299301356439635,-0.03835609865373324,Bearish,23.671,16.8266,3142571.4285714286,19.608066666666666,19.846533333333333,20.039066666666667,19.177066666666665,18.98453333333333,18.746066666666664
3518,2014-06-27,19.223,19.4816,19.111,19.3265,1270500,19.776766666666635,19.72023799999998,19.17526900000005,18.815549500000067,45.54558376201207,20.807728712629288,19.768250000000034,18.72877128737078,-0.1346410299926788,-0.05761308492152235,Bearish,23.671,16.8266,3166619.0476190476,19.50173333333333,19.676966666666665,19.87233333333333,19.13113333333333,18.935766666666666,18.76053333333333
3519,2014-06-30,19.5247,20.0333,19.3954,19.5247,4181000,19.75665238095235,19.70368599999998,19.189751000000047,18.819471500000066,48.6696082183263,20.776219967291,19.741095000000037,18.705970032709075,-0.12098670471041828,-0.07028780887930154,Bearish,23.671,16.8266,3005619.0476190476,19.90686666666667,20.289033333333336,20.54476666666667,19.268966666666667,19.013233333333332,18.631066666666666
3520,2014-07-01,19.5678,19.654,19.2403,19.3178,406500,19.72093809523806,19.68144399999998,19.204319000000048,18.823307000000067,45.72086292392873,20.74089651975943,19.702735000000036,18.66457348024064,-0.12541494895126348,-0.08131323689369394,Bearish,23.671,16.8266,3018880.9523809524,19.567766666666667,19.817733333333333,19.981466666666666,19.15406666666667,18.990333333333336,18.74036666666667
3521,2014-07-02,19.5506,19.6023,19.223,19.2747,1208000,19.68235238095235,19.666787999999983,19.21405900000005,18.82494450000007,45.10776174488312,20.730507742494922,19.676870000000033,18.623232257505144,-0.13089331752797762,-0.09122925302055067,Bearish,23.671,16.8266,2768619.0476190476,19.510333333333328,19.745966666666664,19.88963333333333,19.131033333333328,18.987366666666663,18.751733333333327
3522,2014-07-03,19.3868,20.0333,19.223,19.9385,4065000,19.68932857142854,19.66506399999998,19.233454000000048,18.832487000000068,55.09521981095185,20.741075404948877,19.682905000000034,18.62473459505119,-0.08074111834987008,-0.08913162608641455,Bullish,23.671,16.8266,2605761.904761905,20.2402,20.541900000000002,21.050500000000003,19.4299,18.9213,18.6196
3523,2014-07-04,20.1626,20.6798,20.1454,20.2488,4581500,19.709852380952352,19.67057999999998,19.25836600000005,18.84231400000007,58.86316132936088,20.797486341467074,19.710920000000037,18.624353658533,-0.015774681747654284,-0.07446023721866249,Bullish,23.671,16.8266,2747595.238095238,20.570600000000002,20.892400000000002,21.105000000000004,20.0362,19.8236,19.5018
3524,2014-07-07,20.2574,20.2574,19.6196,19.6627,1026500,19.70862380952378,19.66299599999998,19.282417000000052,18.85175350000007,50.281110730555426,20.788164106440927,19.702735000000036,18.617305893559145,-0.011449699432553473,-0.061858129661440685,Bullish,23.671,16.8266,2877357.1428571427,20.073533333333337,20.48436666666667,20.71133333333334,19.435733333333335,19.208766666666666,18.797933333333333
3525,2014-07-08,19.5334,19.654,19.3092,19.5161,704000,19.69384761904759,19.666961999999977,19.30517400000005,18.86002900000007,48.38104062291834,20.62342093335208,19.642395000000036,18.661369066647993,-0.019625286514081353,-0.05341156103196882,Bullish,23.671,16.8266,2897000.0,19.677000000000003,19.8379,20.021800000000002,19.332200000000004,19.148300000000003,18.987400000000004
3526,2014-07-09,19.5247,19.6971,19.3092,19.3351,166500,19.627761904761876,19.66161799999998,19.32594900000005,18.866968500000066,46.06642662132834,20.39774931300326,19.568695000000037,18.739640686996815,-0.04024575745813763,-0.050778400317202585,Bullish,23.2142,16.8266,2833619.0476190476,19.585066666666673,19.835033333333335,19.97296666666667,19.197166666666675,19.05923333333334,18.809266666666677
3527,2014-07-10,19.3954,19.3954,19.111,19.2058,422500,19.55141428571426,19.653687999999978,19.345603000000054,18.874037000000065,44.43113427395505,20.287221406976464,19.514390000000038,18.741558593023612,-0.06625728589056834,-0.05387417743187574,Bearish,22.7228,16.8266,2130452.380952381,19.363799999999994,19.521799999999995,19.648199999999992,19.079399999999996,18.953,18.794999999999998
3528,2014-07-11,19.1023,19.8006,19.1023,19.4644,1762500,19.512009523809496,19.645929999999975,19.366981000000052,18.879511000000065,48.37806781798393,20.10259902843369,19.46439500000004,18.826190971566387,-0.06525255989443224,-0.05614985392438704,Bearish,22.7228,16.8266,1759119.0476190476,19.80923333333333,20.154066666666665,20.50753333333333,19.11093333333333,18.757466666666666,18.412633333333332
3529,2014-07-14,19.2661,19.4385,19.1799,19.223,998000,19.452899999999975,19.632825999999977,19.38577300000005,18.882829500000067,45.15390458215395,20.01786134813105,19.42474000000004,18.83161865186903,-0.08297874254823512,-0.06151563164915665,Bearish,22.7228,16.8266,1721833.3333333333,19.381033333333338,19.53906666666667,19.63963333333334,19.122433333333337,19.021866666666668,18.863833333333336
3530,2014-07-15,19.223,19.4385,19.0075,19.0851,658000,19.408566666666644,19.621791999999974,19.40318600000005,18.886019000000065,43.37552316232891,19.984158485651253,19.39198500000004,18.79981151434883,-0.10692172049582283,-0.07059684941848988,Bearish,22.7228,16.8266,1586000.0,19.346566666666668,19.608033333333335,19.77756666666667,18.915566666666667,18.746033333333333,18.484566666666666
3531,2014-07-16,19.0161,19.223,19.0075,19.1196,246500,19.37901428571426,19.607481999999976,19.42154700000005,18.891881000000065,43.970074226500586,19.981638628209712,19.37776000000004,18.77388137179037,-0.12170984600466284,-0.08081944873572447,Bearish,22.7228,16.8266,1510047.619047619,19.225899999999996,19.332199999999997,19.441399999999994,19.010399999999997,18.9012,18.7949
3532,2014-07-17,19.1799,19.3092,19.0506,19.223,1919000,19.37039047619045,19.600757999999974,19.44128700000005,18.899078500000066,45.80668367204749,19.955651653680352,19.396290000000043,18.836928346319734,-0.12366054438333052,-0.08938766786524568,Bearish,22.7228,16.8266,1447047.619047619,19.337933333333336,19.45286666666667,19.596533333333337,19.079333333333334,18.935666666666666,18.820733333333333
3533,2014-07-18,19.1368,19.4816,19.1368,19.3954,1279000,19.396247619047593,19.596791999999972,19.46344100000005,18.906535000000062,48.81904168647145,19.958074460369815,19.40620000000004,18.854325539630267,-0.11002692579814877,-0.0935155194518263,Bearish,22.7228,16.8266,1482904.761904762,19.539066666666663,19.68273333333333,19.883866666666663,19.194266666666664,18.993133333333333,18.849466666666665
3534,2014-07-21,19.3178,19.3954,19.1799,19.2316,996500,19.39788571428569,19.593687999999972,19.482836000000052,18.91334450000006,46.191874199789545,19.953722171505028,19.396715000000043,18.839707828495058,-0.11115811436191336,-0.09704403843384371,Bearish,22.7228,16.8266,1474714.2857142857,19.358033333333335,19.484466666666666,19.573533333333334,19.142533333333336,19.05346666666667,18.927033333333338
3535,2014-07-22,19.1368,19.3954,19.0592,19.3437,2069500,19.394190476190452,19.591273999999974,19.50257600000005,18.92071450000006,48.244598353465555,19.95203723685165,19.394560000000045,18.83708276314844,-0.10183516392769221,-0.0980022635326134,Bearish,22.7228,16.8266,1473166.6666666667,19.472999999999995,19.602299999999996,19.809199999999993,19.136799999999997,18.9299,18.8006
3536,2014-07-23,19.2316,19.4816,19.223,19.3782,1042000,19.39378095238093,19.585067999999975,19.523265000000052,18.92825700000006,48.89081750891599,19.948494357205618,19.409215000000042,18.869935642794466,-0.09061820659116293,-0.09652545214432331,Bullish,22.6021,16.8266,1551595.238095238,19.498866666666665,19.619533333333333,19.757466666666666,19.240266666666663,19.10233333333333,18.981666666666662
3537,2014-07-24,19.3092,19.473,19.1713,19.3178,738000,19.40486190476188,19.575757999999972,19.542919000000055,18.935497500000057,47.7663454051755,19.947136668244667,19.40662500000004,18.866113331755415,-0.08561553965694557,-0.09434346964684777,Bullish,22.1625,16.8266,1497023.8095238095,19.4701,19.6224,19.7718,19.1684,19.019,18.866699999999998
3538,2014-07-25,19.3092,19.473,19.1713,19.3178,738000,19.402395238095213,19.567481999999973,19.562917000000056,18.942738000000055,47.76634540517551,19.94697283960246,19.40619000000004,18.865407160397623,-0.0807203955955842,-0.09161885483659506,Bullish,22.1625,16.8266,1472642.857142857,19.4701,19.6224,19.7718,19.1684,19.019,18.866699999999998
3539,2014-07-28,18.9817,19.2661,18.9644,19.1713,267500,19.395004761904733,19.556275999999976,19.582226000000055,18.948341000000056,44.86374681213006,19.935715488293436,19.38852000000004,18.84132451170664,-0.08765188790539469,-0.09082546145035499,Bullish,22.1625,16.8266,1451380.9523809524,19.30346666666666,19.43563333333333,19.605166666666662,19.00176666666666,18.83223333333333,18.70006666666666
3540,2014-07-29,18.9817,19.2661,18.9644,19.1713,267500,19.37817619047616,19.550069999999977,19.596966000000055,18.952694000000058,44.86374681213006,19.93585248161223,19.38119500000004,18.826537518387852,-0.09208366236002874,-0.09107710163228974,Bearish,21.9729,16.8266,1403619.0476190476,19.30346666666666,19.43563333333333,19.605166666666662,19.00176666666666,18.83223333333333,18.70006666666666
3541,2014-07-30,18.9817,19.2661,18.9644,19.1713,267500,19.37119999999997,19.541449999999976,19.607741000000054,18.957176500000056,44.86374681213006,19.93645425647108,19.376025000000038,18.815595743528995,-0.0945064638574209,-0.09176297407731597,Bearish,21.9729,16.8266,1217261.9047619049,19.30346666666666,19.43563333333333,19.605166666666662,19.00176666666666,18.83223333333333,18.70006666666666
3542,2014-07-31,18.9817,19.2661,18.9644,19.1713,267500,19.36627619047616,19.534207999999975,19.622050000000055,18.962564000000057,44.86374681213007,19.840956002412323,19.337665000000037,18.83437399758775,-0.0953276734196784,-0.09247591394578845,Bearish,21.5505,16.8266,1210642.857142857,19.30346666666666,19.43563333333333,19.605166666666662,19.00176666666666,18.83223333333333,18.70006666666666
3543,2014-08-01,18.9817,19.2661,18.9644,19.1713,267500,19.329742857142826,19.529551999999974,19.636446000000053,18.968943000000056,44.86374681213006,19.568735320385162,19.283790000000035,18.99884467961491,-0.09488471597222059,-0.09295767435107488,Bearish,21.5505,16.8266,1165857.142857143,19.30346666666666,19.43563333333333,19.605166666666662,19.00176666666666,18.83223333333333,18.70006666666666
3544,2014-08-04,18.973,19.7833,18.5334,19.5678,3456000,19.297314285714254,19.535067999999974,19.64601400000005,18.977175000000056,55.47166981653843,19.540811219955366,19.279045000000032,19.0172787800447,-0.061826732604870926,-0.08673148600183408,Bullish,20.8091,16.8266,985023.8095238095,20.056266666666666,20.544733333333333,21.306166666666666,18.806366666666666,18.044933333333333,17.556466666666665
3545,2014-08-05,19.4989,19.5678,19.1885,19.2144,242500,19.275966666666637,19.53644799999997,19.646790000000053,18.984588500000054,46.8244948512906,19.503142159889858,19.263960000000033,19.024777840110207,-0.06341347802811725,-0.08206788440709072,Bullish,20.8091,16.8266,931428.5714285715,19.458633333333335,19.702866666666665,19.837933333333332,19.079333333333338,18.94426666666667,18.70003333333334
3546,2014-08-06,19.1454,19.1799,18.8006,18.9644,543000,19.24969523809521,19.53765399999997,19.635756000000054,18.993122500000055,41.85401538807843,19.515182260346528,19.245425000000033,18.975667739653538,-0.08387701386652324,-0.08242971029897722,Bearish,20.8091,16.8266,894095.2380952381,19.16266666666667,19.360933333333335,19.54196666666667,18.78336666666667,18.602333333333334,18.40406666666667
3547,2014-08-07,18.792,19.1368,18.7058,18.973,259000,19.232452380952353,19.520239999999973,19.623429000000055,19.001527000000053,42.081778572286225,19.52832883223807,19.233785000000033,18.939241167761995,-0.09826779534827779,-0.08559732730883733,Bearish,20.8091,16.8266,886428.5714285715,19.17126666666667,19.369533333333337,19.602266666666672,18.74026666666667,18.507533333333335,18.30926666666667
3548,2014-08-08,18.8093,19.0075,18.7403,18.8696,167500,19.216442857142827,19.49868999999997,19.605930000000054,19.010492000000053,40.05045983573972,19.518858732085782,19.204045000000033,18.889231267914283,-0.11667119627730571,-0.091812101102531,Bearish,20.8091,16.8266,890833.3333333334,19.004633333333334,19.139666666666667,19.271833333333333,18.737433333333335,18.60526666666667,18.470233333333336
3549,2014-08-11,18.361,18.361,17.93,17.93,522500,19.14337619047616,19.45593399999997,19.58360400000005,19.016009000000054,27.201178047057788,19.777325615278777,19.139395000000032,18.501464384721288,-0.20471407511027806,-0.11439249590408042,Bearish,20.8091,16.8266,878690.4761904762,18.21733333333333,18.504666666666665,18.64833333333333,17.786333333333328,17.642666666666663,17.355333333333327
3550,2014-08-12,17.2576,17.499000000000002,17.0335,17.3007,2501500,19.051838095238065,19.40024799999997,19.558260000000054,19.014586500000053,22.089565503774157,20.075204222759073,19.05017500000003,18.02514577724099,-0.32156118445109527,-0.1558262336134834,Bearish,20.8091,16.8266,819642.8571428572,17.521966666666668,17.743233333333336,17.98746666666667,17.056466666666665,16.81223333333333,16.590966666666663
3551,2014-08-13,16.9818,17.5852,16.9818,17.4559,649000,18.974257142857113,19.35352599999997,19.53576100000005,19.01467300000005,25.793236275899034,20.20407711076069,18.96699000000003,17.729902889239373,-0.39706292328562753,-0.20407357154791222,Bearish,20.8091,16.8266,891238.0952380953,17.700133333333333,17.944366666666667,18.303533333333334,17.096733333333333,16.737566666666666,16.493333333333332
3552,2014-08-14,16.9818,17.5852,16.9818,17.4559,649000,18.895033333333302,19.30628799999997,19.515935000000052,19.014759500000054,25.79323627589904,20.27245294690362,18.87863500000003,17.484817053096442,-0.4516917736740993,-0.25359721197314966,Bearish,20.8091,16.8266,890809.5238095238,17.700133333333333,17.944366666666667,18.303533333333334,17.096733333333333,16.737566666666666,16.493333333333332
3553,2014-08-15,17.5766,17.6111,17.2835,17.4214,275000,18.809242857142824,19.26094599999997,19.499557000000053,19.013466500000053,25.480952692361726,20.288264958964742,18.77993500000003,17.27160504103532,-0.49209680718444915,-0.30129713101540956,Bearish,20.8091,16.8266,909976.1904761905,17.593833333333333,17.766266666666667,17.921433333333333,17.266233333333332,17.111066666666666,16.938633333333332
3554,2014-08-18,17.4128,17.7145,17.2404,17.3955,388000,18.71400952380949,19.212327999999967,19.480420000000052,19.011397500000054,25.233954381158924,20.295574690311497,18.68813000000003,17.080685309688562,-0.5202113285138203,-0.3450799705150917,Bearish,20.8091,16.8266,831690.4761904762,17.659866666666666,17.924233333333333,18.133966666666666,17.185766666666666,16.976033333333334,16.711666666666666
3555,2014-08-19,17.2835,17.4128,17.0766,17.249000000000002,602000,18.619599999999966,19.142849999999967,19.459818000000055,19.008940500000055,23.82702993217984,20.276990399707447,18.58339500000003,16.889799600292616,-0.547996650597927,-0.38566330653165876,Bearish,20.8091,16.8266,789261.9047619047,17.415666666666667,17.582333333333334,17.75186666666667,17.079466666666665,16.90993333333333,16.743266666666663
3556,2014-08-20,17.2404,17.6283,17.1542,17.2318,186000,18.5190333333333,19.07130399999997,19.438182000000054,19.006699500000053,23.660236078725163,20.225707492699687,18.47607500000003,16.726442507300373,-0.5648928812837859,-0.4215092214820842,Bearish,20.8091,16.8266,770476.1904761905,17.522000000000002,17.8122,17.996100000000002,17.047900000000002,16.864,16.573800000000002
3557,2014-08-21,17.4904,17.7576,17.2835,17.4214,342000,18.42585238095235,19.01389399999997,19.41559700000005,19.005406500000056,29.517390524684505,20.1436449131322,18.38125500000003,16.618865086867864,-0.5565683568207582,-0.448521048549819,Bearish,20.8091,16.8266,680785.7142857143,17.6915,17.9616,18.1656,17.2174,17.0134,16.7433
3558,2014-08-22,17.3352,17.3524,17.2404,17.2576,282500,18.32774761904759,18.94975999999997,19.392926000000053,19.003294500000056,27.550730755437897,20.050438773239794,18.278245000000034,16.506051226760274,-0.5567703008247022,-0.47017089900479564,Bearish,20.8091,16.8266,647452.380952381,17.32653333333333,17.395466666666664,17.43853333333333,17.214533333333332,17.171466666666667,17.102533333333334
3559,2014-08-25,17.0852,17.2404,16.9904,17.1973,90000,18.2267714285714,18.89338399999997,19.36844500000005,18.996484500000054,26.841724948081254,19.96164572159502,18.179545000000036,16.397444278405054,-0.5553938147785082,-0.48721548215953814,Bearish,20.8091,16.8266,625761.9047619047,17.295,17.3927,17.545,17.045,16.8927,16.795
3560,2014-08-26,17.3697,17.3697,17.067999999999998,17.1111,94500,18.12866666666664,18.840801999999968,19.34620500000005,18.987347000000057,25.818837179000614,19.855590392366786,18.07653500000004,16.297479607633292,-0.554862450328887,-0.5007448757934079,Bearish,20.8091,16.8266,594904.7619047619,17.29786666666667,17.48463333333334,17.599566666666675,16.996166666666667,16.88123333333333,16.694466666666663
3561,2014-08-27,17.067999999999998,17.067999999999998,16.4215,16.6283,242500,18.007571428571403,18.78528599999997,19.31620600000005,18.977821500000058,20.993324493961016,19.76050190431859,17.949385000000042,16.138268095681493,-0.5866368804571991,-0.5179232767261661,Bearish,20.8091,16.8266,586666.6666666666,16.99036666666666,17.352433333333327,17.636866666666656,16.343866666666663,16.059433333333335,15.697366666666667
3562,2014-08-28,16.206,16.5077,15.9474,16.3353,356500,17.872523809523788,18.73494399999997,19.28163900000005,18.96717600000006,18.70813452368355,19.65749156658894,17.807585000000042,15.957678433411141,-0.6282192757946845,-0.5399824765398697,Bearish,20.8091,16.6283,585476.1904761905,16.579533333333337,16.82376666666667,17.13983333333334,16.01923333333334,15.70316666666667,15.45893333333334
3563,2014-08-29,17.0507,17.1542,16.4215,16.5335,340500,17.746914285714265,18.68166999999997,19.248537000000052,18.95687450000006,24.680791224036806,19.493740437800902,17.675695000000044,15.857649562199187,-0.6378280553235456,-0.5595515922966049,Bearish,20.8091,16.3353,589714.2857142857,16.984633333333335,17.435766666666666,17.717333333333332,16.251933333333337,15.97036666666667,15.51923333333334
3564,2014-09-01,16.1198,16.5939,16.0767,16.4387,174500,17.616790476190456,18.622017999999972,19.210694000000053,18.94355650000006,23.780803954600703,19.191781660350617,17.519240000000046,15.846698339649475,-0.6456499987683948,-0.5767712735909629,Bearish,20.8091,16.3353,593190.4761904762,16.662833333333335,16.88696666666667,17.180033333333338,16.145633333333333,15.852566666666664,15.62843333333333
3565,2014-09-02,16.7921,17.3007,16.5508,17.2749,621500,17.50760476190474,18.57977999999997,19.182765000000053,18.935453500000058,43.389904880904446,18.904495051344377,17.422265000000046,15.940034948655716,-0.5777150541879372,-0.5769600297103578,Bearish,20.8091,16.3353,588761.9047619047,17.53346666666666,17.79203333333333,18.28336666666666,16.78356666666666,16.29223333333333,16.033666666666658
3566,2014-09-03,17.4128,17.7576,17.3697,17.6886,716000,17.4349476190476,18.55184999999997,19.15388700000005,18.92985000000006,50.21421450530785,18.669688202918884,17.358475000000045,16.047261797081205,-0.4849043135145017,-0.5585488864711865,Bullish,20.8091,16.3353,453785.71428571426,17.840900000000005,17.9932,18.228800000000003,17.453000000000007,17.217400000000005,17.065100000000008
3567,2014-09-04,17.8438,17.9731,17.499000000000002,17.7662,420000,17.37789047619046,18.51978199999997,19.12975000000005,18.92510900000006,51.39775215472493,18.401142770194205,17.298135000000045,16.195127229805884,-0.4004730572773134,-0.5269337206324118,Bullish,20.8091,16.3353,476333.3333333333,17.9932,18.2202,18.467299999999998,17.519100000000005,17.272000000000006,17.04500000000001
3568,2014-09-05,17.5852,17.7145,17.3697,17.4128,357500,17.30359523809522,18.48150799999997,19.10087300000005,18.91989400000006,46.030943646418855,18.06442111799942,17.225295000000045,16.38616888200067,-0.35795087011396376,-0.4931371505287222,Bullish,20.8091,16.3353,470476.1904761905,17.628300000000003,17.8438,17.973100000000002,17.283500000000004,17.154200000000003,16.938700000000004
3569,2014-09-08,17.499000000000002,17.5421,17.1973,17.4042,414500,17.233814285714267,18.439097999999966,19.07139200000005,18.91420500000006,45.90532571530531,17.979035485243056,17.199005000000046,16.418974514757036,-0.3212425939020598,-0.4587582392033897,Bullish,20.8091,16.3353,475166.6666666667,17.5651,17.726000000000003,17.909900000000004,17.220299999999998,17.036399999999997,16.875499999999995
3570,2014-09-09,17.4128,17.7404,17.3697,17.5679,149000,17.21657142857141,18.404099999999968,19.04277200000005,18.906662000000058,48.771160737026655,18.007903766565736,17.212365000000045,16.416826233434353,-0.2757629747172139,-0.42215918630615457,Bullish,20.8091,16.3353,486928.5714285714,17.748966666666668,17.930033333333334,18.119666666666667,17.37826666666667,17.188633333333335,17.00756666666667
3571,2014-09-10,17.3697,17.6714,17.3697,17.5507,319500,17.228476190476172,18.369619999999966,19.01820400000005,18.899076000000058,48.48053868618691,18.019491636172834,17.217105000000046,16.41471836382726,-0.23836027621378975,-0.3853994042876816,Bullish,20.8091,16.3353,469142.85714285716,17.691499999999998,17.832299999999996,17.993199999999995,17.3898,17.228900000000003,17.088100000000004
3572,2014-09-11,17.4559,17.8438,17.4559,17.7059,204000,17.240380952380935,18.324967999999966,18.99501600000005,18.892611000000056,51.300467940430174,18.05397070398636,17.229605000000046,16.405239296013733,-0.19395918449499305,-0.3471113603291439,Bullish,20.8091,16.3353,365238.09523809527,17.881166666666665,18.056433333333334,18.269066666666667,17.493266666666663,17.28063333333333,17.10536666666666
3573,2014-09-12,17.7576,18.5248,17.6714,18.1627,1421500,17.274038095238076,18.283245999999966,18.976913000000053,18.889809000000056,58.50042081880864,18.18365405024792,17.266670000000044,16.349685949752168,-0.1205217572566788,-0.3017934397146509,Bullish,20.8091,16.3353,344047.61904761905,18.567866666666667,18.973033333333333,19.421266666666668,17.714466666666667,17.266233333333332,16.861066666666666
3574,2014-09-15,17.9817,18.361,17.9731,18.2489,306000,17.31344285714284,18.254969999999968,18.958983000000053,18.884766000000056,59.71090260133833,18.320879694529527,17.309340000000045,16.297800305470563,-0.05473549081917639,-0.252381849935556,Bullish,20.8091,16.3353,380833.3333333333,18.415566666666667,18.582233333333335,18.80346666666667,18.027666666666665,17.80643333333333,17.639766666666663
3575,2014-09-16,18.3179,18.8782,18.3179,18.4386,684500,17.363114285714268,18.233419999999967,18.950191000000054,18.882050500000055,62.31595704155804,18.492821120288145,17.368820000000046,16.244818879711946,0.01256298562979552,-0.1993928828224857,Bullish,20.8091,16.3353,382309.5238095238,18.771900000000002,19.1052,19.3322,18.211600000000004,17.984600000000004,17.651300000000006
3576,2014-09-17,18.4558,18.6627,18.1714,18.2058,604500,17.40867619047617,18.210833999999966,18.93622600000005,18.877438500000054,57.410068686886085,18.596606072519208,17.417520000000046,16.238433927480884,0.04657560409403416,-0.15019918543918173,Bullish,20.8091,16.3353,396428.5714285714,18.521866666666668,18.837933333333336,19.01316666666667,18.030566666666665,17.85533333333333,17.539266666666663
3577,2014-09-18,18.3955,18.43,18.1283,18.2576,213000,17.457523809523792,18.191869999999966,18.92277900000005,18.873387000000054,58.19863874541408,18.693994137492197,17.459330000000044,16.22466586250789,0.07682508461053317,-0.10479433142923875,Bullish,20.8091,16.3353,396547.61904761905,18.415633333333336,18.573666666666668,18.717333333333336,18.113933333333335,17.970266666666667,17.812233333333335
3578,2014-09-19,18.3179,19.1627,18.2748,18.8179,1371000,17.52402380952379,18.17893999999997,18.912435000000052,18.869637500000056,65.61481797921226,18.90154940620498,17.537345000000045,16.17314059379511,0.14434561681450475,-0.05496634178049004,Bullish,20.8091,16.3353,397833.3333333333,19.2288,19.6397,20.1167,18.340899999999998,17.863899999999997,17.452999999999996
3579,2014-09-22,18.8265,18.8955,18.5334,18.5507,170500,17.58559999999998,18.16549399999997,18.899160000000048,18.866750000000053,60.135560947067155,19.028035835093068,17.605015000000044,16.18199416490702,0.17428625467443126,-0.009115822489505779,Bullish,20.8091,16.3353,446833.3333333333,18.78633333333333,19.021966666666664,19.14843333333333,18.424233333333333,18.297766666666668,18.062133333333335
3580,2014-09-23,18.5162,18.7058,18.4041,18.6713,244000,17.655790476190457,18.15721799999997,18.88950500000005,18.865198000000056,61.69052888603622,19.15925275732924,17.683025000000043,16.206797242670845,0.2053783640555764,0.03378301481951066,Bullish,20.8091,16.3353,441500.0,18.783366666666666,18.895433333333333,19.085066666666666,18.481666666666666,18.292033333333332,18.179966666666665
3581,2014-09-24,18.8265,18.9644,18.3782,18.4817,959000,17.72105714285712,18.14445999999997,18.87597100000005,18.862396500000056,57.86883225952152,19.20747181986732,17.77569500000004,16.343918180132764,0.21227299831082647,0.06948101151777383,Bullish,20.8091,16.3353,448833.3333333333,18.838,19.194300000000002,19.424200000000003,18.2518,18.0219,17.665599999999998
3582,2014-09-25,18.611,18.6886,18.3782,18.3955,243000,17.805209523809502,18.12790999999997,18.864334000000053,18.860026000000055,56.165265536595946,19.170767195836266,17.878705000000043,16.58664280416382,0.20837935850156697,0.09726068091453247,Bullish,20.8091,16.3353,490000.0,18.596666666666664,18.797833333333333,18.907066666666665,18.286266666666663,18.17703333333333,17.97586666666666
3583,2014-09-26,18.5679,18.7058,18.4731,18.542,643500,17.910290476190454,18.11084199999997,18.853817000000053,18.858689500000054,58.4063415768359,19.143243717988415,17.979130000000044,16.815016282011673,0.21464070214386766,0.12073668516039951,Bullish,20.8091,16.3353,490023.8095238095,18.674166666666668,18.806333333333335,18.90686666666667,18.441466666666667,18.340933333333332,18.208766666666666
3584,2014-09-29,18.7489,18.792,18.1886,18.1972,264000,17.98951428571426,18.09015399999997,18.841921000000053,18.855457000000055,51.70604743576549,18.993965736753182,18.067055000000046,17.14014426324691,0.18959485226653783,0.13450831858162718,Bullish,20.8091,16.3353,503690.4761904762,18.596599999999995,18.996,19.199999999999996,17.993199999999995,17.789199999999997,17.389799999999994
3585,2014-09-30,18.43,18.4472,18.1024,18.3438,150500,18.08023333333331,18.07015599999997,18.83071500000005,18.852957500000056,54.11620055128693,18.979309461993072,18.120500000000042,17.261690538007013,0.17950599720861504,0.14350785430702476,Bullish,20.8091,16.3353,500047.61904761905,18.493199999999998,18.642599999999998,18.837999999999997,18.1484,17.953,17.8036
3586,2014-10-01,18.2748,18.361,18.2317,18.3007,158000,18.129080952380928,18.04860599999997,18.816837000000053,18.850242500000057,53.27442055584237,18.989552323275984,18.151105000000044,17.312657676724104,0.16611779455971742,0.14802984235756328,Bullish,20.8091,16.3353,498904.7619047619,18.363899999999997,18.4271,18.493199999999998,18.234599999999997,18.168499999999998,18.105299999999996
3587,2014-10-02,18.1886,18.6196,18.1886,18.4989,334000,18.167666666666644,18.03222799999997,18.80399300000005,18.848647500000055,56.616429861092584,19.01971795740578,18.18774000000004,17.3557620425943,0.1695462079309813,0.15233311547224687,Bullish,20.8091,16.3353,476833.3333333333,18.6828,18.866699999999998,19.113799999999998,18.251800000000003,18.004700000000003,17.820800000000006
3588,2014-10-03,18.3265,18.4386,18.2317,18.2748,172500,18.19188571428569,18.01136799999997,18.78942500000005,18.847742500000056,52.080647346250444,18.98328027644008,18.23084000000004,17.47839972356,0.15242321318845597,0.1523511350154887,Bullish,20.8091,16.3353,458642.85714285716,18.398366666666664,18.521933333333333,18.605266666666665,18.191466666666663,18.10813333333333,17.984566666666662
3589,2014-10-06,18.3265,18.4386,18.2317,18.2748,172500,18.232933333333307,17.993437999999973,18.77485700000005,18.846923500000056,52.080647346250444,18.92422127868542,18.27437000000004,17.62451872131466,0.1372707447925947,0.1493350569709099,Bearish,20.8091,16.3353,446857.14285714284,18.398366666666664,18.521933333333333,18.605266666666665,18.191466666666663,18.10813333333333,17.984566666666662
3590,2014-10-07,18.3265,18.4386,18.2317,18.2748,172500,18.27439047619045,17.975507999999973,18.762789000000048,18.846492500000057,52.080647346250444,18.87317721977069,18.30971500000004,17.74625278022939,0.12383481377255734,0.1442350083312394,Bearish,20.8091,16.3353,438047.61904761905,18.398366666666664,18.521933333333333,18.605266666666665,18.191466666666663,18.10813333333333,17.984566666666662
3591,2014-10-08,18.3265,18.4386,18.2317,18.2748,172500,18.308052380952354,17.957577999999973,18.749514000000048,18.84610450000006,52.08064734625045,18.79007033762043,18.345920000000042,17.901769662379653,0.11189686424093281,0.13776737951317808,Bearish,20.8091,16.3353,426523.8095238095,18.398366666666664,18.521933333333333,18.605266666666665,18.191466666666663,18.10813333333333,17.984566666666662
3592,2014-10-09,18.2748,18.2748,18.1024,18.2058,14000,18.339247619047594,17.938267999999972,18.736238000000046,18.84356150000006,50.40818342774853,18.71263436601275,18.370915000000043,18.029195633987335,0.09576431843420963,0.1293667672973844,Bearish,20.8091,16.3353,427642.85714285716,18.286266666666666,18.366733333333332,18.458666666666666,18.113866666666667,18.021933333333333,17.941466666666667
3593,2014-10-10,18.1455,18.9644,18.1455,18.7575,994500,18.389323809523784,17.929991999999974,18.729772000000047,18.84248400000006,61.15062492437696,18.76733353756127,18.400655000000043,18.033976462438815,0.12604378461487542,0.12870217076088258,Bearish,20.8091,16.3353,413095.2380952381,19.099433333333337,19.44136666666667,19.91833333333334,18.280533333333334,17.803566666666665,17.46163333333333
3594,2014-10-13,19.1799,19.1799,18.6282,18.7144,959000,18.41559523809521,17.912923999999972,18.723996000000046,18.84149250000006,60.05614103670533,18.807814769700457,18.423930000000045,18.040045230299633,0.14489244005995516,0.1319402246206971,Bullish,20.8091,16.3353,450738.09523809527,19.053466666666665,19.392533333333333,19.605166666666666,18.501766666666665,18.289133333333332,17.950066666666665
3595,2014-10-14,18.7662,18.8351,18.5765,18.611,127000,18.43283809523807,17.900855999999973,18.71865200000005,18.84088900000006,57.401769537440984,18.82501183764568,18.43255000000004,18.040088162354404,0.14976027620570065,0.1355042349376978,Bullish,20.8091,16.3353,428714.28571428574,18.7719,18.9328,19.0305,18.513299999999997,18.415599999999998,18.254699999999996
3596,2014-10-15,18.542,18.6541,18.4472,18.542,96000,18.437761904761878,17.892407999999975,18.715031000000046,18.83692350000006,55.634662028696944,18.830160128162245,18.44936000000004,18.068559871837838,0.14636316462524235,0.13767602087520672,Bullish,20.8091,16.3353,420190.4761904762,18.64833333333333,18.754666666666665,18.85523333333333,18.44143333333333,18.340866666666663,18.234533333333328
3597,2014-10-16,18.4558,18.5334,18.1886,18.2834,216500,18.441457142857114,17.878615999999976,18.699428000000047,18.83399250000006,49.48595550130499,18.829009942393757,18.450650000000042,18.072290057606327,0.12140459384709956,0.1344217354695853,Bearish,20.8091,16.3353,392166.6666666667,18.48166666666667,18.679933333333334,18.82646666666667,18.13686666666667,17.990333333333336,17.79206666666667
3598,2014-10-17,18.1455,18.3179,17.9386,18.1024,731500,18.434066666666634,17.863271999999977,18.680981000000045,18.829639500000063,45.68052224719292,18.782730873282535,18.41487500000004,18.047019126717547,0.08602788347850421,0.12474296507136909,Bearish,20.8091,16.3353,373690.4761904762,18.300666666666665,18.498933333333333,18.679966666666665,17.921366666666664,17.740333333333332,17.542066666666663
3599,2014-10-20,18.111,18.1886,17.7145,17.7145,105000,18.381523809523777,17.858961999999977,18.65744800000005,18.823260500000064,38.79517628932715,18.845019426940503,18.37306500000004,17.901110573059576,0.026387123121587308,0.10507179668141273,Bearish,20.8091,16.3353,398380.95238095237,18.030566666666665,18.346633333333333,18.504666666666665,17.556466666666665,17.398433333333333,17.082366666666665
3600,2014-10-21,17.5852,18.0076,17.5421,17.9214,414000,18.35155714285711,17.871375999999977,18.635812000000048,18.817916000000064,43.67207621818435,18.825599501569727,18.33557000000004,17.845540498430353,-0.00413583297709863,0.08323027074971046,Bearish,20.8091,16.3353,338095.2380952381,18.105300000000003,18.2892,18.570800000000002,17.639800000000005,17.358200000000004,17.174300000000006
3601,2014-10-22,18.0334,18.0593,17.7576,17.8697,142500,18.313385714285683,17.879651999999975,18.616589000000047,18.813563000000066,42.75530093440612,18.82986965556112,18.304970000000043,17.78007034443897,-0.03212691444499072,0.060158833710770215,Bearish,20.8091,16.3353,349690.4761904762,18.033466666666666,18.197233333333333,18.335166666666666,17.731766666666665,17.593833333333333,17.430066666666665
3602,2014-10-23,17.8438,17.9817,17.7835,17.8179,60500,18.28177619047616,17.886891999999975,18.596590000000045,18.810287000000063,41.80831053711412,18.839997555906056,18.276090000000046,17.712182444094037,-0.05782332397744483,0.0365624021731272,Bearish,20.8091,16.3353,344857.14285714284,17.93856666666667,18.059233333333335,18.13676666666667,17.74036666666667,17.662833333333335,17.54216666666667
3603,2014-10-24,17.7576,18.0162,17.7576,17.8955,73500,18.257966666666636,17.896373999999977,18.57866000000005,18.804813000000067,43.815948083665596,18.81703651778934,18.243765000000042,17.670493482210745,-0.07110656991908115,0.015028607754685529,Bearish,20.8091,16.3353,302071.4285714286,18.021933333333326,18.148366666666664,18.280533333333327,17.763333333333325,17.63116666666666,17.504733333333323
3604,2014-10-27,17.8438,17.8438,17.7231,17.7748,48000,18.221433333333305,17.903959999999977,18.55814400000005,18.797658000000066,41.42215157712604,18.831256526270412,18.22264500000004,17.614033473729666,-0.09033183018766877,-0.006043479833785333,Bearish,20.8091,16.3353,294000.0,17.83803333333334,17.90126666666667,17.958733333333342,17.717333333333336,17.659866666666666,17.596633333333333
3605,2014-10-28,17.8438,17.93,17.5852,17.6542,278000,18.19557619047616,17.912063999999976,18.527457000000048,18.790072500000065,39.12227846178473,18.84187957464936,18.18816500000004,17.53445042535072,-0.11398544629339469,-0.027631873125707206,Bearish,20.8091,16.3353,265642.85714285716,17.861066666666666,18.067933333333333,18.205866666666665,17.516266666666667,17.378333333333334,17.171466666666667
3606,2014-10-29,17.5076,17.7576,17.2404,17.2662,251000,18.144261904761876,17.912751999999976,18.492028000000047,18.781323000000064,32.81048262259405,18.90071214368234,18.136440000000043,17.372167856317745,-0.16217006921049304,-0.05453951234266438,Bearish,20.8091,16.3353,266309.5238095238,17.602400000000003,17.9386,18.119600000000002,17.085200000000004,16.904200000000003,16.568000000000005
3607,2014-10-30,17.3697,17.5679,17.1973,17.2318,355500,18.093361904761878,17.908959999999976,18.46142700000005,18.772660000000066,32.31272966367832,18.912999127223078,18.07308500000004,17.233170872777006,-0.2008176219892981,-0.08379513427199112,Bearish,20.8091,16.3353,271095.2380952381,17.46736666666667,17.702933333333338,17.837966666666674,17.096766666666667,16.96173333333333,16.726166666666664
3608,2014-10-31,17.2404,17.6542,17.2404,17.5076,282000,18.04615714285712,17.913959999999978,18.431860000000047,18.765764000000065,40.15193192782834,18.903854824311917,18.034725000000044,17.16559517568817,-0.20680738417224376,-0.10839758425204164,Bearish,20.8091,16.3353,280500.0,17.6944,17.8812,18.1082,17.280600000000003,17.053600000000003,16.866800000000005
3609,2014-11-03,17.2404,17.6542,17.2404,17.5076,282000,18.009623809523788,17.920165999999977,18.406775000000046,18.759514500000066,40.15193192782834,18.8871767899471,17.996365000000043,17.105553210052985,-0.2091434384845563,-0.12854675509854457,Bearish,20.8091,16.3353,278023.8095238095,17.6944,17.8812,18.1082,17.280600000000003,17.053600000000003,16.866800000000005
3610,2014-11-04,17.2404,17.6542,17.2404,17.5076,282000,17.973090476190453,17.92809599999998,18.384449000000046,18.753739000000063,40.15193192782834,18.8635063649405,17.958005000000043,17.052503635059587,-0.20859027945876463,-0.14455545997058858,Bearish,20.8091,16.3353,283238.09523809527,17.6944,17.8812,18.1082,17.280600000000003,17.053600000000003,16.866800000000005
3611,2014-11-05,17.6714,18.2662,17.6628,18.0507,1062500,17.962419047619022,17.95654399999998,18.370915000000046,18.750506500000064,53.41991092697881,18.841829145899183,17.946800000000042,17.0517708541009,-0.16245557903162222,-0.1481354837827953,Bearish,20.8091,16.3353,288452.38095238095,18.32366666666667,18.596633333333337,18.927066666666672,17.72026666666667,17.389833333333335,17.11686666666667
3612,2014-11-06,18.1024,18.1024,17.6714,17.6973,989000,17.934919047619022,17.98378399999998,18.359364000000046,18.74572250000006,46.23678193809835,18.814417719868196,17.92137500000004,17.028332280131885,-0.1526502658305091,-0.14903844019233808,Bearish,20.8091,16.3353,330833.3333333333,17.976,18.2547,18.407,17.544999999999998,17.392699999999998,17.113999999999997
3613,2014-11-07,17.8179,18.2748,17.7576,18.0162,1091000,17.92589047619045,18.01343799999998,18.347554000000045,18.74257600000006,52.45021622379079,18.693017237267874,17.884310000000042,17.07560276273221,-0.1177891199797152,-0.1427885761498135,Bullish,20.8091,16.3353,369714.28571428574,18.274799999999995,18.533399999999997,18.791999999999994,17.757599999999996,17.499,17.240399999999998
3614,2014-11-10,18.2317,18.361,17.9472,18.2662,789000,17.902495238095213,18.04998799999998,18.336003000000048,18.74063650000006,56.67722272928006,18.59902731329765,17.86190000000004,17.124772686702432,-0.06919091032476743,-0.1280690429848043,Bullish,20.8091,16.3353,421000.0,18.435733333333335,18.60526666666667,18.849533333333337,18.021933333333333,17.777666666666665,17.60813333333333
3615,2014-11-11,18.3179,18.3179,17.8869,18.1627,977000,17.876223809523783,18.06774399999998,18.32376200000005,18.73856750000006,54.516508040187595,18.50822479477025,17.839485000000042,17.170745205229835,-0.03858329979368591,-0.11017189434658062,Bullish,20.8091,16.3353,411214.28571428574,18.358100000000004,18.553500000000003,18.789100000000005,17.927100000000003,17.6915,17.496100000000002
3616,2014-11-12,18.3093,18.4041,18.1455,18.1972,299000,17.856519047619024,18.07791599999998,18.314883000000048,18.736671000000058,55.13055695863901,18.432909049956756,17.82224500000004,17.211580950043327,-0.011411145676241574,-0.09041974461251281,Bullish,20.8091,16.3353,412071.4285714286,18.35236666666666,18.50753333333333,18.610966666666663,18.09376666666666,17.99033333333333,17.83516666666666
3617,2014-11-13,18.111,18.3179,17.93,18.0248,385000,17.831890476190456,18.08308799999998,18.301435000000048,18.73404150000006,51.396462905694285,18.390619361852966,17.809315000000044,17.228010638147122,-0.0037450859468890485,-0.07308481287938806,Bullish,20.8091,16.3353,420261.90476190473,18.251800000000003,18.478800000000003,18.639700000000005,17.8639,17.703,17.476
3618,2014-11-14,18.1024,18.1886,17.8438,17.9214,217000,17.814652380952356,18.09325999999998,18.287384000000046,18.731326500000062,49.24220200745866,18.3685255010988,17.800265000000046,17.23200449890129,-0.005944667800569903,-0.05965678386362443,Bullish,20.8091,16.3353,434023.8095238095,18.1254,18.3294,18.4702,17.7806,17.6398,17.4358
3619,2014-11-17,18.0162,18.6455,17.9041,18.4989,1005000,17.83353333333331,18.115153999999983,18.27712600000005,18.733438500000062,59.462022679631964,18.482069009378566,17.839485000000046,17.196900990621526,0.0384681346536766,-0.04003180016016422,Bullish,20.8091,16.3353,434047.61904761905,18.7949,19.090899999999998,19.536299999999997,18.0535,17.6081,17.3121
3620,2014-11-18,18.5334,18.7489,18.2489,18.5765,660000,17.87458095238093,18.13532599999998,18.269713000000046,18.73701600000006,60.60971131717998,18.590514917847816,17.872240000000044,17.153965082152272,0.0790164199422918,-0.016222156139673014,Bullish,20.8091,16.3353,447071.4285714286,18.800633333333337,19.024766666666668,19.300633333333337,18.300633333333337,18.024766666666668,17.800633333333337
3621,2014-11-19,18.792,18.9213,18.361,18.4213,1089500,17.89838571428569,18.15273799999998,18.26117900000005,18.737619000000063,57.12623934320769,18.656898805944092,17.89982000000004,17.14274119405599,0.09750392072462333,0.006523059233186256,Bullish,20.8091,16.3353,473500.0,18.774733333333327,19.12816666666666,19.335033333333325,18.21443333333333,18.007566666666666,17.65413333333333
3622,2014-11-20,18.4472,18.7058,18.1283,18.4644,1763000,17.926704761904737,18.16790799999998,18.246438000000047,18.739946000000064,57.85072608064571,18.72674970292447,17.93214500000004,17.137540297075613,0.11431545073101645,0.028081537532752297,Bullish,20.8091,16.3353,505666.6666666667,18.73736666666667,19.010333333333335,19.31486666666667,18.15986666666667,17.855333333333334,17.58236666666667
3623,2014-11-21,19.3868,19.3868,19.3868,19.3868,2015000,18.00141428571426,18.19238999999998,18.237818000000047,18.748092000000064,69.66504955829609,19.02262955370952,18.006710000000044,16.990790446290568,0.1997659035766972,0.06241841074154128,Bullish,20.8091,16.3353,582833.3333333334,19.3868,19.3868,19.3868,19.3868,19.3868,19.3868
3624,2014-11-24,20.3523,20.3523,19.8264,20.3523,8810000,18.11840476190474,18.23445799999998,18.244714000000048,18.763565500000066,76.94848022909594,19.56920263281199,18.13558500000004,16.701967367188093,0.34145767257457393,0.11822626310814781,Bullish,20.8091,16.3353,675904.7619047619,20.5276,20.7029,21.0535,20.0017,19.6511,19.4758
3625,2014-11-25,20.6885,20.6971,19.9816,20.1971,5214000,18.233752380952357,18.26962799999998,18.251524000000046,18.778349000000063,73.87782590122737,19.934321645232117,18.26273000000004,16.591138354767963,0.4361978599937153,0.1818205824852613,Bullish,20.8091,16.3353,1091928.5714285714,20.602266666666665,21.00743333333333,21.317766666666664,19.886766666666666,19.576433333333334,19.171266666666668
3626,2014-11-26,20.2488,20.3437,19.7058,19.8264,794000,18.33719047619045,18.30203999999998,18.256437000000048,18.791193000000064,67.00043000438222,20.128287338523407,18.39074000000004,16.653192661476673,0.4758820768036536,0.24063288134893976,Bullish,20.8091,16.3353,1337928.5714285714,20.21146666666667,20.596533333333333,20.84936666666667,19.57356666666667,19.320733333333337,18.935666666666673
3627,2014-11-27,20.0678,20.8178,19.9126,20.8178,4061500,18.506314285714257,18.353243999999982,18.27255700000005,18.809080000000062,73.97746032143999,20.519391804475,18.570040000000038,16.620688195525076,0.5806365819760693,0.3086336214743657,Bullish,20.8091,16.3353,1362500.0,21.119533333333326,21.42126666666666,22.024733333333323,20.21433333333333,19.610866666666666,19.30913333333333
3628,2014-11-28,21.0333,21.8522,20.9471,21.5419,6061000,18.711557142857114,18.40772399999998,18.293332000000046,18.830156500000065,77.68798583813889,21.047244247153312,18.771755000000034,16.496265752846757,0.7138552218464689,0.3896779415487863,Bullish,20.8178,16.3353,1543952.380952381,21.947033333333323,22.352166666666662,22.852133333333324,21.041933333333322,20.54196666666666,20.13683333333332
3629,2014-12-01,21.2229,21.6798,20.473,20.7747,2267000,18.867133333333303,18.45220399999998,18.308849000000045,18.84731100000006,66.8170319564495,21.291771208491916,18.935110000000034,16.57844879150815,0.7488925582481052,0.4615208648886501,Bullish,21.5419,16.3353,1815642.857142857,21.478666666666662,22.18263333333333,22.685466666666663,20.27186666666666,19.76903333333333,19.06506666666666
3630,2014-12-02,21.2057,21.5763,20.9471,21.0677,1637000,19.03666190476187,18.50013199999998,18.328675000000047,18.86593050000006,68.62283823103621,21.548097544724026,19.113115000000032,16.67813245527604,0.7911822940813202,0.5274531507271841,Bullish,21.5419,16.3353,1910166.6666666667,21.44696666666667,21.826233333333334,22.07616666666667,20.817766666666667,20.567833333333333,20.188566666666667
3631,2014-12-03,21.1195,22.1194,21.1195,22.1194,4746000,19.256271428571395,18.57288599999998,18.358673000000046,18.890110000000064,74.0761918967833,22.026790131429504,19.31655000000003,16.60630986857056,0.8991952518528521,0.6018015709523177,Bullish,21.5419,16.3353,1974690.4761904762,22.452700000000004,22.786,23.452600000000004,21.452800000000003,20.7862,20.452900000000003
3632,2014-12-04,23.1883,23.2228,22.8866,23.2228,3578000,19.50256190476187,18.669431999999983,18.398671000000046,18.919979000000065,78.33128407121079,22.68595509223838,19.592825000000033,16.499694907761686,1.0615940620516007,0.6937600691721743,Bullish,22.1194,16.3353,2187261.904761905,23.334866666666663,23.44693333333333,23.67106666666666,22.998666666666665,22.774533333333334,22.662466666666667
3633,2014-12-05,24.3779,24.3779,23.5504,24.1107,10803500,19.80796190476187,18.78080599999998,18.445824000000044,18.954632500000066,81.02965235579896,23.472618403542896,19.89755000000003,16.322481596457166,1.2475612887081517,0.8045203130793698,Bullish,23.2228,16.3353,2307047.619047619,24.475600000000004,24.840500000000002,25.303100000000004,23.648100000000003,23.1855,22.820600000000002
3634,2014-12-08,24.602,24.602,23.7055,23.9469,1612500,20.090376190476157,18.89579999999998,18.492977000000042,18.987906500000065,79.07336436161486,24.081020482875807,20.18158500000003,16.282149517124253,1.3659782179837023,0.9168118940602363,Bullish,24.1107,16.3353,2774404.761904762,24.464100000000002,24.9813,25.3606,23.567600000000002,23.1883,22.671100000000003
3635,2014-12-09,23.7055,23.7055,22.7573,22.9728,5983000,20.314499999999963,18.98837999999998,18.529268000000044,19.015922000000064,68.48437229728475,24.386585348920256,20.422090000000033,16.45759465107981,1.3654823281798336,1.0065459808841557,Bullish,24.1107,16.3353,2799238.095238095,23.533099999999997,24.0934,24.481299999999997,22.584899999999998,22.197,21.636699999999998
3636,2014-12-10,23.0245,23.7055,22.9297,23.1194,4452000,20.5505333333333,19.084753999999982,18.566680000000044,19.044972500000064,69.15385658566132,24.66069445685409,20.66820000000003,16.675705543145973,1.3612273452488282,1.0774822537570903,Bullish,24.1107,16.3353,3046571.4285714286,23.57336666666666,24.02733333333333,24.34916666666666,22.79756666666666,22.47573333333333,22.02176666666666
3637,2014-12-11,23.5331,23.6452,22.8435,23.0504,2018000,20.78163809523806,19.17578399999998,18.604006000000044,19.073462500000065,68.41717574629847,24.8469356764413,20.91948000000003,16.992024323558756,1.336876833319991,1.1293611696696704,Bullish,24.1107,16.3353,3212047.619047619,23.515899999999995,23.981399999999997,24.317599999999995,22.714199999999995,22.377999999999997,21.912499999999994
3638,2014-12-12,23.1452,23.2659,22.5935,22.9038,1221500,21.013971428571395,19.26836399999998,18.639866000000044,19.101391500000062,66.78923350718563,24.93243759320334,21.16860000000003,17.40476240679672,1.290869146386342,1.1616627650130047,Bullish,24.1107,16.3353,3293904.761904762,23.24863333333333,23.593466666666664,23.92103333333333,22.57623333333333,22.248666666666665,21.90383333333333
3639,2014-12-15,22.8952,24.0417,22.8952,24.0417,4016000,21.30541428571425,19.383701999999982,18.688570000000045,19.135398000000063,72.29890384528545,25.198702591554913,21.44574000000003,17.692777408445146,1.3308851278897649,1.1955072375883566,Bullish,24.1107,16.3353,3333738.095238095,24.423866666666665,24.806033333333332,25.570366666666665,23.277366666666666,22.513033333333333,22.130866666666666
3640,2014-12-16,24.9899,25.2054,24.0503,24.5503,9102000,21.593576190476156,19.50921199999998,18.742360000000048,19.169663000000064,74.34739953376436,25.487292042930576,21.74443000000003,18.001567957069483,1.3876419780375784,1.233934185678201,Bullish,24.1107,16.3353,3514642.8571428573,25.153700000000008,25.757100000000005,26.30880000000001,23.998600000000007,23.446900000000003,22.843500000000006
3641,2014-12-17,24.7399,25.0417,24.1796,24.4382,964000,21.872704761904725,19.63247999999998,18.795029000000046,19.201385000000062,73.06488950039578,25.635487553528094,22.04527500000003,18.455062446471963,1.4073535617370005,1.2686180608899609,Bullish,24.5503,16.3353,3900214.285714286,24.92673333333334,25.415266666666668,25.788833333333336,24.06463333333334,23.69106666666667,23.202533333333342
3642,2014-12-18,24.8262,25.4296,24.2227,24.5848,5053000,22.166204761904726,19.76005999999998,18.849164000000048,19.235607000000062,73.70374398682826,25.70395625785329,22.35129500000003,18.99863374214677,1.4184534798862707,1.298585144689223,Bullish,24.5503,16.3353,3914690.476190476,25.2687,25.9526,26.4756,24.061799999999998,23.5388,22.854899999999997
3643,2014-12-19,24.9555,25.2141,24.5848,24.8348,1388000,22.46955714285711,19.88160599999998,18.905799000000048,19.271122500000065,74.80136139716008,25.851611319533532,22.623695000000026,19.39577868046652,1.4309283048763106,1.3250537767266404,Bullish,24.5848,16.3353,4103428.5714285714,25.171,25.507199999999997,25.800299999999996,24.541700000000002,24.248600000000003,23.912400000000005
3644,2014-12-22,24.9124,24.9986,24.2486,24.421,1865000,22.70928095238092,19.99573799999998,18.95433100000005,19.300172500000066,69.62130610582348,25.96848553104245,22.827130000000025,19.6857744689576,1.3913854662801768,1.3383201146373476,Bullish,24.8348,16.3353,4085571.4285714286,24.863533333333333,25.306066666666666,25.613533333333333,24.113533333333333,23.806066666666666,23.363533333333333
3645,2014-12-23,24.421,24.4813,24.0676,24.2831,1246500,22.896461904761868,20.10917999999998,19.00501800000005,19.325904000000065,67.93295084219764,25.988069778601798,23.031430000000025,20.074790221398253,1.3335477953996708,1.3373656507898122,Bearish,24.8348,16.3353,4078428.5714285714,24.487066666666664,24.691033333333333,24.900766666666666,24.07336666666666,23.86363333333333,23.65966666666666
3646,2014-12-24,24.6106,24.9986,24.5244,24.7486,3501500,23.113199999999967,20.23331199999998,19.062860000000047,19.349308000000065,70.53088898915969,25.92984642151511,23.277540000000027,20.625233578484945,1.3101701581525518,1.33192655226236,Bearish,24.8348,16.3353,3718261.904761905,24.990000000000002,25.2314,25.4642,24.515800000000002,24.283,24.041600000000003
3647,2014-12-25,24.6106,24.9986,24.5244,24.7486,3501500,23.347590476190444,20.36261599999998,19.120616000000048,19.372022500000064,70.53088898915969,25.94449632086776,23.47408000000003,21.0036636791323,1.2769236314415302,1.320925968098194,Bearish,24.8348,16.3353,3636714.285714286,24.990000000000002,25.2314,25.4642,24.515800000000002,24.283,24.041600000000003
3648,2014-12-26,24.9986,25.6451,24.7399,25.0934,3313500,23.551190476190442,20.502435999999978,19.18285400000005,19.394392000000067,72.44838227537768,26.050529906682357,23.651655000000027,21.252780093317696,1.2638293597284331,1.3095066464242417,Bearish,24.8348,16.3353,3765642.8571428573,25.579033333333328,26.064666666666664,26.48423333333333,24.673833333333327,24.254266666666663,23.768633333333327
3649,2014-12-29,25.171,25.171,24.352,24.5589,1352500,23.69485714285711,20.639323999999977,19.249143000000046,19.416373500000066,65.34973224638287,25.87080189682945,23.84086500000003,21.810928103170607,1.196529524514716,1.2869112220423367,Bearish,25.0934,16.3353,3730023.8095238097,25.035933333333336,25.512966666666667,25.854933333333335,24.216933333333337,23.87496666666667,23.397933333333338
3650,2014-12-30,24.7227,24.9124,24.2658,24.4555,1037500,23.8701333333333,20.77000599999998,19.320691000000046,19.439475500000068,64.04244067729675,25.60503972839117,24.01025500000003,22.41547027160889,1.1219176362473888,1.253912504883347,Bearish,25.0934,16.3353,3505809.523809524,24.823333333333338,25.19116666666667,25.46993333333334,24.176733333333335,23.897966666666665,23.530133333333332
3651,2014-12-31,24.4382,24.8606,24.352,24.7486,617500,24.04541428571425,20.90758399999998,19.393618000000046,19.464689500000066,66.11189522423359,25.508527183553355,24.14171500000003,22.774902816446705,1.0740568390436742,1.2179413717154124,Bearish,25.0934,16.3353,3447261.904761905,24.95546666666667,25.162333333333336,25.46406666666667,24.44686666666667,24.145133333333334,23.938266666666667
3652,2015-01-01,24.7486,24.7572,24.1365,24.3434,758500,24.151319047619012,21.03809399999998,19.46249300000005,19.489214000000064,60.89418661173499,25.499617694970453,24.19774500000003,22.895872305029606,0.9919954527553649,1.1727521879234029,Bearish,25.0934,16.3353,3398714.285714286,24.688233333333333,25.033066666666667,25.308933333333332,24.067533333333333,23.791666666666668,23.446833333333334
3653,2015-01-02,24.5675,24.783,23.921,24.1193,1475000,24.19400952380949,21.162569999999977,19.529472000000048,19.514514500000065,58.16027921085518,25.49993808578396,24.198175000000028,22.896411914216095,0.8985206292787069,1.1179058761944636,Bearish,25.0934,16.3353,3208833.3333333335,24.627866666666662,25.136433333333333,25.489866666666664,23.76586666666666,23.41243333333333,22.90386666666666
3654,2015-01-05,23.9641,24.5589,23.9297,24.352,1418000,24.205499999999965,21.294113999999983,19.59903700000005,19.539728500000063,60.16042597170285,25.516525016711036,24.21843000000003,22.920334983289024,0.8336087803522254,1.0610464570260159,Bearish,25.0934,16.3353,3108690.476190476,24.630699999999994,24.909399999999998,25.259899999999995,24.001499999999993,23.650999999999996,23.372299999999992
3655,2015-01-06,24.1452,24.5244,24.1365,24.1969,1167000,24.217404761904724,21.424967999999982,19.668516000000047,19.56416700000006,58.16455885909518,25.445756928920467,24.27963500000003,23.113513071079595,0.760879453924332,1.0010130564056792,Bearish,25.0934,16.3353,2661761.904761905,24.435366666666663,24.67383333333333,24.82326666666666,24.047466666666665,23.898033333333334,23.659566666666667
3656,2015-01-07,24.0072,24.3951,23.9728,24.0159,755000,24.267076190476153,21.55996199999998,19.736357000000048,19.587269500000062,55.83651846775548,25.371591992448746,24.32446000000003,23.277328007551315,0.6807880505529091,0.9369680552351252,Bearish,25.0934,16.3353,2640547.619047619,24.28306666666667,24.550233333333335,24.70536666666667,23.86076666666667,23.705633333333335,23.43846666666667
3657,2015-01-08,24.0072,24.7399,24.0072,24.5675,2264500,24.336033333333297,21.706675999999984,19.80781800000005,19.611707500000062,60.96424673575718,25.272460284405508,24.400315000000028,23.528169715594547,0.6542823863667202,0.8804309214614442,Bearish,25.0934,16.3353,2391595.238095238,24.869199999999996,25.170899999999996,25.601899999999993,24.136499999999998,23.7055,23.4038
3658,2015-01-09,24.7399,25.4468,24.352,24.7313,5836000,24.416076190476154,21.851149999999983,19.88255500000005,19.63774050000006,62.36178914031043,25.04054209265392,24.491690000000027,23.942837907346135,0.6391262974873229,0.83216999666662,Bearish,25.0934,16.3353,2287428.5714285714,25.334733333333336,25.938166666666667,26.429533333333335,24.239933333333337,23.74856666666667,23.145133333333337
3659,2015-01-12,24.6968,25.3865,24.6968,24.9641,2073500,24.514185714285677,22.000279999999986,19.96022300000005,19.664334000000064,64.31710222989034,25.08266451600432,24.53781000000003,23.992955483995736,0.6385393184793919,0.7934438610291743,Bearish,25.0934,16.3353,2469238.095238095,25.334799999999998,25.7055,26.0245,24.645099999999996,24.326099999999997,23.955399999999994
3660,2015-01-13,24.9986,25.171,24.6106,25.033,1995500,24.56139047619044,22.150787999999984,20.039442000000047,19.692823500000063,64.89831642535951,25.148074574335453,24.56194500000003,23.975815425664607,0.6362989295873724,0.762014874740814,Bearish,25.0934,16.3353,2509809.523809524,25.265799999999995,25.498599999999996,25.826199999999993,24.705399999999997,24.3778,24.145
3661,2015-01-14,25.1882,25.5158,25.0848,25.3434,4953500,24.599157142857106,22.296641999999984,20.126593000000046,19.721399500000064,67.46906617080869,25.281316137655146,24.60720500000003,23.93309386234491,0.6520536228533125,0.7400226243633137,Bearish,25.0934,16.3353,2413595.238095238,25.544533333333334,25.745666666666665,25.97553333333333,25.113533333333336,24.88366666666667,24.68253333333334
3662,2015-01-15,25.5158,25.6451,24.8262,24.9468,2747000,24.623376190476154,22.44163199999998,20.212708000000045,19.747173500000066,61.29239957854092,25.315290464999464,24.62530500000003,23.935319535000595,0.6253286261488142,0.7170838247204138,Bearish,25.3434,16.3353,2216047.619047619,25.452533333333328,25.958266666666663,26.271433333333327,24.63363333333333,24.320466666666665,23.81473333333333
3663,2015-01-16,24.8693,25.2141,24.7141,24.7744,807500,24.632404761904727,22.57679599999998,20.295117000000047,19.771827000000066,58.77355897796003,25.309097705991295,24.622285000000026,23.935472294008758,0.5835112797148199,0.6903693157192949,Bearish,25.3434,16.3353,2300952.380952381,25.08763333333334,25.40086666666667,25.58763333333334,24.58763333333334,24.40086666666667,24.08763333333334
3664,2015-01-19,24.6106,24.9555,24.3176,24.5072,696500,24.616804761904728,22.70161599999998,20.375802000000046,19.793248000000066,55.000898514231025,25.30937107596523,24.62659500000003,23.94381892403483,0.5227836005461342,0.6568521726846628,Bearish,25.3434,16.3353,2098785.714285714,24.869266666666668,25.231333333333335,25.50716666666667,24.231366666666666,23.95553333333333,23.593466666666664
3665,2015-01-20,24.5244,24.5244,23.9986,24.2917,906000,24.61064761904759,22.82419599999998,20.44597000000005,19.814367500000067,52.09641400052229,25.308945522869763,24.627025000000028,23.945104477130293,0.4520564034704293,0.6158930188418161,Bearish,25.3434,16.3353,2065857.142857143,24.544533333333337,24.79736666666667,25.070333333333338,24.018733333333337,23.74576666666667,23.492933333333337
3666,2015-01-21,24.3089,24.3951,23.7917,23.9469,1445000,24.594638095238068,22.939189999999975,20.50855300000005,19.831220000000066,47.75141031009284,25.327309014486094,24.586940000000027,23.84657098551396,0.36398630429749446,0.5655116759329518,Bearish,25.3434,16.3353,2020190.4761904762,24.297433333333338,24.64796666666667,24.90083333333334,23.694033333333337,23.441166666666668,23.090633333333336
3667,2015-01-22,23.8693,24.0934,23.6279,23.7486,977500,24.54701904761902,23.053665999999975,20.568377000000044,19.849063500000067,45.405913342035106,25.357599660036744,24.536940000000026,23.71628033996331,0.275018718856618,0.5074130845176851,Bearish,25.3434,16.3353,2029642.857142857,24.0187,24.2888,24.484199999999998,23.5532,23.3578,23.0877
3668,2015-01-23,23.7486,24.3951,23.378,24.171,2694000,24.51951428571426,23.178657999999977,20.635959000000042,19.868416000000067,50.934461780128885,25.284436362237557,24.490820000000028,23.6972036377625,0.23587638019089496,0.45310574365232703,Bearish,25.3434,16.3353,1909452.380952381,24.584733333333325,24.998466666666662,25.601833333333325,23.567633333333326,22.964266666666663,22.550533333333327
3669,2015-01-26,24.5675,24.6882,23.9728,24.2917,2365000,24.48133809523807,23.294513999999978,20.704834000000048,19.888113000000068,52.41726314214511,25.27502864883926,24.47746000000003,23.679891351160798,0.2121497458494801,0.40491454409175764,Bearish,25.3434,16.3353,1871000.0,24.66233333333333,25.032966666666663,25.377733333333328,23.94693333333333,23.602166666666665,23.23153333333333
3670,2015-01-27,24.1796,24.5158,24.1365,24.1796,1134500,24.46327619047617,23.406575999999976,20.770951000000046,19.906861500000065,50.87935281436798,25.271750520914424,24.463665000000027,23.65557947908563,0.18220039135578503,0.3603717135445631,Bearish,25.3434,16.3353,1825833.3333333333,24.4181,24.656599999999997,24.797399999999996,24.038800000000002,23.898000000000003,23.659500000000005
3671,2015-01-28,24.1365,24.3693,24.0503,24.1279,1063000,24.447676190476166,23.520707999999978,20.83672300000005,19.927463500000066,50.14857578194838,25.242234570399148,24.432630000000028,23.623025429600908,0.15253522311877887,0.31880441545940624,Bearish,25.3434,16.3353,1815452.380952381,24.314700000000002,24.5015,24.6337,23.995700000000003,23.863500000000002,23.676700000000004
3672,2015-01-29,24.0503,24.352,24.0503,24.1279,1637500,24.41811904761902,23.633977999999974,20.900943000000048,19.947979500000066,50.14857578194838,25.24159571139053,24.42185500000003,23.602114288609528,0.12755498905139362,0.28055453017780374,Bearish,25.3434,16.3353,1816666.6666666667,24.30316666666667,24.478433333333335,24.60486666666667,24.00146666666667,23.875033333333334,23.69976666666667
3673,2015-01-30,24.1193,24.8262,24.1279,24.3434,5061500,24.41811904761902,23.733109999999975,20.96275000000005,19.969831500000065,53.38520665495297,25.242007314484063,24.43306000000003,23.624112685515996,0.123720845676079,0.2491877932774588,Bearish,25.3434,16.3353,1865238.0952380951,24.7371,25.1308,25.4354,24.038800000000002,23.7342,23.340500000000002
3674,2015-02-02,24.6279,24.783,24.1365,24.1883,3665000,24.421404761904732,23.809829999999973,21.022144000000047,19.990563500000064,50.827428090763526,25.240224696455723,24.424875000000032,23.60952530354434,0.10693431345124793,0.22073709731221663,Bearish,25.3434,16.3353,2070142.857142857,24.602033333333328,25.015766666666664,25.248533333333327,23.955533333333328,23.722766666666665,23.30903333333333
3675,2015-02-03,24.4382,24.4641,23.8779,23.9555,1365000,24.40252380952378,23.884997999999975,21.07731300000005,20.013752000000064,47.1739998773018,25.248197390383385,24.41280500000003,23.577412609616676,0.07399290713890139,0.1913882592775536,Bearish,25.3434,16.3353,2174428.5714285714,24.32043333333333,24.685366666666663,24.90663333333333,23.734233333333332,23.512966666666667,23.148033333333334
3676,2015-02-04,24.0503,24.1279,23.4211,23.4642,1314500,24.367633333333306,23.957753999999973,21.129897000000046,20.033061500000066,40.54971866654651,25.303533830022126,24.385220000000032,23.46690616997794,0.008148866214540362,0.15474038066495094,Bearish,25.3434,16.3353,2171904.761904762,23.92103333333333,24.377866666666666,24.62783333333333,23.21423333333333,22.964266666666663,22.507433333333328
3677,2015-02-05,24.0503,24.1279,23.4211,23.4642,1314500,24.341361904761875,24.01068199999997,21.181963000000046,20.052371000000065,40.54971866654651,25.327119666864526,24.330055000000034,23.33299033313554,-0.04353120990813153,0.11508606255033443,Bearish,25.3434,16.3353,2178928.5714285714,23.92103333333333,24.377866666666666,24.62783333333333,23.21423333333333,22.964266666666663,22.507433333333328
3678,2015-02-06,23.4642,23.921,22.7918,22.878,2617000,24.260909523809495,24.03740399999997,21.222564000000048,20.067499500000064,33.95230470015464,25.398976835156805,24.237390000000033,23.07580316484326,-0.13028760903662828,0.0660113282329419,Bearish,25.3434,16.3353,2205571.4285714286,23.60206666666667,24.326133333333335,24.73126666666667,22.47286666666667,22.067733333333333,21.343666666666667
3679,2015-02-09,23.1452,23.1452,22.2918,22.3953,2055500,24.149671428571402,24.069815999999967,21.261010000000052,20.080085000000064,29.67136091977852,25.471423585068564,24.108950000000036,22.746476414931507,-0.23528037064400564,0.005752988457552392,Bearish,25.3434,16.3353,2222357.1428571427,22.929733333333328,23.464166666666664,23.78313333333333,22.076333333333327,21.757366666666663,21.222933333333327
3680,2015-02-10,22.6108,23.4469,22.4987,23.2487,3498000,24.067985714285687,24.113435999999968,21.306784000000054,20.098144500000064,43.28636489385862,25.362020117666887,24.019735000000033,22.67744988233318,-0.24678090614102288,-0.044753790462162664,Bearish,25.3434,16.3353,2042333.3333333333,23.630833333333335,24.012966666666667,24.579033333333335,22.682633333333335,22.116566666666667,21.734433333333335
3681,2015-02-11,23.2745,23.4814,22.7573,22.878,762000,23.96536666666664,24.128607999999968,21.350747000000055,20.113359000000067,39.69184056041675,25.181471350610572,23.896465000000035,22.611458649389498,-0.28255048915275083,-0.0923131302002803,Bearish,25.3434,16.3353,2110166.6666666665,23.320500000000003,23.763,24.044600000000003,22.596400000000003,22.3148,21.872300000000003
3682,2015-02-12,22.8952,22.9297,21.7401,22.4987,1358000,23.829904761904736,24.11412599999997,21.391779000000056,20.128056500000067,36.3643903699519,25.10124426060957,23.774060000000034,22.4468757393905,-0.33761269249067993,-0.14137304265836023,Bearish,25.3434,16.3353,2051428.5714285714,23.038899999999995,23.579099999999997,24.228499999999993,21.849299999999996,21.1999,20.659699999999997
3683,2015-02-13,21.9987,22.8004,21.9987,22.447,1422000,23.71086666666664,24.080851999999968,21.43082900000006,20.14232300000007,35.92234445483334,25.021263166210566,23.657690000000034,22.294116833789502,-0.38102937382392454,-0.1893043088914731,Bearish,25.3434,16.3353,1880214.2857142857,22.832033333333335,23.217066666666668,23.633733333333335,22.030333333333335,21.613666666666667,21.228633333333335
3684,2015-02-16,22.6194,22.628,22.1194,22.1711,296000,23.586899999999975,24.04533599999997,21.470568000000057,20.156244500000067,33.576635694360384,24.990855573877084,23.540885000000035,22.090914426122986,-0.432712193970211,-0.23798588590722067,Bearish,25.3434,16.3353,1817119.0476190476,22.492933333333333,22.814766666666667,23.001533333333334,21.984333333333332,21.797566666666665,21.47573333333333
3685,2015-02-17,22.0246,22.3177,21.8177,22.1625,556000,23.475247619047593,24.029129999999967,21.508755000000054,20.169735000000067,33.50319663640351,24.958998431327398,23.434425000000036,21.909851568672675,-0.46895927876892074,-0.2841805644795607,Bearish,25.3434,16.3353,1792761.9047619049,22.3809,22.5993,22.8809,21.8809,21.5993,21.3809
3686,2015-02-18,22.0246,22.6021,22.0246,22.4901,1004500,23.38945714285712,24.016543999999968,21.550649000000057,20.183743000000064,38.978439103390095,24.920085978860445,23.361585000000037,21.80308402113963,-0.46588039331185627,-0.3205205302460198,Bearish,25.3434,16.3353,1786071.4285714286,22.719933333333344,22.949766666666672,23.297433333333345,22.142433333333344,21.79476666666667,21.564933333333343
3687,2015-02-19,22.5849,22.9211,22.3263,22.7314,831000,23.331576190476166,24.010163999999964,21.59297400000006,20.198483500000066,42.71960287753803,24.88172749761396,23.310725000000037,21.739722502386115,-0.43890997999578474,-0.3441984201959728,Bearish,25.3434,16.3353,1790761.9047619049,22.992900000000002,23.2544,23.5877,22.398100000000003,22.0648,21.803300000000004
3688,2015-02-20,22.9125,22.9297,22.4211,22.4728,291500,23.270823809523783,24.001543999999964,21.634954000000057,20.212189500000065,39.89657659337394,24.785179954431456,23.225815000000036,21.666450045568617,-0.4334065509875167,-0.36204004635428155,Bearish,25.3434,16.3353,1761523.8095238095,22.794633333333334,23.116466666666668,23.303233333333335,22.286033333333332,22.099266666666665,21.77743333333333
3689,2015-02-23,22.6711,22.6711,21.9815,22.0418,824500,23.16943333333331,23.961545999999963,21.672624000000056,20.223740500000066,35.6662090743361,24.673497777821765,23.113320000000037,21.55314222217831,-0.4585374080210691,-0.38133951868763905,Bearish,25.3434,16.3353,1728857.142857143,22.48143333333333,22.921066666666665,23.17103333333333,21.791833333333333,21.541866666666667,21.102233333333334
3690,2015-02-24,22.016,22.197,21.2057,21.3005,718000,23.026995238095214,23.896549999999962,21.70288100000005,20.232835000000065,29.81124770838126,24.6370385870992,22.96936500000004,21.301691412900876,-0.5321363711325837,-0.41149888917662797,Bearish,25.3434,16.3353,1639833.3333333333,21.929766666666673,22.559033333333335,22.921066666666672,20.938466666666674,20.576433333333338,19.947166666666675
3691,2015-02-25,21.4643,21.5505,20.6885,20.8953,1255000,22.87059999999998,23.825691999999957,21.729086000000052,20.239300000000064,27.18433348569309,24.61564722715828,22.80773500000004,20.9998227728418,-0.616058790993371,-0.45241086953997656,Bearish,25.3434,16.3353,1561404.761904762,21.401033333333327,21.906766666666663,22.263033333333325,20.53903333333333,20.182766666666666,19.67703333333333
3692,2015-02-26,21.1022,21.197,20.8178,21.016,564500,22.722414285714265,23.754315999999957,21.757188000000053,20.246713000000067,29.186070185803803,24.513645611489977,22.65214000000004,20.7906343885101,-0.6651608716137218,-0.4949608699547256,Bearish,25.3434,16.3353,1567142.857142857,21.202733333333327,21.389466666666664,21.58193333333333,20.823533333333327,20.631066666666662,20.444333333333326
3693,2015-02-27,21.1195,21.8522,21.1195,21.4039,1506000,22.59269999999998,23.685697999999956,21.783652000000046,20.256712000000064,35.33822088422608,24.271048654465524,22.50516500000004,20.739281345534557,-0.6651073920813637,-0.5289901743800532,Bearish,25.3434,16.3353,1543404.761904762,21.797566666666672,22.191233333333336,22.530266666666673,21.06486666666667,20.725833333333334,20.33216666666667
3694,2015-03-02,21.3781,21.4988,20.9471,21.1022,621500,22.43835714285712,23.619321999999958,21.807530000000046,20.265763000000064,32.94111726363521,24.039107144706186,22.35086000000004,20.662612855293894,-0.6815531572103524,-0.5595027709461131,Bearish,25.3434,16.3353,1537142.857142857,21.418300000000002,21.7344,21.970000000000002,20.866600000000002,20.631,20.3149
3695,2015-03-03,20.9557,21.2057,20.5161,21.016,543000,22.28729523809522,23.553979999999957,21.83158000000005,20.275116000000065,32.267635396975614,23.817938331556547,22.20388500000004,20.58983166844353,-0.693547381659446,-0.5863116930887797,Bearish,25.3434,16.3353,1325714.2857142857,21.3091,21.6022,21.9987,20.619500000000002,20.223000000000003,19.929900000000004
3696,2015-03-04,21.1108,21.4643,21.0333,21.1195,624000,22.1522476190476,23.48139799999996,21.857355000000048,20.28619300000006,34.01212933150129,23.65753871725805,22.08665000000004,20.515761282742034,-0.6867844819354083,-0.6064062508581054,Bearish,25.3434,16.3353,1177047.619047619,21.378099999999993,21.636699999999998,21.809099999999994,20.947099999999992,20.774699999999996,20.51609999999999
3697,2015-03-05,21.4126,22.0677,21.2919,21.9384,2759000,22.079590476190457,23.425193999999962,21.89390500000005,20.29666650000006,45.88747433762797,23.448858355094163,22.01036000000004,20.57186164490592,-0.6083339538674508,-0.6067917914599745,Bearish,25.3434,16.3353,1141761.9047619049,22.240100000000005,22.541800000000002,23.015900000000006,21.464300000000005,20.9902,20.688500000000005
3698,2015-03-06,22.1108,22.1453,21.5505,21.8953,280000,22.004880952380933,23.36123199999996,21.93183400000005,20.306407500000063,45.42413426491746,23.343870454015182,21.96122500000004,20.5785795459849,-0.5433754608926407,-0.5941085253465077,Bullish,25.3434,16.3353,1210547.619047619,22.176899999999996,22.458499999999997,22.771699999999996,21.582099999999997,21.2689,20.987299999999998
3699,2015-03-09,22.1453,22.4987,21.9901,22.0246,1065000,21.964242857142843,23.31054599999996,21.974935000000052,20.316191500000066,47.14826769448507,23.31143151088097,21.94269000000004,20.573948489119115,-0.47597521185662117,-0.5704818626485304,Bullish,25.3434,16.3353,1161285.7142857143,22.352166666666665,22.67973333333333,22.860766666666663,21.843566666666668,21.662533333333336,21.33496666666667
3700,2015-03-10,22.628,22.8349,21.5505,21.6453,2883500,21.928528571428554,23.254341999999955,22.01217400000005,20.323993000000065,42.86977813972767,23.097145508568715,21.862520000000043,20.62789449143137,-0.4480020798556765,-0.5459859060899597,Bullish,25.3434,16.3353,1087380.9523809524,22.469966666666664,23.294633333333334,23.754366666666666,21.185566666666663,20.72583333333333,19.90116666666666
3701,2015-03-11,21.6798,21.8091,21.2057,21.5332,936000,21.84683809523808,23.190033999999958,22.04880900000005,20.332699000000066,41.66635677628346,22.94491719599215,21.795280000000044,20.645642804007938,-0.4299228216799449,-0.5227732892079567,Bullish,25.3434,16.3353,1126809.5238095238,21.826300000000003,22.119400000000002,22.429700000000004,21.222900000000003,20.9126,20.619500000000002
3702,2015-03-12,21.5591,21.8436,21.335,21.4126,444000,21.777057142857128,23.13141799999996,22.08475600000005,20.340673000000066,40.353919423888456,22.854616956603866,21.740975000000045,20.627333043396224,-0.42047926816129433,-0.5023144849986243,Bullish,25.3434,16.3353,1004809.5238095238,21.7258,22.038999999999998,22.234399999999997,21.217200000000002,21.021800000000002,20.708600000000004
3703,2015-03-13,21.9384,21.9384,21.2488,21.6194,501000,21.7351857142857,23.081419999999962,22.121995000000048,20.350327500000066,43.63267033939762,22.76571461144553,21.699595000000045,20.633475388554558,-0.39179182004085433,-0.4802099520070703,Bullish,25.3434,16.3353,989666.6666666666,21.9556,22.291800000000002,22.645200000000003,21.266,20.912599999999998,20.576399999999996
3704,2015-03-16,21.8953,22.5849,21.878,21.9642,1473500,21.712195238095223,23.03366399999996,22.163889000000044,20.361016500000066,48.69645570568059,22.74078350779178,21.689250000000044,20.63771649220831,-0.3373456219973079,-0.4516370860051178,Bullish,25.3434,16.3353,948857.1428571428,22.406733333333328,22.849266666666665,23.11363333333333,21.699833333333327,21.435466666666663,20.992933333333326
3705,2015-03-17,21.9384,21.9729,21.1281,21.4643,745000,21.67853809523808,22.979011999999962,22.201990000000045,20.364723500000068,42.70627306915525,22.686897636943065,21.65434000000004,20.621782363057015,-0.3307220124532506,-0.4274540712947444,Bullish,25.3434,16.3353,951309.5238095238,21.915433333333336,22.366566666666667,22.760233333333336,21.070633333333337,20.67696666666667,20.225833333333338
3706,2015-03-18,21.5505,21.5505,20.3954,20.5419,2010000,21.60136666666665,22.90953199999996,22.23474700000005,20.363387500000066,34.31779881703921,22.622775221600627,21.556930000000044,20.49108477839946,-0.39534542933521877,-0.42103234290283925,Bullish,25.3434,16.3353,972690.4761904762,21.263133333333332,21.984366666666666,22.418233333333333,20.10803333333333,19.674166666666665,18.95293333333333
3707,2015-03-19,20.6798,20.8609,20.6023,20.6971,427500,21.515985714285698,22.832123999999958,22.269400000000047,20.365413500000066,36.57519381279145,22.43838733540689,21.45521500000004,20.472042664593193,-0.42909032370900846,-0.4226439390640731,Bearish,25.3434,16.3353,1041928.5714285715,20.837899999999998,20.9787,21.0965,20.579299999999996,20.461499999999997,20.320699999999995
3708,2015-03-20,20.7316,21.1539,20.7316,21.1022,445000,21.438404761904742,22.75954199999996,22.305346000000046,20.368603000000064,42.162759395772795,22.261710981962782,21.38668500000004,20.511659018037296,-0.41832304353224714,-0.4217797599577079,Bullish,25.3434,16.3353,1014452.380952381,21.260200000000005,21.418200000000002,21.682500000000005,20.837900000000005,20.573600000000003,20.415600000000005
3709,2015-03-23,20.7316,21.1539,20.7316,21.1022,445000,21.373138095238076,22.682303999999963,22.341292000000045,20.374033500000063,42.1627593957728,22.168676168322765,21.339705000000038,20.51073383167731,-0.40511992608854897,-0.4184477931838761,Bullish,25.3434,16.3353,996071.4285714285,21.260200000000005,21.418200000000002,21.682500000000005,20.837900000000005,20.573600000000003,20.415600000000005
3710,2015-03-24,21.2833,21.335,20.6885,20.7747,610500,21.312799999999978,22.597137999999962,22.373963000000046,20.379206000000064,38.94582078169528,22.1782660074633,21.313415000000038,20.448563992536776,-0.4162842081359237,-0.4180150761742856,Bullish,25.3434,16.3353,1003380.9523809524,21.17696666666667,21.579233333333335,21.82346666666667,20.53046666666667,20.286233333333335,19.88396666666667
3711,2015-03-25,20.6885,20.9471,20.6885,20.7402,911000,21.286119047619028,22.505073999999965,22.40085800000005,20.385886500000062,38.61160719504278,22.187973867968815,21.30566000000004,20.423346132031263,-0.4230393099321752,-0.41901992292586354,Bearish,25.3434,16.3353,993190.4761904762,20.895366666666664,21.05053333333333,21.153966666666662,20.636766666666666,20.533333333333335,20.37816666666667
3712,2015-03-26,20.9471,21.0333,19.723,19.904,1672500,21.238914285714266,22.404217999999965,22.42292500000005,20.391144500000063,31.545550705068727,22.31882652717535,21.250060000000037,20.181293472824724,-0.4902162209129166,-0.43325918252327417,Bearish,25.3434,16.3353,1002380.9523809524,20.7172,21.5304,22.0275,19.406899999999997,18.909799999999997,18.096599999999995
3713,2015-03-27,20.2143,20.4299,19.6109,19.9471,2032500,21.188014285714264,22.307671999999965,22.44223400000005,20.39489400000006,32.2339229656648,22.38380477962,21.177220000000034,19.970635220380068,-0.533823017596827,-0.45337194953798476,Bearish,25.3434,16.3353,1022261.9047619047,20.381033333333328,20.814966666666663,21.200033333333327,19.56203333333333,19.176966666666665,18.74303333333333
3714,2015-03-30,20.1712,20.1712,18.9558,18.973,2092000,21.07225714285712,22.196987999999966,22.44930200000005,20.39265250000006,25.895784660286303,22.6138424558689,21.070760000000035,19.52767754413117,-0.6396104165076189,-0.49061964293191157,Bearish,25.3434,16.3353,1092166.6666666667,19.777533333333327,20.582066666666663,20.992933333333326,18.56213333333333,18.151266666666665,17.34673333333333
3715,2015-03-31,19.2058,19.9213,19.1799,19.9213,1025500,21.016023809523784,22.109579999999966,22.46688800000005,20.39532500000006,38.561169220824524,22.638606804258448,21.016025000000035,19.39344319574162,-0.6395554109077253,-0.5204067965270743,Bearish,25.3434,16.3353,1120071.4285714286,20.16843333333333,20.415566666666663,20.909833333333328,19.42703333333333,18.932766666666666,18.68563333333333
3716,2015-04-01,19.8351,20.0419,19.4213,19.5334,1151500,20.945423809523785,22.021309999999968,22.480250000000048,20.39756650000006,35.86119893105915,22.68174393748951,20.93672000000003,19.191696062510548,-0.6631675243447575,-0.5489589420906109,Bearish,25.3434,16.3353,1139309.5238095238,19.909766666666666,20.286133333333332,20.530366666666666,19.289166666666667,19.044933333333333,18.668566666666667
3717,2015-04-02,19.6885,19.9988,19.4644,19.8178,604500,20.88343809523807,21.94269399999997,22.498180000000044,20.39980750000006,39.221317252864466,22.57707567550565,20.83069000000003,19.084304324494408,-0.651422399267279,-0.5694516335259445,Bearish,25.3434,16.3353,1168285.7142857143,20.056266666666662,20.29473333333333,20.59066666666666,19.521866666666664,19.225933333333334,18.987466666666666
3718,2015-04-03,19.8954,20.2574,19.7833,20.0764,1739000,20.7947714285714,21.860801999999968,22.51973000000004,20.403557000000056,42.18711796445695,22.44382561602482,20.739745000000028,19.035664383975234,-0.6141677012804507,-0.5783948470768457,Bearish,25.3434,16.3353,1167357.142857143,20.294766666666664,20.513133333333332,20.768866666666664,19.820666666666664,19.564933333333332,19.346566666666664
3719,2015-04-06,20.2488,21.0764,19.8782,21.0246,2945000,20.7533095238095,21.795459999999967,22.54498700000004,20.411056500000058,51.52709563054595,22.295966885640958,20.689745000000027,19.083523114359096,-0.5023405994243291,-0.5631839975463424,Bullish,25.3434,16.3353,1118785.7142857143,21.441266666666664,21.85793333333333,22.639466666666664,20.243066666666664,19.461533333333332,19.044866666666664
3720,2015-04-07,21.1195,21.8953,20.4816,20.7919,4437000,20.694609523809497,21.727705999999966,22.567141000000042,20.41842700000006,49.417109164679964,22.193728124495564,20.647075000000026,19.100421875504487,-0.4275650569510212,-0.5360602094272782,Bullish,25.3434,16.3353,1245690.4761904762,21.63093333333333,22.469966666666664,23.04463333333333,20.217233333333333,19.642566666666667,18.803533333333334
3721,2015-04-08,20.6712,21.0246,20.3523,20.4557,1472000,20.637961904761873,21.654261999999967,22.587485000000044,20.42433200000006,46.45717012475404,22.086788698407954,20.593200000000024,19.099611301592095,-0.3909270671847409,-0.5070335809787707,Bullish,25.3434,16.3353,1406261.9047619049,20.869433333333333,21.283166666666666,21.541733333333333,20.197133333333333,19.938566666666667,19.524833333333333
3722,2015-04-09,20.6798,21.1108,20.6023,20.766,1272000,20.601428571428542,21.58702399999997,22.610501000000045,20.42846950000006,49.46573992416246,22.009426170954992,20.560870000000026,19.11231382904506,-0.3330138037817072,-0.472229625539358,Bullish,25.3434,16.3353,1339047.619047619,21.050433333333338,21.33486666666667,21.55893333333334,20.541933333333336,20.317866666666667,20.033433333333335
3723,2015-04-10,20.8522,21.3264,20.8609,20.9557,1108500,20.579671428571398,21.51926999999997,22.626190000000044,20.43200400000006,51.26850343176108,21.906449300782306,20.527685000000027,19.148920699217747,-0.26871237172768403,-0.4315261747770232,Bullish,25.3434,16.3353,1355047.619047619,21.234433333333335,21.513166666666667,21.699933333333334,20.768933333333337,20.58216666666667,20.303433333333338
3724,2015-04-13,20.8264,20.8867,20.4299,20.5678,647000,20.529595238095208,21.44685999999997,22.62834500000004,20.43652950000006,47.534307108724,21.669928711655576,20.457865000000023,19.24580128834447,-0.24621509736367386,-0.39446395929435335,Bullish,25.3434,16.3353,1386690.4761904762,20.82636666666667,21.084933333333336,21.28316666666667,20.369566666666667,20.171333333333333,19.912766666666666
3725,2015-04-14,20.5592,20.7747,20.2143,20.3609,528500,20.453247619047588,21.374967999999967,22.629983000000042,20.440753500000064,45.62542619550573,21.5235079575946,20.402695000000026,19.281882042405453,-0.24228800095468017,-0.3640287676264187,Bullish,25.3434,16.3353,1393642.857142857,20.685633333333328,21.010366666666663,21.246033333333326,20.12523333333333,19.889566666666667,19.564833333333333
3726,2015-04-15,20.6281,20.6281,20.085,20.1109,189500,20.38879999999997,21.307901999999967,22.632828000000046,20.444632500000065,43.35962705740826,21.506985723154006,20.381145000000025,19.255304276846044,-0.2563931191418831,-0.3425016379295116,Bullish,25.3434,16.3353,1348642.857142857,20.464333333333336,20.817766666666667,21.007433333333335,19.921233333333337,19.73156666666667,19.378133333333338
3727,2015-04-16,20.1195,20.6367,20.0592,20.4385,654500,20.383876190476162,21.24738799999997,22.629035000000048,20.450796000000064,47.06910089082898,21.485148749651884,20.368215000000028,19.25128125034817,-0.2383889454236865,-0.3216790994283466,Bullish,25.3434,16.3353,1322190.4761904762,20.697066666666668,20.955633333333335,21.27456666666667,20.119566666666667,19.800633333333334,19.542066666666667
3728,2015-04-17,20.2747,20.8436,20.1712,20.4816,932500,20.373614285714257,21.199459999999974,22.61843200000005,20.455882000000067,47.55573469476889,21.404196711796796,20.337185000000026,19.270173288203257,-0.21812825153708104,-0.3009689298500935,Bullish,25.3434,16.3353,1257642.857142857,20.8264,21.1712,21.4988,20.154,19.8264,19.4816
3729,2015-04-20,20.6023,20.8005,19.8264,20.0506,772000,20.323538095238067,21.152565999999975,22.611191000000048,20.460020000000064,43.271442711176114,21.297932178117456,20.284605000000028,19.2712778218826,-0.23415046286196883,-0.28760523645246855,Bullish,25.3434,16.3353,1281690.4761904762,20.62526666666667,21.199933333333334,21.59936666666667,19.65116666666667,19.251733333333334,18.67706666666667
3730,2015-04-21,20.0247,20.2574,19.654,19.7489,796000,20.25909523809521,21.082569999999972,22.59800300000005,20.463339000000065,40.519597439507,21.24606702350415,20.233315000000026,19.220562976495902,-0.268102332556829,-0.28370465567334063,Bullish,25.3434,16.3353,1297261.9047619049,20.119533333333326,20.490166666666664,20.722933333333327,19.516133333333325,19.283366666666662,18.912733333333325
3731,2015-04-22,19.8609,20.3437,19.8264,20.1626,543500,20.22994761904759,21.028261999999977,22.57843500000005,20.46855400000007,45.62593296902738,21.190307245837182,20.204435000000025,19.218562754162868,-0.25864579362765383,-0.2786928832642033,Bullish,25.3434,16.3353,1313976.1904761905,20.395399999999995,20.628199999999996,20.912699999999994,19.878099999999996,19.5936,19.360799999999998
3732,2015-04-23,20.2488,20.3868,19.9557,19.973,253000,20.19341428571426,20.977747999999973,22.54593700000005,20.47230400000007,43.77128191612865,21.190003459816225,20.207885000000026,19.225766540183827,-0.263414080294222,-0.275637122670207,Bullish,25.3434,16.3353,1310785.7142857143,20.25463333333333,20.536266666666666,20.68573333333333,19.82353333333333,19.674066666666665,19.39243333333333
3733,2015-04-24,20.085,20.1712,19.8264,19.9902,289500,20.19751904761902,20.928611999999976,22.50473200000005,20.47527800000007,43.99369593801936,21.190046980389315,20.210040000000028,19.23003301961074,-0.2627759677931678,-0.2730648916947992,Bullish,25.3434,16.3353,1279452.380952381,20.165466666666667,20.340733333333333,20.510266666666666,19.820666666666668,19.651133333333334,19.47586666666667
3734,2015-04-27,19.8695,20.1626,19.6799,19.7402,371500,20.18766666666664,20.879993999999975,22.46266500000005,20.47782100000007,41.42861740562921,21.080640383550183,20.24840000000003,19.416159616449875,-0.2792244441209064,-0.2742968021800206,Bearish,25.3434,16.3353,1213595.238095238,20.041900000000002,20.343600000000002,20.524600000000003,19.5592,19.3782,19.0765
3735,2015-04-28,19.8351,20.1023,19.5937,19.8264,910500,20.228304761904734,20.833271999999976,22.43120100000005,20.48023450000007,42.66982780010052,21.084340383429154,20.24365500000003,19.402969616570903,-0.2820530287751666,-0.2758480474990498,Bearish,25.3434,16.3353,1134500.0,20.087899999999998,20.3494,20.5965,19.579299999999996,19.332199999999997,19.070699999999995
3736,2015-04-29,19.9988,20.2488,19.7833,19.8437,564500,20.224609523809498,20.78034399999997,22.39844400000005,20.482562000000073,42.931213657281326,21.057223519766428,20.25917000000003,19.46111648023363,-0.27967481984303433,-0.2766134019678467,Bearish,25.3434,16.3353,1078238.0952380951,20.1339,20.4241,20.5994,19.668400000000002,19.493100000000002,19.202900000000003
3737,2015-04-30,19.9988,20.0764,19.7402,19.9471,776000,20.244309523809495,20.724657999999973,22.367411000000047,20.485708500000072,44.55824139110652,21.05128013433977,20.265635000000028,19.479989865660286,-0.2663759402541217,-0.2745659096251017,Bullish,25.3434,16.3353,1056285.7142857143,20.102266666666665,20.25743333333333,20.438466666666663,19.766066666666667,19.585033333333335,19.42986666666667
3738,2015-05-01,19.9988,20.0764,19.7402,19.9471,776000,20.25046666666664,20.674143999999973,22.337844000000047,20.488855000000076,44.55824139110653,21.053022646535627,20.25917000000003,19.46531735346443,-0.2529209668980883,-0.270236921079699,Bullish,25.3434,16.3353,1038404.7619047619,20.102266666666665,20.25743333333333,20.438466666666663,19.766066666666667,19.585033333333335,19.42986666666667
3739,2015-05-04,19.8695,20.1712,19.654,19.723,278500,20.23363809523807,20.627767999999975,22.294657000000043,20.491613500000074,41.57864566474528,20.938119190026523,20.194090000000028,19.450060809973532,-0.2573739539621869,-0.2676643276561966,Bullish,25.3434,16.3353,1046571.4285714285,20.0448,20.3666,20.561999999999998,19.5276,19.3322,19.0104
3740,2015-05-05,19.7402,19.8178,19.4472,19.5506,210500,20.16344761904759,20.592769999999973,22.244660000000046,20.493510000000075,39.39610342285972,20.873315560786878,20.132025000000027,19.390734439213176,-0.2716824315313531,-0.2684679484312279,Bearish,25.3434,16.3353,977023.8095238095,19.763199999999994,19.975799999999996,20.133799999999994,19.392599999999995,19.234599999999997,19.021999999999995
3741,2015-05-06,19.7316,19.8264,19.6109,19.6799,213000,20.110495238095208,20.568461999999972,22.197077000000046,20.496053000000074,41.86103877571822,20.84385030833813,20.09323500000003,19.342619691661927,-0.2694821512048442,-0.26867078898595115,Bearish,25.3434,16.3353,846809.5238095238,19.80056666666666,19.92123333333333,20.01606666666666,19.585066666666663,19.490233333333332,19.369566666666664
3742,2015-05-07,19.8264,19.8695,19.5247,19.6799,313000,20.07355238095235,20.541739999999972,22.148028000000046,20.498596000000074,41.86103877571822,20.742686935604873,20.038930000000025,19.33517306439518,-0.26468726318601554,-0.267874083825964,Bullish,25.3434,16.3353,645666.6666666666,19.858033333333335,20.036166666666666,20.202833333333334,19.513233333333336,19.346566666666668,19.168433333333336
3743,2015-05-08,19.7402,19.7402,19.4041,19.4385,461500,20.010338095238062,20.50243199999997,22.094065000000047,20.499932000000076,38.47285105587554,20.57647415421856,19.963070000000023,19.349665845781487,-0.2771711855281147,-0.26973350416639413,Bearish,25.3434,16.3353,590476.1904761905,19.651100000000007,19.863700000000005,19.98720000000001,19.315000000000005,19.1915,18.978900000000003
3744,2015-05-11,19.4816,19.4816,18.4731,18.5162,1251000,19.8941714285714,20.45071199999997,22.03501700000005,20.494674000000078,28.861308282504567,20.684941887991105,19.860490000000027,19.03603811200895,-0.35736717955080977,-0.28726023924327726,Bearish,25.3434,16.3353,551880.9523809524,19.174166666666668,19.832133333333335,20.18266666666667,18.165666666666667,17.815133333333332,17.157166666666665
3745,2015-05-12,18.7403,19.0506,18.2748,18.7575,909000,19.807966666666637,20.405541999999972,21.97976100000005,20.492389500000076,33.539440796546664,20.700780403500634,19.780320000000025,18.859859596499415,-0.39687723549963394,-0.3091836384945486,Bearish,25.3434,16.3353,558666.6666666666,19.113799999999998,19.4701,19.889599999999998,18.337999999999997,17.918499999999998,17.562199999999997
3746,2015-05-13,18.9644,19.5247,18.792,18.9299,1617500,19.739823809523777,20.361749999999972,21.92157400000005,20.49221700000008,36.740242652980434,20.699066478011897,19.721270000000025,18.743473521988154,-0.4095568834880332,-0.32925828749324554,Bearish,25.3434,16.3353,571142.8571428572,19.3724,19.814899999999998,20.105099999999997,18.6397,18.349500000000003,17.907000000000004
3747,2015-05-14,19.1282,19.6885,18.9644,19.4299,987500,19.707395238095206,20.31157999999997,21.86838700000005,20.49450150000008,45.01170801511811,20.59820655838599,19.670840000000023,18.743473441614057,-0.37493772583235696,-0.33839417516106785,Bearish,25.3434,16.3353,623000.0,19.75746666666667,20.085033333333335,20.48156666666667,19.03336666666667,18.636833333333335,18.30926666666667
3748,2015-05-15,19.3954,19.8178,19.3265,19.5592,1125000,19.665523809523776,20.264857999999972,21.813045000000052,20.497949500000075,46.94369904485515,20.4747357989195,19.62472000000002,18.774704201080542,-0.33322712965389556,-0.3373607660596334,Bullish,25.3434,16.3353,661000.0,19.80916666666666,20.059133333333328,20.300466666666658,19.31786666666666,19.07653333333333,18.82656666666666
3749,2015-05-18,19.3178,19.6454,19.3178,19.5678,318000,19.62200952380949,20.215721999999975,21.76313400000005,20.50613850000008,47.076886974334606,20.427966924245588,19.600580000000022,18.773193075754456,-0.2960643875806994,-0.3291014903638466,Bullish,25.3434,16.3353,683404.7619047619,19.702866666666665,19.837933333333332,20.030466666666666,19.375266666666665,19.18273333333333,19.047666666666665
3750,2015-05-19,19.5678,19.7833,19.2403,19.2661,355500,19.58465238095235,20.168137999999974,21.711240000000046,20.51596550000008,42.99889182566456,20.413227770950716,19.576440000000023,18.73965222904933,-0.2876415624512063,-0.32080950478131853,Bullish,25.3434,16.3353,654142.8571428572,19.619500000000006,19.972900000000003,20.162500000000005,19.076500000000006,18.886900000000004,18.533500000000007
3751,2015-05-20,19.723,19.7402,19.3092,19.3265,382000,19.564538095238063,20.124003999999974,21.65701900000005,20.52531850000008,44.04393077829676,20.332758068901487,19.534635000000023,18.73651193109856,-0.27294628279189936,-0.3112368603834347,Bullish,25.3434,16.3353,634309.5238095238,19.60806666666667,19.889633333333336,20.03906666666667,19.17706666666667,19.027633333333334,18.746066666666668
3752,2015-05-21,19.3609,19.3954,19.1972,19.3006,85000,19.523490476190442,20.081763999999975,21.606591000000048,20.53454200000008,43.67416957247568,20.27883304884763,19.50101500000002,18.72319695115241,-0.2603884849643343,-0.3010671852996146,Bullish,25.3434,16.3353,614595.2380952381,19.39826666666666,19.49593333333333,19.59646666666666,19.20006666666666,19.09953333333333,19.00186666666666
3753,2015-05-22,19.3092,19.3437,19.1023,19.1541,146500,19.484495238095207,20.032457999999973,21.556939000000053,20.543205500000077,41.5493500331333,20.21698298421953,19.45921000000002,18.70143701578051,-0.2592689740172176,-0.29270754304313523,Bullish,25.3434,16.3353,592761.9047619047,19.297766666666668,19.441433333333332,19.539166666666667,19.05636666666667,18.958633333333335,18.81496666666667
3754,2015-05-25,19.2575,19.5678,19.1972,19.292,214000,19.451247619047585,19.979013999999975,21.506339000000054,20.552688000000074,44.29655326588329,20.18647447869964,19.436800000000016,18.68712552130039,-0.24443666231771388,-0.28305336689805094,Bullish,25.3434,16.3353,587690.4761904762,19.50746666666667,19.722933333333334,19.87806666666667,19.13686666666667,18.981733333333334,18.76626666666667
3755,2015-05-26,19.3954,19.4127,19.2058,19.292,255500,19.429904761904726,19.935567999999975,21.457290000000054,20.562903000000077,44.29655326588329,20.14014285100239,19.410080000000015,18.68001714899764,-0.23003030229881105,-0.27244875397820295,Bullish,25.3434,16.3353,584095.2380952381,19.4012,19.5104,19.6081,19.1943,19.0966,18.987399999999997
3756,2015-05-27,19.2661,19.3351,18.8093,18.9903,992000,19.39009047619044,19.90453599999998,21.407034000000053,20.57169550000008,39.57676858588205,20.090837010564258,19.367410000000014,18.64398298943577,-0.24018907661677957,-0.2659968185059183,Bullish,25.3434,16.3353,578571.4285714285,19.280500000000004,19.570700000000002,19.806300000000004,18.754700000000003,18.5191,18.228900000000003
3757,2015-05-28,18.9903,19.9385,18.9041,19.9385,3784500,19.394604761904723,19.88936399999998,21.360744000000054,20.58428100000008,55.59171736326065,20.089037171153066,19.366980000000016,18.644922828846966,-0.1697711467904952,-0.24675168416283366,Bullish,25.3434,16.3353,582452.380952381,20.283300000000004,20.628100000000003,21.317700000000006,19.248900000000003,18.5593,18.2145
3758,2015-05-29,20.1712,20.1712,19.3954,19.5161,1259000,19.374080952380915,19.857641999999977,21.308592000000054,20.59557350000008,49.32042485995331,20.021187693566315,19.345430000000015,18.669672306433714,-0.14636141662129276,-0.22667363065452548,Bullish,25.3434,16.3353,735785.7142857143,19.993066666666667,20.470033333333333,20.768866666666668,19.217266666666667,18.918433333333333,18.441466666666667
3759,2015-06-01,19.4816,20.0678,19.2661,19.9644,1314500,19.374904761904727,19.834885999999976,21.25859500000005,20.609409000000078,55.108575982176845,20.06755540066547,19.357500000000016,18.647444599334563,-0.0905907002024442,-0.19945704456410923,Bullish,25.3434,16.3353,758785.7142857143,20.2661,20.5678,21.0678,19.464400000000005,18.964400000000005,18.662700000000008
3760,2015-06-02,19.8264,20.2057,19.7489,19.8523,1016000,19.381061904761868,19.816437999999977,21.206788000000053,20.623115000000077,53.46423525952948,20.110674648426144,19.37258500000002,18.634495351573893,-0.05480577195174874,-0.17052679004163712,Bullish,25.3434,16.3353,784428.5714285715,20.122366666666665,20.392433333333333,20.579166666666666,19.665566666666663,19.47883333333333,19.208766666666662
3761,2015-06-03,19.8695,20.1712,19.654,19.8609,583500,19.395838095238062,19.798851999999975,21.151963000000052,20.639278000000072,53.578672585291834,20.138768096036166,19.38163500000002,18.624501903963875,-0.025458540166141574,-0.141513140066538,Bullish,25.3434,16.3353,819547.619047619,20.13673333333333,20.412566666666663,20.653933333333327,19.61953333333333,19.378166666666665,19.10233333333333
3762,2015-06-04,20.0419,20.7316,20.0419,20.5247,2253000,19.436066666666633,19.81126599999998,21.107742000000048,20.66022500000007,61.457238201504595,20.323675406486586,19.42387500000002,18.524074593513454,0.05077713761649605,-0.1030550845299312,Bullish,25.3434,16.3353,837309.5238095238,20.823566666666665,21.122433333333333,21.513266666666667,20.133866666666663,19.74303333333333,19.44416666666666
3763,2015-06-05,20.6023,20.6023,20.1712,20.2919,264000,19.46520952380949,19.81816199999998,21.062917000000052,20.679017000000076,57.75511821805507,20.442766572140847,19.46654500000002,18.490323427859195,0.09135634798618142,-0.06417279802670867,Bullish,25.3434,16.3353,934452.380952381,20.539066666666663,20.786233333333332,20.970166666666664,20.107966666666663,19.92403333333333,19.676866666666662
3764,2015-06-08,19.3954,20.6023,19.3092,20.2057,1536500,19.501742857142826,19.84281599999998,21.01990200000005,20.69785200000008,56.40034018324739,20.474655942573392,19.55102000000002,18.627384057426646,0.11523172536429627,-0.02829189334850768,Bullish,25.3434,16.3353,932119.0476190476,20.768933333333333,21.332166666666666,22.062033333333332,19.475833333333334,18.745966666666668,18.182733333333335
3765,2015-06-09,20.1712,20.3437,19.7833,19.8178,496500,19.563723809523776,19.84074599999998,20.975163000000048,20.710566500000077,50.643328528304934,20.458529300223155,19.604035000000017,18.74954069977688,0.10168073356237173,-0.0022973679663317974,Bullish,25.3434,16.3353,983309.5238095238,20.1799,20.541999999999998,20.740299999999998,19.619500000000002,19.421200000000002,19.059100000000004
3766,2015-06-10,19.9557,20.0419,19.7402,19.8178,328500,19.61421428571425,19.84643399999998,20.933872000000047,20.721212500000075,50.64332852830492,20.448757645663687,19.64843000000002,18.84810235433635,0.08990510484505165,0.016143126595944895,Bullish,25.3434,16.3353,947380.9523809524,19.993066666666664,20.16833333333333,20.29476666666666,19.691366666666667,19.564933333333336,19.38966666666667
3767,2015-06-11,19.9902,20.6281,19.8264,20.5074,2743500,19.689333333333302,19.86022599999998,20.901460000000046,20.734918500000077,59.22474387835138,20.578049881751184,19.70230500000002,18.826560118248857,0.13466545152128262,0.03984759158101244,Bullish,25.3434,16.3353,919738.0952380953,20.814866666666667,21.122333333333334,21.616566666666667,20.013166666666667,19.518933333333333,19.211466666666666
3768,2015-06-12,20.6023,20.6023,20.1281,20.3781,1421000,19.734485714285682,19.86625999999998,20.863531000000048,20.749745000000075,57.216036011517055,20.663829759723715,19.743250000000025,18.822670240276334,0.157884920267378,0.06345505731828555,Bullish,25.3434,16.3353,973357.1428571428,20.610900000000004,20.843700000000002,21.085100000000004,20.136700000000005,19.895300000000002,19.662500000000005
3769,2015-06-15,20.4299,21.3953,20.4299,21.3953,4466500,19.82191904761902,19.87367399999998,20.834567000000046,20.769700500000077,66.76577761737776,20.9981398608905,19.834625000000024,18.671110139109548,0.2554217129286478,0.101848388440358,Bullish,25.3434,16.3353,994000.0,21.7171,22.038899999999998,22.682499999999997,20.7517,20.1081,19.7863
3770,2015-06-16,21.5591,21.9298,21.0333,21.5677,4779000,19.917152380952352,19.889189999999978,20.80844800000005,20.789699500000076,68.06675356260146,21.30501266319401,19.949705000000026,18.594397336806043,0.3426813457780362,0.15001497990789364,Bullish,25.3434,16.3353,1153119.0476190476,21.987233333333332,22.406766666666666,22.883733333333332,21.090733333333333,20.613766666666667,20.194233333333333
3771,2015-06-17,21.4901,22.4384,21.4212,22.0677,5823500,20.050561904761878,19.921429999999976,20.787846000000048,20.812284500000075,71.54570952924266,21.693382800571385,20.086765000000025,18.480147199428664,0.44702799435486895,0.2094175827972887,Bullish,25.3434,16.3353,1365547.619047619,22.53033333333334,22.99296666666667,23.54753333333334,21.513133333333336,20.958566666666666,20.495933333333333
3772,2015-06-18,21.9815,22.4556,21.9815,22.1884,3665000,20.186842857142828,19.949877999999977,20.76845100000005,20.834697000000073,72.32940319161494,22.036034420324935,20.231155000000026,18.426275579675117,0.533315220512165,0.27419711034026395,Bullish,25.3434,16.3353,1625928.5714285714,22.4355,22.6826,22.9096,21.9614,21.7344,21.4873
3773,2015-06-19,22.2401,23.059,22.2401,22.6452,2793000,20.346109523809496,19.98366799999998,20.751469000000046,20.857109500000075,75.12205381650901,22.42294203613597,20.405710000000024,18.388477963864077,0.6312813923389662,0.3456139667400044,Bullish,25.3434,16.3353,1782261.9047619049,23.056099999999997,23.467,23.874999999999996,22.237199999999998,21.8292,21.4183
3774,2015-06-22,22.5418,22.8435,22.1539,22.2487,564500,20.4934714285714,20.017285999999977,20.73207300000005,20.877108500000077,68.64593667871503,22.654272677237792,20.553545000000025,18.452817322762257,0.6692117959942792,0.41033353259085936,Bullish,25.3434,16.3353,1911214.2857142857,22.676833333333335,23.104966666666666,23.366433333333333,21.987233333333336,21.72576666666667,21.297633333333337
3775,2015-06-23,22.3263,22.9297,22.3263,22.4384,2304000,20.64329999999997,20.058835999999978,20.71690200000005,20.897107500000075,69.9793834159469,22.88026467758664,20.710865000000023,18.541465322413405,0.7064357669949466,0.4695539794716768,Bullish,25.3434,16.3353,1931119.0476190476,22.803300000000004,23.168200000000002,23.406700000000004,22.199900000000003,21.9614,21.596500000000002
3776,2015-06-24,22.628,23.1021,22.4211,22.99,5133500,20.819395238095208,20.116417999999978,20.71216000000005,20.921028500000077,73.50752485745127,23.145383831923972,20.910850000000025,18.676316168076077,0.7715515759898288,0.5299534987753072,Bullish,25.3434,16.3353,2030642.857142857,23.254366666666666,23.518733333333333,23.935366666666667,22.573366666666665,22.15673333333333,21.892366666666664
3777,2015-06-25,22.9728,24.1365,22.8435,24.1021,5556500,21.062814285714257,20.189689999999977,20.71853900000005,20.950251000000076,78.89332732880418,23.701181855412894,21.119030000000027,18.53687814458716,0.9024901548206934,0.6044608299843844,Bullish,25.3434,16.3353,2262928.5714285714,24.544566666666668,24.987033333333336,25.83756666666667,23.251566666666665,22.40103333333333,21.958566666666663
3778,2015-06-26,24.0762,24.0934,23.1021,23.2487,1565500,21.220442857142828,20.245031999999977,20.72224600000005,20.972405000000077,67.54538660319666,23.936516727686403,21.305660000000024,18.674803272313646,0.9267150794907906,0.6689116798856657,Bullish,25.3434,16.3353,2480285.714285714,23.860699999999994,24.472699999999996,24.851999999999993,22.869399999999995,22.490099999999998,21.878099999999996
3779,2015-06-29,23.2314,23.3607,22.4987,23.0245,1374000,21.387509523809495,20.30450999999998,20.72853800000005,20.994774000000078,64.90409390803428,24.115514922956223,21.458665000000025,18.801815077043827,0.9172489654347054,0.7185791369954736,Bullish,25.3434,16.3353,2374619.0476190476,23.423899999999996,23.8233,24.285899999999998,22.561899999999994,22.099299999999996,21.699899999999992
3780,2015-06-30,23.0332,23.2745,22.8004,22.9642,2287000,21.530357142857113,20.368815999999978,20.725693000000046,21.01623850000008,64.17720502803083,24.240903813236397,21.614260000000023,18.98761618676365,0.8945692582348137,0.7537771612433416,Bullish,25.3434,16.3353,2380095.238095238,23.225666666666672,23.487133333333336,23.699766666666672,22.751566666666672,22.538933333333336,22.277466666666673
3781,2015-07-01,22.697,24.1107,21.8177,24.0848,8946000,21.73190476190473,20.447259999999975,20.737761000000045,21.044254000000077,70.73629061996904,24.53224345311436,21.825455000000023,19.118666546885684,0.9559983279986035,0.794221394594394,Bullish,25.3434,16.3353,2426404.761904762,24.857766666666667,25.630733333333335,27.15076666666667,22.564766666666664,21.04473333333333,20.27176666666666
3782,2015-07-02,24.0417,24.0503,23.2487,23.3866,1994000,21.899795238095205,20.515531999999975,20.746640000000042,21.069209500000078,62.99673886848157,24.68771182711022,21.968550000000022,19.249388172889823,0.93753508262267,0.8228841322000492,Bullish,25.3434,16.3353,2804023.8095238097,23.875033333333327,24.363466666666664,24.676633333333328,23.073433333333327,22.760266666666663,22.271833333333326
3783,2015-07-03,23.6193,24.0072,23.2831,23.7055,3034000,22.051261904761873,20.589837999999975,20.759225000000043,21.095027000000076,64.88650038528776,24.844499378160673,22.13923000000002,19.433960621839365,0.9378247327398412,0.8458722523080076,Bullish,25.3434,16.3353,2871190.476190476,24.047433333333334,24.389366666666668,24.771533333333334,23.323333333333334,22.941166666666668,22.599233333333334
3784,2015-07-06,23.8434,24.1796,23.5504,23.7486,2968000,22.215866666666635,20.670005999999976,20.77500000000004,21.122784000000077,65.14557943874752,24.95517543040647,22.316375000000022,19.677574569593574,0.9308023818887428,0.8628582782241546,Bullish,25.3434,16.3353,2908380.9523809524,24.102,24.4554,24.7312,23.4728,23.197,22.8436
3785,2015-07-07,23.8348,23.8607,23.059,23.2142,1631000,22.359128571428542,20.737761999999975,20.78551700000004,21.14713600000008,59.30294995675007,24.886310605947557,22.486195000000023,20.08607939405249,0.8720629060721947,0.8646992037937626,Bullish,25.3434,16.3353,3037142.8571428573,23.69693333333333,24.179666666666666,24.49863333333333,22.89523333333333,22.576266666666665,22.09353333333333
3786,2015-07-08,23.1883,23.1883,22.4556,22.5763,1064500,22.490485714285686,20.792413999999976,20.786379000000043,21.168514000000084,53.17263974164521,24.688585816237413,22.624120000000026,20.55965418376264,0.7652173007336245,0.844802823181735,Bearish,25.3434,16.3353,3041642.8571428573,23.024533333333334,23.47276666666667,23.757233333333335,22.291833333333333,22.007366666666666,21.55913333333333
3787,2015-07-09,22.4987,22.9728,22.4987,22.6797,1248000,22.62676666666664,20.847065999999977,20.785862000000044,21.18941800000008,54.002665255637204,24.55464261267208,22.732735000000027,20.910827387327974,0.6810343643488892,0.8120491314151659,Bearish,25.3434,16.3353,3068690.476190476,22.935433333333336,23.191166666666668,23.409533333333336,22.461333333333336,22.242966666666668,21.987233333333336
3788,2015-07-10,22.8004,23.1452,22.628,22.9383,695500,22.74252380952378,20.906889999999976,20.79051700000004,21.21273550000008,56.09853111059787,24.328188799916216,22.860745000000026,21.393301200083837,0.6279470567614318,0.775228716484419,Bearish,25.3434,16.3353,3112476.1904761903,23.17966666666667,23.421033333333334,23.69686666666667,22.66246666666667,22.386633333333336,22.14526666666667
3789,2015-07-13,22.8435,23.4469,22.8435,23.24,636000,22.878804761904735,20.977229999999977,20.80249900000004,21.23756150000008,58.4757236585739,24.263942694515798,22.952980000000025,21.642017305484252,0.6032655815090209,0.7408360894893394,Bearish,25.3434,16.3353,3014952.380952381,23.510099999999994,23.780199999999997,24.113499999999995,22.906699999999994,22.573399999999996,22.303299999999993
3790,2015-07-14,23.2314,24.3951,23.1883,24.3089,4474500,23.01754761904759,21.072395999999976,20.832583000000042,21.267732000000077,65.58573451251503,24.36573004292263,23.090040000000023,21.814349957077418,0.6623217979749754,0.7251332311864667,Bearish,25.3434,16.3353,2977571.4285714286,24.739900000000002,25.1709,25.9467,23.533100000000005,22.757300000000004,22.326300000000007
3791,2015-07-15,25.171,25.5244,25.1279,25.5244,8612500,23.205961904761878,21.189285999999974,20.87887400000004,21.303980000000077,71.55109071212289,24.83897247271914,23.262875000000026,21.686777527280913,0.7980060496451706,0.7397077948782075,Bullish,25.3434,16.3353,2977952.380952381,25.656566666666667,25.788733333333333,26.053066666666666,25.260066666666667,24.995733333333334,24.863566666666667
3792,2015-07-16,26.1106,26.7398,25.8606,26.3692,8480000,23.41079523809521,21.323071999999975,20.932406000000036,21.34479700000008,74.81823069625632,25.473974952427103,23.471915000000024,21.469855047572945,0.9626087419834128,0.7842879842992485,Bullish,25.5244,16.3353,3160500.0,26.7858,27.202399999999997,27.664999999999996,25.9066,25.444000000000003,25.027400000000004
3793,2015-07-17,26.1106,26.7398,25.8606,26.3692,8480000,23.609880952380923,21.461685999999975,20.98205900000004,21.382855500000083,74.81823069625631,25.984425991486763,23.658115000000024,21.331804008513284,1.0806010651317948,0.8435506004657578,Bullish,26.3692,16.3353,3287000.0,26.7858,27.202399999999997,27.664999999999996,25.9066,25.444000000000003,25.027400000000004
3794,2015-07-20,26.1106,26.7398,25.8606,26.3692,8480000,23.787214285714256,21.618745999999977,21.03472900000004,21.421129500000085,74.81823069625632,26.377035515856605,23.864140000000024,21.351244484143443,1.1607306509018187,0.90698661055297,Bullish,26.3692,16.3353,3516285.714285714,26.7858,27.202399999999997,27.664999999999996,25.9066,25.444000000000003,25.027400000000004
3795,2015-07-21,26.1106,26.7398,25.8606,26.3692,8480000,23.98342857142854,21.77097999999998,21.088261000000042,21.459920500000084,74.81823069625632,26.708065540190937,24.060680000000023,21.41329445980911,1.210282541167203,0.9676457966758166,Bullish,26.3692,16.3353,3787095.238095238,26.7858,27.202399999999997,27.664999999999996,25.9066,25.444000000000003,25.027400000000004
3796,2015-07-22,26.7398,27.3088,26.2916,26.9553,8316500,24.19851904761902,21.93148799999998,21.146619000000047,21.50198700000008,77.25565991224842,27.13955396581126,24.258945000000022,21.378336034188784,1.2820672695384587,1.030530091248345,Bullish,26.3692,16.3353,4164023.8095238097,27.412200000000002,27.869100000000003,28.429400000000005,26.395,25.834699999999998,25.377799999999997
3797,2015-07-23,26.8088,28.007,26.464,27.7139,16122000,24.423466666666638,22.09716799999998,21.204374000000048,21.549139500000077,79.95949518310564,27.687592844483593,24.439535000000024,21.191477155516456,1.384213512341713,1.1012667754670187,Bullish,26.9553,16.3353,4450333.333333333,28.32593333333333,28.937966666666668,29.868933333333334,26.78293333333333,25.851966666666662,25.239933333333326
3798,2015-07-24,27.9294,29.05,27.3691,28.8863,15857000,24.651285714285684,22.283709999999978,21.274284000000048,21.60305900000008,83.26972166938279,28.45011190603986,24.721415000000025,20.99271809396019,1.541992893314724,1.1894119990365597,Bullish,27.7139,16.3353,4973595.238095238,29.501166666666673,30.116033333333338,31.182066666666675,27.820266666666672,26.754233333333335,26.13936666666667
3799,2015-07-27,28.4466,29.2052,27.4467,27.4467,8100000,24.851190476190443,22.441287999999975,21.328505000000046,21.651720000000083,68.34217155032984,28.76576363386938,24.942525000000025,21.11928636613067,1.5331967628142102,1.2581689517920898,Bullish,28.8863,16.3353,5464095.238095238,28.619033333333334,29.79136666666667,30.377533333333336,26.860533333333333,26.274366666666666,25.10203333333333
3800,2015-07-28,27.3174,28.7656,26.826,28.5501,9832000,25.114314285714254,22.626967999999973,21.397553000000045,21.704863500000084,72.4228029930703,29.237451504310457,25.221820000000026,21.206188495689595,1.5968533926179234,1.3259058399572565,Bullish,28.8863,16.3353,5775261.904761905,29.26846666666667,29.986833333333333,31.208066666666667,27.32886666666667,26.107633333333336,25.38926666666667
3801,2015-07-29,28.8001,29.0845,28.0156,28.2915,4780500,25.36799523809521,22.806267999999978,21.465136000000044,21.756972500000085,70.14089679047876,29.624333108562446,25.432155000000026,21.239976891437607,1.60790000123772,1.3823046722133492,Bullish,28.8863,16.3353,6178023.80952381,28.91213333333333,29.532766666666664,29.98103333333333,27.84323333333333,27.394966666666665,26.77433333333333
3802,2015-07-30,28.438,29.2828,27.2226,28.8087,8464500,25.592942857142834,22.99642999999998,21.53909700000004,21.81192650000008,72.03846807578266,30.030351145978994,25.70326000000003,21.376168854021063,1.639489224501233,1.4337415826709259,Bullish,28.8863,16.3353,6296761.904761905,29.653466666666667,30.498233333333335,31.71366666666667,27.593266666666665,26.37783333333333,25.533066666666663
3803,2015-07-31,28.9638,29.5673,28.8776,29.119,6136000,25.86591428571426,23.195727999999978,21.614093000000043,21.868044000000083,73.14131205376607,30.4422573819583,25.97393500000003,21.50561261804176,1.670308254414227,1.4810549170195861,Bullish,28.8863,16.3353,6273833.333333333,29.498333333333335,29.877666666666666,30.188033333333333,28.808633333333336,28.49826666666667,28.118933333333338
3804,2015-08-03,28.7139,29.0242,28.0242,28.2397,2057000,26.08182857142854,23.37468199999998,21.676848000000046,21.92036850000008,65.28358254571555,30.648267539564152,26.198490000000028,21.748712460435904,1.605275776375528,1.5058990888907746,Bullish,29.119,16.3353,6471071.428571428,28.834533333333333,29.429366666666667,29.834533333333333,27.834533333333333,27.429366666666667,26.834533333333333
3805,2015-08-04,28.3087,28.5242,26.8347,27.1277,6745000,26.242738095238067,23.531395999999983,21.733482000000045,21.96773600000008,56.95085848162741,30.641382231683558,26.394165000000026,22.146947768316494,1.4473241109449155,1.4941840933016028,Bearish,29.119,16.3353,6424547.619047619,28.15636666666666,29.18503333333333,29.84586666666666,26.46686666666666,25.806033333333332,24.777366666666662
3806,2015-08-05,28.0156,28.0156,27.2829,27.3691,2486000,26.440590476190447,23.69897199999998,21.80175400000004,22.018250500000082,58.19822729831946,30.517620895985562,26.633805000000024,22.749989104014485,1.3263360641152921,1.4606144874643407,Bearish,29.119,16.3353,6604404.761904762,27.828833333333325,28.28856666666666,28.561533333333323,27.096133333333327,26.823166666666665,26.36343333333333
3807,2015-08-06,27.4553,27.6536,26.5502,26.8088,2643500,26.64213809523807,23.836377999999982,21.86287100000004,22.066135500000083,54.267792607841805,30.274305227659422,26.840260000000022,23.406214772340622,1.1717336221363546,1.4028383143987435,Bearish,29.119,16.3353,6645119.047619048,27.4582,28.1076,28.561600000000002,26.3548,25.9008,25.2514
3808,2015-08-07,26.5502,28.1449,26.5502,28.1449,4874500,26.90238571428569,24.00895399999998,21.93329800000004,22.119322000000082,61.027025442294615,30.069923010561578,27.10059000000002,24.131256989438466,1.1438367388521584,1.3510379992894266,Bearish,29.119,16.3353,6720309.523809524,28.676466666666666,29.208033333333333,30.271166666666666,27.081766666666667,26.018633333333334,25.487066666666667
3809,2015-08-10,29.55,29.55,28.7483,29.2224,7217000,27.201628571428543,24.19411399999998,22.014500000000044,22.177896000000082,65.4605910741009,29.925305362604913,27.39971000000002,24.874114637395127,1.1948994458078204,1.3198102885931053,Bearish,29.119,16.3353,6893000.0,29.59883333333334,29.97526666666667,30.40053333333334,28.79713333333334,28.37186666666667,27.995433333333338
3810,2015-08-11,29.3173,30.6793,29.3173,30.55,13632500,27.54972380952378,24.40806799999998,22.112253000000045,22.243108000000085,69.99044132168686,30.174154646077767,27.71176500000002,25.249375353922275,1.3271941655501998,1.3212870639845242,Bullish,29.2224,16.3353,7203547.619047619,31.047099999999997,31.5442,32.409099999999995,29.685099999999995,28.820199999999996,28.323099999999993
3811,2015-08-12,31.0327,31.0327,29.6535,29.869,8128000,27.814490476190446,24.60822999999998,22.203541000000044,22.302199500000082,65.26224496191699,30.34734706657564,27.92899500000002,25.510642933424403,1.361394368589952,1.3293085249056098,Bullish,30.55,16.3353,7822428.571428572,30.716633333333334,31.564266666666665,32.09583333333333,29.337433333333337,28.80586666666667,27.95823333333334
3812,2015-08-13,29.9983,31.3603,29.9983,31.3603,11808500,28.09239047619045,24.824941999999982,22.318104000000044,22.370514500000084,70.03599071141961,30.911221703298843,28.178550000000023,25.445878296701203,1.4916390362867418,1.3617746271818363,Bullish,30.55,16.3353,7996404.761904762,31.814299999999996,32.268299999999996,33.1763,30.452299999999997,29.5443,29.0903
3813,2015-08-14,29.9983,31.3603,29.9983,31.3603,11808500,28.33006190476188,25.046309999999984,22.432236000000042,22.437235000000086,70.03599071141961,31.358692138084987,28.428105000000027,25.497517861915068,1.5766838438977686,1.4047564705250228,Bullish,31.3603,16.3353,8148595.238095238,31.814299999999996,32.268299999999996,33.1763,30.452299999999997,29.5443,29.0903
3814,2015-08-17,31.8947,32.3947,30.5155,30.912,14706000,28.546385714285694,25.260435999999984,22.55162600000004,22.50046400000009,66.83394363795323,31.616342696785527,28.65524500000003,25.69414730321453,1.5895846607565751,1.4417221085713332,Bullish,31.3603,16.3353,8307095.238095238,32.03263333333334,33.15326666666667,33.911833333333334,30.153433333333332,29.394866666666665,28.27423333333333
3815,2015-08-18,31.0327,31.4637,29.9121,30.9465,7865500,28.764352380952364,25.483009999999986,22.661878000000044,22.56438300000009,66.95914031842892,31.810430618730724,28.88411000000003,25.95778938126934,1.584329350195734,1.4702435568962133,Bullish,31.3603,16.3353,8603571.42857143,31.636100000000003,32.3257,33.18770000000001,30.084500000000002,29.2225,28.5329
3816,2015-08-19,31.1361,31.3775,30.0845,30.3517,3594000,28.953995238095224,25.693687999999984,22.770061000000045,22.62515550000009,62.573566393559446,31.90606946229982,29.053930000000037,26.201790537700255,1.51470847325837,1.4791365401686447,Bullish,31.3603,16.3353,8574309.523809524,31.124633333333342,31.897566666666673,32.41763333333334,29.83163333333334,29.311566666666668,28.538633333333337
3817,2015-08-20,30.0845,30.6879,29.5673,29.8259,5817500,29.090690476190463,25.880057999999984,22.870142000000047,22.68416100000009,58.90096907898118,31.961341115761904,29.15953000000004,26.357718884238174,1.400956407586552,1.463500513652226,Bearish,31.3603,16.3353,8341642.857142857,30.48676666666667,31.147633333333335,31.60736666666667,29.366166666666672,28.906433333333336,28.245566666666672
3818,2015-08-21,30.0845,30.0845,28.3346,28.6363,6924000,29.134614285714274,26.045221999999985,22.95574100000005,22.73773550000009,51.53173687040259,31.955827523568924,29.14703000000004,26.338232476431156,1.200972237529296,1.4109948584276402,Bearish,31.3603,16.3353,8222642.857142857,29.702333333333332,30.768366666666665,31.452233333333332,27.95243333333333,27.268566666666665,26.20253333333333
3819,2015-08-24,27.2053,27.8001,27.2053,27.2053,10454000,29.054566666666656,26.161421999999988,23.017548000000048,22.78126750000009,44.3444862242926,31.974783840594085,29.134960000000042,26.295136159406,0.9164493437519106,1.3120857554924943,Bearish,31.3603,16.3353,7784642.857142857,27.60183333333333,27.998366666666666,28.19663333333333,27.007033333333332,26.808766666666667,26.412233333333333
3820,2015-08-25,26.5502,28.5587,26.0416,28.4897,13287000,29.104233333333323,26.29986199999999,23.094526000000045,22.83083350000009,50.956245945000646,31.974372552165143,29.131940000000036,26.28950744783493,0.7855479387268751,1.2067781921393705,Bearish,31.3603,16.3353,7527357.142857143,29.35173333333334,30.21376666666667,31.868833333333342,26.834633333333336,25.179566666666666,24.317533333333333
3821,2015-08-26,28.4466,29.2914,27.1622,27.6019,9114500,29.05908095238094,26.410545999999986,23.16598800000005,22.87673650000009,46.81620532254104,31.99601204086602,29.097460000000034,26.198907959134047,0.6032160921833061,1.0860657721481577,Bearish,31.3603,16.3353,7774357.142857143,28.8748,30.1477,31.004,26.7456,25.8893,24.6164
3822,2015-08-27,27.757,28.7914,27.757,28.3087,5633000,29.05989999999999,26.532951999999987,23.241415000000046,22.925958000000087,50.2796439096079,31.989111493340946,29.072460000000035,26.155808506659124,0.5098721543821263,0.9708270485949514,Bearish,31.3603,16.3353,7740190.476190476,28.814400000000003,29.3201,29.8488,27.780000000000005,27.251300000000004,26.745600000000007
3823,2015-08-28,28.619,29.05,28.2742,28.5673,4354000,29.04840476190475,26.651393999999986,23.31753100000005,22.971860500000084,51.52351662197434,31.9696683833875,29.044875000000037,26.120081616612573,0.4515579905278422,0.8669732369815295,Bearish,31.3603,16.4387,7780785.714285715,28.986800000000002,29.4063,29.762600000000003,28.211000000000002,27.8547,27.435200000000002
3824,2015-08-31,28.6708,28.8345,27.8001,28.4466,2418000,29.0163857142857,26.775351999999984,23.39631900000005,23.012332000000086,50.88365881231092,31.969995033927518,29.055220000000038,26.140444966072558,0.39109580527986765,0.7717977506411972,Bearish,31.3603,16.4387,7585047.619047619,28.920699999999997,29.394799999999996,29.955099999999995,27.8863,27.326,26.8519
3825,2015-09-01,29.869,29.869,29.0759,29.869,15318000,29.093971428571415,26.923963999999984,23.491400000000052,23.060691500000086,57.570819756680216,31.98694904941765,29.192285000000037,26.397620950582425,0.4527360213359586,0.7079854047801495,Bearish,31.3603,17.2318,7408000.0,30.13336666666667,30.397733333333335,30.92646666666667,29.340266666666672,28.811533333333337,28.547166666666673
3826,2015-09-02,30.1707,31.3603,30.0069,31.3603,10733000,29.2955238095238,27.091369999999984,23.60389400000005,23.118361000000085,63.224173574211484,32.207179344959265,29.39184500000004,26.576510655040813,0.6148343556096911,0.6893551949460578,Bearish,31.3603,17.2318,8039476.19047619,31.811433333333326,32.26256666666666,33.16483333333332,30.45803333333333,29.555766666666667,29.104633333333332
3827,2015-09-03,32.5843,32.6705,31.8947,32.2395,11523000,29.52744761904761,27.25411799999998,23.72190400000005,23.175469500000087,66.09259784106301,32.47737821506812,29.66338000000004,26.849381784931957,0.8049634282673495,0.7124768416103161,Bullish,31.3603,17.2318,8229380.952380952,32.64176666666667,33.04403333333333,33.417566666666666,31.865966666666672,31.492433333333338,31.090166666666676
3828,2015-09-04,32.1533,32.1619,30.6275,30.6706,9063000,29.71134285714285,27.402555999999976,23.82379400000005,23.221113000000088,57.47731247673893,32.545846502206665,29.789665000000042,27.033483497793416,0.8195971640730093,0.7339009061028547,Bullish,32.2395,17.2318,8659714.285714285,31.67916666666667,32.68773333333334,33.21356666666667,30.14476666666667,29.618933333333334,28.610366666666668
3829,2015-09-07,30.162,30.1707,29.1449,29.1449,3824000,29.758961904761897,27.524963999999976,23.914737000000045,23.26296400000009,50.573368026023104,32.54536657541987,29.78579000000004,27.026213424580213,0.700013940968347,0.7271235130759532,Bearish,32.2395,17.2318,8965404.761904761,29.828766666666667,30.512633333333333,30.854566666666667,28.802966666666666,28.461033333333333,27.777166666666666
3830,2015-09-08,28.5328,30.5155,27.7139,29.9983,14422500,29.795909523809513,27.665645999999978,24.01723100000005,23.307617000000093,53.908334069661265,32.497629731929294,29.758205000000043,27.018780268070792,0.6664235075847138,0.7149835119777054,Bearish,32.2395,17.2318,8915380.952380951,31.104566666666667,32.21083333333333,33.906166666666664,28.302966666666666,26.607633333333332,25.501366666666666
3831,2015-09-09,30.1707,30.3431,28.4984,28.6966,5787000,29.707652380952375,27.757881999999977,24.102571000000047,23.340503000000094,48.52960014396137,32.47693059842783,29.69958500000004,26.92223940157226,0.5286723303458594,0.6777212756513362,Bearish,32.2395,17.2318,9258500.0,29.860333333333333,31.024066666666666,31.705033333333333,28.015633333333334,27.334666666666667,26.170933333333334
3832,2015-09-10,28.5932,28.9207,27.9294,28.6018,2913000,29.647309523809515,27.862185999999973,24.188859000000047,23.367398000000097,48.152785578605595,32.268500754386416,29.56166000000004,26.85481924561366,0.40716046977016873,0.6236091144751027,Bearish,32.2395,17.2318,8884904.761904761,29.038533333333326,29.475266666666663,30.029833333333325,28.047233333333327,27.492666666666665,27.05593333333333
3833,2015-09-11,28.5759,29.1793,28.4466,28.8345,3634000,29.527033333333325,27.964765999999972,24.277302000000045,23.391017000000097,49.19557175680166,32.02803684639711,29.43537000000004,26.842703153602976,0.32588182721348247,0.5640636570227786,Bearish,32.2395,17.2318,8636571.42857143,29.19366666666667,29.552833333333336,29.92636666666667,28.460966666666668,28.087433333333333,27.728266666666666
3834,2015-09-14,29.0414,29.0414,28.188,28.5587,3261500,29.393623809523802,28.060967999999974,24.365487000000044,23.414076000000094,47.96425413386853,31.844395324101203,29.31770500000004,26.791014675898875,0.23648708643871785,0.49854834290596645,Bearish,32.2395,17.2318,8247309.523809524,29.00406666666667,29.449433333333335,29.85746666666667,28.15066666666667,27.742633333333334,27.29726666666667
3835,2015-09-15,28.4725,28.4725,27.1364,27.5329,3177500,29.232714285714277,28.147341999999977,24.442552000000045,23.4368765000001,43.59384244171603,31.67173260515075,29.147025000000042,26.622317394849333,0.08192326290933138,0.41522332690663943,Bearish,32.2395,17.2318,7840309.523809524,28.29146666666667,29.050033333333335,29.62756666666667,26.955366666666666,26.37783333333333,25.619266666666665
3836,2015-09-16,27.6191,28.9035,27.4725,28.6621,1893500,29.123933333333326,28.269057999999976,24.530736000000047,23.464590000000097,49.09275834682123,31.532845202385705,29.06254500000004,26.592244797614374,0.04997128421354802,0.34217291836802116,Bearish,32.2395,17.2318,7291333.333333333,29.21956666666667,29.777033333333335,30.65056666666667,27.788566666666668,26.915033333333334,26.357566666666667
3837,2015-09-17,29.2224,30.0931,28.7052,28.8518,9094500,29.052509523809515,28.392499999999977,24.619783000000048,23.4935970000001,49.97506237592466,31.46031397321287,29.013840000000037,26.567366026787205,0.03950097287966159,0.28163852927034927,Bearish,32.2395,17.2318,7006952.380952381,29.728200000000005,30.6046,31.116100000000003,28.340300000000006,27.828800000000005,26.952400000000008
3838,2015-09-18,28.7311,29.2655,27.4553,27.6105,2372500,28.947014285714275,28.485943999999975,24.696417000000046,23.5171305000001,44.535777076953174,31.480501069025664,28.96255000000004,26.444598930974415,-0.06817349865406186,0.21167612368546704,Bearish,32.2395,17.2318,7268880.952380952,28.765566666666665,29.92063333333333,30.575766666666663,26.955366666666666,26.300233333333335,25.145166666666668
3839,2015-09-21,27.0243,28.7052,26.645,28.5846,3956500,28.94455238095237,28.592835999999973,24.78503300000005,23.5398450000001,49.20772142961457,31.425682209930557,29.03151500000004,26.637347790069526,-0.07405095072573786,0.15453070880322606,Bearish,32.2395,17.2318,7104833.333333333,29.311533333333333,30.038466666666668,31.371733333333335,27.25133333333333,25.918066666666665,25.19113333333333
3840,2015-09-22,29.05,29.6017,28.5328,28.619,2983500,29.01187142857142,28.679037999999974,24.87571700000005,23.5601885000001,49.36991475190523,31.426952680966853,29.037980000000044,26.649007319033235,-0.07506774706991948,0.10861101762859696,Bearish,32.2395,17.2318,6963523.80952381,29.302866666666667,29.986733333333333,30.371766666666666,28.233966666666667,27.848933333333335,27.165066666666668
3841,2015-09-23,28.7656,28.7656,28.0587,28.2139,2833000,28.99873809523809,28.732827999999973,24.96105700000005,23.5790670000001,47.44839316644767,31.39812962308301,29.068580000000043,26.73903037691708,-0.10732457899689862,0.06542389830349785,Bearish,32.2395,17.2318,6607785.714285715,28.633433333333336,29.052966666666666,29.340333333333334,27.92653333333334,27.63916666666667,27.21963333333334
3842,2015-09-24,28.7656,28.7656,28.0587,28.2139,2833000,29.027880952380944,28.76972199999997,25.046397000000052,23.5972125000001,47.44839316644767,31.39993152937273,29.063840000000038,26.727748470627347,-0.13137395353801296,0.026064327935195683,Bearish,32.2395,17.2318,6109976.19047619,28.633433333333336,29.052966666666666,29.340333333333334,27.92653333333334,27.63916666666667,27.21963333333334
3843,2015-09-25,28.7656,28.7656,28.0587,28.2139,2833000,29.023366666666654,28.806615999999966,25.134151000000053,23.6141080000001,47.448393166447666,31.40227779133887,29.046170000000036,26.6900622086612,-0.14871891702706108,-0.008892321057255674,Bearish,32.2395,17.2318,5810857.142857143,28.633433333333336,29.052966666666666,29.340333333333334,27.92653333333334,27.63916666666667,27.21963333333334
3844,2015-09-28,28.4035,28.4466,27.0674,27.3777,1014500,28.966719047619033,28.826785999999966,25.22276600000005,23.6288915000001,43.12147693330668,31.447247365656526,28.992725000000036,26.538202634343545,-0.22731888651816945,-0.05257763414943843,Bearish,32.2395,17.2318,5677523.80952381,28.193733333333334,29.009766666666668,29.572933333333335,26.814533333333333,26.251366666666666,25.435333333333332
3845,2015-09-29,26.895,26.895,26.0502,26.7829,3150000,28.887495238095227,28.835059999999963,25.30302000000005,23.641390500000103,40.305877685508754,31.43698376531516,28.838420000000035,26.23985623468491,-0.33375796362353327,-0.1088137000442574,Bearish,32.2395,17.2318,5518500.0,27.101866666666663,27.42083333333333,27.946666666666662,26.257066666666663,25.731233333333332,25.412266666666664
3846,2015-09-30,27.1967,27.6277,26.6623,27.0933,7430500,28.755319047619032,28.83781999999996,25.38465400000005,23.653114000000105,42.41884613739391,31.055620095844446,28.625070000000033,26.19451990415562,-0.3885856398328791,-0.16476808800198173,Bearish,32.2395,17.2318,5553357.142857143,27.59323333333334,28.093166666666672,28.558633333333344,26.62783333333334,26.162366666666667,25.662433333333336
3847,2015-10-01,27.4553,27.4984,26.8864,27.4036,2371500,28.566904761904745,28.831613999999963,25.46439100000005,23.666389000000105,44.53255116052858,30.216111988798847,28.383275000000033,26.55043801120122,-0.40236019367401354,-0.21228650913638808,Bearish,32.2395,17.2318,5177761.904761905,27.6392,27.8748,28.2512,27.027199999999997,26.650799999999997,26.415199999999995
3848,2015-10-02,27.4984,28.3173,27.4984,27.757,2963500,28.35345238095236,28.809027999999966,25.54636900000005,23.679707000000104,46.92226474812715,29.75630291198001,28.237595000000027,26.718887088020043,-0.38037546869286487,-0.24590430104768343,Bearish,32.2395,17.2318,4779595.238095238,28.216733333333334,28.676466666666666,29.035633333333333,27.397833333333335,27.038666666666668,26.578933333333335
3849,2015-10-05,27.9208,28.076,27.3691,27.576,1608000,28.206090476190454,28.811613999999967,25.626451000000053,23.694792500000105,45.83312442188552,29.643993549337907,28.15915000000003,26.67430645066215,-0.3732549523265192,-0.27137443130345057,Bearish,32.2395,17.2318,4372000.0,27.9783,28.3806,28.685200000000002,27.2714,26.9668,26.5645
3850,2015-10-06,27.6277,28.2915,27.5932,28.0415,2591000,28.1535476190476,28.80144199999997,25.714205000000053,23.712722500000105,49.10506374613461,29.283088811246042,28.06131000000003,26.83953118875402,-0.32628867936341166,-0.28235728091544277,Bearish,32.2395,17.2318,4017000.0,28.357599999999994,28.673699999999997,29.055899999999994,27.659299999999995,27.277099999999997,26.960999999999995
3851,2015-10-07,28.2828,28.7052,27.8001,28.4811,3152500,28.08129999999998,28.80523399999997,25.80575100000005,23.731385000000106,52.05068270013303,29.25336712174845,28.050535000000032,26.847702878251614,-0.2507055460804821,-0.2760269339484506,Bullish,32.2395,17.2318,3958285.714285714,28.8575,29.233900000000002,29.762600000000003,27.9524,27.4237,27.0473
3852,2015-10-08,28.6621,29.438,28.188,29.2224,5326000,28.106338095238076,28.81350799999997,25.90496900000005,23.755780000000104,56.61107193288175,29.36874352884118,28.08156500000003,26.79438647115888,-0.12949590551886558,-0.2467207282625336,Bullish,32.2395,17.2318,3421619.0476190476,29.710933333333333,30.199466666666666,30.960933333333333,28.460933333333333,27.699466666666666,27.210933333333333
3853,2015-10-09,29.4811,29.9207,29.1449,29.2828,5192500,28.138766666666644,28.81678399999997,26.00625600000005,23.781597500000103,56.97017300797593,29.45676591004323,28.103980000000025,26.75119408995682,-0.028237116981770782,-0.20302400600638104,Bullish,32.2395,17.2318,3399666.6666666665,29.754033333333332,30.225266666666666,30.529833333333332,28.978233333333332,28.673666666666666,28.20243333333333
3854,2015-10-12,29.1449,29.5759,28.9638,29.2138,1855000,28.156828571428544,28.83626599999997,26.10547400000005,23.805906500000106,56.39594745175206,29.56176980277202,28.136735000000023,26.711700197228026,0.045914208703781156,-0.1532363630643486,Bullish,32.2395,17.2318,3508214.285714286,29.538533333333334,29.863266666666668,30.150633333333335,28.926433333333332,28.639066666666665,28.31433333333333
3855,2015-10-13,29.3,29.4811,28.5328,28.5932,1255000,28.158471428571403,28.86557599999997,26.19848600000005,23.827888000000108,51.37975309150843,29.599796292152124,28.18975000000002,26.77970370784792,0.05398018513885461,-0.11179305342370796,Bullish,32.2395,17.2318,3423500.0,29.205266666666667,29.817333333333334,30.153566666666666,28.256966666666667,27.920733333333335,27.308666666666667
3856,2015-10-14,28.5415,28.9466,28.2311,28.3346,2735500,28.196647619047592,28.88488599999997,26.29192900000005,23.849481500000106,49.40768285893103,29.568628161082852,28.17337500000002,26.77812183891719,0.03905546371176172,-0.08162334999661403,Bullish,32.2395,17.2318,3327952.380952381,28.777099999999994,29.219599999999996,29.492599999999992,28.061599999999995,27.7886,27.346099999999996
3857,2015-10-15,28.5328,28.7139,28.0156,28.0932,1509500,28.169557142857116,28.91057399999997,26.373476000000046,23.867110000000107,47.572091360347635,29.495669302794077,28.135445000000022,26.775220697205967,0.007660249331994606,-0.0637666301308923,Bullish,32.2395,17.2318,3306904.761904762,28.532866666666663,28.97253333333333,29.231166666666663,27.834566666666664,27.57593333333333,27.136266666666664
3858,2015-10-16,28.3518,29.4897,28.2742,29.1707,5649500,28.18474285714283,28.93108999999997,26.47002200000005,23.8893070000001,55.51624581877637,29.622392559266398,28.21345500000002,26.804517440733644,0.06892997881415042,-0.03722730834188376,Bullish,32.2395,17.2318,3288619.0476190476,29.682199999999995,30.193699999999996,30.897699999999993,28.466699999999996,27.7627,27.251199999999997
3859,2015-10-19,29.5242,30.6275,29.438,29.8172,11073000,28.289823809523778,28.942985999999966,26.56855000000005,23.913572500000104,59.483191952028015,29.842491105995464,28.27508500000002,26.707678894004573,0.16772045087208554,0.0037622435009101035,Bullish,32.2395,17.2318,3124571.4285714286,30.4838,31.1504,31.6733,29.294299999999996,28.771399999999996,28.104799999999994
3860,2015-10-20,29.869,30.2569,29.438,29.5931,4499500,28.33784761904759,28.923847999999968,26.66595800000005,23.936373000000103,57.56679730020995,29.98843722857771,28.32379000000002,26.65914277142233,0.2253321261212129,0.04807622002497067,Bullish,32.2395,17.2318,3538880.9523809524,30.08733333333333,30.581566666666667,30.906233333333333,29.268433333333327,28.94376666666666,28.449533333333324
3861,2015-10-21,29.6535,30.0845,29.4121,29.5328,2228000,28.38136190476187,28.917123999999966,26.76267700000005,23.957320000000106,57.03433701389471,30.134321282506953,28.38973500000002,26.645148717493086,0.26309133463695744,0.09107924294736802,Bullish,32.2395,17.2318,3564738.095238095,29.940833333333334,30.348866666666666,30.613233333333334,29.268433333333334,29.004066666666667,28.596033333333335
3862,2015-10-22,29.7397,30.8172,29.7397,30.4034,9707500,28.48562380952378,28.897985999999964,26.86146400000005,23.984603000000106,62.43649516284078,30.448678633143746,28.499210000000023,26.5497413668563,0.359126140914114,0.1446886225407172,Bullish,32.2395,17.2318,3528761.904761905,30.9005,31.3976,31.978,29.823,29.2426,28.7455
3863,2015-10-23,29.7397,30.8172,29.7397,30.4034,9707500,28.58988571428569,28.878847999999962,26.96257900000005,24.012748000000105,62.43649516284078,30.720886789865297,28.608685000000026,26.496483210134755,0.43027448040859184,0.20180579411429214,Bullish,32.2395,17.2318,3856119.0476190476,30.9005,31.3976,31.978,29.823,29.2426,28.7455
3864,2015-10-26,30.4896,30.6017,29.1793,29.4207,3175000,28.647352380952356,28.84902199999996,27.05472900000005,24.037315500000105,53.6121818699279,30.772015916152355,28.710835000000024,26.649654083847693,0.40272204576285375,0.24198904444400446,Bullish,32.2395,17.2318,4183476.1904761903,30.288500000000003,31.1563,31.710900000000002,28.866100000000003,28.311500000000002,27.443700000000003
3865,2015-10-27,29.3518,29.4638,28.8863,29.3,1802000,28.73889047619045,28.81609199999996,27.149551000000056,24.062357000000105,52.628322719875,30.710495019635403,28.836690000000022,26.96288498036464,0.36691746539069214,0.266974728633342,Bullish,32.2395,17.2318,4199761.904761905,29.547100000000007,29.794200000000004,30.124600000000008,28.969600000000007,28.639200000000002,28.392100000000006
3866,2015-10-28,29.1362,29.8172,29.0931,29.2397,1695000,28.85588095238092,28.793851999999962,27.243770000000058,24.088821000000106,52.11378550272702,30.643914878401013,28.94401000000002,27.244105121599027,0.3298737917043475,0.2795545412475431,Bullish,32.2395,17.2318,4237261.904761905,29.673566666666673,30.107433333333336,30.397666666666673,28.949466666666673,28.659233333333336,28.225366666666673
3867,2015-10-29,29.5242,30.0069,29.3949,29.8948,3486500,28.989285714285685,28.79522999999996,27.337644000000058,24.11955200000011,57.029053018413286,30.660375123880385,29.068570000000022,27.47676487611966,0.34935041440929737,0.29351371587989394,Bullish,32.2395,17.2318,4167976.1904761903,30.136166666666675,30.37753333333334,30.748166666666677,29.524166666666673,29.153533333333336,28.91216666666667
3868,2015-10-30,30.0327,30.5586,29.8776,30.1103,5769500,29.118176190476166,28.824709999999964,27.43496600000006,24.14924850000011,58.53678445724766,30.71968224366696,29.18623500000003,27.652787756333097,0.3778195585295947,0.3103748844098341,Bullish,32.2395,17.5076,3980166.6666666665,30.486733333333326,30.86316666666666,31.167733333333324,29.80573333333333,29.501166666666666,29.12473333333333
3869,2015-11-02,30.2569,30.4982,29.8259,29.8862,1397500,29.219566666666644,28.87832799999996,27.519875000000056,24.17722100000011,56.32359448151981,30.671967265878713,29.30174500000003,27.931522734121344,0.37794188445256793,0.32388828441838086,Bullish,32.2395,17.5076,4141976.1904761903,30.3143,30.7424,30.9866,29.642,29.3978,28.9697
3870,2015-11-03,30.0845,30.4896,29.8,30.231,5290000,29.345995238095217,28.91315399999996,27.60650800000006,24.207478000000105,58.89847930115252,30.709152754194346,29.411220000000025,28.113287245805704,0.40123610693406775,0.3393578489215182,Bullish,32.2395,17.5076,4067404.761904762,30.54706666666667,30.863133333333334,31.236666666666668,29.85746666666667,29.483933333333336,29.167866666666672
3871,2015-11-04,30.1707,30.5155,30.0845,30.2741,3127000,29.452309523809497,28.96659799999996,27.688572000000057,24.2382090000001,59.22209569639519,30.77694549949463,29.500870000000027,28.224794500505425,0.4183522515342837,0.3551567294440713,Bullish,32.2395,17.6973,4242738.095238095,30.49823333333333,30.722366666666666,30.929233333333332,30.06723333333333,29.860366666666664,29.63623333333333
3872,2015-11-05,30.2224,30.2827,29.438,29.6448,2797000,29.50772380952379,28.993319999999958,27.76313600000006,24.2657935000001,52.69784519208115,30.792902476770205,29.521990000000027,28.25107752322985,0.3767942195084224,0.35948422745694153,Bullish,32.2395,17.6973,4268261.904761905,30.139,30.6332,30.9837,29.2943,28.9438,28.4496
3873,2015-11-06,29.0069,30.4724,28.1708,28.369,21469000,29.467085714285695,28.989353999999956,27.82037400000006,24.2859215000001,42.48034905606927,30.840595802239722,29.47630000000003,28.11200419776034,0.23816733721456274,0.33522084940846575,Bearish,32.2395,17.9214,4251333.333333333,29.83733333333334,31.30566666666667,32.13893333333334,27.53573333333334,26.70246666666667,25.23413333333334
3874,2015-11-09,28.0242,28.7311,27.4122,28.1363,13641000,29.41249047619046,28.983147999999957,27.87925000000006,24.305661500000102,40.92185411648344,30.90398894512972,29.422425000000032,27.940861054870346,0.10827941134655461,0.2898325617960835,Bearish,32.2395,17.9214,5020047.619047619,28.7742,29.412100000000002,30.093100000000003,27.455299999999998,26.774299999999997,26.136399999999995
3875,2015-11-10,27.9467,28.2484,26.895,27.0933,10942500,29.311514285714267,28.92763399999996,27.92579900000006,24.321350500000097,34.76532157624467,31.113775537093026,29.34743000000003,27.581084462907036,-0.07792086574486135,0.21628187628789453,Bearish,32.2395,17.9214,5422357.142857143,27.929466666666666,28.765633333333334,29.282866666666667,26.576066666666666,26.058833333333332,25.222666666666665
3876,2015-11-11,27.576,28.1018,27.2484,27.4208,8360000,29.255685714285693,28.848843999999957,27.970107000000063,24.341133500000097,37.92338316675829,31.2119342209129,29.30174000000003,27.39154577908716,-0.19679093052309682,0.13366731492569625,Bearish,32.2395,17.9214,5855095.238095238,27.932266666666667,28.443733333333334,28.785666666666668,27.078866666666666,26.736933333333333,26.225466666666666
3877,2015-11-12,27.5415,27.9467,27.326,27.6794,10584500,29.22448571428569,28.75764199999996,28.00588000000006,24.362209500000095,40.37781978844949,31.25118027132953,29.28105000000003,27.310919728670527,-0.2670510561411099,0.05352364071233501,Bearish,32.2395,17.9214,6193428.571428572,27.9754,28.2714,28.5961,27.3547,27.03,26.734
3878,2015-11-13,27.5501,27.6277,27.1795,27.3174,2889000,29.187542857142837,28.69057799999996,28.04656700000006,24.384406500000097,38.10645413358991,31.336829767060323,29.18838500000003,27.039940232939735,-0.3479323391051814,-0.02676755525116828,Bearish,32.2395,17.9214,6567190.476190476,27.57023333333333,27.823066666666666,28.01843333333333,27.12203333333333,26.926666666666666,26.67383333333333
3879,2015-11-16,27.1536,27.2743,26.7226,26.9984,1813000,29.084099999999975,28.647647999999958,28.086306000000057,24.407422000000096,36.1752738766754,31.374779050347968,29.047445000000028,26.72011094965209,-0.4327831181897963,-0.10797066783889389,Bearish,32.2395,18.4213,6632880.952380952,27.27426666666667,27.550133333333335,27.82596666666667,26.72256666666667,26.446733333333334,26.17086666666667
3880,2015-11-17,27.326,27.826,27.1967,27.3346,5088500,28.96588095238093,28.594373999999956,28.130010000000063,24.4278515000001,39.64676861324994,31.362007442276305,28.934520000000028,26.50703255772375,-0.4675102742453774,-0.1798785891201906,Bearish,32.2395,18.4213,6450190.476190476,27.70816666666667,28.081733333333336,28.33746666666667,27.07886666666667,26.823133333333335,26.44956666666667
3881,2015-11-18,27.3691,27.7053,26.895,26.9726,3235500,28.841095238095217,28.559893999999957,28.15888800000006,24.448324500000098,37.2945969482464,31.36099375755463,28.806510000000024,26.252026242445417,-0.5182679005083521,-0.24755645139782292,Bearish,32.2395,18.4213,6165214.285714285,27.486933333333337,28.00126666666667,28.297233333333338,26.676633333333335,26.380666666666666,25.866333333333333
3882,2015-11-19,27.145,27.145,26.6364,26.7571,3031500,28.70891904761903,28.52299999999996,28.19259300000006,24.469616500000097,35.92806911220902,31.216961276761243,28.624195000000025,26.031428723238808,-0.5693199678026097,-0.3119091546787803,Bearish,32.2395,18.4644,6105023.80952381,27.055933333333332,27.354766666666666,27.564533333333333,26.54733333333333,26.337566666666664,26.03873333333333
3883,2015-11-20,26.7226,27.1277,26.576,26.8002,2770000,28.537338095238077,28.48231399999996,28.22354000000006,24.491382500000096,36.42976559519121,31.017919987545152,28.444035000000024,25.870150012454896,-0.5993918727448033,-0.3694056982919849,Bearish,32.2395,18.5162,6143285.714285715,27.093266666666665,27.386333333333333,27.644966666666665,26.541566666666665,26.282933333333332,25.989866666666664
3884,2015-11-23,26.7226,27.5415,26.6795,26.8347,7729500,28.367399999999982,28.44783399999996,28.254401000000062,24.5147005000001,36.855983759340866,30.938706587710243,28.314735000000024,25.690763412289805,-0.6133696686653849,-0.4181984923666649,Bearish,32.2395,18.5162,5812928.571428572,27.357633333333336,27.880566666666667,28.219633333333334,26.495633333333338,26.15656666666667,25.63363333333334
3885,2015-11-24,26.964,27.2829,26.464,26.645,11515500,28.235223809523788,28.430075999999964,28.28870900000006,24.5371130000001,35.4486074391486,30.86119947687756,28.181985000000026,25.502770523122493,-0.6324637290742139,-0.4610515397081747,Bearish,32.2395,18.5162,5718738.095238095,27.130599999999994,27.6162,27.949499999999997,26.31169999999999,25.978399999999993,25.49279999999999
3886,2015-11-25,26.7226,26.8519,25.602,25.964,7984500,28.07636666666665,28.376113999999962,28.32258600000006,24.5544825000001,30.8886057676179,30.816597290595222,28.018200000000025,25.219802709404828,-0.6945406854734486,-0.5077493688612295,Bearish,32.2395,18.5162,6115904.761904762,26.676600000000004,27.389200000000002,27.926500000000004,25.426700000000004,24.889400000000002,24.176800000000004
3887,2015-11-26,26.2743,26.8088,26.1623,26.2916,9275500,27.935980952380937,28.324909999999964,28.358705000000057,24.572283500000097,35.20656270884797,30.59359818185917,27.838040000000024,25.082481818140877,-0.7091281506241458,-0.5480251252138127,Bearish,32.2395,18.5162,6410309.523809524,26.6795,27.067400000000003,27.326000000000004,26.032999999999998,25.774399999999996,25.386499999999995
3888,2015-11-27,26.3778,26.464,25.5158,25.5933,7008500,27.731147619047604,28.284565999999963,28.38525500000006,24.587886000000097,30.790562297006847,30.325897138880748,27.61219000000002,24.89848286111929,-0.7681806871311139,-0.592056237597273,Bearish,32.2395,18.5162,6771285.714285715,26.199599999999997,26.805899999999998,27.147799999999997,25.251399999999997,24.909499999999998,24.303199999999997
3889,2015-11-30,25.7658,25.9468,24.3176,24.7227,4663000,27.474595238095223,28.207327999999965,28.40008200000006,24.6012905000001,26.352541883003333,30.134877331923544,27.35401500000002,24.5731526680765,-0.8751422962219699,-0.6486734493222124,Bearish,32.2395,18.5162,6939000.0,25.6738,26.6249,27.303,24.0446,23.3665,22.415399999999998
3890,2015-12-01,24.7227,25.2141,23.49,23.49,5098000,27.170014285714267,28.10474799999997,28.39189300000006,24.612238000000097,21.604277978463056,29.951159667214803,27.01696500000002,24.082770332785238,-1.0473060378604266,-0.7283999670298552,Bearish,32.2395,18.5162,6886309.523809524,24.6394,25.7888,26.3635,22.9153,22.3406,21.1912
3891,2015-12-02,22.9297,23.9038,22.628,23.74,4365500,26.86091904761903,28.01526999999997,28.37404900000006,24.626461500000097,24.572585244628637,29.5553024006655,26.690260000000023,23.825217599334547,-1.1503140287411497,-0.8127827793721141,Bearish,32.2395,18.5162,7062523.80952381,24.219866666666668,24.699733333333334,25.49566666666667,22.944066666666668,22.148133333333334,21.668266666666668
3892,2015-12-03,23.6279,24.921,23.1883,24.921,6492500,26.60600952380951,27.94941199999997,28.359567000000055,24.6459865000001,36.75509123535649,29.074283724185772,26.454070000000023,23.833856275814274,-1.1236984771093397,-0.8749659189195592,Bearish,32.2395,18.5162,7018500.0,25.498566666666665,26.07613333333333,27.231266666666663,23.765866666666668,22.610733333333336,22.03316666666667
3893,2015-12-04,25.0848,25.7744,25.0072,25.4727,5705500,26.40733809523808,27.89458799999997,28.350602000000052,24.6663305000001,41.50781957842878,28.807426422843324,26.309255000000025,23.811083577156726,-1.0460298998808888,-0.9091787151118251,Bearish,32.2395,18.5162,7178761.904761905,25.828999999999997,26.185299999999998,26.596199999999996,25.061799999999998,24.6509,24.2946
3894,2015-12-07,25.6451,26.1623,25.6451,25.8261,5253000,26.286247619047604,27.86355599999997,28.345171000000054,24.6899500000001,44.39061458476615,28.553100692114164,26.193745000000025,23.834389307885886,-0.9450664288343162,-0.9163562578563234,Bearish,32.2395,18.5162,7317261.904761905,26.110566666666664,26.39503333333333,26.627766666666663,25.593366666666665,25.360633333333332,25.076166666666666
3895,2015-12-08,25.8433,26.3347,25.714,25.964,4400000,26.182804761904748,27.84717799999997,28.341119000000052,24.7146900000001,45.51896426424544,28.46161276671221,26.137280000000022,23.812947233287833,-0.8441934366601167,-0.901923693617082,Bullish,32.2395,18.5162,6545071.428571428,26.294466666666665,26.624933333333335,26.915166666666668,25.673766666666662,25.38353333333333,25.05306666666666
3896,2015-12-09,25.8864,26.5502,25.7313,25.964,7920000,26.129028571428556,27.82459199999997,28.33120600000005,24.7389125000001,45.51896426424544,28.313399897732868,26.064440000000026,23.815480102267184,-0.755541452060271,-0.8726472453057198,Bullish,32.2395,18.5162,6105023.80952381,26.43236666666667,26.900733333333335,27.25126666666667,25.61346666666667,25.262933333333336,24.79456666666667
3897,2015-12-10,26.0157,27.145,26.0071,26.3692,10540500,26.078952380952366,27.80390399999997,28.317759000000052,24.7610665000001,49.04249684651486,28.12909688369983,25.998930000000023,23.868763116300215,-0.6451509632477368,-0.8271479888941232,Bullish,32.2395,18.5162,5961095.238095238,27.007099999999994,27.644999999999996,28.144999999999992,25.869199999999996,25.3692,24.731299999999997
3898,2015-12-11,26.6191,26.6364,25.9037,26.0244,2948000,26.000142857142844,27.76925199999997,28.289140000000046,24.781712000000102,46.298507437205444,27.97715776883777,25.934280000000022,23.891402231162274,-0.578815953913157,-0.7774815818979299,Bullish,32.2395,18.5162,6064928.571428572,26.472633333333327,26.92086666666666,27.205333333333325,25.73993333333333,25.455466666666666,25.007233333333332
3899,2015-12-14,26.2916,26.2916,24.7313,24.8693,5674000,25.88356666666665,27.715117999999972,28.263366000000048,24.795935500000105,38.52243050745199,27.859667788089514,25.827825000000026,23.795982211910538,-0.6123926166406157,-0.7444637888464671,Bullish,32.2395,18.5162,5701285.714285715,25.8635,26.857699999999998,27.423799999999996,24.3032,23.7371,22.742900000000002
3900,2015-12-15,24.9986,25.171,23.6279,23.7314,3867500,25.727995238095225,27.62891599999997,28.21517900000005,24.806366000000104,32.696514563358505,27.750872072332896,25.647665000000025,23.544457927667153,-0.7224929351120934,-0.7400696180995924,Bullish,32.2395,18.5162,5833904.761904762,24.72563333333333,25.719866666666665,26.26873333333333,23.182533333333332,22.633666666666667,21.639433333333333
3901,2015-12-16,23.8348,24.602,22.5504,22.8435,18649000,25.514133333333316,27.516163999999968,28.16069900000005,24.812917500000104,29.009797016702915,27.780988416776157,25.441210000000023,23.10143158322389,-0.8713499602950243,-0.7663256865386787,Bearish,32.2395,18.5162,5931738.095238095,24.113533333333326,25.383566666666663,26.165133333333326,22.061933333333325,21.280366666666662,20.010333333333325
3902,2015-12-17,23.0159,23.4038,22.4556,23.0504,5557500,25.327361904761887,27.392723999999966,28.10311600000005,24.821106500000106,30.96323643913424,27.732576028285678,25.255875000000024,22.77917397171437,-0.9615410773438136,-0.8053687646997056,Bearish,32.2395,18.5162,6577476.19047619,23.484266666666667,23.918133333333333,24.432466666666667,22.536066666666667,22.021733333333334,21.587866666666667
3903,2015-12-18,23.059,23.1797,22.697,22.809,1870500,25.13935714285713,27.263247999999965,28.04001600000005,24.82705450000011,29.928458095060268,27.643823979909175,25.056315000000026,22.468806020090877,-1.040502880418007,-0.8523955878433659,Bearish,32.2395,18.5162,6688047.619047619,23.093466666666668,23.377933333333335,23.57616666666667,22.610766666666667,22.412533333333332,22.128066666666665
3904,2015-12-21,23.3521,23.4038,22.9469,23.059,4436000,24.961204761904746,27.140151999999965,27.98820900000005,24.83252850000011,32.446350817174924,27.45943401373404,24.867530000000027,22.275625986266014,-1.0705669383203755,-0.8960298579387678,Bearish,32.2395,18.5162,6632761.904761905,23.326233333333334,23.593466666666668,23.783133333333335,22.869333333333334,22.679666666666666,22.412433333333333
3905,2015-12-22,23.2745,23.2745,22.3004,22.447,3057500,24.75226666666665,27.017227999999964,27.941402000000053,24.83744200000011,29.63865451726771,27.31876651517729,24.65763000000003,21.996493484822768,-1.1307417194311142,-0.9429722302372371,Bearish,32.2395,18.5162,6712095.238095238,23.047533333333337,23.64806666666667,24.021633333333337,22.073433333333337,21.69986666666667,21.099333333333337
3906,2015-12-23,22.6108,22.6108,21.335,21.4643,5548000,24.50556666666665,26.87982199999997,27.882354000000056,24.842054000000108,25.780884753637025,27.36135210961517,24.43264500000003,21.50393789038489,-1.2433932804787773,-1.003056440285545,Bearish,32.2395,18.5162,6489619.047619048,22.27173333333333,23.079166666666666,23.54753333333333,20.99593333333333,20.527566666666665,19.72013333333333
3907,2015-12-24,22.6108,22.6108,21.335,21.4643,5548000,24.29129523809522,26.74724399999997,27.828909000000056,24.845890000000104,25.780884753637025,27.25972728656214,24.191280000000027,21.122832713437916,-1.3174833265363013,-1.0659418175356963,Bearish,32.2395,18.5162,6205452.380952381,22.27173333333333,23.079166666666666,23.54753333333333,20.99593333333333,20.527566666666665,19.72013333333333
3908,2015-12-25,22.6108,22.6108,21.335,21.4643,5548000,24.06142380952379,26.593115999999974,27.76210300000006,24.8477005000001,25.780884753637025,27.20026687675752,23.984830000000024,20.769393123242526,-1.3605170284157175,-1.1248568597117006,Bearish,32.2395,18.5162,6089428.571428572,22.27173333333333,23.079166666666666,23.54753333333333,20.99593333333333,20.527566666666665,19.72013333333333
3909,2015-12-28,21.4643,21.4643,20.4299,20.8005,6296000,23.833195238095218,26.412781999999975,27.67788400000006,24.8461920000001,23.22996541727465,27.26784328933756,23.788720000000026,20.309596710662493,-1.4316811307039679,-1.186221713910154,Bearish,32.2395,18.5162,5911928.571428572,21.366566666666667,21.932633333333335,22.40096666666667,20.332166666666666,19.863833333333332,19.297766666666664
3910,2015-12-29,20.8091,20.9902,20.5161,20.5678,1635000,23.635342857142838,26.232275999999974,27.578062000000056,24.8451575000001,22.39346896730809,27.39439953775543,23.642610000000026,19.890820462244623,-1.4896839899816108,-1.2469141691244454,Bearish,32.2395,18.5162,5878000.0,20.866633333333333,21.165466666666667,21.340733333333333,20.392533333333333,20.217266666666667,19.918433333333333
3911,2015-12-30,20.5505,20.6023,20.2919,20.3781,1580500,23.487157142857125,26.049181999999973,27.48315300000005,24.843347000000097,21.70722968995562,27.48604951500938,23.474515000000025,19.46298048499067,-1.5332841334044787,-1.304188161980452,Bearish,32.2395,18.5162,5733809.523809524,20.5563,20.7345,20.8667,20.2459,20.113699999999998,19.935499999999998
3912,2015-12-31,20.4212,20.8609,20.154,20.7229,1942500,23.343485714285695,25.855571999999974,27.376779000000056,24.847441500000095,26.137813590697363,27.389168398133204,23.264610000000026,19.140051601866848,-1.522465053369352,-1.347843540258232,Bearish,32.2395,18.5162,5566309.523809524,21.00453333333333,21.286166666666666,21.711433333333332,20.29763333333333,19.872366666666665,19.59073333333333
3913,2016-01-01,20.766,21.6281,20.5592,21.5246,3805000,23.18175238095236,25.677995999999975,27.27842200000006,24.855329000000093,35.30506044142263,27.1275623382045,23.067205000000026,19.006847661795554,-1.4326852607108407,-1.3648118843487538,Bearish,32.2395,18.5162,5450928.571428572,21.9154,22.3062,22.9843,20.846500000000002,20.168400000000002,19.777600000000003
3914,2016-01-04,21.766,21.766,20.9471,21.085,1322500,22.972814285714268,25.51128199999998,27.180152000000064,24.86588900000009,32.894228404788564,26.77035918607273,22.830150000000025,18.889940813927318,-1.3810858760272673,-1.3680666826844565,Bearish,32.2395,18.5162,5322952.380952381,21.584966666666666,22.084933333333332,22.403866666666666,20.766066666666667,20.447133333333333,19.947166666666668
3915,2016-01-05,20.6971,21.5332,20.0333,21.016,4702000,22.743761904761886,25.34560199999998,27.080847000000063,24.871362500000092,32.51887394221386,26.32099106633211,22.582750000000026,18.844508933667942,-1.3304244108076304,-1.3605382283090912,Bullish,32.2395,18.5162,5114238.095238095,21.688366666666663,22.360733333333332,23.188266666666664,20.188466666666663,19.36093333333333,18.688566666666663
3916,2016-01-06,20.904,21.2488,20.6885,20.7747,1480000,22.496652380952362,25.17630199999998,26.98507700000006,24.87756900000009,31.17896144016902,25.797820447093855,22.323285000000027,18.8487495529062,-1.294819850754557,-1.3473945527981843,Bullish,32.2395,18.5162,5088000.0,21.1195,21.464299999999998,21.679799999999997,20.5592,20.343700000000002,19.998900000000003
3917,2016-01-07,20.4385,20.8522,20.3609,20.3954,1059000,22.231480952380934,24.98631399999998,26.890772000000062,24.880457000000092,29.145995780683638,25.055270862891344,22.024595000000026,18.99391913710871,-1.2824263082542302,-1.3344009038893936,Bullish,32.2395,18.5162,4948952.380952381,20.711433333333332,21.027466666666665,21.20273333333333,20.220133333333333,20.044866666666667,19.728833333333334
3918,2016-01-08,20.5161,20.5592,20.085,20.1885,1279500,21.937161904761886,24.787877999999978,26.80629400000006,24.881017500000095,28.07080484607123,24.24655811485762,21.732800000000026,19.21904188514243,-1.2746065663151782,-1.3224420363745506,Bullish,32.2395,18.5162,4622238.095238095,20.470133333333337,20.75176666666667,20.944333333333336,19.995933333333337,19.80336666666667,19.521733333333337
3919,2016-01-11,20.3437,20.4299,19.7575,19.8437,1015500,21.64284285714284,24.58702799999998,26.73267800000006,24.8751130000001,26.32774684197094,23.675289955672827,21.481520000000025,19.287750044327222,-1.2814599700231568,-1.3142456231042718,Bullish,32.2395,18.5162,4181238.095238095,20.263233333333332,20.682766666666666,20.93563333333333,19.590833333333332,19.337966666666667,18.918433333333333
3920,2016-01-12,19.6109,19.7833,18.8524,19.4041,2957000,21.38259523809522,24.370489999999975,26.64182200000006,24.868174000000096,24.25944927073449,23.38083790013233,21.26515500000003,19.149472099867726,-1.3072937197086318,-1.3128552424251438,Bullish,32.2395,18.5162,4089214.285714286,19.840799999999998,20.2775,20.7717,18.909899999999997,18.415699999999998,17.978999999999996
3921,2016-01-13,19.3954,19.654,18.6282,18.9213,1105000,21.15354285714284,24.143433999999974,26.55501600000006,24.860502000000093,22.196980026704242,23.28777758188381,21.069045000000024,18.85031241811624,-1.3511498629698018,-1.3205141665340754,Bearish,32.2395,18.5162,3959833.3333333335,19.507466666666666,20.093633333333333,20.533266666666666,18.481666666666666,18.042033333333332,17.455866666666665
3922,2016-01-14,18.4041,18.4903,17.9817,18.0076,4153500,20.923261904761887,23.910689999999974,26.452005000000057,24.846710000000094,18.918874778668414,23.21644902374961,20.816905000000027,18.417360976250443,-1.4430001192232034,-1.345011357071901,Bearish,32.2395,18.5162,3828285.714285714,18.33803333333334,18.66846666666667,18.84663333333334,17.829433333333338,17.651266666666668,17.320833333333336
3923,2016-01-15,18.0162,18.1627,17.1111,17.1197,2437500,20.6408476190476,23.685703999999973,26.33752900000006,24.827530000000092,16.386336666864864,23.248007462172993,20.532440000000026,17.81687253782706,-1.5693477545303018,-1.3898786365635811,Bearish,32.2395,18.0076,3138023.8095238097,17.8179,18.5161,18.869500000000002,16.7663,16.4129,15.7147
3924,2016-01-18,16.5421,17.5938,16.2577,17.4214,7206500,20.38429523809522,23.471405999999973,26.227277000000058,24.811798000000095,20.290831935991793,23.02823784194153,20.250560000000025,17.47288215805852,-1.6263865257306733,-1.4371802143969996,Bearish,32.2395,17.1197,2989452.380952381,17.924233333333333,18.42706666666667,19.260333333333335,16.58813333333333,15.754866666666665,15.25203333333333
3925,2016-01-19,17.7145,18.292,17.249000000000002,18.292,6720500,20.15729523809522,23.295379999999973,26.111507000000056,24.801453500000097,30.392065894170834,22.75300845465477,20.042810000000024,17.33261154534528,-1.5830911296542638,-1.4663623974484525,Bearish,32.2395,17.1197,3243547.619047619,18.63966666666667,18.987333333333336,19.68266666666667,17.59666666666667,16.901333333333337,16.553666666666672
3926,2016-01-20,18.2403,19.0334,18.2317,18.4644,11054500,19.9676476190476,23.11625199999997,25.982548000000055,24.7932210000001,32.22373519517596,22.603779869767333,19.892815000000027,17.18185013023272,-1.517376604185234,-1.4765652387958088,Bearish,32.2395,17.1197,3352333.3333333335,18.9213,19.3782,19.723,18.1196,17.7748,17.317899999999998
3927,2016-01-21,18.4558,18.8782,18.3265,18.4472,3951000,19.823976190476174,22.931607999999972,25.844625000000054,24.783264500000097,32.132887493575254,22.421950508492976,19.741960000000027,17.061969491507078,-1.449970903556391,-1.4712463717479252,Bullish,32.2395,17.1197,3733142.8571428573,18.774766666666668,19.102333333333334,19.32646666666667,18.223066666666668,17.998933333333333,17.671366666666668
3928,2016-01-22,18.6627,18.8265,18.4472,18.5851,2608000,19.686871428571415,22.756961999999977,25.723770000000055,24.773782000000097,33.74565923084295,22.20065733357504,19.59800000000003,16.99534266642502,-1.3696357147040885,-1.4509242403391578,Bullish,32.2395,17.1197,3657095.238095238,18.792000000000005,18.998900000000003,19.171300000000006,18.412700000000005,18.2403,18.033400000000004
3929,2016-01-25,18.7058,19.3782,18.7058,19.2575,4827000,19.5817857142857,22.602143999999974,25.624896000000057,24.769816500000097,41.095984466892446,22.06722065369751,19.52085000000003,16.97447934630255,-1.2374479090254589,-1.408228974076418,Bullish,32.2395,17.1197,3517095.238095238,19.521866666666664,19.786233333333332,20.194266666666664,18.849466666666665,18.441433333333332,18.177066666666665
3930,2016-01-26,18.9644,19.5075,18.9644,19.2747,2776500,19.509128571428555,22.440945999999975,25.517660000000056,24.7674455000001,41.27545671065318,21.95823007847358,19.45619500000003,16.95415992152648,-1.118407914160148,-1.350264762093164,Bullish,32.2395,17.1197,3482761.904761905,19.533333333333335,19.791966666666667,20.076433333333334,18.990233333333336,18.70576666666667,18.447133333333337
3931,2016-01-27,19.4127,19.473,18.8782,18.9386,1905500,19.431547619047606,22.280265999999973,25.420080000000052,24.7613255000001,38.788435967174614,21.85870117439025,19.38422000000003,16.90973882560981,-1.0392089675943303,-1.2880536031933973,Bullish,32.2395,17.1197,3315166.6666666665,19.314999999999998,19.691399999999998,19.909799999999997,18.7202,18.5018,18.1254
3932,2016-01-28,19.1368,19.1799,18.7058,18.792,987000,19.356019047619032,22.120963999999972,25.32198200000005,24.755420500000106,37.72081109225881,21.69547594931291,19.28767500000003,16.879874050687146,-0.9770102605402649,-1.225844934662771,Bullish,32.2395,17.1197,3328047.619047619,19.079333333333334,19.366666666666667,19.553433333333334,18.605233333333334,18.418466666666667,18.131133333333334
3933,2016-01-29,18.7317,18.9644,18.1972,18.4386,2493500,19.247242857142844,21.953731999999974,25.218023000000052,24.747662500000107,35.20521627876063,21.33466789998225,19.13337500000003,16.93208210001781,-0.9453365127282147,-1.1697432502758596,Bullish,32.2395,17.1197,3299785.714285714,18.869600000000002,19.300600000000003,19.636800000000004,18.1024,17.766199999999998,17.335199999999997
3934,2016-02-01,18.5334,19.0075,18.4472,18.9386,3631000,19.124099999999984,21.79580999999997,25.12182200000005,24.74365450000011,41.1818816097059,21.037382803693852,19.02605500000003,17.01472719630621,-0.8698617927874004,-1.1097669587781678,Bullish,32.2395,17.1197,3326023.8095238097,19.14833333333333,19.358066666666666,19.70863333333333,18.58803333333333,18.237466666666663,18.027733333333327
3935,2016-02-02,18.9386,19.1885,18.792,18.9127,2786000,19.02065714285713,21.64116399999997,25.035620000000048,24.739086000000107,40.971062216030916,20.713038006056422,18.920890000000032,17.128741993943642,-0.8028823194116903,-1.0483900309048724,Bullish,32.2395,17.1197,3317738.095238095,19.1368,19.3609,19.5333,18.7403,18.5679,18.3438
3936,2016-02-03,18.7058,19.223,18.7058,18.973,1821500,18.923371428571414,21.50134399999997,24.93872900000005,24.734732500000106,41.719115850344004,20.40958745300348,18.830805000000034,17.25202254699659,-0.7364456115599332,-0.9860011470358845,Bullish,32.2395,17.1197,3387428.5714285714,19.228733333333327,19.484466666666663,19.745933333333326,18.71153333333333,18.450066666666665,18.19433333333333
3937,2016-02-04,19.0937,19.6799,19.0937,19.473,3355500,18.8613857142857,21.36497199999997,24.84494100000005,24.7323620000001,47.64389877754142,20.225843283156976,18.78468500000003,17.343526716843087,-0.6361154773563058,-0.9160240130999687,Bullish,32.2395,17.1197,3250261.904761905,19.737366666666667,20.001733333333334,20.323566666666668,19.151166666666665,18.82933333333333,18.564966666666663
3938,2016-02-05,19.0937,19.6799,19.0937,19.473,3355500,18.817461904761892,21.242565999999968,24.76356600000005,24.7299915000001,47.64389877754142,20.08023790536801,18.748910000000034,17.41758209463206,-0.5502600676257572,-0.8428712240051264,Bullish,32.2395,17.1197,3339571.4285714286,19.737366666666667,20.001733333333334,20.323566666666668,19.151166666666665,18.82933333333333,18.564966666666663
3939,2016-02-08,19.5247,20.4385,19.4816,20.4385,4355000,18.82936666666665,21.156881999999968,24.68210500000005,24.733569000000102,57.353134929000426,20.227831136370344,18.778650000000034,17.329468863629724,-0.3997037202001046,-0.754237723244122,Bullish,32.2395,17.1197,3448928.5714285714,20.757466666666666,21.076433333333334,21.714366666666667,19.800566666666665,19.162633333333332,18.843666666666664
3940,2016-02-09,20.6023,21.4557,20.6023,21.447,9774500,18.90571428571427,21.116021999999965,24.61038500000005,24.743051000000104,64.71399503932382,20.725834936129214,18.880795000000035,17.035755063870855,-0.19674129734297097,-0.6427384380638917,Bullish,32.2395,17.1197,3595380.9523809524,21.734366666666666,22.021733333333334,22.587766666666667,20.880966666666666,20.314933333333332,20.027566666666665
3941,2016-02-10,21.3781,21.9642,20.9902,21.5763,10284000,19.009152380952365,21.072747999999965,24.544009000000052,24.752533000000103,65.53533475287502,21.20135290425292,19.013545000000036,16.82573709574715,-0.02516855809771812,-0.519224462070657,Bullish,32.2395,17.1197,4012476.1904761903,22.030266666666662,22.484233333333332,23.004266666666663,21.056266666666662,20.536233333333332,20.082266666666662
3942,2016-02-11,21.5505,21.9125,20.5161,20.6454,4338500,19.091252380952366,20.987235999999967,24.46832400000005,24.757360500000104,55.51621887225618,21.392016540276646,19.145435000000035,16.898853459723423,0.035281520320616266,-0.40832326559240234,Bullish,32.2395,17.1197,4361380.952380952,21.533233333333335,22.42106666666667,22.929633333333335,20.136833333333335,19.62826666666667,18.740433333333335
3943,2016-02-12,20.473,20.8178,19.7402,20.5247,5392500,19.21111428571427,20.888275999999966,24.391432000000044,24.7627915000001,54.355868253886776,21.434869347127858,19.315685000000034,17.19650065287221,0.07261213423446478,-0.31213618562702894,Bullish,32.2395,17.1197,4515357.142857143,20.9816,21.438499999999998,22.059199999999997,19.904000000000003,19.283300000000004,18.826400000000007
3944,2016-02-15,20.9471,21.5505,20.9384,21.5505,5481500,19.422104761904745,20.802763999999964,24.333160000000042,24.777963000000103,61.685365042775665,21.667288972358737,19.522140000000032,17.376991027641328,0.18286247693922064,-0.21313645311377902,Bullish,32.2395,17.1197,4574357.142857143,21.754533333333335,21.958566666666666,22.366633333333333,21.142433333333337,20.73436666666667,20.53033333333334
3945,2016-02-16,21.8522,22.1539,21.4643,21.585,14151500,19.62037142857141,20.71518399999997,24.281181000000043,24.792100500000107,61.90691741810983,21.93215300308249,19.686790000000034,17.441426996917578,0.26990918444933953,-0.1165273256011553,Bullish,32.2395,17.1197,4719309.523809524,22.004500000000007,22.424000000000003,22.694100000000006,21.31490000000001,21.044800000000006,20.62530000000001
3946,2016-02-17,21.766,21.766,20.8609,21.3005,3543500,19.763633333333313,20.62191399999997,24.223253000000042,24.803953500000105,58.88313523698101,22.105255913248175,19.828595000000032,17.55193408675189,0.3123371269777877,-0.030754435085366683,Bullish,32.2395,17.1197,5050023.80952381,21.757366666666663,22.21423333333333,22.66246666666666,20.852266666666665,20.404033333333334,19.947166666666668
3947,2016-02-18,21.6798,21.8522,20.7747,20.8609,3880500,19.877752380952362,20.51174799999997,24.157826000000043,24.811108500000106,54.45699572245011,22.17557866154827,19.949280000000034,17.7229813384518,0.3069511887652858,0.036786689684763826,Bullish,32.2395,17.1197,4898738.095238095,21.550499999999996,22.240099999999998,22.627999999999997,20.472999999999995,20.085099999999997,19.395499999999995
3948,2016-02-19,20.6971,20.6971,19.9385,20.0419,2094500,19.953690476190456,20.39209799999997,24.080675000000042,24.813522000000106,47.32036592750712,22.158636170407203,20.022120000000033,17.885603829592863,0.23390008402597218,0.0762093685530055,Bullish,32.2395,17.1197,4557119.047619048,20.51316666666666,20.984433333333328,21.271766666666657,19.754566666666662,19.467233333333333,18.995966666666664
3949,2016-02-22,20.1023,20.2402,19.042,19.0506,2914000,19.97585714285712,20.275723999999972,23.995421000000043,24.810936000000105,40.41634072353343,22.164938891465706,20.011775000000032,17.858611108534358,0.09492272180541406,0.07995203920348722,Bullish,32.2395,17.1197,4468714.285714285,19.846533333333333,20.642466666666667,21.044733333333333,18.648333333333333,18.246066666666668,17.450133333333333
3950,2016-02-23,19.3868,19.4644,18.2748,19.1799,4038000,19.972161904761883,20.18469399999997,23.906805000000045,24.810505000000106,41.61294066813385,22.16707485266752,20.00703500000003,17.846995147332542,-0.004729886450636656,0.06301565407266244,Bearish,32.2395,17.1197,4483285.714285715,19.671266666666668,20.162633333333336,20.86086666666667,18.481666666666666,17.78343333333333,17.292066666666663
3951,2016-02-24,19.1885,19.9988,19.0592,19.8178,3132500,19.998023809523787,20.12417999999997,23.820172000000042,24.812961500000107,47.24215301417854,22.157388492658136,20.05099500000003,17.944601507341922,-0.03186478025294903,0.04403956720754014,Bearish,32.2395,17.1197,4445714.285714285,20.19133333333333,20.564866666666664,21.130933333333328,19.25173333333333,18.685666666666666,18.312133333333332
3952,2016-02-25,20.0678,20.2143,19.7402,19.9557,2967500,20.04645714285712,20.062285999999972,23.727505000000043,24.81623700000011,48.40032835604921,22.136038188036913,20.109180000000027,18.08232181196314,-0.04176061123478547,0.026879531519075017,Bearish,32.2395,17.1197,4462666.666666667,20.199933333333334,20.444166666666668,20.674033333333334,19.725833333333334,19.495966666666668,19.251733333333334
3953,2016-02-26,19.9988,20.9471,19.9126,20.9471,4386500,20.149080952380928,20.025047999999973,23.64414800000004,24.825202000000115,55.89635417930619,22.139200198437976,20.234605000000023,18.33000980156207,0.030048189121153257,0.027513263039490664,Bullish,32.2395,17.1197,4513238.095238095,21.29193333333333,21.636766666666663,22.326433333333327,20.25743333333333,19.567766666666667,19.222933333333334
3954,2016-02-29,20.9471,21.2488,20.5161,20.6971,3608500,20.256628571428546,19.977809999999973,23.55898100000004,24.832227500000112,53.77487241920994,22.1400596917557,20.32253000000002,18.505000308244345,0.0660231957918036,0.03521524958995325,Bullish,32.2395,17.1197,4675119.047619048,21.125233333333327,21.553366666666662,21.857933333333325,20.39253333333333,20.087966666666667,19.65983333333333
3955,2016-03-01,20.7057,21.1798,20.5161,20.8609,1253500,20.34816666666664,19.94608799999997,23.481658000000042,24.84007200000011,54.98050509596719,22.13046730864282,20.419940000000025,18.70941269135723,0.10652300790366098,0.049476801252694796,Bullish,32.2395,17.1197,4728214.285714285,21.188433333333336,21.515966666666667,21.852133333333335,20.524733333333337,20.18856666666667,19.86103333333334
3956,2016-03-02,21.1626,21.4557,21.0333,21.1022,1998500,20.452428571428545,19.938845999999973,23.40933400000004,24.85063150000011,56.769287021061785,22.124817159571638,20.526400000000024,18.92798284042841,0.15628869536561396,0.07083918007527863,Bullish,32.2395,17.1197,4615000.0,21.360833333333336,21.619466666666668,21.783233333333335,20.938433333333336,20.77466666666667,20.516033333333336
3957,2016-03-03,21.2919,21.8953,20.8178,20.9212,3702500,20.545199999999973,19.927983999999974,23.33761400000004,24.855545000000106,55.00383591672444,22.12956395789575,20.59881000000002,19.068056042104292,0.17905909214788096,0.0924831624897991,Bullish,32.2395,17.1197,4577500.0,21.605066666666666,22.288933333333333,22.682566666666666,20.527566666666665,20.13393333333333,19.450066666666665
3958,2016-03-04,21.1195,21.1195,20.5764,20.7143,2685500,20.604309523809498,19.912983999999973,23.25305000000004,24.861536000000104,52.975751718648034,22.102047224098747,20.660875000000022,19.219702775901297,0.17835374384739922,0.10965727876131912,Bullish,32.2395,17.1197,4667071.428571428,21.0304,21.3465,21.5735,20.4873,20.2603,19.944200000000002
3959,2016-03-07,20.9902,21.7487,20.8695,21.697,5994500,20.710214285714258,19.930913999999973,23.17184800000004,24.870199000000106,60.43722948265577,22.2291106098124,20.723800000000022,19.218489390187646,0.2541606220296728,0.13855794741498986,Bullish,32.2395,17.1197,4635166.666666667,22.007300000000004,22.317600000000002,22.886500000000005,21.128100000000003,20.5592,20.248900000000003
3960,2016-03-08,21.8522,22.197,21.2919,21.7832,8415000,20.774247619047593,19.95522199999997,23.093749000000038,24.87985350000011,61.02148029152046,22.284854718823183,20.740610000000025,19.196365281176867,0.31753341123766887,0.17435304017952566,Bullish,32.2395,17.1197,4760833.333333333,22.222833333333334,22.662466666666667,23.127933333333335,21.317733333333333,20.852266666666665,20.412633333333332
3961,2016-03-09,21.766,22.1453,21.4729,21.7746,6337000,20.789847619047595,19.983151999999972,23.016167000000042,24.88942200000011,60.924812300282206,22.318469524373555,20.750525000000025,19.182580475626494,0.36287980265433006,0.21205839267448653,Bullish,32.2395,17.1197,4954166.666666667,22.1223,22.47,22.7947,21.4499,21.1252,20.7775
3962,2016-03-10,22.016,22.0246,20.8609,20.9298,4387500,20.75906190476188,19.98728999999997,22.921431000000037,24.89144750000011,52.180109074195535,22.33377618194413,20.764745000000026,19.19571381805592,0.326880766839416,0.23502286750747242,Bullish,32.2395,17.1197,4790476.19047619,21.682633333333335,22.435466666666667,22.846333333333334,20.518933333333337,20.10806666666667,19.355233333333338
3963,2016-03-11,20.904,21.7574,20.4299,21.6194,3765500,20.805442857142832,19.98918599999997,22.833591000000037,24.898085000000105,57.537840984969854,22.427098699323206,20.819480000000024,19.21186130067684,0.34996208331673984,0.2580107106693259,Bullish,32.2395,17.1197,4509690.476190476,22.107900000000004,22.596400000000003,23.435400000000005,20.780400000000004,19.9414,19.452900000000003
3964,2016-03-14,21.8522,22.1539,21.5505,21.6022,3915000,20.856752380952354,19.99952999999997,22.755406000000036,24.905067500000104,57.3652028210859,22.434536154815962,20.822065000000023,19.209593845184084,0.3626854841657341,0.27894566536860754,Bullish,32.2395,17.1197,4482404.761904762,21.987233333333336,22.37226666666667,22.590633333333336,21.383833333333335,21.165466666666667,20.780433333333335
3965,2016-03-15,21.5505,21.5505,21.2229,21.2833,603500,20.844028571428545,20.004875999999975,22.675239000000033,24.912395000000107,54.122748647990846,22.396095029950096,20.806980000000024,19.217864970049952,0.3430814764643415,0.29177282758775436,Bullish,32.2395,17.1197,4412047.619047619,21.481566666666662,21.67983333333333,21.809166666666663,21.153966666666662,21.02463333333333,20.82636666666666
3966,2016-03-16,21.2919,21.5074,21.0333,21.266,1535000,20.82883809523807,20.01470199999997,22.59550200000003,24.919636000000104,53.94461348058361,22.392296949638794,20.805255000000024,19.218213050361253,0.3224323937756175,0.297904740825327,Bullish,32.2395,17.1197,4179761.904761905,21.504499999999997,21.743,21.978599999999997,21.030399999999997,20.7948,20.556299999999997
3967,2016-03-17,21.1626,21.6281,21.0419,21.3091,6368500,20.829247619047596,20.032975999999973,22.50964500000003,24.923644500000105,54.34774605938505,22.42980294696743,20.827665000000025,19.225527053032618,0.3060180709422795,0.2995274068487175,Bullish,32.2395,17.1197,3578976.1904761903,21.61083333333334,21.91256666666667,22.19703333333334,21.024633333333338,20.740166666666667,20.438433333333336
3968,2016-03-18,21.4212,21.7143,21.2057,21.4384,3302500,20.856747619047592,20.057973999999973,22.422926000000032,24.928946000000106,55.60326828136283,22.478141131531842,20.897490000000026,19.31683886846821,0.29998499099089315,0.2996189236771526,Bullish,32.2395,17.1197,3713500.0,21.6999,21.9614,22.2085,21.1913,20.9442,20.682699999999997
3969,2016-03-21,21.5074,21.6625,21.2574,21.3177,789000,20.917499999999976,20.08745399999997,22.337241000000034,24.928558000000102,54.10733658405634,22.352551126509532,21.010845000000025,19.669138873490517,0.2822110965447564,0.29613735825067333,Bearish,32.2395,17.1197,3685976.1904761903,21.567666666666664,21.817633333333333,21.972766666666665,21.162566666666663,21.00743333333333,20.757466666666662
3970,2016-03-22,21.4643,21.5074,21.0333,21.1281,850000,21.01642857142855,20.12193399999997,22.246212000000032,24.926360000000106,51.751992988686865,22.154437740209573,21.108255000000028,20.062072259790483,0.24994481347106046,0.28689884929475074,Bearish,32.2395,17.1197,3623809.523809524,21.412566666666667,21.697033333333334,21.886666666666667,20.938466666666667,20.748833333333334,20.464366666666667
3971,2016-03-23,21.4643,21.5074,21.0333,21.1281,850000,21.10919999999998,20.166069999999973,22.15475200000003,24.921662000000104,51.751992988686865,22.03652918332528,21.17377000000003,20.31101081667478,0.22181658811735616,0.2738823970592718,Bearish,32.2395,17.1197,3525523.8095238097,21.412566666666667,21.697033333333334,21.886666666666667,20.938466666666667,20.748833333333334,20.464366666666667
3972,2016-03-24,21.2488,21.8091,21.1626,21.6712,3241000,21.19745714285712,20.239341999999972,22.075016000000034,24.919076000000103,57.84777532380354,21.943410792324542,21.25954500000003,20.57567920767552,0.24057519687878326,0.2672209570231741,Bearish,32.2395,17.1197,3373714.285714286,21.932666666666666,22.194133333333333,22.579166666666666,21.286166666666666,20.901133333333334,20.639666666666667
3973,2016-03-25,21.9729,22.5418,21.8091,21.9211,11327000,21.2910476190476,20.335369999999973,22.01053700000003,24.915455500000103,60.33130375614905,22.03363612891672,21.308245000000035,20.58285387108335,0.2724655576248729,0.26826987714351386,Bullish,32.2395,17.1197,3378880.9523809524,22.372233333333327,22.82336666666666,23.104933333333324,21.63953333333333,21.357966666666666,20.90683333333333
3974,2016-03-28,21.7229,22.0418,21.5505,21.9298,2016000,21.33784285714284,20.425537999999975,21.948472000000027,24.9138610000001,60.41873687392617,22.086513294238664,21.369880000000034,20.653246705761404,0.2950398794900444,0.27362387761282,Bullish,32.2395,17.1197,3776952.380952381,22.130899999999997,22.331999999999997,22.622199999999996,21.639599999999998,21.3494,21.1483
3975,2016-03-29,21.9815,22.2401,21.8522,21.9642,7116500,21.398180952380937,20.498981999999973,21.897181000000028,24.911490000000104,60.786767999743,22.146308955782853,21.425045000000033,20.703781044217212,0.3121081957150089,0.2813207412332578,Bullish,32.2395,17.1197,3664071.4285714286,22.185466666666667,22.406733333333335,22.57336666666667,21.797566666666665,21.63093333333333,21.409666666666663
3976,2016-03-30,21.8953,22.628,21.8953,22.3866,14867500,21.470833333333317,20.577425999999974,21.846839000000028,24.908473000000104,65.0803074919084,22.306453280086803,21.489265000000035,20.672076719913267,0.3556197460825459,0.2961805422031154,Bullish,32.2395,17.1197,3831119.0476190476,22.711299999999994,23.035999999999998,23.443999999999996,21.978599999999993,21.570599999999995,21.245899999999992
3977,2016-03-31,22.4297,22.6711,21.8522,21.9815,4575500,21.512704761904747,20.648111999999973,21.789860000000026,24.897870000000104,58.468396158183424,22.342576079217768,21.542280000000034,20.7419839207823,0.3533416759023247,0.30761276894295725,Bullish,32.2395,17.1197,4479404.761904762,22.484333333333336,22.987166666666667,23.303233333333335,21.665433333333336,21.34936666666667,20.846533333333337
3978,2016-04-01,22.0677,22.6711,21.9125,22.5677,3828000,21.591109523809507,20.727763999999976,21.742363000000026,24.8944650000001,64.1450769496141,22.459152619512444,21.634950000000035,20.810747380487626,0.3942925704801894,0.3249487292504037,Bullish,32.2395,17.1197,4602119.047619048,22.855033333333324,23.14236666666666,23.613633333333322,22.096433333333326,21.625166666666665,21.33783333333333
3979,2016-04-04,22.7314,23.2056,22.5849,22.9469,9398500,21.69742380952379,20.801551999999973,21.701848000000027,24.8940770000001,67.26232133009701,22.701018603634513,21.697445000000034,20.693871396365555,0.45213281471663436,0.3503855463436498,Bullish,32.2395,17.1197,4608095.238095238,23.24003333333334,23.53316666666667,23.86073333333334,22.61933333333334,22.29176666666667,21.99863333333334
3980,2016-04-05,22.9297,23.4038,22.7659,22.8952,7035000,21.754480952380934,20.873961999999974,21.657454000000026,24.893732000000096,66.41452405102184,22.884525075791043,21.753045000000032,20.62156492420902,0.48817251815297524,0.37794294070551493,Bullish,32.2395,17.1197,4927761.904761905,23.277366666666662,23.659533333333332,23.915266666666664,22.63946666666666,22.38373333333333,22.00156666666666
3981,2016-04-06,23.0849,24.0331,22.9297,23.921,16507000,21.856280952380935,20.973609999999976,21.626938000000024,24.8929130000001,73.54068463371513,23.334844462424805,21.86036500000003,20.385885537575255,0.5926757328891021,0.4208894991422324,Bullish,32.2395,17.1197,4977309.523809524,24.326166666666662,24.731333333333332,25.429566666666663,23.22276666666666,22.52453333333333,22.11936666666666
3982,2016-04-07,24.1365,24.3089,23.5331,23.6366,6260500,21.9449476190476,21.07050199999998,21.595733000000024,24.8941630000001,69.15934851615026,23.595278047382433,21.99570500000003,20.396131952617626,0.6451101520369065,0.4657336297211672,Bullish,32.2395,17.1197,5362642.857142857,24.1193,24.602,24.8951,23.3435,23.0504,22.5677
3983,2016-04-08,23.5417,23.6969,23.0159,23.1452,3020000,22.050442857142837,21.164633999999978,21.559183000000022,24.891361500000098,62.257565797703585,23.736717180398937,22.07199500000003,20.407272819601122,0.6396395670155322,0.5005148171800402,Bullish,32.2395,17.1197,5359000.0,23.556100000000004,23.967000000000002,24.237100000000005,22.875100000000003,22.605,22.194100000000002
3984,2016-04-11,23.1452,23.2228,22.4125,22.4987,4613500,22.092314285714263,21.23583599999998,21.515823000000022,24.8851120000001,54.54524094737489,23.776800957243907,22.11682000000003,20.45683904275615,0.5764915067621459,0.5157101550964613,Bullish,32.2395,17.1197,5293880.952380952,23.010166666666663,23.52163333333333,23.82046666666666,22.199866666666665,21.901033333333334,21.389566666666667
3985,2016-04-12,22.6625,22.8435,21.8953,22.6883,4306500,22.144033333333315,21.31134799999998,21.47625600000002,24.882482500000098,56.25667229797211,23.818683706859694,22.18707000000003,20.555456293140367,0.5355716133241692,0.5196824467420029,Bullish,32.2395,17.1197,5334261.904761905,23.0561,23.4239,24.0043,22.1079,21.5275,21.1597
3986,2016-04-13,22.8435,22.9297,22.2056,22.447,3078000,22.1994476190476,21.38082799999998,21.441086000000023,24.8818360000001,53.49605894514762,23.82474421443875,22.24612000000003,20.66749578556131,0.4781594846952757,0.5113778543326575,Bearish,32.2395,17.1197,5352904.761904762,22.84926666666667,23.251533333333334,23.57336666666667,22.12516666666667,21.803333333333335,21.40106666666667
3987,2016-04-14,22.628,23.309,22.628,23.0676,5485500,22.285238095238075,21.45271999999998,21.408846000000022,24.8837755000001,59.06040599624558,23.88983925693495,22.33404500000003,20.778250743065115,0.47723591400659515,0.504549466267445,Bearish,32.2395,17.1197,5470738.095238095,23.37506666666666,23.682533333333332,24.056066666666663,22.69406666666666,22.32053333333333,22.01306666666666
3988,2016-04-15,23.49,24.0848,23.4469,23.6193,7259500,22.3952476190476,21.535645999999982,21.38910600000002,24.887180500000103,63.2680964374101,24.03772870880246,22.443090000000034,20.848451291197605,0.5150839892333394,0.5066563708606239,Bullish,32.2395,17.1197,5658857.142857143,23.987099999999998,24.3549,24.625,23.349199999999996,23.079099999999997,22.711299999999994
3989,2016-04-18,24.2658,24.8003,24.2227,24.8003,12336000,22.555338095238074,21.622881999999986,21.38988200000002,24.894982000000105,70.30412997172193,24.428179649029122,22.61722000000003,20.80626035097094,0.6330779628242809,0.5319406892533552,Bullish,32.2395,17.1197,5701285.714285715,24.992833333333333,25.185366666666667,25.570433333333334,24.415233333333333,24.030166666666666,23.837633333333333
3990,2016-04-19,25.8606,26.033,25.3175,25.9554,14872500,22.77618095238093,21.71304999999999,21.41453600000002,24.903214500000104,75.28971941147746,25.0567069404556,22.85858500000003,20.66046305954446,0.810453549394687,0.5876432612816216,Bullish,32.2395,17.1197,6131452.380952381,26.21976666666666,26.484133333333332,26.935266666666664,25.50426666666666,25.053133333333328,24.788766666666657
3991,2016-04-20,26.033,27.1967,25.1882,26.8691,27305500,23.049561904761884,21.818905999999988,21.445827000000023,24.909938000000103,78.38153782741382,25.813982747410776,23.14563500000003,20.477287252589285,1.0130748374553207,0.6727295765163614,Bullish,32.2395,17.1197,6802095.238095238,27.647799999999993,28.426499999999997,29.656299999999995,25.63929999999999,24.409499999999994,23.63079999999999
3992,2016-04-21,26.9381,27.0674,25.533,25.7571,10638000,23.26999047619045,21.921139999999987,21.454188000000023,24.9068775000001,67.33856495262881,26.157472001184104,23.34993000000003,20.542387998815954,1.071572144768293,0.7524980901667477,Bullish,32.2395,17.1197,8061880.952380952,26.705333333333336,27.653566666666666,28.239733333333334,25.170933333333338,24.58476666666667,23.63653333333334
3993,2016-04-22,25.8606,27.0415,25.8175,26.8778,17473000,23.517923809523786,22.04820199999999,21.468239000000025,24.909420500000103,71.67048673499963,26.71504998105524,23.597765000000027,20.480480018944814,1.1945922898736896,0.8409169301081361,Bullish,32.2395,17.1197,8527976.19047619,27.34036666666667,27.802933333333335,28.564366666666672,26.11636666666667,25.354933333333335,24.89236666666667
3994,2016-04-25,26.9381,27.5846,26.5157,27.4122,13481000,23.779404761904736,22.165435999999985,21.484100000000026,24.9146355000001,73.47695558577149,27.302695397138326,23.871885000000027,20.44107460286173,1.319992206524656,0.9367319853914401,Bullish,32.2395,17.1197,9205690.476190476,27.825966666666663,28.23973333333333,28.894866666666662,26.757066666666663,26.10193333333333,25.688166666666664
3995,2016-04-26,27.4122,28.7828,27.0674,28.688,26422500,24.10122380952378,22.307495999999986,21.51134000000003,24.9262295000001,77.21275846059105,28.110574896670443,24.208075000000026,20.30557510332961,1.5049705776155875,1.0503797038362697,Bullish,32.2395,17.1197,9308261.904761905,29.291399999999996,29.8948,31.0068,27.575999999999993,26.463999999999995,25.86059999999999
3996,2016-04-27,28.7914,29.3862,28.5415,28.9207,26966500,24.432485714285683,22.459899999999983,21.54090700000003,24.9360565000001,77.826235728122,28.84532213045331,24.534780000000026,20.22423786954674,1.6513089529419247,1.1705655536574007,Bullish,32.2395,17.1197,10470476.19047619,29.357433333333333,29.794166666666666,30.202133333333332,28.512733333333333,28.104766666666666,27.668033333333334
3997,2016-04-28,28.8776,29.1362,28.2311,28.4553,10525500,24.7214714285714,22.611787999999986,21.56176800000003,24.939763500000097,73.5607587903419,29.322987919822058,24.85847000000003,20.393952080178,1.7100172646313112,1.2784558958521828,Bullish,32.2395,17.1197,11415714.285714285,28.983966666666664,29.51263333333333,29.88906666666666,28.078866666666666,27.702433333333335,27.17376666666667
3998,2016-04-29,28.5328,29.3776,28.2311,28.8259,15550000,25.047395238095213,22.78746799999999,21.58978300000003,24.939461500000096,74.74764002663797,29.823137120316225,25.171380000000028,20.51962287968383,1.7660899616571122,1.3759827090131687,Bullish,32.2395,17.1197,11208952.38095238,29.391966666666665,29.958033333333333,30.538466666666665,28.245466666666665,27.665033333333334,27.098966666666666
3999,2016-05-02,28.7914,29.7397,28.5328,29.119,14073500,25.35936190476188,22.98883599999999,21.632280000000033,24.947823000000096,75.6775907890485,30.315786340120603,25.479985000000028,20.644183659879452,1.813276377142774,1.4634414426390898,Bullish,32.2395,17.1197,11731547.61904762,29.7282,30.3374,30.9351,28.521300000000004,27.923600000000004,27.314400000000006
4000,2016-05-03,29.3086,29.4811,28.8776,28.9552,7562500,25.6454714285714,23.184341999999987,21.68451800000003,24.949848500000094,74.03666998022325,30.691848387904678,25.782985000000032,20.874121612095387,1.8165150060601114,1.534056155323294,Bullish,32.2395,17.1197,12219428.57142857,29.33166666666667,29.708133333333336,29.93516666666667,28.72816666666667,28.501133333333335,28.12466666666667
4001,2016-05-04,29.0931,29.9207,29.0931,29.5242,15049000,25.961138095238063,23.37846999999999,21.75132500000003,24.95601200000009,75.98468235876615,31.151260718604654,26.06314500000003,20.975029281395408,1.8437416810687353,1.5959932604723823,Bullish,32.2395,17.1197,12132000.0,29.932233333333343,30.340266666666672,30.759833333333344,29.104633333333343,28.68506666666667,28.277033333333343
4002,2016-05-05,29.6966,30.1189,29.4552,29.7052,16656500,26.236576190476153,23.57345999999999,21.817873000000027,24.960494500000095,76.58647802742841,31.5623358974539,26.366575000000033,21.170814102546167,1.8585005668325465,1.6484947217444152,Bullish,32.2395,17.1197,12513619.047619049,30.064333333333334,30.423466666666666,30.728033333333332,29.400633333333335,29.09606666666667,28.736933333333337
4003,2016-05-06,29.8259,30.2914,29.438,29.8172,20099000,26.530890476190436,23.750861999999987,21.887955000000023,24.9639855000001,76.97103376601765,31.882518742314865,26.700175000000037,21.51783125768521,1.8578187757149323,1.6903595325385186,Bullish,32.2395,17.1197,12520738.095238095,30.259733333333333,30.702266666666667,31.113133333333334,29.406333333333333,28.995466666666665,28.552933333333332
4004,2016-05-09,30.4638,31.2999,30.2655,31.0672,24327500,26.908128571428527,23.958263999999986,21.968037000000024,24.9781230000001,80.76768560268424,32.26729611633249,27.128600000000034,21.98990388366758,1.9358279846602215,1.7394532229628592,Bullish,32.2395,17.1197,13179714.285714285,31.489566666666665,31.911933333333334,32.52396666666667,30.455166666666663,29.84313333333333,29.420766666666662
4005,2016-05-10,30.9206,31.6706,30.6103,31.3947,18549000,27.331747619047572,24.16893999999999,22.05751400000002,24.9994580000001,81.62255060973423,32.59828716881188,27.56392000000003,22.52955283118818,2.0010109491084087,1.791764768191969,Bullish,32.2395,17.1197,14194357.142857144,31.840100000000003,32.2855,32.900400000000005,30.7798,30.1649,29.7195
4006,2016-05-11,31.593000000000004,31.8085,30.8603,31.0327,12129500,27.729099999999953,24.367549999999987,22.15319800000002,25.017776000000097,77.52082749933457,32.6598551075088,27.993205000000028,23.32655489249126,2.0003991867916504,1.8334916519119053,Bullish,32.2395,17.1197,14857952.38095238,31.607366666666667,32.18203333333334,32.555566666666664,30.659166666666668,30.285633333333333,29.710966666666668
4007,2016-05-12,31.0241,31.4551,30.3431,30.5327,11764500,28.114133333333285,24.559779999999986,22.24388200000002,25.036395500000097,72.12927472836287,32.5685828080117,28.36646000000003,24.16433719198836,1.937237274015935,1.8542407763327113,Bullish,32.2395,17.1197,15230476.19047619,31.210833333333333,31.88896666666667,32.322833333333335,30.09883333333333,29.664966666666665,28.98683333333333
4008,2016-05-13,30.4724,31.3775,30.0845,31.2223,14603500,28.502452380952334,24.769939999999984,22.34146200000002,25.0517825000001,74.73879925071387,32.51540805927705,28.746610000000032,24.97781194072301,1.9206854930775172,1.8675297196816725,Bullish,32.2395,17.1197,15644119.047619049,31.70503333333334,32.187766666666676,32.99803333333334,30.412033333333337,29.601766666666666,29.119033333333334
4009,2016-05-16,31.3344,31.7051,30.9034,31.162,8683500,28.86162857142853,24.959239999999987,22.44507700000002,25.0614805000001,74.08559108541071,32.50726319684223,29.064695000000036,25.62212680315784,1.8810191633613478,1.8702276084176075,Bullish,32.2395,17.1197,16078309.523809524,31.610266666666664,32.05853333333333,32.411966666666665,30.808566666666664,30.455133333333333,30.006866666666664
4010,2016-05-17,31.2482,31.4292,30.3431,30.6017,5381500,29.137885714285673,25.135609999999982,22.545416000000024,25.061739000000102,68.12738902486942,32.486732330800805,29.297010000000036,26.107287669199266,1.783809142491286,1.8529439152323433,Bearish,32.2395,17.1197,16146119.047619049,31.23956666666666,31.877433333333332,32.32566666666666,30.15346666666666,29.70523333333333,29.067366666666658
4011,2016-05-18,30.6017,30.8086,30.0845,30.4207,6352500,29.350519047619006,25.308531999999982,22.645842000000027,25.0644975000001,66.27316657533781,32.4948178674977,29.474590000000035,26.45436213250237,1.67288038947353,1.8169312100805806,Bearish,32.2395,17.1197,15814952.38095238,30.79136666666666,31.16203333333333,31.51546666666666,30.06726666666666,29.71383333333333,29.34316666666666
4012,2016-05-19,30.6362,31.4637,30.4379,31.2223,11842000,29.557814285714244,25.514381999999976,22.75083600000002,25.063807500000102,70.14819192330609,32.3304928188988,29.747850000000035,27.165207181101273,1.6308515329556457,1.7797152746555935,Bearish,32.2395,17.1197,15409238.095238095,31.644699999999993,32.067099999999996,32.67049999999999,30.618899999999993,30.015499999999996,29.593099999999993
4013,2016-05-20,31.5413,31.6706,30.9465,31.2999,11133500,29.8217571428571,25.707991999999976,22.84858900000002,25.0635055000001,70.50152736816064,32.273044556833646,29.968955000000033,27.664865443166423,1.5855280524022568,1.7408778302049261,Bearish,32.2395,17.1197,14672880.952380951,31.664833333333334,32.02976666666667,32.388933333333334,30.940733333333334,30.581566666666667,30.216633333333334
4014,2016-05-23,31.6533,32.7136,31.3344,32.5154,19674500,30.090214285714243,25.926255999999977,22.962893000000022,25.0715225000001,75.41100484316136,32.46863708389867,30.224115000000033,27.979592916101396,1.628912470174928,1.7184847581989264,Bearish,32.2395,17.1197,14696476.19047619,33.0412,33.56700000000001,34.42040000000001,31.662000000000006,30.808600000000002,30.282800000000005
4015,2016-05-24,32.6274,33.3774,32.5843,32.6964,15751000,30.341842857142815,26.154517999999975,23.07969700000002,25.0802720000001,76.05021785144518,32.79681564214753,30.424535000000038,28.05225435785255,1.6587787522455422,1.7065435570082497,Bearish,32.5154,17.1197,14801309.523809524,33.187766666666676,33.67913333333334,33.98086666666668,32.39466666666667,32.092933333333335,31.60156666666667
4016,2016-05-25,32.8429,33.0412,32.3257,32.4119,4734000,30.51917142857139,26.377435999999975,23.19606900000002,25.0905730000001,72.84474976036852,33.01641803548966,30.599095000000034,28.18177196451041,1.6405796427311188,1.6933507741528235,Bearish,32.6964,17.1197,14909404.761904761,32.86016666666667,33.30843333333334,33.57566666666668,32.144666666666666,31.87743333333333,31.42916666666666
4017,2016-05-26,32.3257,32.4895,31.6447,31.7826,4613500,30.655452380952344,26.586905999999978,23.309941000000023,25.1003565000001,66.19818525583077,33.02238419491844,30.765460000000036,28.508535805081635,1.557424447040546,1.666165508730368,Bearish,32.6964,17.1197,13876619.047619049,32.29983333333333,32.81706666666666,33.14463333333333,31.455033333333333,31.127466666666667,30.610233333333333
4018,2016-05-27,31.8085,32.6274,31.6792,32.3085,8534500,30.838938095238056,26.804307999999978,23.43114100000002,25.1187175000001,68.76323144740296,33.106670451577784,30.93959000000003,28.772509548422278,1.5164780749520297,1.6362280219747003,Bearish,32.6964,17.1197,12812190.476190476,32.73086666666668,33.15323333333334,33.67906666666668,31.782666666666678,31.25683333333334,30.83446666666668
4019,2016-05-30,32.1188,32.455,31.2051,31.343000000000004,4596000,30.958799999999957,27.00481399999998,23.54613400000002,25.1394060000001,59.79235953576889,33.054889363706934,31.050790000000028,29.04669063629312,1.3900958395555882,1.5870015854908779,Bearish,32.6964,17.1197,12717380.952380951,32.1303,32.91759999999999,33.380199999999995,30.8804,30.417800000000003,29.630500000000005
4020,2016-05-31,31.3344,31.9723,29.7828,30.231,14999500,31.011752380952338,27.18687199999998,23.65440300000002,25.148112500000096,51.464666087368826,32.919088033346064,31.11458000000003,29.310071966653993,1.1865303179252642,1.506907331977755,Bearish,32.6964,17.1197,12195761.904761905,31.541266666666658,32.85153333333333,33.73076666666665,29.35176666666666,28.47253333333333,27.16226666666666
4021,2016-06-01,30.4465,31.5068,30.2138,31.3258,8389500,31.12463809523805,27.390825999999983,23.778448000000022,25.166732000000096,57.70969608739893,32.85597846886351,31.20466000000003,29.55334153113655,1.1008544212869715,1.4256967498395983,Bearish,32.6964,17.1197,12239857.142857144,31.817133333333338,32.30846666666667,33.11013333333334,30.52413333333334,29.72246666666667,29.23113333333334
4022,2016-06-02,31.4637,31.843000000000004,31.2223,31.6275,7321000,31.224795238095197,27.589951999999986,23.914647000000024,25.183326000000097,59.26518686435875,32.80941113489424,31.300775000000034,29.792138865105823,1.045251317980199,1.3496076634677183,Bearish,32.6964,17.1197,12279238.095238095,31.906233333333336,32.18496666666667,32.52693333333334,31.285533333333333,30.943566666666666,30.66483333333333
4023,2016-06-03,31.6361,32.7136,31.5671,32.4205,13883500,31.354095238095198,27.79993999999998,24.067655000000023,25.2025920000001,63.10633450711888,32.8517739584938,31.43094000000003,30.010106041506265,1.0530351963810993,1.2902931700503946,Bearish,32.6964,17.1197,11911238.095238095,32.900366666666656,33.38023333333332,34.04686666666665,31.753866666666653,31.087233333333327,30.607366666666653
4024,2016-06-06,31.8775,32.705,31.4723,32.4636,6310500,31.480114285714247,28.01061599999998,24.218077000000022,25.2226770000001,63.30884402188117,32.97930177675447,31.500760000000035,30.022218223245602,1.0505714521495406,1.2423488264702238,Bearish,32.6964,17.1197,11779190.476190476,32.954966666666664,33.44633333333333,34.187666666666665,31.72226666666667,30.980933333333336,30.489566666666672
4025,2016-06-07,32.5843,32.6878,31.8947,31.9981,1448500,31.524442857142823,28.211293999999985,24.35513800000002,25.2333225000001,59.50951309637005,33.024136127903674,31.530930000000033,30.037723872096397,0.9995349408325147,1.193786049342682,Bearish,32.6964,17.1197,11122595.238095239,32.49236666666667,32.98663333333334,33.28546666666667,31.699266666666666,31.400433333333332,30.906166666666664
4026,2016-06-08,31.9464,32.4464,31.9119,32.0068,2065000,31.553590476190443,28.403697999999984,24.490562000000022,25.2365550000001,59.55836210181739,33.06819795033454,31.579635000000035,30.09107204966553,0.9488523756601133,1.1447993146061681,Bearish,32.6964,17.1197,10033119.047619049,32.33149999999999,32.6562,32.86599999999999,31.796999999999997,31.5872,31.2625
4027,2016-06-09,32.1964,32.1964,31.0844,31.6016,1243500,31.58068095238092,28.596099999999982,24.62210600000002,25.2333655000001,56.16003658658995,33.04207826061221,31.633080000000035,30.224081739387866,0.8660070339933021,1.0890408584835949,Bearish,32.6964,17.1197,9248166.666666666,32.17053333333334,32.739466666666665,33.28253333333333,31.058533333333337,30.51546666666667,29.94653333333334
4028,2016-06-10,31.6016,31.6361,30.2655,30.4293,3328000,31.57575714285711,28.753331999999983,24.74054800000002,25.232159000000095,47.68307033483455,33.08844064357741,31.593430000000033,30.098419356422657,0.6977138798783571,1.0107754627625474,Bearish,32.6964,17.1197,8729785.714285715,31.288433333333334,32.14756666666666,32.65903333333333,29.917833333333334,29.406366666666667,28.547233333333335
4029,2016-06-13,29.7397,30.55,29.6104,30.162,2756000,31.525266666666635,28.897633999999986,24.849593000000016,25.2372445000001,45.97888666168651,33.15514611160539,31.543430000000036,29.931713888394682,0.536586036855212,0.9159375775810803,Bearish,32.6964,17.1197,8328047.619047619,30.604533333333336,31.04706666666667,31.54413333333334,29.664933333333334,29.167866666666665,28.72533333333333
4030,2016-06-14,30.1534,31.5068,30.1534,31.0413,7121000,31.519519047619013,29.060555999999988,24.967259000000016,25.242459500000095,52.049941147140814,33.13663632730302,31.565410000000032,29.99418367269704,0.47437492295553696,0.8276250466559716,Bearish,32.6964,17.1197,7763880.952380952,31.647599999999994,32.253899999999994,33.00099999999999,30.294199999999996,29.5471,28.9408
4031,2016-06-15,31.4982,31.8947,31.2482,31.5499,5153500,31.564671428571394,29.213133999999986,25.093372000000016,25.256726000000093,55.187039954137084,33.10307800713835,31.62187000000003,30.140661992861713,0.4608001194961844,0.7542600612240141,Bearish,32.6964,17.1197,7689476.19047619,31.880333333333336,32.21076666666667,32.526833333333336,31.233833333333337,30.91776666666667,30.587333333333337
4032,2016-06-16,31.5499,31.9809,31.0327,31.1792,5914500,31.60079047619044,29.363985999999986,25.21724400000002,25.269613000000092,52.49142221079508,33.10336546190477,31.61971500000003,30.13606453809529,0.41534179633576684,0.6864764082463647,Bearish,32.6964,17.1197,7678619.047619048,31.762500000000003,32.3458,32.7107,30.814300000000003,30.4494,29.866100000000003
4033,2016-06-17,31.2913,31.3344,30.8603,30.9292,1716000,31.5868333333333,29.519665999999987,25.342150000000018,25.28008650000009,50.69308139009525,33.10940756055216,31.601180000000035,30.092952439447917,0.35505004119486117,0.620191134836064,Bearish,32.6964,17.1197,7657761.904761905,31.222299999999994,31.515399999999996,31.696399999999993,30.748199999999994,30.567199999999996,30.274099999999994
4034,2016-06-20,31.0327,31.2913,30.3862,30.5758,2526500,31.552352380952346,29.681207999999987,25.45852200000002,25.290172000000087,48.180246793190825,33.014250025664666,31.504200000000033,29.994149974335404,0.2755753037916442,0.5512679686271801,Bearish,32.6964,17.1197,7175571.428571428,31.115999999999996,31.6562,32.0211,30.210899999999995,29.845999999999997,29.305799999999994
4035,2016-06-21,30.8603,31.2051,30.4293,31.0154,4644000,31.480923809523773,29.847749999999987,25.579549000000025,25.30758450000009,51.406993003446956,32.83983672248901,31.420150000000028,30.000463277511045,0.24523611860346506,0.4900615986224371,Bearish,32.6964,17.1197,6765714.285714285,31.337233333333334,31.659066666666668,32.113033333333334,30.561433333333333,30.107466666666667,29.785633333333333
4036,2016-06-22,30.9465,31.4637,30.6793,30.8517,3995000,31.393080952380917,30.015843999999987,25.698336000000026,25.318532500000092,50.15455699303377,32.70562143280714,31.342140000000036,29.97865856719293,0.20561269865713427,0.43317181862937654,Bearish,32.6964,17.1197,6049976.19047619,31.31716666666666,31.78263333333333,32.101566666666656,30.532766666666664,30.213833333333334,29.748366666666666
4037,2016-06-23,30.9465,31.2223,30.5155,31.0241,4873500,31.3269952380952,30.174973999999988,25.813847000000028,25.32939400000009,51.494834115880685,32.65874712627477,31.304215000000035,29.949682873725305,0.1859782505663361,0.38373310501676844,Bearish,32.6964,17.1197,5490166.666666667,31.325766666666663,31.627433333333332,32.03256666666667,30.618966666666662,30.21383333333333,29.91216666666666
4038,2016-06-24,30.4293,30.7741,29.4811,29.981,5973500,31.241204761904722,30.302207999999986,25.918927000000032,25.34124650000009,43.81780586663398,32.576741232489276,31.187840000000033,29.79893876751079,0.08526546929216394,0.32403957787184756,Bearish,32.6964,17.1197,5496809.523809524,30.676366666666663,31.37173333333333,31.969366666666662,29.383366666666664,28.785733333333333,28.090366666666664
4039,2016-06-27,29.9552,30.3258,29.5155,29.6707,1361500,31.1155952380952,30.399615999999984,26.01124900000003,25.346677000000085,41.8204357742098,32.63934994328965,31.104225000000035,29.569100056710422,-0.019365518535661153,0.25535855859034584,Bearish,32.6964,17.1197,5561571.428571428,30.159166666666668,30.647633333333335,30.96946666666667,29.348866666666666,29.027033333333332,28.538566666666664
4040,2016-06-28,29.8431,30.0586,29.0156,29.8,3876500,31.04211904761901,30.47650799999998,26.09477900000003,25.352582000000087,42.98666993047682,32.67718030620334,31.082675000000034,29.488169693796728,-0.09080614411545795,0.1861256180491851,Bearish,32.6964,17.1197,5220000.0,30.23386666666667,30.667733333333334,31.27686666666667,29.190866666666672,28.581733333333336,28.147866666666673
4041,2016-06-29,30.1534,31.2827,30.1534,31.2827,6994500,31.092199999999963,30.56477999999998,26.19184300000003,25.36792600000009,54.29959243222412,32.673821177558914,31.080520000000035,29.487218822441157,-0.027465253682361634,0.14340744370287575,Bearish,32.6964,17.1197,5185738.095238095,31.659133333333333,32.03556666666667,32.78843333333333,30.529833333333336,29.77696666666667,29.40053333333334
4042,2016-06-30,31.7223,32.1275,31.2051,31.2827,8057500,31.09014761904758,30.67529199999998,26.298216000000036,25.38327000000009,54.29959243222413,32.63990858606963,31.06328000000003,29.486651413930435,0.02247379441972086,0.11922071384624477,Bearish,32.6964,17.1197,4804547.619047619,31.87176666666666,32.460833333333326,32.794166666666655,30.949366666666663,30.616033333333334,30.026966666666667
4043,2016-07-01,31.7223,32.1275,31.2051,31.2827,8057500,31.07372857142853,30.76338999999998,26.405796000000038,25.398614000000087,54.29959243222413,32.46036098031981,31.00639000000003,29.55241901968025,0.06134371764021651,0.10764531460503912,Bearish,32.6964,17.1197,4788738.095238095,31.87176666666666,32.460833333333326,32.794166666666655,30.949366666666663,30.616033333333334,30.026966666666667
4044,2016-07-04,31.7137,32.8429,31.2482,32.774,15568000,31.090561904761866,30.870625999999984,26.518031000000036,25.42559550000009,63.418212261916565,32.5428521276342,31.02191000000003,29.500967872365866,0.21006239004784177,0.12812872969359965,Bullish,32.6964,17.1197,4823809.523809524,33.32853333333334,33.883066666666664,34.923233333333336,31.733833333333337,30.69366666666667,30.139133333333337
4045,2016-07-05,31.7137,32.8429,31.2482,32.774,15568000,31.105342857142816,30.95234599999998,26.629921000000035,25.455551000000092,63.41821226191655,32.71316354347758,31.06070500000003,29.408246456522487,0.32418599503902357,0.16734018276268442,Bullish,32.774,17.1197,4904023.80952381,33.32853333333334,33.883066666666664,34.923233333333336,31.733833333333337,30.69366666666667,30.139133333333337
4046,2016-07-06,31.7137,32.8429,31.2482,32.774,15568000,31.142290476190436,31.029411999999983,26.744656000000035,25.483954500000095,63.418212261916565,32.86903394919422,31.09906500000003,29.329096050805845,0.4099046485786779,0.21585307592588313,Bullish,32.774,17.1197,5344857.142857143,33.32853333333334,33.883066666666664,34.923233333333336,31.733833333333337,30.69366666666667,30.139133333333337
4047,2016-07-07,31.7137,32.8429,31.2482,32.774,15568000,31.178823809523767,31.11578599999998,26.863787000000034,25.5108065000001,63.418212261916565,33.06284064432715,31.157685000000033,29.25252935567291,0.47239185977267084,0.26716083269524066,Bullish,32.774,17.1197,6017214.285714285,33.32853333333334,33.883066666666664,34.923233333333336,31.733833333333337,30.69366666666667,30.139133333333337
4048,2016-07-08,31.7137,32.8429,31.2482,32.774,15568000,31.23465238095234,31.194747999999983,26.991108000000033,25.5358915000001,63.41821226191655,33.27267567635574,31.27492000000003,29.27716432364432,0.5159656935027463,0.3169218048567418,Bullish,32.774,17.1197,6660214.285714285,33.32853333333334,33.883066666666664,34.923233333333336,31.733833333333337,30.69366666666667,30.139133333333337
4049,2016-07-11,32.886,34.4118,32.5929,34.3515,19080500,31.42142380952377,31.299397999999982,27.144117000000033,25.5697690000001,71.98363179945589,33.821243166636336,31.484395000000028,29.14754683336372,0.670065241940808,0.38755049227355504,Bullish,32.774,17.1197,7342333.333333333,34.977900000000005,35.6043,36.796800000000005,33.159000000000006,31.966500000000003,31.340100000000007
4050,2016-07-12,34.4721,34.8083,33.6187,34.429,15923500,31.62461428571424,31.408873999999983,27.296608000000035,25.601706500000102,72.32645135346108,34.30726211345231,31.65378000000003,29.00029788654775,0.7893447714356903,0.46790934810598206,Bullish,34.3515,17.1197,8092452.380952381,34.95196666666667,35.47493333333334,36.14156666666668,33.762366666666665,33.09573333333333,32.57276666666666
4051,2016-07-13,34.9549,35.0411,33.9205,34.0325,9007000,31.76705238095234,31.499039999999983,27.438755000000032,25.629463500000103,67.75828089872313,34.62551212382466,31.77791000000003,28.9303078761754,0.8421723826190259,0.5427619550085908,Bullish,34.429,17.1197,8719476.19047619,34.74223333333334,35.45196666666667,35.86283333333334,33.621633333333335,33.210766666666665,32.50103333333333
4052,2016-07-14,34.0498,35.1273,33.7998,34.8687,10879500,31.925090476190434,31.602309999999978,27.587885000000032,25.657695000000103,71.80309233706909,35.09473548886782,31.96238500000003,28.830034511132236,0.9406695437157211,0.6223434727500169,Bullish,34.429,17.1197,8809285.714285715,35.3974,35.9261,36.7249,34.0699,33.2711,32.742399999999996
4053,2016-07-15,35.0756,35.3428,34.7825,35.1704,12130000,32.115147619047576,31.70937399999998,27.730118000000033,25.687133000000102,73.11366621294748,35.56214622795853,32.17444500000003,28.78674377204153,1.031187039803271,0.7041121861606677,Bullish,34.8687,17.1197,9081952.38095238,35.41463333333333,35.65886666666666,35.974933333333325,34.85433333333333,34.538266666666665,34.29403333333333
4054,2016-07-18,35.7566,36.9289,35.3859,36.8168,31682500,32.39550952380947,31.824365999999984,27.891315000000034,25.7251480000001,78.88207467309755,36.344755958244164,32.486495000000026,28.62823404175589,1.2216906388484645,0.8076278766982271,Bullish,35.1704,17.1197,9377928.57142857,37.36849999999999,37.920199999999994,38.91149999999999,35.82549999999999,34.834199999999996,34.28249999999999
4055,2016-07-19,36.9117,37.1444,36.3772,36.4893,13363500,32.677104761904715,31.92625799999998,28.047599000000037,25.7646285000001,75.4159189003807,36.92650819279477,32.76019000000002,28.593871807205275,1.3308978387972772,0.9122818691180371,Bullish,36.8168,17.1197,10804904.761904761,36.96340000000001,37.4375,37.7306,36.19620000000001,35.90310000000001,35.429000000000016
4056,2016-07-20,36.4289,38.015,35.7738,37.6444,23251500,32.99277142857138,32.05849199999998,28.21302100000004,25.8111775000001,78.93218831225764,37.67578765276634,33.099825000000024,28.52386234723371,1.493436837745243,1.0285128628434783,Bullish,36.8168,17.1197,11320952.38095238,38.51499999999999,39.3856,40.75619999999999,36.273799999999994,34.9032,34.032599999999995
4057,2016-07-21,37.8771,38.0926,37.2823,37.834,9103000,33.32526190476185,32.20451799999998,28.382149000000037,25.859881500000096,79.45171419972567,38.349132743465766,33.44032000000002,28.53150725653428,1.6188877703939895,1.1465878443535806,Bullish,37.6444,17.1197,12207023.80952381,38.1903,38.5466,39.0006,37.38,36.926,36.569700000000005
4058,2016-07-22,37.8426,37.9288,36.903,37.1875,7605000,33.61875714285709,32.32382199999998,28.546881000000035,25.8999655000001,72.85452170762731,38.6988077929167,33.80064500000002,28.90248220708333,1.6471540250858112,1.2467010805000267,Bullish,37.834,17.1197,12450261.904761905,37.776533333333326,38.365566666666666,38.80233333333333,36.75073333333332,36.31396666666666,35.72493333333332
4059,2016-07-25,37.1875,37.5323,36.9375,37.222,4216500,33.963566666666615,32.44502199999998,28.702131000000037,25.936989500000095,72.98344196143309,38.90596023617064,34.17821000000002,29.4504597638294,1.6532811018376847,1.3280170847675583,Bullish,37.834,17.1197,12580333.333333334,37.523700000000005,37.8254,38.118500000000004,36.928900000000006,36.6358,36.33410000000001
4060,2016-07-26,37.3254,37.7478,36.9375,37.1875,9198500,34.32150952380947,32.576737999999985,28.85617400000004,25.974961500000095,72.61206315699982,38.9954262104202,34.54758500000002,30.099743789579843,1.636488571066785,1.3897113820274036,Bullish,37.834,17.1197,12496666.666666666,37.64436666666667,38.10123333333333,38.45466666666667,36.83406666666667,36.48063333333334,36.023766666666674
4061,2016-07-27,37.1875,37.6099,36.5669,36.8168,7305500,34.65564285714281,32.70465999999998,29.006596000000037,26.011381500000095,68.57428692603932,39.11089720565953,34.82429000000002,30.537682794340505,1.5751110774876764,1.4267913211194583,Bullish,37.834,17.1197,12869857.142857144,37.42883333333335,38.04086666666668,38.47183333333336,36.385833333333345,35.95486666666667,35.34283333333334
4062,2016-07-28,36.972,37.0668,36.0324,36.4289,6887000,34.90069999999995,32.80879199999998,29.161587000000036,26.04150900000009,64.53056909974545,39.09614235200109,35.08160000000002,31.067057647998958,1.4781297240853917,1.437059001712645,Bullish,37.834,17.1197,13033142.857142856,36.98633333333333,37.54376666666666,38.020733333333325,35.95193333333333,35.47496666666667,34.91753333333333
4063,2016-07-29,36.6789,38.2478,38.1874,38.2478,23721000,35.23237142857138,32.947749999999985,29.327871000000037,26.080731000000092,72.66911711750286,39.270435732377855,35.42985500000002,31.58927426762218,1.5303998349629637,1.4557271683627087,Bullish,37.834,17.1197,13028023.80952381,38.26793333333333,38.288066666666666,38.32833333333333,38.20753333333333,38.16726666666666,38.14713333333333
4064,2016-08-01,38.8771,39.0495,38.015,38.1012,15199000,35.55706190476186,33.059465999999986,29.49286100000004,26.124133500000095,71.25009876851868,39.50183892113464,35.69621500000002,31.890591078865395,1.5422171601808543,1.4730251667263379,Bullish,38.2478,17.1197,13773904.761904761,38.76213333333334,39.42306666666667,39.79663333333334,37.72763333333334,37.35406666666667,36.693133333333336
4065,2016-08-02,38.1788,39.6098,37.9461,39.3943,20856500,35.87231428571424,33.193423999999986,29.673971000000037,26.174605000000092,75.74851195685478,39.90947009309222,36.02723000000002,32.14498990690782,1.6370539003352604,1.5058309134481225,Bullish,38.2478,17.1197,14113976.19047619,40.02069999999999,40.647099999999995,41.68439999999999,38.35699999999999,37.3197,36.693299999999994
4066,2016-08-03,39.3943,39.4201,38.8771,38.9719,5571000,36.167452380952334,33.324623999999986,29.851030000000037,26.22326600000009,71.79663376066868,40.119341769503144,36.33712500000002,32.5549082304969,1.6590045782301956,1.5364656464045372,Bullish,39.3943,17.1197,14365809.523809524,39.3023,39.6327,39.8453,38.7593,38.5467,38.216300000000004
4067,2016-08-04,39.265,39.8253,38.584,39.6615,18275500,36.495428571428526,33.48220199999999,30.03455400000004,26.272099500000092,74.16623453842118,40.35599438753288,36.68150000000002,33.00700561246716,1.7123071939230314,1.571633955908236,Bullish,39.3943,17.1197,13889761.904761905,40.12986666666666,40.598233333333326,41.37116666666665,38.88856666666666,38.115633333333335,37.64726666666667
4068,2016-08-05,39.6529,39.9115,38.9719,39.1184,13658000,36.79754285714281,33.61839999999998,30.21135400000004,26.31714000000009,69.23275762252078,40.35034348159982,36.99872000000002,33.64709651840022,1.6912308136946521,1.5955533274655191,Bullish,39.6615,17.1197,14018690.476190476,39.69596666666667,40.27353333333333,40.63556666666667,38.75636666666667,38.394333333333336,37.81676666666667
4069,2016-08-08,39.2132,39.3081,38.7047,38.8598,3457500,37.08734285714281,33.76873599999998,30.38677500000004,26.362008000000092,66.94913039874301,40.43681321001608,37.22413500000002,34.01145678998395,1.6348156347271754,1.6034057889178503,Bullish,39.6615,17.1197,13927738.095238095,39.21036666666667,39.56093333333334,39.81376666666667,38.60696666666667,38.35413333333334,38.00356666666667
4070,2016-08-09,38.9374,39.4546,38.8167,39.1184,5892500,37.31433809523804,33.946483999999984,30.56667800000004,26.406445000000094,68.08289213564713,40.50105279772981,37.45860500000002,34.41615720227023,1.5926143904110361,1.6012475092164875,Bearish,39.6615,17.1197,13351047.61904762,39.4431,39.7678,40.081,38.8052,38.492,38.1673
4071,2016-08-10,39.2563,39.5667,38.8771,39.015,5487000,37.532719047619,34.100267999999986,30.745547000000037,26.450149500000098,67.09186516842428,40.380756285769365,37.70773000000001,35.03470371423066,1.5331528526657863,1.5876285779063473,Bearish,39.6615,17.1197,12723047.61904762,39.42876666666666,39.84253333333333,40.11836666666666,38.73916666666666,38.46333333333333,38.049566666666664
4072,2016-08-11,39.1701,39.2219,38.6271,38.6702,2818000,37.75356190476185,34.24112199999998,30.915537000000036,26.495276500000095,63.75898081641868,40.258696131312796,37.89780500000002,35.53691386868724,1.4415889373079338,1.5584206497866646,Bearish,39.6615,17.1197,12226071.42857143,39.05236666666667,39.434533333333334,39.64716666666667,38.45756666666667,38.244933333333336,37.86276666666667
4073,2016-08-12,38.7822,39.1098,38.2305,38.4719,5866000,37.92514285714281,34.362149999999986,31.081045000000035,26.545791000000094,61.85583870517796,40.073595623456136,38.06288000000002,36.05216437654391,1.3376036596080993,1.5142572517509516,Bearish,39.6615,17.1197,11931357.142857144,38.97763333333332,39.48336666666666,39.85693333333332,38.09833333333332,37.72476666666666,37.21903333333332
4074,2016-08-15,38.8598,38.9202,38.4116,38.696,3788500,38.093028571428526,34.48679799999998,31.248707000000035,26.598589500000095,63.19294148034976,40.10036476331331,38.15684000000002,36.213315236686725,1.2587672892209625,1.4631592592449538,Bearish,39.6615,17.1197,11692619.047619049,38.94026666666665,39.18453333333333,39.44886666666665,38.43166666666665,38.167333333333325,37.92306666666665
4075,2016-08-16,38.696,38.7909,38.0926,38.2047,3357500,38.159119047619,34.61092999999998,31.41111200000004,26.654146500000095,58.3627735152691,40.02927804964163,38.24261000000002,36.45594195035841,1.1434639530006052,1.399220197996084,Bearish,39.6615,17.1197,11295404.761904761,38.632866666666665,39.061033333333334,39.33116666666667,37.93456666666666,37.66443333333333,37.23626666666666
4076,2016-08-17,38.2478,38.4461,37.8426,38.2219,4897000,38.241623809523766,34.735231999999975,31.56946500000004,26.708152000000094,58.48241783424809,40.03709039110835,38.27148500000002,36.50587960889169,1.041467732850741,1.3276697049670154,Bearish,39.6615,17.1197,9946595.238095239,38.497800000000005,38.773700000000005,39.10130000000001,37.8943,37.5667,37.2908
4077,2016-08-18,38.2736,38.6616,37.5927,37.7651,6234000,38.247371428571384,34.85850199999998,31.727301000000043,26.758580500000093,54.04105324533549,40.03731144712531,38.26804000000001,36.498768552874715,0.913247700165229,1.244785304006658,Bearish,39.6615,17.1197,9543428.57142857,38.42023333333332,39.07536666666666,39.48913333333332,37.35133333333332,36.93756666666666,36.28243333333332
4078,2016-08-19,37.8426,37.8426,36.8082,37.1185,3458500,38.213299999999954,34.99228599999998,31.872809000000043,26.807586000000093,48.433987828391224,40.042523898550066,38.26459000000001,36.48665610144996,0.750802401620561,1.1459887235294386,Bearish,39.6615,17.1197,8733071.42857143,37.704666666666654,38.290833333333325,38.73906666666665,36.670266666666656,36.22203333333333,35.63586666666666
4079,2016-08-22,37.2392,37.2823,36.5927,37.0841,4211500,38.208376190476145,35.13072799999998,32.01418100000004,26.858014500000092,48.1477708262015,40.05273575995798,38.25769500000002,36.462654240042056,0.6122301318021428,1.0392370051839794,Bearish,39.6615,17.1197,8464285.714285715,37.38003333333334,37.67596666666667,38.069633333333336,36.69043333333334,36.29676666666667,36.00083333333334
4080,2016-08-23,36.9806,37.4116,36.722,36.8513,2743500,38.19072380952377,35.24692799999998,32.153742000000044,26.90559800000009,46.159763448905316,40.08141941617129,38.24088500000002,36.40035058382875,0.4781141924081993,0.9270124426288234,Bearish,39.6615,17.1197,8302690.476190476,37.26793333333334,37.68456666666667,37.95753333333334,36.57833333333334,36.30536666666667,35.88873333333334
4081,2016-08-24,36.8082,37.4978,36.4634,37.4116,6654500,38.2013952380952,35.36416199999998,32.288648000000045,26.95779300000009,51.364703206500394,40.0358355176182,38.270625000000024,36.505414482381845,0.412285303225957,0.8240670147482502,Bearish,39.6615,17.1197,8232547.619047619,37.78513333333334,38.15866666666667,38.81953333333334,36.75073333333334,36.08986666666667,35.716333333333345
4082,2016-08-25,37.7133,39.2822,37.5927,39.2822,13402500,38.3187952380952,35.52622199999998,32.44510400000004,27.02041850000009,63.909135759693456,40.0135467180329,38.413290000000025,36.81303328196715,0.5052332071062438,0.7603002532198488,Bearish,39.6615,17.1197,8111404.761904762,39.84536666666667,40.40853333333334,41.53486666666667,38.15586666666667,37.02953333333333,36.466366666666666
4083,2016-08-26,39.8253,41.239,39.8253,41.239,21492500,38.54784761904758,35.73241799999998,32.62604200000005,27.09261250000009,72.03492613101594,40.578488559367436,38.562850000000026,36.547211440632616,0.7283960012334632,0.7539194028225717,Bearish,39.6615,17.1197,8401738.095238095,41.710233333333335,42.181466666666665,43.12393333333333,40.296533333333336,39.35406666666667,38.88283333333334
4084,2016-08-29,41.3769,42.5493,40.9459,41.1959,16456500,38.6882333333333,35.94481999999998,32.813014000000045,27.16441850000009,71.65226550937619,41.02214427177167,38.71758500000003,36.413025728228384,0.8914996604358905,0.7814354543452355,Bullish,41.239,17.1197,9097238.095238095,42.18150000000001,43.167100000000005,43.78490000000001,40.578100000000006,39.960300000000004,38.974700000000006
4085,2016-08-30,41.1614,42.1614,40.7735,41.2821,9675000,38.839704761904734,36.15015399999997,32.99895200000005,27.237604000000086,71.97293888033755,41.361311060135534,38.81197500000003,36.26263893986453,1.0160042406037562,0.8283492115969396,Bullish,41.239,17.1197,8751309.523809524,42.03783333333334,42.79356666666667,43.42573333333334,40.64993333333334,40.01776666666667,39.262033333333335
4086,2016-08-31,41.5493,42.1527,41.3769,41.7821,6310500,38.95340952380949,36.368761999999975,33.192303000000045,27.31669450000009,73.82270463880315,41.812442239034944,38.95248500000003,36.09252776096512,1.1418582080788298,0.8910510108933176,Bullish,41.2821,17.1197,8488261.904761905,42.164233333333335,42.54636666666667,42.94003333333334,41.38843333333333,40.99476666666666,40.61263333333333
4087,2016-09-01,41.9803,42.1096,41.2045,41.4717,3660000,39.072447619047594,36.57771399999997,33.376344000000046,27.392595000000092,70.70300048226828,42.09509846448269,39.04299500000003,35.99089153551738,1.202687861136745,0.9533783809420031,Bullish,41.7821,17.1197,7795595.238095238,41.98603333333333,42.500366666666665,42.89113333333333,41.080933333333334,40.69016666666667,40.17583333333334
4088,2016-09-02,41.67,42.7992,41.2649,41.7217,17247000,39.170552380952344,36.81252799999997,33.557368000000054,27.47323700000009,71.73889509801596,42.441419286165754,39.17316000000003,35.90490071383431,1.2565835965965135,1.0140194240729052,Bullish,41.7821,17.1197,7704595.238095238,42.592299999999994,43.4629,44.126599999999996,41.05799999999999,40.394299999999994,39.52369999999999
4089,2016-09-05,41.7217,42.0579,40.2563,40.627,8831500,39.242390476190444,37.031653999999975,33.71563500000005,27.552758500000092,61.48676985447688,42.58618239705753,39.26152000000003,35.93685760294254,1.1971630634485138,1.0506481519480269,Bullish,41.7821,17.1197,7655619.047619048,41.7045,42.782,43.506099999999996,39.90290000000001,39.17880000000001,38.101300000000016
4090,2016-09-06,40.7735,41.2821,40.2563,40.489,10621500,39.3199714285714,37.245433999999975,33.860971000000056,27.63775350000009,60.31655818971501,42.69632975278461,39.330050000000035,35.963770247215464,1.1259570837633461,1.0657099383110906,Bullish,41.7821,17.1197,7425785.714285715,41.0953,41.7016,42.1211,40.069500000000005,39.650000000000006,39.04370000000001
4091,2016-09-07,40.7218,42.5062,40.5149,42.1786,16327500,39.46569523809521,37.46335199999998,34.01406600000006,27.729946500000093,68.27713658502007,43.07079218988716,39.48823000000003,35.9056678101129,1.1921204092662663,1.0909920325021258,Bullish,41.7821,17.1197,7766928.571428572,42.951566666666665,43.72453333333333,44.94286666666667,40.96026666666666,39.74193333333333,38.96896666666666
4092,2016-09-08,42.2389,43.7475,41.4373,42.9027,26992500,39.65082380952378,37.69575199999998,34.18552200000006,27.81985500000009,70.96527902907856,43.553878578276304,39.69985500000003,35.84583142172375,1.2881353177455708,1.1304206895508149,Bullish,42.1786,17.1197,8263833.333333333,43.954366666666665,45.006033333333335,46.26456666666667,41.64416666666666,40.38563333333333,39.33396666666666
4093,2016-09-09,43.101000000000006,43.8682,42.5837,42.713,9771500,39.84333809523806,37.92435799999998,34.343874000000056,27.906056500000087,69.30829404470181,43.93532426050203,39.91191000000003,35.888495739498026,1.3335483050983612,1.171046212660324,Bullish,42.9027,17.1197,9287904.761904761,43.52623333333333,44.33946666666667,44.81073333333333,42.24173333333333,41.770466666666664,40.95723333333333
4094,2016-09-12,43.101000000000006,43.8682,42.5837,42.713,9771500,40.04529523809521,38.123137999999976,34.496882000000056,27.990491000000084,69.30829404470182,44.27209083964379,40.11276000000002,35.95342916035626,1.3539311492625288,1.207623199980765,Bullish,42.9027,17.1197,9619023.80952381,43.52623333333333,44.33946666666667,44.81073333333333,42.24173333333333,41.770466666666664,40.95723333333333
4095,2016-09-13,43.101000000000006,43.8682,42.5837,42.713,9771500,40.23658095238092,38.321917999999975,34.63713200000006,28.074236000000084,69.30829404470182,44.54779450341266,40.33817500000002,36.12855549658738,1.3544711992570981,1.2369927998360315,Bullish,42.9027,17.1197,9805000.0,43.52623333333333,44.33946666666667,44.81073333333333,42.24173333333333,41.770466666666664,40.95723333333333
4096,2016-09-14,43.101000000000006,43.8682,42.5837,42.713,9771500,40.451261904761864,38.52069799999997,34.77505500000006,28.15798100000008,69.30829404470182,44.775974753442625,40.56273000000002,36.34948524655742,1.3394587461274128,1.2574859890943078,Bullish,42.9027,17.1197,10089904.761904761,43.52623333333333,44.33946666666667,44.81073333333333,42.24173333333333,41.770466666666664,40.95723333333333
4097,2016-09-15,42.4631,42.9717,42.1096,42.2734,7941000,40.64419047619044,38.71068599999997,34.91323600000006,28.23750200000008,64.60635510856608,44.858539982051454,40.78814500000003,36.7177500179486,1.2773645592465783,1.261461703124762,Bullish,42.9027,17.1197,10395333.333333334,42.79353333333334,43.31366666666667,43.65563333333334,41.931433333333345,41.589466666666674,41.06933333333335
4098,2016-09-16,42.5837,44.3854,42.5406,44.3595,18668000,40.95820952380949,38.942395999999974,35.06857200000006,28.32917750000008,73.71824184529898,45.137857338000885,41.150195000000025,37.162532661999165,1.3805709420693262,1.2852835509136749,Bullish,42.9027,17.1197,10540285.714285715,44.98306666666667,45.606633333333335,46.82786666666667,43.138266666666674,41.917033333333336,41.293466666666674
4099,2016-09-19,44.5233,45.5836,44.3509,44.756,14225500,41.321899999999964,39.15048599999997,35.22494200000006,28.42861100000008,75.03385228522876,45.35564958083391,41.533790000000025,37.71193041916614,1.4773272711518786,1.3236922949613157,Bullish,44.3595,17.1197,11132380.952380951,45.44276666666665,46.12953333333332,46.675466666666644,44.210066666666656,43.66413333333333,42.97736666666666
4100,2016-09-20,44.8078,45.256,42.5234,43.3509,7455500,41.62031904761901,39.32892399999997,35.36889900000006,28.526708500000083,62.998662311096254,45.092869238491815,41.85877000000002,38.62467076150823,1.4242101241806395,1.3437958608051805,Bullish,44.756,17.1197,11645095.238095239,44.896800000000006,46.4427,47.629400000000004,42.16420000000001,40.977500000000006,39.43160000000001
4101,2016-09-21,43.0148,43.101000000000006,41.1873,41.1873,13242000,41.8267952380952,39.47201999999997,35.48553000000006,28.61842750000008,49.762735086341415,44.587544954687154,42.047555000000024,39.507565045312894,1.1937689392410036,1.3137904764923451,Bearish,44.756,17.1197,11799571.42857143,42.463100000000004,43.73890000000001,44.37680000000001,40.5494,39.9115,38.63569999999999
4102,2016-09-22,41.7993,43.101000000000006,41.7907,42.6699,9099500,42.07719047619044,39.628043999999974,35.61517700000006,28.71652500000008,56.50618655656792,44.427100370111525,42.21694000000002,40.00677962988852,1.1178897323596289,1.2746103276658018,Bearish,44.756,17.1197,12299500.0,43.25036666666668,43.830833333333345,44.560666666666684,41.940066666666674,41.210233333333335,40.62976666666667
4103,2016-09-23,43.0148,43.4027,41.3769,41.6959,3446000,42.19212857142853,39.758553999999975,35.733964000000064,28.810959500000077,51.605345848083985,44.41825797277469,42.239785000000026,40.06131202722536,0.9680027214712581,1.2132888064268932,Bearish,44.756,17.1197,12415928.57142857,42.94010000000001,44.18430000000001,44.96590000000001,40.914300000000004,40.1327,38.8885
4104,2016-09-26,42.2389,43.4285,42.2389,43.1096,4550500,42.281204761904725,39.884409999999974,35.854388000000064,28.911212500000076,57.38287002460982,44.490115786297615,42.33547000000002,40.18082421370243,0.952312297311181,1.1610935046037507,Bearish,44.756,17.1197,11941809.523809524,43.61243333333333,44.11526666666666,44.80203333333333,42.42283333333333,41.736066666666666,41.23323333333333
4105,2016-09-27,43.4975,44.2216,42.4975,43.5664,7261000,42.39408571428568,40.02595199999997,35.97610500000007,29.016809500000072,59.08269769407658,44.611036026814006,42.449685000000024,40.28833397318604,0.9656065541964693,1.1219961145222945,Bearish,44.756,17.1197,11135047.61904762,44.35950000000001,45.15260000000001,46.08360000000001,42.63540000000001,41.70440000000001,40.91130000000001
4106,2016-09-28,43.5664,44.2216,42.6786,42.9286,6071000,42.47249047619044,40.13163599999997,36.095064000000065,29.124131000000077,55.73975556682432,44.65527246245894,42.50701000000002,40.358747537541106,0.9141395867510766,1.080424808968051,Bearish,44.756,17.1197,10697166.666666666,43.873933333333326,44.819266666666664,45.416933333333326,42.33093333333333,41.733266666666665,40.78793333333333
4107,2016-09-29,43.5233,44.1699,41.8941,43.0751,10836000,42.53406190476186,40.23645799999997,36.22048800000007,29.232185000000076,56.35067489800928,44.6941908168704,42.587180000000025,40.48016918312965,0.8750855286471264,1.0393569529038662,Bearish,44.756,17.1197,10525547.61904762,44.19863333333334,45.32216666666667,46.47443333333334,41.922833333333344,40.770566666666674,39.64703333333335
4108,2016-09-30,43.4458,43.644,42.8423,43.2044,3109500,42.61657142857138,40.356795999999974,36.34030900000007,29.340885500000077,56.9159144233115,44.74551546279437,42.661315000000016,40.57711453720566,0.8448296651338083,1.0004514953498547,Bearish,44.756,17.1197,10741047.61904762,43.61816666666666,44.03193333333333,44.41986666666666,42.81646666666666,42.428533333333334,42.01476666666667
4109,2016-10-03,43.8768,44.9974,43.4458,44.2733,9219000,42.73807619047615,40.49782199999997,36.47142200000007,29.458249500000075,61.36948853380439,44.81921805331738,42.84363000000002,40.86804194668266,0.896765616339799,0.9797143195478435,Bearish,44.756,17.1197,10714833.333333334,45.031866666666666,45.79043333333333,46.583466666666666,43.480266666666665,42.68723333333333,41.928666666666665
4110,2016-10-04,44.825,45.1698,43.7044,43.9457,5460500,42.89610952380948,40.632985999999974,36.60486200000007,29.57513900000008,59.34476505936301,44.72453864510753,43.01646500000002,41.30839135489251,0.9011032918847732,0.9639921140152294,Bearish,44.756,17.1197,10332547.61904762,44.8422,45.7387,46.3076,43.376799999999996,42.8079,41.91139999999999
4111,2016-10-05,44.0061,44.6871,43.4458,44.2043,6224000,43.07302857142853,40.780735999999976,36.74269800000006,29.694270000000078,60.45390446758962,44.85506626884974,43.117750000000015,41.38043373115029,0.9148618320765962,0.9541660576275028,Bearish,44.756,17.1197,10172023.80952381,44.779,45.3537,46.020300000000006,43.5377,42.8711,42.2964
4112,2016-10-06,43.9888,46.4111,43.9888,46.4025,16684500,43.27416666666662,40.980207999999976,36.894500000000065,29.822668000000082,68.35661337263515,45.53872509113658,43.29274000000002,41.04675490886347,1.090570525023736,0.9814469511067495,Bullish,44.756,17.1197,9962619.047619049,47.2128,48.0231,49.6351,44.7905,43.1785,42.3682
4113,2016-10-07,47.2386,48.7213,46.1353,48.3679,24863500,43.53441428571424,41.182609999999976,37.06518000000007,29.956884500000083,73.46279230035526,46.707401378370854,43.57548500000002,40.44356862162919,1.3725899223467195,1.0596755453547435,Bullish,46.4025,17.1197,9979619.047619049,49.3477,50.3275,51.9337,46.761700000000005,45.1555,44.175700000000006
4114,2016-10-10,49.9971,50.7815,49.1351,50.5747,12147500,43.908780952380916,41.43207999999998,37.24577300000007,30.104333000000082,77.7954280913986,48.3090610989895,43.96857000000002,39.62807890101054,1.7539442658636233,1.1985292894565194,Bullish,48.3679,17.1197,9878238.095238095,51.192433333333334,51.81016666666667,52.83883333333333,49.546033333333334,48.51736666666667,47.899633333333334
4115,2016-10-11,49.9971,50.7815,49.1351,50.5747,12147500,44.28314761904758,41.655687999999984,37.424556000000074,30.252126500000085,77.7954280913986,49.52253663223141,44.36165500000003,39.20077336776865,2.032738190090676,1.3653710695833507,Bullish,50.5747,17.1197,9991380.952380951,51.192433333333334,51.81016666666667,52.83883333333333,49.546033333333334,48.51736666666667,47.899633333333334
4116,2016-10-12,49.9971,50.7815,49.1351,50.5747,12147500,44.65751428571425,41.887743999999984,37.60618400000008,30.401126500000085,77.7954280913986,50.51611213913519,44.75474000000003,38.993367860864865,2.2280013707233692,1.5378971298113544,Bullish,50.5747,17.1197,10104523.80952381,51.192433333333334,51.81016666666667,52.83883333333333,49.546033333333334,48.51736666666667,47.899633333333334
4117,2016-10-13,50.6005,50.6436,48.1093,48.3593,12929500,44.92638571428568,42.06169999999998,37.77195100000008,30.540946000000087,64.57603388013759,50.90627264328964,45.05903500000002,39.211797356710406,2.1788679496153875,1.666091293772161,Bullish,50.5747,17.1197,10217666.666666666,49.9655,51.5717,52.4998,47.4312,46.503099999999996,44.896899999999995
4118,2016-10-14,47.8852,48.8765,47.6266,48.2731,6165500,45.21208571428568,42.244793999999985,37.931597000000075,30.681369000000085,64.11948497888037,51.25514817845499,45.25471500000002,39.25428182154505,2.1086663467573885,1.7546063043692066,Bullish,50.5747,17.1197,10368047.61904762,48.89086666666666,49.50863333333333,50.14076666666666,47.640966666666664,47.008833333333335,46.39106666666667
4119,2016-10-17,48.3593,49.6523,48.3593,48.7386,8898500,45.42061428571425,42.44236999999998,38.10555300000008,30.825843500000083,65.53649361796148,51.63642819069811,45.45384500000002,39.27126180930193,2.0667686083728327,1.8170387651699318,Bullish,50.5747,17.1197,10283500.0,49.474166666666655,50.209733333333325,50.767166666666654,48.181166666666655,47.62373333333333,46.888166666666656
4120,2016-10-18,48.8334,49.3506,47.9283,48.9972,6189000,45.62257619047615,42.63994599999998,38.293215000000075,30.973809000000085,66.3319659991329,52.023617774776824,45.73616000000003,39.44870222522323,2.0310188861812577,1.859834789372197,Bullish,50.5747,17.1197,9818285.714285715,49.58910000000001,50.181000000000004,51.01140000000001,48.16680000000001,47.336400000000005,46.74450000000001
4121,2016-10-19,49.1265,51.2039,48.5317,50.9195,8549500,45.982985714285675,42.87803599999998,38.489152000000075,31.133800000000083,71.58275885478224,52.53307469568666,46.22277000000002,39.91246530431338,2.1332101991516055,1.9145098713280786,Bullish,50.5747,17.1197,9435595.238095239,51.905033333333336,52.890566666666665,54.57723333333333,49.23283333333334,47.54616666666667,46.56063333333334
4122,2016-10-20,51.1091,53.4452,51.1091,53.04,10406000,46.54739999999996,43.16543199999998,38.70327700000007,31.308962000000083,76.02470149287478,53.48774841501516,46.741275000000016,39.99480158498487,2.3581212255625417,2.003232142174971,Bullish,50.9195,17.1197,9487690.476190476,53.95376666666665,54.86753333333333,56.289866666666654,51.61766666666665,50.19533333333332,49.28156666666665
4123,2016-10-21,53.1004,54.9537,52.1694,52.5056,13104500,47.01576666666662,43.44610599999998,38.90412800000007,31.485891500000083,72.93074269764904,54.05676805620225,47.28176000000001,40.506751943797774,2.464830192402303,2.0955517522204374,Bullish,53.04,17.1197,9352642.857142856,54.24973333333333,55.99386666666666,57.034033333333326,51.46543333333334,50.42526666666667,48.68113333333334
4124,2016-10-24,52.5314,52.928,50.8591,51.385,4128500,47.47715238095233,43.699885999999985,39.09334200000007,31.655709500000086,66.79234081897383,54.41132061588486,47.69553000000001,40.97973938411516,2.430952258246535,2.162631853425657,Bullish,53.04,17.1197,9543357.142857144,52.588966666666664,53.79293333333333,54.65786666666666,50.520066666666665,49.65513333333333,48.451166666666666
4125,2016-10-25,50.8591,51.9625,49.7385,51.6953,7147000,47.88599523809519,43.96969799999998,39.29031400000007,31.822726000000085,67.60542006437059,54.75259471123794,48.10197500000001,41.45135528876208,2.4014598339564444,2.2103974495318144,Bullish,53.04,17.1197,9575857.142857144,52.5257,53.3561,54.7497,50.301700000000004,48.908100000000005,48.07770000000001
4126,2016-10-26,52.0573,52.1522,49.9971,50.135,3716000,48.19878571428566,44.207959999999986,39.47159600000007,31.981079000000086,59.691074236979446,54.72211104249725,48.46229500000001,42.20247895750278,2.226517794025959,2.213621518430643,Bullish,53.04,17.1197,9699500.0,51.52576666666667,52.916533333333334,53.68086666666667,49.37066666666667,48.60633333333334,47.215566666666675
4127,2016-10-27,49.9971,51.2901,48.2731,49.1351,6514500,48.49433333333328,44.43535999999998,39.64693100000007,32.13451850000009,55.229028145091476,54.518921700256726,48.76529500000001,43.01166829974329,1.9843174175103186,2.1677606982465782,Bearish,53.04,17.1197,9530690.476190476,50.85910000000001,52.58310000000001,53.876100000000015,47.84210000000001,46.5491,44.825100000000006
4128,2016-10-28,48.4886,51.5918,47.4111,51.5918,4910000,48.89989047619042,44.724825999999986,39.85855600000008,32.29955200000009,62.62202707409102,54.4585488516892,49.18466500000001,43.91078114831082,1.9679220522344139,2.1277929690441453,Bearish,53.04,17.1197,9551809.523809524,52.98536666666666,54.37893333333333,57.16606666666666,48.804666666666655,46.017533333333326,44.623966666666654
4129,2016-10-31,54.1693,54.1693,51.9798,52.6176,9902000,49.34813809523804,45.03549599999999,40.08311200000008,32.46635250000009,65.20564430641353,54.566785312934684,49.601880000000016,44.63697468706535,2.01448041787598,2.105130458810512,Bearish,53.04,17.1197,9269619.047619049,53.86466666666668,55.11173333333334,56.05416666666668,51.67516666666668,50.732733333333336,49.485666666666674
4130,2016-11-01,53.0056,55.2468,51.9798,55.2468,12778000,49.87068571428566,45.40340599999999,40.32516700000008,32.64621300000009,70.7804697055315,54.9988793371283,50.16693500000002,45.33499066287173,2.2377374802119547,2.131651863090801,Bullish,53.04,17.1197,9593071.42857143,56.335800000000006,57.424800000000005,59.60280000000001,53.0688,50.8908,49.8018
4131,2016-11-02,56.1605,58.0053,55.7726,57.3932,17133500,50.511042857142805,45.80303799999999,40.583600000000075,32.83848600000009,74.38820166887213,55.82051587985024,50.826380000000015,45.83224412014979,2.5583754922391506,2.2169965889204706,Bullish,55.2468,17.1197,9762547.61904762,58.34146666666666,59.28973333333333,60.57416666666666,56.10876666666666,54.82433333333333,53.87606666666666
4132,2016-11-03,58.1001,59.2293,57.2812,57.7467,14431500,51.155919047618994,46.172327999999986,40.84927500000008,33.033259500000085,74.93705533674752,56.80824671853766,51.39359000000002,45.978933281462375,2.8086317638588696,2.3353236239081503,Bullish,57.3932,17.1197,10318404.761904761,58.890266666666676,60.03383333333334,60.83836666666668,56.94216666666667,56.13763333333333,54.99406666666667
4133,2016-11-04,57.7725,58.9104,56.0399,56.5312,13776000,51.638238095238044,46.47817199999999,41.105295000000076,33.223722500000086,69.42771504393554,57.46745531133911,51.801755000000014,46.13605468866092,2.875731329784756,2.4434051650834716,Bullish,57.7467,17.1197,10709238.095238095,58.28109999999998,60.03099999999999,61.15159999999998,55.41059999999998,54.28999999999999,52.54009999999998
4134,2016-11-07,56.4623,57.6174,56.37600000000001,56.7209,3476500,52.03599999999995,46.78867199999998,41.36674600000008,33.41263400000008,69.80087445017436,58.1307646757652,52.10906500000001,46.08736532423482,2.9106631112960955,2.5368567543259966,Bullish,57.7467,17.1197,10570738.095238095,57.43353333333332,58.14616666666666,58.674933333333314,56.19213333333333,55.663366666666676,54.95073333333334
4135,2016-11-08,56.9019,59.4707,56.9019,59.1776,10942000,52.445661904761856,47.14658199999998,41.648368000000076,33.61395850000009,74.1938534922521,59.25059959676817,52.53921000000001,45.827820403231854,3.100837434573684,2.649652890375534,Bullish,57.7467,17.1197,9552309.523809524,60.131566666666686,61.085533333333345,62.70036666666669,57.56276666666668,55.94793333333334,54.99396666666668
4136,2016-11-09,57.195,59.3931,56.6347,58.919,14613500,52.843009523809485,47.48931999999998,41.92904100000007,33.81368850000008,72.99023022286158,60.14773649899014,52.95642500000001,45.76511350100988,3.193868172929932,2.7584959468864136,Bullish,59.1776,17.1197,9494904.761904761,59.99649999999999,61.07399999999999,62.754899999999985,57.238099999999996,55.5572,54.4797
4137,2016-11-10,59.4707,59.9103,57.8415,58.169,10852500,53.20464285714283,47.823265999999975,42.20049000000007,34.007168500000084,69.47025993787837,60.65524787412922,53.44691000000002,46.23857212587081,3.1705290856258017,2.840902574634291,Bullish,59.1776,17.1197,9612333.333333334,59.43903333333332,60.70906666666666,61.507833333333316,57.370233333333324,56.571466666666666,55.30143333333333
4138,2016-11-11,58.1863,59.1862,57.5053,57.7036,8598000,53.649609523809495,48.14290399999997,42.47771600000007,34.198321500000084,67.30131942322167,60.94275073700298,53.91843500000001,46.89411926299704,3.0789861643974774,2.8885192925869285,Bullish,59.1776,17.1197,9550666.666666666,58.758100000000006,59.8126,60.43900000000001,57.077200000000005,56.4508,55.396300000000004
4139,2016-11-14,58.5311,58.5311,56.7295,57.1863,8973500,54.0740476190476,48.47408999999997,42.75287200000008,34.38206050000009,64.876728677466,61.07855147479198,54.34082000000002,47.603088525208065,2.9309102441827264,2.8969974829060883,Bullish,59.1776,17.1197,9344404.761904761,58.2351,59.2839,60.0367,56.4335,55.6807,54.6319
4140,2016-11-15,56.9795,57.4105,56.264,56.4536,3615000,54.44142857142856,48.793381999999966,43.01940800000008,34.557093500000086,61.49732932118936,61.04001015527898,54.71364000000002,48.38726984472106,2.723046657186181,2.862207317762107,Bearish,59.1776,17.1197,9478119.047619049,57.15473333333335,57.85586666666667,58.30123333333334,56.00823333333335,55.56286666666668,54.861733333333355
4141,2016-11-16,57.0657,59.0483,57.1519,58.738,12376500,54.90527619047618,49.124569999999956,43.29396100000008,34.742902000000086,67.22888409715783,61.41104301336861,55.10456500000002,48.79808698663143,2.7113900388021506,2.832043861970116,Bearish,59.1776,17.1197,9226523.80952381,59.47356666666667,60.209133333333334,61.36996666666667,57.57716666666667,56.416333333333334,55.68076666666667
4142,2016-11-17,59.1776,61.0741,58.8759,59.5828,9150500,55.31781428571427,49.45817199999996,43.57696200000009,34.93758900000009,69.06299780912798,61.95106191843156,55.43170500000002,48.91234808156848,2.7387497817912703,2.813385045934347,Bearish,59.1776,17.1197,9521166.666666666,60.81263333333334,62.04246666666667,63.01083333333334,58.61443333333334,57.64606666666667,56.41623333333334
4143,2016-11-18,59.7379,60.1258,58.7121,58.9362,2815500,55.598585714285704,49.782635999999954,43.85349700000009,35.129646500000085,66.01748465693441,62.297879177730174,55.75323500000003,49.20859082226989,2.6773940273606343,2.786186842219604,Bearish,59.5828,17.1197,9549785.714285715,59.803966666666675,60.671733333333336,61.21766666666667,58.390266666666676,57.84433333333334,56.97656666666668
4144,2016-11-21,59.0311,59.4362,58.9621,59.1345,1258000,55.91424761904762,50.11106599999996,44.11710200000009,35.31756650000008,66.5053081786515,62.520530930684146,56.140710000000034,49.76088906931592,2.6146304701587297,2.751875567807429,Bearish,59.5828,17.1197,9188333.333333334,59.39310000000001,59.651700000000005,59.86720000000001,58.91900000000001,58.703500000000005,58.44490000000001
4145,2016-11-22,59.4707,62.0912,59.2293,62.0912,6422000,56.42406666666667,50.49862999999995,44.41027400000008,35.520097500000084,72.77967320009637,63.19890694343349,56.660505000000036,50.12210305656658,2.7715224926340625,2.7558049527727557,Bullish,59.5828,17.1197,8624214.285714285,63.04516666666667,63.99913333333333,65.90706666666667,60.18326666666667,58.275333333333336,57.32136666666667
4146,2016-11-23,63.7894,64.2118,62.7119,63.2808,9692000,56.97575714285714,50.90998599999995,44.71534200000007,35.72999900000008,74.82316676942156,63.742107996258625,57.31779500000003,50.89348200374144,2.9577561570505253,2.79619519362831,Bullish,62.0912,17.1197,8733428.57142857,64.0911,64.9014,65.591,62.5912,61.9016,61.091300000000004
4147,2016-11-24,63.2808,65.2548,62.0654,63.9532,6142000,57.633766666666666,51.34358199999994,45.02713400000007,35.94546050000008,75.92340429486552,63.93155765262504,58.05870000000003,52.18584234737502,3.1235978467551533,2.8616757242536783,Bullish,63.2808,17.1197,8854619.047619049,65.4502,66.94720000000001,68.6396,62.26079999999999,60.56839999999999,59.07139999999998
4148,2016-11-25,64.1773,64.2204,60.7637,61.2206,15725000,58.20926666666667,51.680803999999945,45.31160000000006,36.151354000000076,63.733833026673196,63.75537559521435,58.540140000000044,53.324904404785734,2.9999490526860697,2.889330389940157,Bullish,63.9532,17.1197,8970142.857142856,63.372766666666664,65.52493333333334,66.82946666666666,59.916066666666666,58.611533333333334,56.45936666666667
4149,2016-11-28,59.4966,60.643,58.1604,58.1604,12863500,58.52205714285715,51.94889199999995,45.549689000000065,36.34690300000008,53.394994865499946,63.27878204285413,58.81728000000004,54.355777957145946,2.6247672447665806,2.8364177609054417,Bearish,63.9532,17.1197,9408738.095238095,59.81546666666667,61.470533333333336,62.29806666666667,57.332866666666675,56.50533333333334,54.85026666666668
4150,2016-11-29,57.7553,60.5137,57.4277,59.1,12676500,58.83074285714286,52.26387399999995,45.796399000000065,36.54650350000008,55.767572094486006,63.15998212142346,59.00994000000004,54.859897878576625,2.3758633525816037,2.744306879240674,Bearish,63.9532,17.1197,9787476.19047619,60.599900000000005,62.0998,63.685900000000004,57.51390000000001,55.927800000000005,54.42790000000001
4151,2016-11-30,59.2638,59.4793,56.1519,56.1519,11852000,58.87384285714287,52.563165999999946,46.01759300000006,36.72817400000008,47.58255739151069,63.22786918638464,58.947875000000046,54.667880813615454,1.9186017464243506,2.5791658526774093,Bearish,63.9532,17.1197,9919595.238095239,58.37016666666666,60.588433333333334,61.69756666666667,55.04276666666666,53.933633333333326,51.715366666666654
4152,2016-12-01,56.4623,58.5311,55.8157,56.5054,10203500,58.831566666666674,52.83987599999995,46.23396000000006,36.910922500000076,48.557527831358044,63.26844785038021,58.88581000000005,54.503172149619886,1.5666833741196768,2.376669356965863,Bearish,63.9532,17.1197,9875500.0,58.08576666666668,59.66613333333334,60.80116666666668,55.370366666666676,54.23533333333334,52.654966666666674
4153,2016-12-02,56.2381,57.4105,56.1605,56.4536,4740000,58.76999047619049,53.135029999999944,46.44679200000006,37.088455000000074,48.41541793252786,63.27302846808064,58.881930000000054,54.49083153191947,1.2689777163411478,2.15513102884092,Bearish,63.9532,17.1197,9545500.0,57.18923333333335,57.924866666666674,58.43923333333335,55.93923333333335,55.424866666666674,54.68923333333335
4154,2016-12-05,57.1519,57.2381,53.6348,53.7297,8874000,58.636585714285744,53.347431999999934,46.615921000000064,37.253618000000074,41.532101260796914,63.58699229677835,58.73237000000006,53.87774770322177,0.8039800902600618,1.884900841124748,Bearish,63.9532,17.1197,9084000.0,56.10026666666667,58.47083333333334,59.703566666666674,52.496966666666665,51.26423333333333,48.89366666666666
4155,2016-12-06,54.0486,56.4105,53.8762,56.3674,7205000,58.61975238095241,53.60345199999993,46.81470200000006,37.43115050000008,49.08144285228671,63.54840678920445,58.59186000000007,53.63531321079569,0.6409183593958474,1.636104344778968,Bearish,63.9532,17.1197,8850571.42857143,57.226533333333336,58.08566666666667,59.76083333333334,54.692233333333334,53.017066666666665,52.15793333333333
4156,2016-12-07,57.0657,57.9277,56.0399,56.514,5558500,58.49291428571431,53.87515999999993,47.00339800000006,37.60820950000007,49.471939645697006,63.506648445094456,58.471610000000055,53.436571554905655,0.5175541160190917,1.4123942990269929,Bearish,63.9532,17.1197,9028119.047619049,57.61450000000001,58.715,59.502300000000005,55.72670000000001,54.939400000000006,53.83890000000001
4157,2016-12-08,56.6778,57.4622,56.2467,56.8933,2582000,58.3964523809524,54.15152399999994,47.19399100000006,37.788070000000076,50.52906158827696,63.4886946074084,58.407825000000045,53.32695539259169,0.44526071603993245,1.2189675824295807,Bearish,63.9532,17.1197,8771761.904761905,57.48810000000001,58.08290000000001,58.703600000000016,56.272600000000004,55.6519,55.0571
4158,2016-12-09,57.0915,59.6517,56.8502,57.988,11092500,58.38783333333335,54.447195999999934,47.40199600000006,37.974438500000076,53.549564177375466,63.49653917872204,58.42204500000005,53.347550821278055,0.47087288738344313,1.0693486434203532,Bearish,63.9532,17.1197,8198833.333333333,59.4764,60.9648,62.277899999999995,56.6749,55.3618,53.873400000000004
4159,2016-12-12,57.0915,59.6517,56.8502,57.988,11092500,58.401376190476206,54.72148999999993,47.609656000000065,38.155893500000076,53.549564177375466,63.50953822723759,58.462130000000045,53.4147217727625,0.48557333060262664,0.9525935808568079,Bearish,63.9532,17.1197,8210261.904761905,59.4764,60.9648,62.277899999999995,56.6749,55.3618,53.873400000000004
4160,2016-12-13,60.8844,60.8844,58.3759,59.0311,12194000,58.48922380952382,55.02319799999993,47.82809200000007,38.34213300000008,56.485605746352604,63.55767406184474,58.59100500000004,53.62433593815533,0.5747674290723239,0.8770283504999111,Bearish,63.9532,17.1197,8329047.619047619,60.485033333333334,61.938966666666666,62.99353333333333,57.976533333333336,56.92196666666667,55.46803333333334
4161,2016-12-14,58.8673,61.9792,57.5053,61.5482,11824500,58.73182380952382,55.37007599999993,48.07540600000007,38.54100100000008,62.624845708058295,63.863133485145475,58.73151500000004,53.5998965148546,0.8388930910748229,0.8694012986148935,Bearish,63.9532,17.1197,8482404.761904761,63.18316666666667,64.81813333333334,67.65706666666668,58.70926666666667,55.870333333333335,54.23536666666667
4162,2016-12-15,62.1947,63.7549,62.2809,62.9791,9837000,58.93378095238096,55.701607999999936,48.34090800000007,38.75124750000008,65.59637092780781,64.34941389953579,58.901330000000044,53.4532461004643,1.15041498476824,0.9256040358455627,Bullish,63.9532,17.1197,8873333.333333334,63.729033333333334,64.47896666666666,65.20303333333334,62.25503333333334,61.53096666666667,60.78103333333334
4163,2016-12-16,63.1515,64.798,63.1515,63.8929,9337500,59.13902380952382,56.01210799999993,48.59735900000007,38.962615000000085,67.38000932216687,65.0159222352266,59.14916500000004,53.28240776477348,1.4542704287187078,1.0313373144201918,Bullish,63.9532,17.1197,8752404.761904761,64.74343333333333,65.59396666666666,66.38993333333333,63.096933333333325,62.30096666666666,61.45043333333332
4164,2016-12-19,64.479,64.7204,62.1085,62.5222,4578500,59.309785714285724,56.25105799999992,48.84156900000007,39.167215000000084,62.17308887307167,65.36664931747059,59.31855000000003,53.27045068252948,1.5664173386090354,1.1383533192579605,Bullish,63.9532,17.1197,8761309.523809524,64.12556666666666,65.72893333333333,66.73746666666666,61.513666666666666,60.50513333333333,58.90176666666667
4165,2016-12-20,62.4964,65.0824,62.4964,63.4791,9996500,59.516671428571435,56.509145999999916,49.08241700000007,39.37819400000008,64.25007608647803,65.59155365512065,59.38794500000002,53.184336344879405,1.7127647199919522,1.2532355994047588,Bullish,63.9532,17.1197,8845261.904761905,64.87553333333335,66.27196666666669,67.46153333333335,62.28953333333334,61.09996666666667,59.70353333333333
4166,2016-12-21,63.68600000000001,64.8238,62.1516,64.2721,5703500,59.62052380952381,56.78309399999992,49.33541900000007,39.59322450000008,65.92009956631621,65.7790447977908,59.43751000000002,53.09597520220923,1.8711649222721078,1.3768214639782286,Bullish,63.9532,17.1197,9261380.952380951,65.34673333333333,66.42136666666667,68.01893333333334,62.67453333333333,61.076966666666664,60.002333333333326
4167,2016-12-22,65.2979,67.1513,64.4445,64.729,6758000,59.689485714285716,57.11048799999991,49.586094000000074,39.81032400000008,66.88009505282665,65.93623242874797,59.47630000000002,53.016367571252076,2.010391691326106,1.503535509447804,Bullish,64.2721,17.1197,9227166.666666666,66.43870000000001,68.14840000000001,69.14550000000001,63.73190000000001,62.73480000000001,61.02510000000001
4168,2016-12-23,65.0738,65.9014,64.4876,65.5393,2725000,59.76501428571429,57.455811999999916,49.850303000000075,40.030828500000084,68.57096898828772,66.64116963698532,59.69223500000002,52.74330036301471,2.161201362906006,1.6350686801394443,Bullish,64.729,17.1197,9087452.38095238,66.13126666666666,66.72323333333333,67.54506666666666,64.71746666666667,63.895633333333336,63.30366666666667
4169,2016-12-26,65.8583,66.3582,64.8669,65.1255,1019500,59.950961904761904,57.78354999999991,50.11296000000007,40.249867500000086,66.69827808532148,67.33688201438586,60.04049000000002,52.74409798561417,2.221718326532354,1.7523986094180262,Bullish,65.5393,17.1197,8924738.095238095,66.03349999999999,66.94149999999999,67.52479999999998,64.5422,63.9589,63.0509
4170,2016-12-27,64.7463,68.3754,64.7463,68.134,7637000,60.42589523809524,58.16628599999992,50.403116000000075,40.48489700000009,72.56477173632311,68.57583283003576,60.49219000000003,52.408547169964294,2.4838074766495026,1.8986803828643215,Bullish,65.5393,17.1197,8224476.19047619,69.42416666666666,70.71433333333333,73.05326666666666,65.79506666666667,63.45613333333334,62.16596666666668
4171,2016-12-28,68.5305,69.0908,65.1255,67.7461,13098000,60.837614285714295,58.50281799999991,50.69042700000007,40.717987000000086,70.83217715020676,69.48363259608195,61.07190000000003,52.660167403918116,2.6298988908250465,2.0449240844564667,Bullish,68.134,17.1197,7975595.238095238,69.51610000000001,71.2861,73.48140000000001,65.55080000000001,63.355500000000006,61.58550000000001
4172,2016-12-29,68.7891,70.5994,67.2375,70.0735,11272500,61.50054761904762,58.843487999999915,51.00446000000008,40.95999850000009,74.73070140542822,70.747609482671,61.750305000000026,52.753000517329056,2.9000491567366495,2.2159490989125032,Bullish,68.134,17.1197,7995666.666666667,71.36943333333333,72.66536666666667,74.73133333333334,68.00753333333333,65.94156666666666,64.64563333333332
4173,2016-12-30,70.3408,71.5476,69.8235,70.3149,5522500,62.15814285714286,59.199673999999916,51.322890000000086,41.201967500000094,75.1024115636124,71.82897452546307,62.44337000000003,53.05776547453699,3.0979133347957486,2.3923419460891524,Bullish,70.0735,17.1197,7968071.428571428,71.3005,72.2861,73.0246,69.57639999999999,68.83789999999999,67.85229999999999
4174,2017-01-02,70.5132,71.2459,69.5649,69.7373,2678000,62.7907,59.56671999999991,51.63330300000009,41.4410050000001,72.35968500293251,72.2427395947265,63.24375000000002,54.244760405273546,3.171554917778863,2.5481845404270946,Bullish,70.3149,17.1197,7745166.666666667,70.8005,71.86370000000001,72.48150000000001,69.11949999999999,68.50169999999999,67.43849999999998
4175,2017-01-03,69.8235,70.7287,67.6771,69.3408,3142000,63.53408571428571,59.91962999999991,51.94466400000008,41.677888000000095,70.45748381006399,72.68313604173389,63.892420000000016,55.10170395826614,3.161478609087247,2.670843354159125,Bullish,70.3149,17.1197,7646976.19047619,70.82063333333335,72.30046666666668,73.87223333333336,67.76903333333334,66.19726666666666,64.71743333333333
4176,2017-01-04,69.3925,70.3321,68.3581,68.6081,4159500,64.11697619047618,60.28909199999991,52.24852600000009,41.90899550000009,66.95473678883224,72.82619020634212,64.49712500000001,56.1680597936579,3.0591068161341184,2.748496046554124,Bullish,70.3149,17.1197,7374023.80952381,69.84076666666665,71.07343333333333,71.81476666666666,67.86676666666665,67.12543333333332,65.89276666666665
4177,2017-01-05,68.6167,69.3925,68.0133,68.6253,1921500,64.69370476190475,60.67889599999992,52.55712800000009,42.142214500000094,66.99621617448416,72.81946438363347,65.08372500000002,57.34798561636656,2.9454114590781444,2.787879129058928,Bullish,70.3149,17.1197,7229000.0,69.34076666666665,70.05623333333332,70.71996666666665,67.96156666666666,67.29783333333333,66.58236666666666
4178,2017-01-06,68.0995,71.6338,66.8065,70.108,6419500,65.32297619047618,61.04921999999991,52.8870230000001,42.379916000000094,70.44071860765617,72.99393782627348,65.68972500000001,58.38551217372654,2.9410460202556266,2.818512507298268,Bullish,70.3149,17.1197,7055809.523809524,72.22570000000002,74.3434,77.05300000000001,67.39840000000002,64.68880000000001,62.57110000000003
4179,2017-01-09,70.3149,70.9873,69.315,69.858,3154000,65.88821428571427,61.39402799999991,53.2147620000001,42.61447150000009,69.13061812502735,72.88278147839333,66.283225,59.683668521606684,2.8841665907478955,2.8316433239881933,Bullish,70.3149,17.1197,7238547.619047619,70.79186666666666,71.72573333333334,72.46416666666667,69.11956666666666,68.38113333333332,67.44726666666665
4180,2017-01-10,70.2546,72.3148,69.6511,71.0131,4298000,66.50845714285713,61.70935399999992,53.5563800000001,42.855061000000084,71.7453933036795,72.88850036969264,66.88232500000001,60.87614963030739,2.8988796691592427,2.845090593022403,Bullish,70.3149,17.1197,6860523.80952381,72.33489999999999,73.6567,74.9986,69.67119999999998,68.32929999999999,67.00749999999998
4181,2017-01-11,71.289,72.7975,71.039,71.6855,2990000,67.1110476190476,61.995199999999926,53.89911900000009,43.09388350000008,73.17007761225052,73.21757006410003,67.38919000000001,61.560809935900004,2.9310100904882432,2.862274492515571,Bullish,71.0131,17.1197,6536976.19047619,72.64233333333333,73.59916666666666,74.40083333333332,70.88383333333333,70.08216666666667,69.12533333333333
4182,2017-01-12,71.8924,75.2629,71.8924,75.2543,10577500,67.76371904761903,62.34535199999992,54.25884000000009,43.35197200000009,79.17270549996809,74.4018109237895,68.00295000000001,61.60408907621053,3.207472271409955,2.931314048294448,Bullish,71.6855,17.1197,6098690.476190476,76.38066666666667,77.50703333333334,79.75116666666668,73.01016666666666,70.76603333333333,69.63966666666666
4183,2017-01-13,75.6422,78.7454,74.1423,74.9353,8378500,68.33306190476189,62.71343399999992,54.595803000000096,43.61092250000008,77.50355015369131,75.33438178279904,68.55507000000001,61.775758217200995,3.3620740112043563,3.0174660408764296,Bullish,75.2543,17.1197,6039309.523809524,77.7397,80.5441,82.3428,73.1366,71.3379,68.5335
4184,2017-01-16,75.1163,78.6765,73.875,78.6765,12181000,69.03704285714285,63.15254599999993,54.970609000000096,43.891811500000074,82.23411538078447,76.8833580582917,69.362785,61.84221194170829,3.7433298015138803,3.1626387930039197,Bullish,75.2543,17.4214,5969857.142857143,80.27700000000002,81.87750000000001,85.07850000000002,75.47550000000001,72.2745,70.674
4185,2017-01-17,79.9523,81.8918,76.7197,78.7627,10102000,69.81039999999999,63.54424799999993,55.345415000000095,44.172183500000074,82.32633148607943,78.18744050713369,70.12696500000001,62.06648949286634,4.0062518047305815,3.3313613953492522,Bullish,78.6765,18.292,6105261.904761905,81.52976666666665,84.29683333333332,86.70186666666665,76.35766666666665,73.95263333333332,71.18556666666665
4186,2017-01-18,79.0472,81.3315,78.8747,80.616,4363000,70.62644285714285,63.97818799999994,55.73375400000009,44.46302850000007,84.22251691642731,79.74462117777945,70.94416000000001,62.14369882222057,4.3144311314134,3.527975342562082,Bullish,78.7627,18.4386,6368285.714285715,81.67343333333334,82.73086666666667,84.13023333333334,79.21663333333333,77.81726666666667,76.75983333333333
4187,2017-01-19,81.7625,84.6417,81.297,84.2193,6177000,71.57630952380951,64.49919399999995,56.16123000000009,44.768787000000074,87.11667060746683,81.97698622204439,71.91867500000001,61.86036377795562,4.794157599539105,3.7812117939574863,Bullish,80.616,18.4386,6100023.80952381,85.475,86.7307,88.8197,82.13029999999999,80.04129999999999,78.78559999999999
4188,2017-01-20,84.7365,85.9864,83.5297,83.6676,5442500,72.4781476190476,65.01847399999996,56.580689000000085,45.06902850000008,84.5590780939357,83.65797671978058,72.82509000000002,61.99220328021945,5.07136713895909,4.039242862957807,Bullish,84.2193,18.4386,6122571.428571428,85.25943333333332,86.85126666666666,87.71613333333332,82.80273333333332,81.93786666666666,80.34603333333332
4189,2017-01-23,86.4174,87.8484,84.9951,87.8139,5376500,73.53884285714285,65.63102599999996,57.05255800000008,45.38409650000007,87.52363932536464,86.012723162788,73.95951000000001,61.90629683721201,5.561519716693155,4.343698233704877,Bullish,84.2193,18.4386,6059928.571428572,88.77650000000001,89.73910000000001,91.62980000000002,85.92320000000001,84.0325,83.0699
4190,2017-01-24,87.9259,88.5725,85.4692,85.8743,3251000,74.52688095238094,66.21943999999996,57.50641100000009,45.68369100000006,79.80479435586278,87.64253593714372,74.84652500000001,62.05051406285631,5.727437323559528,4.620446051675807,Bullish,87.8139,18.4386,6186190.476190476,87.80813333333333,89.74196666666667,90.91143333333333,84.70483333333333,83.53536666666666,81.60153333333332
4191,2017-01-25,85.9864,86.8915,83.3745,83.65899999999998,2654500,75.26616666666665,66.71785999999996,57.92121500000008,45.96764050000006,71.99508527261241,88.55164048210774,75.64217,62.73269951789224,5.615440721263269,4.819444985593299,Bullish,87.8139,18.4386,6292452.380952381,85.9088333333333,88.15866666666665,89.4258333333333,82.39183333333331,81.12466666666666,78.87483333333331
4192,2017-01-26,83.5297,85.6761,83.1935,85.2364,4907000,76.09903809523807,67.23093199999995,58.344552000000085,46.265037000000056,73.9499152340173,89.68802080307613,76.400315,63.11260919692388,5.589532947711916,4.973462578017022,Bullish,87.8139,18.4386,6055190.476190476,86.21050000000002,87.18460000000002,88.69310000000003,83.72790000000002,82.21940000000001,81.24530000000001
4193,2017-01-27,85.7709,89.4862,85.8571,87.5639,8798000,76.93191428571427,67.80348599999996,58.79306100000009,46.568467500000054,76.55087648921244,91.08689305080695,77.262765,63.43863694919306,5.691205969029667,5.117011256219551,Bullish,87.8139,18.4386,5665142.857142857,89.41436666666667,91.26483333333333,93.04346666666666,85.78526666666667,84.00663333333334,82.15616666666668
4194,2017-01-30,88.7449,88.8742,83.1935,83.4866,5828000,77.55913809523807,68.29052799999995,59.200797000000094,46.84883950000005,64.4171568583586,91.57508903003776,77.95023,64.32537096996225,5.3807525701301415,5.169759519001669,Bullish,87.8139,18.9127,5547309.523809524,87.17603333333332,90.86546666666666,92.85673333333332,81.49533333333332,79.50406666666666,75.81463333333332
4195,2017-01-31,83.6159,86.2881,82.5814,85.4778,4534500,78.30868571428569,68.75825999999996,59.62844500000009,47.13278850000005,67.15518267395561,92.15637703135224,78.75708,65.35778296864777,5.235042897828464,5.182816194767028,Bullish,87.8139,18.9127,5561857.142857143,86.98346666666666,88.48913333333333,90.69016666666666,83.27676666666666,81.07573333333333,79.57006666666666
4196,2017-02-01,87.0639,89.7448,86.9777,89.1586,7509000,79.25239047619046,69.27581599999996,60.09290100000009,47.43397800000005,71.51810772053516,93.06451068814056,79.784605,66.50469931185944,5.354849360864705,5.217222827986563,Bullish,87.8139,18.973,5650261.904761905,90.27636666666666,91.39413333333333,93.04346666666666,87.50926666666666,85.85993333333333,84.74216666666666
4197,2017-02-02,90.512,90.943,88.788,90.1413,7650500,80.27778095238094,69.79957799999997,60.5715800000001,47.74240800000005,72.56587639826715,93.83240257839584,80.860405,67.88840742160416,5.466082921809175,5.266994846751086,Bullish,89.1586,19.0506,5858214.285714285,91.12686666666666,92.11243333333333,93.28186666666666,88.97186666666666,87.80243333333333,86.81686666666666
4198,2017-02-03,89.65,89.9258,87.8311,88.1328,5062000,81.20670952380951,70.33782199999996,61.009313000000105,48.03894250000005,67.13024073007234,94.10986309711414,81.76164500000002,69.41342690288589,5.330717957628238,5.2797394689265165,Bullish,90.1413,19.0506,6024452.380952381,89.4287,90.7246,91.5234,87.33400000000002,86.53520000000002,85.23930000000003
4199,2017-02-06,89.219,89.8655,87.9432,88.7535,1966500,82.09459047619046,70.94968399999995,61.449288000000095,48.33711500000005,67.92973442678432,94.12333488022925,82.70642000000001,71.28950511977077,5.213428393581893,5.266477253857592,Bearish,90.1413,19.0506,6174000.0,89.76493333333333,90.77636666666666,91.68723333333332,87.84263333333334,86.93176666666668,85.92033333333335
4200,2017-02-07,89.4345,93.1843,89.4345,92.986,8036000,83.1959238095238,71.62740399999996,61.94563900000009,48.65726900000005,72.78987624811897,94.72775095671808,83.80506500000003,72.88237904328197,5.399757898746913,5.293133382835456,Bullish,90.1413,19.0506,5961952.380952381,94.30203333333334,95.61806666666666,98.05183333333333,90.55223333333335,88.11846666666668,86.80243333333335
4201,2017-02-08,95.2531,97.6323,94.9945,97.6323,5452500,84.46350476190476,72.45701199999996,62.5100890000001,48.997809500000045,76.92414860671155,96.12213360817762,85.10240500000002,74.08267639182242,5.8548518654859265,5.40547707936555,Bullish,92.986,19.0506,6194428.571428572,98.51156666666667,99.39083333333333,101.14936666666667,95.87376666666667,94.11523333333334,93.23596666666667
4202,2017-02-09,99.1322,99.0891,93.0981,94.1842,7973500,85.53487142857142,73.21058799999996,63.025232000000095,49.320204500000045,68.59469720925803,96.77036319883597,86.04890000000002,75.32743680116407,5.869622900788727,5.498306243650186,Bullish,97.6323,19.0506,6249404.761904762,97.81616666666666,101.44813333333333,103.80716666666666,91.82516666666666,89.46613333333333,85.83416666666666
4203,2017-02-10,93.917,96.5461,93.0981,93.6325,4270500,86.41002380952379,73.95416599999997,63.54459800000009,49.63928100000005,67.33830937155699,96.89606029032628,86.98376,77.07145970967373,5.770295103367403,5.552704015593629,Bullish,97.6323,19.0506,6486714.285714285,95.75303333333333,97.87356666666666,99.20103333333333,92.30503333333334,90.97756666666668,88.85703333333335
4204,2017-02-13,94.779,98.3133,94.1411,98.3133,7774000,87.5232619047619,74.84583799999997,64.09663500000009,49.975511500000046,72.02073849336502,98.27420026793169,87.96560000000001,77.65699973206833,6.000112981702642,5.642185808815432,Bullish,97.6323,19.0506,6186380.952380952,99.70403333333334,101.09476666666667,103.87623333333335,95.53183333333334,92.75036666666666,91.35963333333333
4205,2017-02-14,98.9598,102.7527,98.4857,101.8131,9601000,88.62500476190475,75.75475199999997,64.6791020000001,50.32760350000004,74.916295097782,100.18003699708535,89.11812,78.05620300291466,6.390978692857573,5.79194438562386,Bullish,98.3133,19.0506,6157595.238095238,103.54863333333337,105.28416666666669,107.81563333333338,99.28163333333336,96.75016666666667,95.01463333333335
4206,2017-02-15,100.8649,102.0631,97.4944,99.2184,4544000,89.5990857142857,76.60883999999996,65.2420000000001,50.66853200000004,69.1985910512295,101.22193397780353,90.04824,78.87454602219648,6.4173962307384045,5.917034754646769,Bullish,101.8131,19.0506,6034738.095238095,101.68953333333333,104.16066666666667,106.25823333333334,97.12083333333332,95.02326666666666,92.55213333333332
4207,2017-02-16,99.908,100.77,98.7874,99.0891,2611500,90.47875714285712,77.45275599999997,65.8021400000001,51.01131400000004,68.91632182853965,102.28922751869543,90.79173,79.29423248130458,6.354646481434358,6.004557100004287,Bullish,101.8131,19.0506,5770071.428571428,100.31026666666666,101.53143333333333,102.29286666666665,98.32766666666667,97.56623333333334,96.34506666666668
4208,2017-02-17,98.3564,103.5285,97.4082,101.1062,9785500,91.28289523809522,78.31511999999996,66.3811580000001,51.360733500000045,70.90986480646424,103.50757886655772,91.66366000000001,79.81974113344229,6.3939742108236715,6.082440522168164,Bullish,101.8131,19.0506,5686666.666666667,103.95373333333336,106.80126666666668,110.07403333333336,97.83343333333336,94.56066666666668,91.71313333333336
4209,2017-02-20,100.9424,102.382,96.0548,96.9168,5899500,91.9138095238095,79.09369599999997,66.9075930000001,51.68950750000005,62.01393099249177,104.03537966698867,92.118805,80.20223033301131,6.017723580449783,6.069497133824488,Bearish,101.8131,19.0506,5858500.0,100.84760000000003,104.77840000000002,107.17480000000003,94.52040000000002,92.12400000000001,88.19320000000002
4210,2017-02-21,96.1151,97.3047,92.0723,92.1412,6700500,92.1198714285714,79.75589799999997,67.3895480000001,51.99720500000005,53.73782954319445,103.99992174766194,92.43215000000001,80.86437825233807,5.273402732373938,5.910278253534377,Bearish,101.8131,19.1799,5880261.904761905,95.6065,99.0718,100.8389,90.3741,88.607,85.1417
4211,2017-02-22,92.4946,96.2358,92.4946,94.2963,5975500,92.52091904761903,80.41085999999997,67.8904680000001,52.316583000000044,56.555532387084895,103.82602220645619,92.964015,82.10200779354382,4.802066424253283,5.688635887678158,Bearish,101.8131,19.8178,5943309.523809524,96.18986666666667,98.08343333333333,99.93106666666667,92.44866666666668,90.60103333333335,88.70746666666669
4212,2017-02-23,95.5979,99.0029,92.4171,99.0029,9951500,93.25158095238093,81.13133599999996,68.4164720000001,52.655486000000046,61.9991437856993,104.20878139952467,93.65234000000001,83.09589860047535,4.753516707927957,5.501612051728118,Bearish,101.8131,19.9557,6073047.619047619,101.19816666666668,103.39343333333333,107.78396666666667,94.61236666666669,90.22183333333335,88.0265666666667
4213,2017-02-24,100.77,103.9509,99.9942,103.9509,8223500,94.1427476190476,81.93249599999997,68.9723020000001,53.01874100000005,66.72021194858222,105.54198198438799,94.47169,83.401398015612,5.056020301030003,5.412493701588495,Bearish,101.8131,20.6971,6420523.80952381,105.2698,106.5887,109.2265,101.3131,98.67530000000001,97.35640000000001
4214,2017-02-27,105.5973,107.6058,98.7615,99.3908,11288000,94.7059333333333,82.66986799999997,69.4604630000001,53.35311800000004,59.39641221148479,105.30318502086335,95.26689999999999,85.23061497913663,4.871637414702207,5.3043224442112376,Bearish,103.9509,20.6971,6578452.380952381,105.07723333333335,110.76366666666668,113.92153333333336,96.23293333333335,93.07506666666667,87.38863333333335
4215,2017-02-28,98.7012,104.3043,97.6237,103.063,11099000,95.63814285714284,83.46154599999996,69.9853460000001,53.70495100000004,62.92571166912793,105.66588498077503,96.14616000000001,86.62643501922499,4.9645996842208575,5.236377892213161,Bearish,103.9509,20.7143,6697023.80952381,105.70363333333331,108.34426666666666,112.38423333333331,99.02303333333332,94.98306666666666,92.34243333333332
4216,2017-03-01,104.3043,108.2093,104.1491,108.2093,8935000,96.72059523809523,84.34028999999997,70.56169200000011,54.083938000000046,67.22520727709848,107.4105591566834,97.098695,86.78683084331661,5.39138779071871,5.267379871914271,Bullish,103.9509,20.7143,6948023.80952381,109.5627,110.9161,113.6229,105.50250000000001,102.79570000000001,101.44230000000002
4217,2017-03-02,113.6141,113.6141,111.416,113.6141,6626000,97.88514285714284,85.31799199999996,71.2142400000001,54.493095500000045,71.02559900820161,110.34277287163847,98.27233500000001,86.20189712836155,6.095477756884051,5.432999448908227,Bullish,108.2093,20.7143,7157571.428571428,114.34679999999997,115.07949999999998,116.54489999999997,112.14869999999998,110.68329999999999,109.95059999999998
4218,2017-03-03,115.5019,117.3898,113.4417,114.2089,7496500,99.03121904761903,86.29138399999994,71.87359800000009,54.90259750000005,71.41838071772769,112.58108626277192,99.57614000000001,86.5711937372281,6.625099493829737,5.6714194578925285,Bullish,113.6141,20.7143,7115523.80952381,116.58523333333332,118.96156666666666,120.53333333333332,112.63713333333332,111.06536666666666,108.68903333333333
4219,2017-03-06,114.6485,116.2778,112.0625,112.4418,3033000,100.18879047619045,87.23770999999994,72.51063000000009,55.308091500000046,68.44957094866776,113.9209655506585,100.76055500000001,87.60014444934153,6.823580347632415,5.901851635840506,Bullish,114.2089,20.9298,7108190.476190476,115.12556666666669,117.80933333333334,119.34086666666668,110.91026666666669,109.37873333333334,106.69496666666669
4220,2017-03-07,112.6228,118.0104,110.4246,116.6226,15305000,101.51589047619044,88.20748199999993,73.18688400000009,55.74004950000005,71.47118538699213,116.289568364448,101.942385,87.595201635552,7.234834801778305,6.168448269028066,Bullish,114.2089,20.9298,7011571.428571428,119.6138,122.605,127.1996,112.02799999999999,107.43339999999999,104.44219999999999
4221,2017-03-08,117.657,121.9326,117.3639,119.7172,9661000,102.78880476190471,89.24690399999992,73.8748610000001,56.18200650000004,73.49465657694793,119.18471184166854,103.04663000000001,86.90854815833147,7.721457125661516,6.479050040354756,Bullish,116.6226,20.9298,7646738.095238095,121.97856666666664,124.23993333333331,126.54726666666663,117.40986666666664,115.10253333333333,112.84116666666665
4222,2017-03-09,119.7172,119.7172,113.7865,114.6141,5542000,103.59746190476183,90.13771599999991,74.4906020000001,56.59693950000005,65.27297005531375,120.41794508241958,104.06812500000001,87.71830491758044,7.607635218439967,6.704767075971798,Bullish,119.7172,20.9298,7724119.047619048,118.29203333333332,121.96996666666666,124.22273333333332,112.36133333333332,110.10856666666666,106.43063333333332
4223,2017-03-10,112.6573,118.3466,112.4935,115.7002,5815500,104.62203333333326,91.0454219999999,75.1225480000001,57.01333800000004,66.14112665306936,121.53388644193471,105.17151000000001,88.80913355806531,7.518402268697287,6.867494114516896,Bullish,119.7172,21.1281,7728380.952380952,118.53336666666668,121.36653333333334,124.38646666666668,112.68026666666668,109.66033333333334,106.82716666666668
4224,2017-03-13,116.3726,117.2346,110.8126,112.1659,3375500,105.50457619047612,91.8939939999999,75.73035700000008,57.411849500000045,60.813331654459915,122.17933864952833,105.86414000000002,89.54894135047171,7.0808721540134485,6.910169722416207,Bullish,119.7172,21.1281,7625619.047619048,115.99613333333332,119.82636666666666,122.41813333333332,109.57413333333332,106.98236666666666,103.15213333333332
4225,2017-03-14,112.1487,113.5452,106.5628,111.8125,12135000,106.14739523809517,92.74342799999991,76.33152900000009,57.81092150000004,60.29036780526883,122.76472703996407,106.36411000000003,89.96349296003598,6.629192751864977,6.853974328305961,Bearish,119.7172,21.1281,7583000.0,114.71753333333335,117.62256666666667,121.69993333333335,107.73513333333335,103.65776666666667,100.75273333333335
4226,2017-03-15,113.3555,116.6312,112.5021,114.1572,8958500,106.73520952380947,93.6544099999999,76.97175100000008,58.221673500000044,62.589040516156466,123.50259592788515,107.11105000000002,90.71950407211489,6.386808117681824,6.760541086181133,Bearish,119.7172,21.1281,7790666.666666667,116.35823333333333,118.55926666666667,120.48733333333334,112.22913333333332,110.30106666666666,108.10003333333331
4227,2017-03-16,114.5968,116.7605,109.4764,115.7174,7763000,107.52087619047613,94.59625199999991,77.63757400000007,58.64225250000004,64.07910840873696,124.30893346454818,107.94246500000004,91.5759965354519,6.24858188727984,6.658149246400875,Bearish,119.7172,21.1281,7760071.428571428,118.49313333333332,121.26886666666665,125.77723333333331,111.20903333333332,106.70066666666666,103.92493333333333
4228,2017-03-17,116.3726,117.6656,114.2175,114.8123,4010500,108.26959999999993,95.4903379999999,78.26977900000007,59.06416750000004,62.52332110334828,124.93956760125663,108.62777000000003,92.31597239874343,5.996874363320686,6.525894269784837,Bearish,119.7172,21.1281,7913357.142857143,116.91276666666664,119.01323333333332,120.36086666666664,113.46466666666664,112.11703333333332,110.01656666666665
4229,2017-03-20,115.5106,116.7088,114.002,115.7778,2757000,108.96824761904753,96.4087339999999,78.90138100000007,59.492246500000036,63.54024375339705,125.23327797780054,109.57082000000003,93.90836202219951,5.808347108215131,6.382384837470896,Bearish,119.7172,21.1281,7979976.19047619,116.99040000000001,118.203,119.69720000000001,114.2836,112.7894,111.5768
4230,2017-03-21,116.3726,121.3723,115.7261,120.5706,8352500,110.09461904761896,97.39988399999989,79.55461900000007,59.939893000000026,68.15909464705639,125.15812860572912,110.99229000000003,96.82645139427093,5.976780203409177,6.301263910658553,Bearish,119.7172,21.1281,7645285.714285715,122.7199,124.86919999999999,128.3661,117.0737,113.5768,111.42750000000001
4231,2017-03-22,120.7689,121.7516,119.131,119.6569,7093500,111.40489047619039,98.3593119999999,80.17725600000007,60.38042800000003,66.43130073481312,124.64996325371682,112.26032000000002,99.87067674628322,5.967744250032325,6.234559978533307,Bearish,120.5706,21.1281,7762095.238095238,121.22866666666664,122.80043333333332,123.84926666666664,118.60806666666664,117.55923333333332,115.98746666666665
4232,2017-03-23,120.7689,121.7516,119.131,119.6569,7093500,112.61253809523801,99.2473639999999,80.79635800000007,60.82281650000002,66.43130073481314,124.47458630004787,113.29302000000003,102.11145369995218,5.89265631789911,6.166179246406467,Bearish,120.5706,21.6712,7780809.523809524,121.22866666666664,122.80043333333332,123.84926666666664,118.60806666666664,117.55923333333332,115.98746666666665
4233,2017-03-24,119.7345,124.3463,119.3983,122.7946,8359500,113.74547619047611,100.20454999999991,81.45899200000007,61.28214350000002,69.50958434991068,125.28407543574387,114.23520500000004,103.1863345642562,6.01697481759075,6.1363383606433235,Bearish,120.5706,21.9211,7834047.619047619,124.96116666666666,127.12773333333332,129.90916666666664,120.01316666666666,117.23173333333334,115.06516666666667
4234,2017-03-27,123.6566,125.4238,122.5015,124.76,8278500,114.73638571428566,101.12621999999992,82.13938300000007,61.75306450000002,71.28579754827706,125.18480980921849,115.50366500000004,105.82252019078159,6.20258988353045,6.149588665220749,Bullish,122.7946,21.9298,7758238.095238095,125.95536666666666,127.15073333333333,128.87766666666667,123.03306666666666,121.30613333333332,120.11076666666665
4235,2017-03-28,124.5618,126.1996,121.5447,122.5446,6940500,115.83894761904756,102.00185799999991,82.77305300000008,62.21071050000001,66.57769021491069,124.77775472516551,116.47774500000006,108.1777352748346,6.100602942217918,6.139791520620183,Bearish,124.76,21.9642,7760857.142857143,125.31456666666668,128.08453333333335,129.96946666666668,120.65966666666668,118.77473333333334,116.00476666666668
4236,2017-03-29,122.8808,124.3721,116.4243,118.3466,14724500,116.56673809523802,102.75646999999992,83.36732900000008,62.64818500000002,58.670244701326524,124.3932266173958,116.98461000000005,109.5759933826043,5.616292911933542,6.0350917988828545,Bearish,124.76,21.9815,7553833.333333333,123.00436666666668,127.66213333333334,130.9521666666667,115.05656666666668,111.76653333333334,107.10876666666668
4237,2017-03-30,119.0448,120.1655,116.3726,118.5018,3462000,117.05685714285707,103.44211999999992,83.97065700000009,63.08557350000002,58.86476076727698,124.49790204561904,117.22899500000005,109.96008795438107,5.185225020264198,5.8651184431591235,Bearish,124.76,21.9815,7726476.19047619,120.32066666666665,122.13953333333332,124.11356666666664,116.52776666666666,114.55373333333334,112.73486666666668
4238,2017-03-31,118.519,124.4238,118.1914,123.0705,6295000,117.50716190476184,104.23017799999992,84.62432600000007,63.55102100000002,64.20542699959239,125.22536378459311,117.67207500000004,110.11878621540696,5.152857583540182,5.722666271235335,Bearish,124.76,22.447,7465857.142857143,125.59906666666667,128.12763333333334,131.83146666666667,119.36666666666667,115.66283333333334,113.13426666666668
4239,2017-04-03,124.1308,126.0789,121.7257,122.6739,4182000,117.91025714285709,104.92737799999992,85.27920200000008,64.01603700000001,63.43548427164245,125.63604258580754,118.18368000000005,110.73131741419256,5.037138850112086,5.585560787010685,Bearish,124.76,22.447,7450095.238095238,125.25996666666667,127.84603333333334,129.61316666666667,120.90676666666667,119.13963333333334,116.55356666666667
4240,2017-04-04,121.9757,123.5101,119.8207,120.7775,2028000,118.30719523809519,105.62544199999991,85.92244100000008,64.47092450000002,59.746065815627645,125.88964228515778,118.39142500000005,110.89320771484233,4.737792960957734,5.416007221800095,Bearish,124.76,22.447,7292261.904761905,122.91816666666666,125.05883333333333,126.60756666666666,119.22876666666667,117.68003333333334,115.53936666666668
4241,2017-04-05,120.8982,121.9326,116.5881,117.4673,2426500,118.34741904761897,106.30160799999993,86.50973400000008,64.90184750000002,53.85785097335759,125.76170405033446,118.27893000000003,110.7961559496656,4.1852092248857105,5.169847622417218,Bearish,124.76,22.447,7244404.761904762,120.73723333333334,124.00716666666666,126.08173333333333,115.39273333333334,113.31816666666667,110.04823333333334
4242,2017-04-06,117.407,120.6654,116.8036,117.6225,4014500,118.24767142857135,106.94932999999993,87.09013100000007,65.33354650000003,54.08632590068996,125.73012989436349,118.42935000000004,111.1285701056366,3.716959184089859,4.879269934751746,Bearish,124.76,22.447,6631142.857142857,119.92406666666666,122.22563333333333,123.78586666666666,116.06226666666666,114.50203333333333,112.20046666666666
4243,2017-04-07,118.088,120.1655,117.7087,118.9759,1976500,118.45537619047612,107.57756999999994,87.69052800000007,65.77201250000002,56.126477199716774,125.787867545205,118.59313500000005,111.39840245479509,3.4157016400578897,4.586556275812975,Bearish,124.76,22.447,6362261.904761905,120.19136666666668,121.40683333333334,122.64816666666668,117.73456666666668,116.49323333333334,115.27776666666668
4244,2017-04-10,119.381,119.8207,117.0622,117.6053,965000,118.54609523809519,108.25994399999995,88.27523600000006,66.19616900000001,53.53226676895019,125.45309401955774,118.86510500000006,112.27711598044237,3.0314126623683677,4.2755275531240535,Bearish,124.76,22.447,6192476.19047619,119.26326666666667,120.92123333333333,122.02176666666666,116.50476666666667,115.40423333333334,113.74626666666667
4245,2017-04-11,117.3639,120.1655,117.3639,119.1655,1641500,118.87940952380947,108.93369799999995,88.84597900000004,66.62812650000002,56.02403163399835,124.97132043099401,119.23275500000007,113.49418956900612,2.820245940105991,3.984471230520441,Bearish,124.76,22.447,5961500.0,120.43269999999998,121.69989999999999,123.23429999999998,117.63109999999999,116.0967,114.8295
4246,2017-04-12,119.3896,124.9755,118.3552,122.7257,4756500,119.39908571428566,109.60503999999996,89.44042800000005,67.07788500000002,61.144262387512015,125.09117286613696,119.66118000000006,114.23118713386316,2.9066669304690294,3.7689103705101585,Bearish,124.76,22.447,5878928.571428572,125.6824,128.63909999999998,132.30270000000002,119.0621,115.3985,112.4418
4247,2017-04-13,123.3722,124.7342,118.9586,119.5276,4598000,119.65481904761899,110.19276599999995,89.99617200000004,67.51165300000002,54.954426570888614,124.9734606773637,119.85169000000005,114.72991932263639,2.686132185819332,3.552354733571993,Bearish,124.76,23.0676,5527571.428571428,123.18833333333332,126.84906666666666,128.96393333333333,117.41273333333332,115.29786666666666,111.63713333333332
4248,2017-04-14,119.0621,120.8982,117.5104,118.0449,2416500,119.76565238095232,110.79100799999995,90.56441500000004,67.93800750000003,52.31044881444503,124.6718439669118,120.01332000000005,115.3547960330883,2.364459298292431,3.3147756465160807,Bearish,124.76,23.6193,5319928.571428572,120.12526666666668,122.20563333333334,123.51306666666667,116.73746666666668,115.43003333333334,113.34966666666668
4249,2017-04-17,118.4845,119.5793,114.2262,116.6915,1913000,119.85513809523802,111.34976799999995,91.14972600000004,68.34970750000004,49.948164231534584,124.56594062876117,120.05900500000004,115.55206937123891,1.9775274428421028,3.047326005781285,Bearish,124.76,24.8003,5065333.333333333,119.43846666666667,122.18543333333334,124.79156666666667,114.08536666666667,111.47923333333334,108.73226666666667
4250,2017-04-18,116.7777,117.8811,114.2175,115.1313,2861000,119.82435238095232,111.79267399999995,91.71003900000004,68.75321900000003,47.29654031241688,124.76907957646795,119.78704000000005,114.80500042353215,1.5273793801064528,2.7433366806463186,Bearish,124.76,25.7571,4965452.380952381,117.26910000000004,119.40690000000002,120.93270000000004,113.60550000000003,112.07970000000002,109.94190000000003
4251,2017-04-19,110.7695,120.8809,109.7264,120.6223,6204000,119.82681428571422,112.25247399999995,92.35474300000001,69.18616800000004,56.124669017511096,124.83006153931561,119.83531000000005,114.84055846068449,1.5953217311813006,2.513733690753315,Bearish,124.76,25.7571,4970404.761904762,124.42666666666666,128.23103333333333,135.58116666666666,113.27216666666666,105.92203333333333,102.11766666666666
4252,2017-04-20,121.5447,126.6478,119.8034,126.2513,10287500,120.14083333333326,112.89381599999996,93.05220200000002,69.64308100000002,62.9720392962488,125.88685674819077,120.16503000000004,114.44320325180932,2.0794096503290405,2.4268688826684603,Bearish,124.76,25.7571,4868095.238095238,128.66493333333335,131.0785666666667,135.50933333333336,121.82053333333333,117.38976666666666,114.97613333333332
4253,2017-04-21,128.6564,132.5613,127.5788,132.5613,8802000,120.7553285714285,113.67239199999996,93.81327900000001,70.13003550000002,68.84223407768553,128.47231578338636,120.65336500000004,112.83441421661371,2.9383456593441792,2.529164238003604,Bullish,126.2513,26.8778,5020190.476190476,134.22213333333332,135.88296666666665,139.2046333333333,129.23963333333333,125.91796666666667,124.25713333333334
4254,2017-04-24,135.2508,139.1816,132.7509,139.0782,8820000,121.53073809523801,114.48768999999997,94.666764,70.64134250000002,73.5126687497278,132.48718404763287,121.36927500000002,110.25136595236717,4.097682468010234,2.84286788400493,Bullish,132.5613,27.4122,5101547.619047619,141.25623333333334,143.43426666666667,147.68693333333334,134.82553333333334,130.57286666666667,128.39483333333334
4255,2017-04-25,140.5091,142.1297,133.7854,138.3713,12180500,122.17889523809514,115.21885399999995,95.48680300000002,71.15075250000002,72.247594570319,135.52625814408816,122.16060999999999,108.79496185591182,4.902906663198621,3.2548756398436685,Bullish,139.0782,28.4553,5123476.19047619,142.4055333333333,146.43976666666666,150.7498333333333,134.0612333333333,129.75116666666665,125.71693333333329
4256,2017-04-26,135.33700000000002,140.4229,134.906,137.99200000000002,10180500,122.91448571428562,115.99432599999996,96.30158300000002,71.65249050000003,71.53623459890296,138.04249007242578,123.14288000000002,108.24326992757425,5.4476491903325694,3.6934303499414485,Bullish,139.0782,28.4553,5309285.714285715,140.64126666666664,143.29053333333331,146.15816666666663,135.12436666666665,132.25673333333333,129.60746666666665
4257,2017-04-27,138.7851,139.8626,135.768,136.6645,3962000,123.78676666666657,116.74583399999996,97.09929500000004,72.14664300000003,68.97645102926711,139.89268348438148,124.051015,108.20934651561852,5.706462860419464,4.096036852037051,Bullish,139.0782,28.4553,5463571.428571428,139.0954,141.5263,143.19,135.00080000000003,133.33710000000002,130.90620000000004
4258,2017-04-28,135.9835,136.8455,132.9233,134.6991,3306500,124.55806666666656,117.41769199999995,97.86640600000004,72.63420100000003,65.25354247092667,141.1276042259622,124.632445,108.13728577403782,5.687422141992755,4.414313910028192,Bullish,139.0782,28.8259,4951071.428571428,136.72196666666665,138.7448333333333,140.64416666666662,132.79976666666667,130.90043333333335,128.8775666666667
4259,2017-05-01,135.9835,136.8455,132.9233,134.6991,3306500,125.11180952380941,118.17333799999994,98.63351700000004,73.12158650000003,65.25354247092667,142.2673350421793,125.23370500000001,108.20007495782073,5.607690272661344,4.652989182554823,Bullish,139.0782,28.9552,4943666.666666667,136.72196666666665,138.7448333333333,140.64416666666662,132.79976666666667,130.90043333333335,128.8775666666667
4260,2017-05-02,134.4836,134.906,130.1735,131.139,3712000,125.51490952380941,118.95329399999996,99.35459600000004,73.59134400000002,58.60815668183592,142.84194953685193,125.75178000000001,108.66161046314811,5.197320400419812,4.761855426127821,Bullish,139.0782,28.9552,4801357.142857143,133.97216666666668,136.80533333333335,138.7046666666667,129.23966666666666,127.34033333333332,124.50716666666665
4261,2017-05-03,131.4493,132.7509,128.0098,128.8891,5656500,125.90117619047606,119.64514999999996,100.02800500000005,74.05170550000003,54.80927420800782,143.02650293503373,126.32287000000001,109.61923706496628,4.637097618459407,4.736903864594138,Bearish,139.0782,29.5242,4778976.19047619,131.75673333333336,134.62436666666667,136.49783333333335,127.01563333333337,125.1421666666667,122.27453333333338
4262,2017-05-04,129.0874,135.1129,128.9581,134.5095,8515000,126.71270952380941,120.35528199999995,100.74330900000004,74.54210850000003,61.51936923586801,143.73298409533675,127.16722000000001,110.60145590466328,4.593683215288621,4.708259734733035,Bearish,139.0782,29.6707,4951761.904761905,136.7622333333333,139.01496666666665,142.9170333333333,130.60743333333332,126.70536666666666,124.45263333333332
4263,2017-05-05,136.1128,136.1128,130.1735,130.8545,5439000,127.34280476190465,120.89335399999996,101.41292500000003,75.00514200000002,55.72466033722874,143.95723566209557,127.76115000000001,111.56506433790446,4.215752463912196,4.609758280568867,Bearish,139.0782,29.6707,5241690.476190476,134.58703333333335,138.31956666666667,140.52633333333335,128.64773333333335,126.44096666666667,122.70843333333335
4264,2017-05-08,130.5959,134.04399999999998,130.5959,132.2941,3806500,127.97700476190465,121.55141999999996,102.11064400000004,75.47610650000003,57.425669741254545,144.1044609269937,128.49559000000002,112.88671907300633,3.98644999529634,4.4850966235143614,Bearish,139.0782,29.6707,5309523.80952381,134.02676666666665,135.7594333333333,137.47486666666663,130.57866666666666,128.86323333333334,127.13056666666668
4265,2017-05-09,133.613,137.8886,133.0957,136.9404,7310000,128.89772380952368,122.22896799999997,102.84525700000002,75.96383700000003,62.44109566758181,144.78986089887962,129.38433500000002,113.97880910112043,4.132012448713596,4.414479788554209,Bearish,139.0782,29.6707,5396666.666666667,138.85410000000005,140.76780000000002,143.64700000000005,134.06120000000004,131.18200000000002,129.26830000000004
4266,2017-05-10,137.4058,139.173,134.475,135.4577,5917500,129.67354285714273,122.77393599999996,103.55711300000003,76.44626600000002,60.01154733138328,145.32514548120636,130.020935,114.71672451879364,4.08069058231726,4.347721947306819,Bearish,139.0782,29.6707,5698809.523809524,138.2621333333333,141.06656666666666,142.96013333333332,133.5641333333333,131.67056666666664,128.8661333333333
4267,2017-05-11,137.061,138.4834,136.3283,137.0955,4593500,130.35781904761893,123.24356399999996,104.28077800000003,76.93343600000001,61.7805625990751,145.70204682673074,130.89933000000002,116.09661317326932,4.124628258704007,4.303103209586256,Bearish,139.0782,29.6707,5902428.571428572,138.2765,139.45749999999998,140.43159999999997,136.12140000000002,135.14730000000003,133.96630000000005
4268,2017-05-12,137.6989,139.0437,136.6214,137.9317,4639500,131.23420476190464,123.71801999999998,105.00470200000001,77.42750250000002,62.688128141243325,145.75040658363952,131.89367000000001,118.03693341636051,4.178753466600114,4.278233260989028,Bearish,139.0782,29.6707,5894666.666666667,139.1098,140.2879,141.5321,136.6875,135.4433,134.2652
4269,2017-05-15,138.7851,141.7849,138.3541,139.7333,4273500,132.2669857142856,124.26384999999999,105.75078000000002,77.93187000000002,64.63654250063922,145.40580322166986,133.04576000000003,120.6857167783302,4.317255513053169,4.286037711401856,Bullish,139.0782,29.6707,5896642.857142857,141.5607666666667,143.38823333333335,144.9915666666667,138.1299666666667,136.52663333333334,134.69916666666668
4270,2017-05-16,143.9572,146.526,140.5091,143.5089,9903500,133.54400476190463,124.80157599999998,106.50452900000002,78.45382250000003,68.36488644441741,144.58529565749495,134.46464,124.34398434250505,4.677756483772214,4.364381465875928,Bullish,139.7333,29.6707,5985071.428571428,146.52023333333335,149.5315666666667,152.53713333333337,140.50333333333333,137.49776666666665,134.4864333333333
4271,2017-05-17,145.1209,145.7416,141.8452,142.6124,2918500,134.85262857142845,125.25947999999998,107.25319200000001,78.97180950000002,66.5701938467444,144.08160643084196,135.564145,127.04668356915803,4.835376828537591,4.458580538408261,Bullish,143.5089,29.6707,6365571.428571428,144.95426666666665,147.29613333333333,148.85066666666665,141.05786666666665,139.50333333333333,137.16146666666666
4272,2017-05-18,142.9228,143.7158,140.4315,140.7332,1722500,135.81029047619035,125.78186199999999,107.95978900000001,79.48212450000003,62.845921222437426,143.9333629204986,136.28824000000003,128.64311707950145,4.753856849894646,4.517635800705538,Bullish,143.5089,29.6707,6368309.523809524,142.82216666666667,144.91113333333334,146.10646666666668,139.53786666666667,138.34253333333334,136.25356666666667
4273,2017-05-19,141.3798,142.2332,140.4229,140.6384,1328000,136.49539047619035,126.28062599999997,108.66302400000002,79.99295700000002,62.65548884786058,144.36035888942413,136.69209500000002,129.0238311105759,4.62825052075965,4.5397587447163605,Bullish,143.5089,29.6707,6154904.761904762,141.77343333333332,142.90846666666667,143.58373333333333,139.9631333333333,139.28786666666664,138.1528333333333
4274,2017-05-22,141.3711,141.759,137.9231,138.2506,1516500,136.7663095238094,126.80231999999998,109.34815700000001,80.49073000000003,57.89674702791512,144.27583860640988,136.65071500000002,129.02559139359016,4.286617635873142,4.4891305229477165,Bearish,143.5089,29.6707,5728261.904761905,140.69869999999995,143.14679999999996,144.53459999999993,136.86279999999996,135.475,133.02689999999998
4275,2017-05-23,138.3541,145.1554,138.3541,145.0002,5848000,137.0483095238094,127.46607399999999,110.10475100000002,81.02470750000002,65.80322319230798,145.411500677985,136.98216000000002,128.55281932201504,4.508535829926444,4.493011584343462,Bullish,143.5089,29.6707,5381333.333333333,147.3190333333333,149.63786666666664,154.1203333333333,140.5177333333333,136.03526666666664,133.7164333333333
4276,2017-05-24,146.5863,149.1293,143.0866,145.3623,5400000,137.38121428571418,128.09017599999999,110.87229300000003,81.56040950000002,66.17025291665931,146.53500758127498,137.350675,128.166342418725,4.659909505268217,4.526391168528413,Bullish,145.0002,29.6707,5239809.523809524,148.63220000000004,151.90210000000002,154.67490000000004,142.58950000000004,139.81670000000003,136.54680000000005
4277,2017-05-25,146.5346,150.8533,146.1122,150.3017,5155000,137.96739047619036,128.781862,111.68905700000003,82.12309250000003,70.77770420229777,148.8002587710235,138.032535,127.2648112289765,5.119428943153991,4.644998723453528,Bullish,145.3623,29.6707,4916928.571428572,152.06593333333333,153.83016666666666,156.80703333333332,147.32483333333334,144.34796666666668,142.58373333333336
4278,2017-05-26,150.8533,153.6118,147.2329,151.5861,4489000,138.67794285714274,129.51733800000002,112.50383800000003,82.69543050000001,71.85127695867884,151.0263555473552,138.87688500000002,126.72741445264484,5.523569483455901,4.820712875454003,Bullish,150.3017,29.6707,4677619.047619048,154.3876333333333,157.18916666666664,160.76653333333329,148.0087333333333,144.43136666666666,141.62983333333332
4279,2017-05-29,149.1293,155.5513,150.862,154.0256,3305500,139.59825238095226,130.282294,113.34551400000004,83.28013800000002,73.81868235499095,153.4916690444318,139.84321000000003,126.19475095556825,5.97186113772716,5.050942527908634,Bullish,151.5861,29.6707,4702714.285714285,156.09726666666668,158.16893333333334,160.7865666666667,151.40796666666668,148.79033333333334,146.71866666666668
4280,2017-05-30,155.1462,159.4735,150.8533,152.8274,6728000,140.46150476190465,130.92743000000002,114.16365700000004,83.86001850000002,71.1869090778509,155.07477639029185,140.92763000000002,126.7804836097082,6.15944848921913,5.272643720170733,Bullish,154.0256,29.6707,4702666.666666667,157.9161666666667,163.00493333333335,166.5363666666667,149.2959666666667,145.76453333333333,140.67576666666668
4281,2017-05-31,152.6205,159.4735,150.1206,156.1117,6979500,141.65068095238084,131.65652600000004,115.00791900000004,84.45351900000003,73.93046408682522,156.77520217610112,142.28876000000002,127.80231782389895,6.498220932818612,5.517759162700309,Bullish,154.0256,29.6707,4865595.238095238,160.34993333333333,164.58816666666667,169.70283333333333,150.99703333333332,145.88236666666666,141.64413333333331
4282,2017-06-01,153.0084,156.0255,148.3104,149.7241,3644500,142.6428238095237,132.25787000000003,115.75261700000003,85.00572850000002,61.63769349628458,157.41944634452418,143.04949000000002,128.67953365547586,6.180035001931373,5.650214330546522,Bullish,156.1117,29.6707,5021190.476190476,154.39626666666666,159.06843333333333,162.11136666666667,146.68116666666666,143.63823333333332,138.96606666666665
4283,2017-06-02,143.5348,149.8189,142.2418,146.1381,3918000,143.19656666666657,132.72474000000003,116.46464500000003,85.53022400000002,56.00742381272617,157.092378791909,143.81367000000003,130.53496120809106,5.574253603066097,5.6350221850504365,Bearish,156.1117,29.6707,4925380.952380952,149.89073333333334,153.64336666666668,157.46783333333335,142.31363333333334,138.48916666666668,134.73653333333334
4284,2017-06-05,150.0344,153.4394,149.2155,153.4308,3175000,144.27162857142847,133.29815600000003,117.21218800000004,86.09139850000001,63.34114593293124,157.66949892928255,144.87050500000004,132.07151107071752,5.617868135544086,5.631591375149166,Bearish,156.1117,29.6707,4706476.19047619,154.8416333333333,156.25246666666666,159.06553333333332,150.6177333333333,147.80466666666663,146.39383333333328
4285,2017-06-06,153.0946,153.8704,145.8967,149.0086,7747500,145.06755714285705,133.82743600000003,117.91464700000004,86.63003100000002,57.12261432414473,157.85152721209502,145.47391500000003,133.09630278790505,5.235249685086188,5.552323037136571,Bearish,156.1117,29.6707,4598666.666666667,153.2871,157.5656,161.2608,145.31340000000003,141.61820000000003,137.33970000000005
4286,2017-06-07,148.2673,150.4223,145.8536,148.9741,2978000,145.64059047619037,134.43998600000003,118.59822800000003,87.16599100000002,57.075536397272984,157.7153607852749,146.14973500000002,134.58410921472515,4.873064293017052,5.416471288312667,Bearish,156.1117,29.6707,4786333.333333333,150.97973333333331,152.98536666666666,155.54843333333332,146.4110333333333,143.84796666666665,141.8423333333333
4287,2017-06-08,149.1293,152.405,146.9829,148.638,3645500,146.2682238095237,135.04271000000006,119.24241500000004,87.70182250000002,56.586259910594094,157.55616584098047,146.72686000000004,135.89755415901962,4.5069559169740785,5.234568214044949,Bearish,156.1117,29.6707,4580047.619047619,151.7010333333333,154.76406666666665,157.1231333333333,146.2789333333333,143.91986666666665,140.8568333333333
4288,2017-06-09,148.638,149.0,143.5262,144.5261,1622000,146.6220619047618,135.47182200000006,119.85100000000003,88.21584450000002,50.84376330770829,157.17274058167956,147.05658000000003,136.9404194183205,3.8407427344107816,4.955803118118116,Bearish,156.1117,29.6707,4471857.142857143,147.84200000000007,151.15790000000004,153.31580000000008,142.36820000000006,140.21030000000002,136.89440000000005
4289,2017-06-12,142.2332,142.2332,137.3024,137.3024,2360500,146.59209523809514,135.76439200000004,120.34588500000004,88.69922150000002,42.65431621151666,157.45075331445742,146.93503500000003,136.41931668554264,2.698762118620067,4.504394918218506,Bearish,156.1117,29.6707,4330357.142857143,140.58960000000005,143.87680000000003,145.52040000000005,135.65880000000004,134.01520000000002,130.72800000000004
4290,2017-06-13,132.8802,140.0781,130.4407,136.38,9707500,146.4324142857142,136.07644200000004,120.85094200000003,89.17867650000002,41.73002293680725,157.9806157884064,146.57859000000005,135.1765642115937,1.699711070708588,3.9434581487165223,Bearish,156.1117,29.6707,4221833.333333333,140.8251666666667,145.27033333333335,150.4625666666667,131.18776666666668,125.99553333333333,121.55036666666666
4291,2017-06-14,138.8713,141.3711,131.0269,132.5699,3341000,145.91150952380946,136.37849400000005,121.34005100000005,89.63063300000002,38.06116689562044,158.9255980640242,146.07646500000004,133.22733193597588,0.593669240342507,3.273500367041719,Bearish,156.1117,29.6707,4480595.238095238,138.95170000000002,145.33350000000002,149.29590000000002,128.60750000000002,124.64510000000001,118.26330000000002
4292,2017-06-15,130.6131,138.7851,129.4753,136.1904,2917000,145.60569999999993,136.74985200000003,121.84959100000003,90.09707150000003,43.1738312826674,159.21834180167227,145.84932500000005,132.48030819832783,0.009161604125864642,2.620632614458548,Bearish,156.1117,29.6707,4168095.238095238,140.15856666666667,144.12673333333333,149.46836666666667,130.84876666666668,125.50713333333334,121.53896666666668
4293,2017-06-16,135.9404,137.9144,130.1649,131.751,1151000,145.1779761904761,137.00535400000004,122.29146200000005,90.54226150000002,38.93043200461453,159.97418823808744,145.40495500000006,130.83572176191268,-0.8030305507917603,1.9358999814084865,Bearish,156.1117,29.6707,4168023.8095238097,136.3886333333333,141.02626666666666,144.13813333333331,128.6391333333333,125.52726666666663,120.88963333333328
4294,2017-06-19,132.9664,133.613,126.9323,127.4064,3349500,144.54788095238086,137.20137600000004,122.73066000000004,90.96572850000003,35.27628241177938,161.1611874941089,144.86274500000007,128.56430250589125,-1.776789868168322,1.1933620114931247,Bearish,156.1117,29.6707,4140809.523809524,131.7021666666667,135.99793333333335,138.3828666666667,125.0214666666667,122.63653333333335,118.3407666666667
4295,2017-06-20,126.7168,131.751,121.0361,121.0361,3681000,143.72814285714279,137.23878800000003,123.08624300000002,91.35734400000003,30.722717812540196,162.98899265619502,143.66454000000004,124.34008734380507,-3.0276304744529057,0.34916351430391845,Bearish,156.1117,29.6707,4237071.428571428,128.17936666666668,135.32263333333333,138.89426666666668,117.46446666666668,113.89283333333334,106.74956666666668
4296,2017-06-21,118.2259,127.0875,114.9847,126.8634,6589500,142.86448571428565,137.32154200000005,123.46329100000003,91.77809600000002,38.538365465793326,163.37673532286942,142.73959500000007,122.10245467713071,-3.508275046619417,-0.4223241978807487,Bearish,156.1117,29.6707,4340142.857142857,130.9723666666667,135.08133333333336,143.0751666666667,118.86956666666669,110.87573333333334,106.76676666666668
4297,2017-06-22,129.3029,133.1992,128.4408,133.1906,2400500,142.28488095238086,137.59480200000004,123.89378400000004,92.23268200000004,45.70132112306897,162.61477172778763,141.88404000000006,121.15330827221247,-3.340134183825427,-1.0058861950696842,Bearish,156.1117,29.6707,4375452.380952381,134.7796,136.3686,139.53799999999998,130.0212,126.8518,125.2628
4298,2017-06-23,129.3029,133.1992,128.4408,133.1906,2400500,141.47006666666658,137.89771600000003,124.34436200000003,92.67683750000006,45.70132112306897,161.52316769262987,140.96426500000004,120.40536230737023,-3.1703356823905153,-1.4387760925338504,Bearish,156.1117,29.6707,4232619.047619048,134.7796,136.3686,139.53799999999998,130.0212,126.8518,125.2628
4299,2017-06-26,129.3029,133.1992,128.4408,133.1906,2400500,140.5940904761904,138.22769800000003,124.78873300000004,93.11901050000006,45.70132112306897,159.8296440442656,139.92251500000003,120.01538595573447,-3.0011734868801057,-1.7512555714031015,Bearish,156.1117,29.6707,4101452.380952381,134.7796,136.3686,139.53799999999998,130.0212,126.8518,125.2628
4300,2017-06-27,129.3029,133.1992,128.4408,133.1906,2400500,139.60194761904754,138.58888400000004,125.19077900000002,93.56820900000007,45.70132112306898,158.12906399395843,138.94067500000003,119.75228600604163,-2.834437595960196,-1.9678919763145204,Bearish,156.1117,29.8,4002000.0,134.7796,136.3686,139.53799999999998,130.0212,126.8518,125.2628
4301,2017-06-28,129.3029,133.1992,128.4408,133.1906,2400500,138.6668619047618,138.84025000000003,125.54636200000003,94.02822550000006,45.70132112306898,155.41802365883814,137.79462000000004,120.17121634116195,-2.671502780043369,-2.10861413706029,Bearish,156.1117,31.2827,3958904.761904762,134.7796,136.3686,139.53799999999998,130.0212,126.8518,125.2628
4302,2017-06-29,133.1992,136.0697,127.6047,130.889,2958000,137.46578095238087,138.93300400000004,125.91341000000003,94.46932100000005,43.057232702898744,153.82672035183634,136.85286500000004,119.87900964816373,-2.6970062401649955,-2.226292557681231,Bearish,156.1117,31.2827,3752833.3333333335,135.43756666666667,139.98613333333333,143.90256666666667,126.97256666666664,123.0561333333333,118.50756666666662
4303,2017-06-30,130.1649,132.7509,127.5788,128.3719,1408500,136.44900952380945,138.84921600000004,126.26080400000002,94.90270100000005,40.31047447787921,152.7603170412362,135.96455500000005,119.1687929587639,-2.887046771711397,-2.358443400487264,Bearish,156.1117,31.2827,3561333.3333333335,131.55559999999997,134.7393,136.72769999999997,126.38349999999997,124.39509999999999,121.21139999999997
4304,2017-07-03,127.4064,128.5701,121.9585,121.9585,3605000,135.29759999999993,138.50682200000003,126.49725600000004,95.29694550000005,34.305506492672485,150.21536853077268,134.39094000000006,118.56651146922744,-3.5146483645558817,-2.5896843933009874,Bearish,156.1117,32.774,3454857.1428571427,126.36623333333334,130.77396666666667,132.97783333333334,119.75463333333335,117.55076666666668,113.14303333333335
4305,2017-07-04,121.5447,128.0529,118.6569,126.622,3898100,134.02099047619038,138.27183600000004,126.74534500000003,95.71222350000005,41.16846400925775,147.9255183080098,133.27161000000004,118.61770169199028,-3.5942889473878097,-2.790605304118352,Bearish,156.1117,32.774,3439952.380952381,130.2309666666667,133.83993333333333,139.62696666666668,120.83496666666667,115.04793333333333,111.43896666666667
4306,2017-07-05,125.8548,131.8889,122.8808,124.5962,3534000,132.85849523809514,138.00392000000002,126.99912300000004,96.12056150000006,39.25026271833341,145.26381328549687,132.05271500000003,118.8416167145032,-3.777327136815842,-2.98794967065785,Bearish,156.1117,32.774,3474385.714285714,130.02980000000002,135.46340000000004,139.03790000000004,121.02170000000001,117.4472,112.0136
4307,2017-07-06,124.1308,126.5013,118.3725,118.7173,3919700,131.41769523809512,137.64497600000004,127.19540500000005,96.49877250000007,34.26122696291411,142.64522656120235,130.55668000000003,118.46813343879772,-4.346658742358414,-3.259691484997963,Bearish,156.1117,32.774,3273742.8571428573,124.02156666666664,129.32583333333332,132.15036666666663,115.89276666666665,113.06823333333332,107.76396666666665
4308,2017-07-07,120.6827,123.0532,118.269,122.605,3049900,130.17802857142846,137.40309400000004,127.41039300000004,96.89577550000007,39.71808255994259,140.18184301137674,129.46062500000002,118.7394069886233,-4.433051780975987,-3.4943635441935674,Bearish,156.1117,32.774,3318585.714285714,124.34913333333336,126.09326666666668,129.13333333333335,119.56493333333336,116.52486666666668,114.78073333333336
4309,2017-07-10,121.4844,128.7339,119.0966,128.6736,4654800,129.4231476190475,137.28258400000004,127.72796100000004,97.31777700000006,47.09981813311753,139.12993489260867,129.02918500000004,118.92843510739141,-3.9661146826737905,-3.588713771889612,Bearish,156.1117,34.0325,3290223.8095238097,131.90613333333334,135.13866666666667,141.54343333333335,122.26883333333333,115.86406666666666,112.63153333333332
4310,2017-07-11,123.286,125.4152,122.2429,122.2429,3500100,128.70602857142848,137.10466200000005,128.02897800000002,97.70926300000006,41.3249953667291,138.24354005807078,128.32233000000002,118.40111994192928,-4.068073199016254,-3.6845856573149405,Bearish,156.1117,34.0325,3434642.8571428573,124.35776666666668,126.47263333333333,127.53006666666667,121.18546666666668,120.12803333333335,118.01316666666669
4311,2017-07-12,120.6827,124.1308,116.1312,116.4674,8316300,127.75780952380943,136.85622800000004,128.25068900000002,98.07057850000007,36.94394072006667,138.48702755252364,127.51720500000003,116.54738244747644,-4.562319065677528,-3.860132338987458,Bearish,156.1117,34.0325,3488909.523809524,121.6884,126.90939999999999,129.688,113.68880000000001,110.91020000000002,105.68920000000003
4312,2017-07-13,117.2174,119.7345,113.3555,117.3294,3239100,127.03207142857134,136.51262600000004,128.43395400000003,98.42521300000006,38.00041038796557,137.64181263230174,126.57415500000005,115.50649736769834,-4.8287929604614135,-4.053864463282249,Bearish,156.1117,34.8687,3422661.904761905,120.25743333333332,123.18546666666666,126.63643333333331,113.87843333333333,110.42746666666667,107.49943333333334
4313,2017-07-14,118.0966,119.2603,116.8122,117.7777,2100800,126.1552761904761,136.25109000000003,128.57222200000004,98.77226200000004,38.576790344442756,137.30597964915967,125.87549000000004,114.4450003508404,-4.94677800098485,-4.232447170822769,Bearish,156.1117,35.1704,3417809.523809524,119.08793333333334,120.39816666666667,121.53603333333334,116.63983333333334,115.50196666666668,114.19173333333335
4314,2017-07-17,116.3726,119.1828,114.6485,118.0708,1769500,125.503838095238,135.96662400000002,128.75902200000004,99.10974250000005,38.97622970207385,137.3040224994489,125.40871000000004,113.51339750055118,-4.959461687993397,-4.377850074256894,Bearish,156.1117,36.4289,3378942.8571428573,119.95290000000001,121.83500000000001,124.48720000000002,115.41860000000001,112.7664,110.88430000000001
4315,2017-07-18,118.4156,123.967,118.0104,123.898,4008300,125.33677142857134,135.70577600000001,128.96737200000004,99.47635900000004,46.434412288712466,137.30123307296714,125.55180500000006,113.80237692703298,-4.448033104447475,-4.391886680295011,Bearish,156.1117,36.4289,3408395.238095238,125.90653333333333,127.91506666666666,131.86313333333334,119.94993333333333,116.00186666666667,113.99333333333334
4316,2017-07-19,124.5445,126.9323,122.6222,123.4239,4864200,125.45047619047611,135.4651,129.11951800000003,99.84060500000005,45.94243764060952,137.14810506851973,125.37983000000004,113.61155493148036,-4.034471301333738,-4.320403604502756,Bullish,156.1117,36.4289,3439766.6666666665,126.03006666666668,128.63623333333334,130.34016666666668,121.71996666666669,120.01603333333335,117.4098666666667
4317,2017-07-20,126.2686,125.6393,121.9757,123.3722,4732600,125.28422857142847,135.19063400000002,129.21709900000002,100.21566950000006,45.88534474882703,136.1197950206715,124.88891000000004,113.65802497932857,-3.6686029792208785,-4.190043479446381,Bullish,156.1117,36.4289,3496109.523809524,125.3491,127.32600000000001,129.0127,121.6855,119.9988,118.0219
4318,2017-07-21,122.4067,126.2858,120.6827,124.6824,3550900,124.8790761904761,134.925648,129.32183400000002,100.59771600000008,47.660472206693186,135.02918982981905,124.46350000000004,113.89781017018102,-3.235629188628522,-3.999160621282809,Bullish,156.1117,36.4289,3407685.714285714,127.08456666666665,129.48673333333332,132.68766666666664,121.48146666666665,118.28053333333332,115.87836666666665
4319,2017-07-24,125.4238,126.1393,124.9928,125.691,1475900,124.52195238095229,134.644802,129.454326,100.98247800000007,49.04613585150535,133.89363386707635,124.08852000000005,114.28340613292374,-2.7790733220546855,-3.7551431614371844,Bullish,156.1117,36.4289,3462466.6666666665,126.22260000000001,126.75420000000001,127.36910000000002,125.07610000000001,124.4612,123.92960000000001
4320,2017-07-25,126.0789,129.9494,126.0358,129.2425,6654100,124.33394761904752,134.359474,129.58052500000002,101.38370450000006,53.69486959563374,133.0958699078196,123.89111500000004,114.68636009218048,-2.106391964231264,-3.4253929219960004,Bullish,156.1117,36.4289,3418438.095238095,130.78266666666667,132.32283333333334,134.69626666666667,126.86906666666667,124.49563333333333,122.95546666666667
4321,2017-07-26,129.9839,130.5097,126.8634,126.8634,2547500,124.0326523809523,134.04449400000001,129.65198700000002,101.76342400000004,50.379034317934426,131.86921035799728,123.57475500000005,115.28029964200283,-1.745143698537916,-3.0893430773043837,Bullish,156.1117,36.4289,3620990.476190476,129.29426666666666,131.72513333333336,132.94056666666668,125.64796666666666,124.43253333333332,122.00166666666665
4322,2017-07-27,126.7082,127.8374,125.8548,126.4323,1403900,123.7108285714285,133.75847600000003,129.770169,102.13038550000005,49.77916346703585,131.0676730182302,123.35192000000004,115.63616698176985,-1.4766164966580817,-2.7667977611751233,Bullish,156.1117,36.4289,3627990.476190476,127.56153333333334,128.69076666666666,129.54413333333335,125.57893333333334,124.72556666666667,123.59633333333333
4323,2017-07-28,121.5447,128.8719,120.1137,127.4754,9716000,123.54827619047609,133.49521600000003,129.88792100000003,102.50523450000004,51.290476432600286,130.91533955034342,123.30709500000003,115.69885044965665,-1.1661941419470168,-2.446677037329502,Bullish,156.1117,36.8513,3580533.3333333335,130.86030000000002,134.2452,139.61850000000004,122.10210000000001,116.72879999999999,113.34389999999999
4324,2017-07-31,131.8889,133.8457,131.0269,133.3802,6714600,123.78676666666657,133.39780800000003,130.10006400000003,102.91521050000004,58.841325303889136,132.62521263983535,123.87818000000001,115.13114736016468,-0.43865760601158854,-2.0450731510659192,Bullish,156.1117,36.8513,3902342.8571428573,134.47496666666666,135.56973333333332,137.29376666666664,131.65616666666668,129.93213333333335,128.8373666666667
4325,2017-08-01,134.4577,140.0436,133.9147,140.0436,6313900,124.64796190476179,133.298676,130.38237500000002,103.35695200000005,65.3660134101841,135.75049375586465,124.54926000000003,113.34802624413543,0.6679018749180017,-1.502478145869135,Bullish,156.1117,36.8513,4155014.285714286,142.08656666666664,144.1295333333333,148.21546666666663,135.95766666666665,131.87173333333334,129.82876666666667
4326,2017-08-02,142.4573,146.5001,141.8021,143.5607,6474600,125.45456666666657,133.26264400000002,130.67641000000003,103.82408050000005,68.22889998157885,139.4315312376525,125.49748500000003,111.56343876234754,1.8078193955902577,-0.8404186375772564,Bullish,156.1117,36.8513,4284009.523809524,146.10649999999998,148.6523,150.8045,141.40849999999998,139.25629999999998,136.71049999999997
4327,2017-08-03,144.1727,144.1727,139.9919,140.8453,3212300,126.22833333333323,133.073516,130.92768900000004,104.28263150000006,63.84120420616479,141.67631227768283,126.60388500000003,111.53145772231724,2.4637021323495674,-0.17959448359189167,Bullish,156.1117,36.8513,4406700.0,143.34803333333338,145.8507666666667,147.52883333333338,139.16723333333337,137.48916666666668,134.98643333333337
4328,2017-08-04,140.5953,145.4054,139.6471,140.3712,3810700,127.25947142857133,132.849218,131.18327800000006,104.72652850000007,63.07847539568095,143.57732047759026,127.49219500000004,111.40706952240981,2.911674052803704,0.43865922368722754,Bullish,156.1117,36.8513,4391380.952380952,143.96869999999998,147.56619999999998,149.72699999999998,138.2104,136.0496,132.4521
4329,2017-08-07,140.5091,145.3192,136.8024,143.4141,5574800,128.25038095238085,132.636988,131.45964100000003,105.18051100000008,65.89485619164873,145.75008488842232,128.22922000000003,110.70835511157773,3.4722061950079137,1.0453686179513648,Bullish,156.1117,36.8513,4386190.476190476,146.88806666666667,150.36203333333333,155.40486666666666,138.37126666666668,133.32843333333335,129.8544666666667
4330,2017-08-08,143.0952,144.233,138.0093,138.5523,2566600,128.72079523809512,132.351486,131.63945800000005,105.59703850000007,58.24949503822558,146.8903262134718,129.04469,111.1990537865282,3.48396435548122,1.5330877654573358,Bullish,156.1117,36.8513,4506423.80952381,142.52043333333336,146.48856666666669,148.74413333333337,136.29673333333335,134.04116666666667,130.07303333333334
4331,2017-08-09,137.19899999999998,140.8539,136.19899999999998,137.9748,7218200,129.46993333333322,131.988748,131.82263700000004,105.99994650000008,57.397612141683005,147.38716101579203,130.12006000000002,112.852958984208,3.407404915903527,1.907951195546574,Bullish,156.1117,36.8513,4406985.714285715,140.48613333333336,142.9974666666667,145.14103333333338,135.83123333333333,133.68766666666664,131.1763333333333
4332,2017-08-10,138.0093,139.0264,131.0786,131.2165,5509600,130.17227142857132,131.618596,131.93823300000005,106.36729550000007,48.46486740178816,147.05462748361856,130.814415,114.57420251638145,2.7694679770218045,2.08025455184162,Bullish,156.1117,36.8513,4584038.095238095,136.46906666666666,141.72163333333333,144.41686666666666,128.52126666666666,125.82603333333333,120.57346666666666
4333,2017-08-11,128.9581,131.8889,128.2684,130.1304,2969200,130.78184285714275,131.298442,132.01159100000007,106.73529150000006,47.19373018357944,146.5423444129482,131.43205,116.3217555870518,2.1514584895558357,2.094495339384463,Bullish,156.1117,36.8513,4450385.714285715,131.92340000000004,133.71640000000002,135.54390000000004,128.30290000000005,126.47540000000004,124.68240000000006
4334,2017-08-14,128.9581,131.8889,128.2684,130.1304,2969200,131.37006666666653,130.832434,132.06529500000005,107.10233900000007,47.19373018357943,145.87341559790767,132.03503,118.19664440209236,1.642744976702943,2.004145266848159,Bearish,156.1117,36.8513,4437533.333333333,131.92340000000004,133.71640000000002,135.54390000000004,128.30290000000005,126.47540000000004,124.68240000000006
4335,2017-08-15,131.07,132.3113,123.6308,123.6308,3462700,131.63482857142844,130.32487799999998,132.07615700000008,107.42460500000007,39.925878304258944,145.89193196336515,132.02167,118.15140803663486,0.7069729084939524,1.7447107951773178,Bearish,156.1117,36.8513,4478885.714285715,129.4178,135.20479999999998,138.0983,120.7373,117.8438,112.05680000000001
4336,2017-08-16,122.3205,128.8891,120.812,128.4667,4473200,131.8523857142856,129.91473,132.17735800000008,107.77234350000006,46.52448310429456,145.68548779062638,132.27381,118.86213220937361,0.3515312834470876,1.4660748928312717,Bearish,156.1117,36.8513,4559514.285714285,131.29986666666673,134.13303333333337,139.37696666666673,123.2227666666667,117.97883333333334,115.14566666666668
4337,2017-08-17,129.5184,131.0269,122.8377,123.8549,5379200,131.8729095238094,129.41906799999998,132.23088900000008,108.10077300000005,41.808159709008414,145.64705164298914,132.297945,118.94883835701086,-0.2988475542215099,1.1130904034207154,Bearish,156.1117,36.8513,4581652.380952381,128.9753,134.09570000000002,137.1645,120.78609999999998,117.71729999999998,112.59689999999996
4338,2017-08-18,123.2687,126.2858,118.2001,124.6652,6766500,131.93448095238082,129.02185,132.2468360000001,108.43558100000004,42.90335772015566,145.6481560928034,132.29708499999998,118.94601390719657,-0.7403586372470841,0.7424005952871555,Bearish,156.1117,36.8513,4606176.19047619,127.90063333333332,131.13606666666664,135.9863333333333,119.81493333333333,114.96466666666667,111.72923333333334
4339,2017-08-21,125.8548,125.9496,118.4328,118.4328,3246300,131.6368809523808,128.644458,132.20442500000007,108.74181350000002,37.11708868366988,146.33694878005613,131.934175,117.53140121994389,-1.5750062534380902,0.27891922554210635,Bearish,156.1117,36.8513,4703028.571428572,123.444,128.4552,130.9608,115.9272,113.4216,108.4104
4340,2017-08-22,115.3468,120.9413,112.5194,117.1743,6755400,131.2313238095237,128.26034399999998,132.1683930000001,109.04541700000001,36.05951696299651,147.08212167772953,131.330765,115.57940832227048,-2.311376821639726,-0.23913998389426017,Bearish,156.1117,36.8513,4688523.80952381,121.23726666666666,125.30023333333332,129.65916666666664,112.81536666666666,108.45643333333334,104.39346666666667
4341,2017-08-23,118.088,123.0274,114.7175,123.0274,3454000,130.93536666666654,128.06949399999996,132.2239940000001,109.366864,44.04485584180585,147.19373975036802,131.138965,115.08419024963202,-2.395050892776169,-0.670322165670642,Bearish,156.1117,37.4116,4939928.571428572,125.79736666666665,128.56733333333332,134.10726666666665,117.48746666666665,111.94753333333333,109.17756666666665
4342,2017-08-24,124.3894,126.1134,116.8812,118.5621,5979700,130.54006666666655,127.71692799999997,132.2333900000001,109.6617605,39.946192816770726,147.60787948065663,130.74545500000002,113.8830305193434,-2.7895197417545603,-1.0941616808874257,Bearish,156.1117,39.2822,4787542.857142857,124.15659999999997,129.75109999999998,133.38879999999995,114.92439999999998,111.2867,105.69219999999999
4343,2017-08-25,117.7518,124.4842,117.2346,124.2256,3118500,130.4349857142856,127.56641999999997,132.2858870000001,109.9882075,46.71857970404489,147.62992359292943,130.58296500000003,113.53600640707064,-2.6149979597091004,-1.3983289366517606,Bearish,156.1117,40.489,4950980.952380952,126.72833333333332,129.23106666666666,133.97793333333334,119.47873333333332,114.73186666666666,112.22913333333332
4344,2017-08-28,125.4238,129.3029,123.6135,124.8721,3681200,130.31101904761894,127.51573399999995,132.3585550000001,110.31689550000002,47.447140626445886,147.32825627864648,130.15756000000005,112.98686372135361,-2.3968911736654093,-1.5980413840544903,Bearish,156.1117,40.489,5032628.571428572,128.2455,131.6189,133.9349,122.55610000000001,120.24010000000001,116.86670000000002
4345,2017-08-29,125.079,130.1218,124.1308,126.9754,3024400,130.00602857142846,127.63451999999995,132.43665400000012,110.64131650000002,49.84973622921723,146.10546028738213,129.50415000000004,112.90283971261795,-2.0309101740737248,-1.684615142058337,Bearish,156.1117,40.489,4745257.142857143,130.02119999999996,133.067,136.01219999999998,124.03019999999995,121.08499999999997,118.03919999999994
4346,2017-08-30,126.9754,129.3029,123.3377,123.9842,2933300,129.24129523809512,127.57693599999995,132.44923900000012,110.9448335,46.58772996745604,143.96384046475436,128.525325,113.08680953524566,-1.9596428932076009,-1.7396206922881898,Bearish,156.1117,40.489,4569533.333333333,127.7455,131.5068,133.7107,121.78030000000001,119.5764,115.81510000000002
4347,2017-08-31,124.1308,126.8892,124.0445,126.2772,1366400,128.41827142857133,127.43866799999996,132.51673500000012,111.2564535,49.32524713276969,142.1802409232896,127.79692000000003,113.41359907671045,-1.698557212834345,-1.731407996397421,Bullish,156.1117,40.489,4408552.380952381,127.42943333333335,128.58166666666668,130.27413333333334,124.58473333333335,122.89226666666667,121.74003333333334
4348,2017-09-01,124.1308,126.8892,124.0445,126.2772,1366400,127.72455238095228,127.30039999999997,132.59905800000013,111.5817365,49.3252471327697,140.27299837968405,127.09222000000003,113.91144162031598,-1.474646127495376,-1.680055622617012,Bullish,156.1117,40.489,4165304.761904762,127.42943333333335,128.58166666666668,130.27413333333334,124.58473333333335,122.89226666666667,121.74003333333334
4349,2017-09-04,124.1308,126.8892,124.0445,126.2772,1366400,127.0534095238094,127.16213199999999,132.69491500000012,111.92232050000001,49.32524713276969,137.08195434334354,126.23537500000002,115.3887956566565,-1.2824121304064846,-1.6005269241749065,Bullish,156.1117,40.489,4077404.761904762,127.42943333333335,128.58166666666668,130.27413333333334,124.58473333333335,122.89226666666667,121.74003333333334
4350,2017-09-05,126.7082,132.5872,126.7082,132.4061,4232500,126.52921904761895,127.146442,132.8676630000001,112.28885100000001,56.72890339956502,135.6514783318,125.92806500000003,116.20465166820006,-0.6282719659589873,-1.4060759325317227,Bullish,156.1117,40.489,3961009.523809524,134.42613333333335,136.44616666666667,140.30513333333334,128.54713333333336,124.68816666666669,122.66813333333337
4351,2017-09-06,133.613,135.33700000000002,132.3199,134.04399999999998,5218200,126.31453809523799,127.16350999999999,133.0018800000001,112.67831150000002,58.47494410638229,134.59375780485337,125.73152500000003,116.8692921951467,0.02204949582704785,-1.1204508468599685,Bullish,156.1117,41.1873,3897090.476190476,135.48069999999998,136.91740000000001,138.4978,132.46359999999996,130.88319999999996,129.44649999999993
4352,2017-09-07,133.7423,134.0267,127.3461,127.7081,4326200,125.82564761904752,127.09989199999998,133.0164480000001,113.03432500000002,50.05997201189989,134.1106629183159,125.55610500000003,117.00154708168417,0.025881416077339736,-0.8911843942725068,Bullish,156.1117,41.1873,4023357.1428571427,132.04116666666667,136.37423333333334,138.72176666666667,125.36056666666667,123.01303333333334,118.67996666666667
4353,2017-09-08,129.3029,130.3804,124.3118,127.3633,3403600,125.64216190476179,127.07971999999998,132.96446800000012,113.38887350000003,49.64130410301097,133.758748055264,125.41775000000003,117.07675194473606,0.0010832747796740705,-0.7127308604620707,Bullish,156.1117,41.1873,3885642.8571428573,130.39186666666666,133.42043333333334,136.46046666666666,124.32326666666665,121.28323333333333,118.25466666666665
4354,2017-09-11,128.0012,128.0098,123.0532,124.1049,2382600,125.35523333333322,127.12264799999998,132.81473500000013,113.74074950000002,45.74754824053058,133.18568085159637,125.11647500000001,117.04726914840364,-0.2782871581433284,-0.6258421199983222,Bullish,156.1117,41.1873,3785357.1428571427,127.05873333333335,130.0125666666667,132.01533333333336,122.10213333333334,120.09936666666667,117.14553333333333
4355,2017-09-12,123.6997,126.0703,122.4067,125.4669,1545800,125.13316190476178,127.09954599999999,132.6856910000001,114.08624700000001,47.59780668330451,133.24951646825076,125.20828000000002,117.16704353174929,-0.38534619068252596,-0.577742934135163,Bullish,156.1117,41.1873,3757423.8095238097,126.88923333333332,128.31156666666666,130.55283333333333,123.22563333333332,120.98436666666666,119.56203333333332
4356,2017-09-13,126.1134,130.1649,125.5531,129.8977,3360300,125.4315857142856,127.20557600000001,132.60474800000011,114.45316550000003,53.19068112528392,133.4600303726266,125.27983000000002,117.09962962737345,-0.11137880944475853,-0.4844701091970821,Bullish,156.1117,41.1873,3689642.8571428573,131.52403333333328,133.15036666666663,136.13583333333327,126.91223333333329,123.92676666666665,122.3004333333333
4357,2017-09-14,130.5959,130.8976,126.7168,129.1132,4069000,125.46237142857133,127.41349399999999,132.52923500000009,114.81426500000003,52.12979898251652,133.85971806463274,125.54274500000001,117.22577193536728,0.04195607681782576,-0.37918487199410056,Bullish,156.1117,41.1873,3684766.6666666665,131.10160000000005,133.09000000000003,135.28240000000005,126.92080000000004,124.72840000000002,122.74000000000004
4358,2017-09-15,129.3029,130.4666,123.6997,125.0186,6033300,125.51778571428561,127.46176600000001,132.4324300000001,115.14941800000003,46.87478262845152,133.87135481406642,125.560415,117.2494751859336,-0.16502264279773726,-0.3363524261548279,Bullish,156.1117,41.1873,3665519.0476190476,129.09023333333334,133.16186666666667,135.85713333333334,122.32333333333335,119.62806666666668,115.55643333333336
4359,2017-09-18,125.7686,126.2858,124.1308,125.7082,1575100,125.56745238095229,127.40245800000001,132.3425210000001,115.48801900000002,47.82865551571844,133.56527098989926,125.92418500000001,118.28309901010074,-0.2702940311826154,-0.32314074716038543,Bullish,156.1117,41.1873,3696666.6666666665,126.61906666666667,127.52993333333333,128.77406666666667,124.46406666666667,123.21993333333333,122.30906666666667
4360,2017-09-19,126.2427,127.9667,125.5962,126.6823,1937700,125.96028571428562,127.491246,132.2979540000001,115.82627500000002,49.21576167965038,132.90227864440936,126.399585,119.89689135559065,-0.2719853579094291,-0.31290966931019415,Bullish,156.1117,41.1873,3449457.1428571427,127.90060000000001,129.1189,130.27110000000002,125.5301,124.3779,123.1596
4361,2017-09-20,126.7168,127.0185,122.4929,123.3549,3101300,126.25459999999988,127.628996,132.2426120000001,116.13530850000001,44.83103441603582,132.88617229060966,126.41596,119.94574770939033,-0.5356445414371649,-0.3574566437355883,Bearish,156.1117,41.1873,3387142.8571428573,126.08463333333334,128.81436666666667,130.61023333333333,121.55903333333335,119.76316666666668,117.03343333333335
4362,2017-09-21,123.0101,125.2514,120.7689,121.6654,2142700,126.18974285714273,127.71571600000001,132.11417100000008,116.42874000000002,42.74847743793361,132.39729724766573,126.57112499999998,120.74495275233421,-0.8708858442986411,-0.46014248384819884,Bearish,156.1117,41.6959,3213138.095238095,124.35489999999999,127.0444,128.8374,119.87239999999998,118.07939999999999,115.38989999999998
4363,2017-09-22,121.5878,122.536,117.8466,119.1569,1238800,126.21806666666654,127.74330000000002,131.9971950000001,116.70506000000003,39.79276079800618,132.91929698826922,126.31768999999997,119.71608301173072,-1.3237229238134915,-0.6328585718412574,Bearish,156.1117,41.6959,3150695.238095238,121.84639999999999,124.5359,126.5358,117.15699999999998,115.15709999999999,112.46759999999998
4364,2017-09-25,118.9586,121.8464,116.976,117.2605,1652300,125.88639523809509,127.72709400000002,131.8468590000001,116.97875150000003,37.6721402542649,133.61763357144886,125.93710999999996,118.25658642855107,-1.8147044200281073,-0.8692277414786274,Bearish,156.1117,42.9286,2924938.095238095,120.4126,123.5647,125.283,115.5422,113.8239,110.67179999999999
4365,2017-09-26,117.5191,118.5276,116.4588,116.8639,1064200,125.50505238095222,127.58641200000002,131.64609400000012,117.24567550000003,37.22534853810496,134.04646603426178,125.43153499999997,116.81660396573815,-2.2103337470335305,-1.137448942589608,Bearish,156.1117,42.9286,2855119.0476190476,118.10806666666667,119.35223333333334,120.17686666666668,116.03926666666666,115.21463333333332,113.97046666666665
4366,2017-09-27,116.6312,117.4501,112.7521,116.5019,3509600,125.00631428571415,127.44797200000002,131.4565360000001,117.50682450000004,36.79637510211887,134.5012491555053,125.05741999999998,115.61359084449465,-2.5239882482824214,-1.4147568037281706,Bearish,156.1117,42.9286,2730500.0,118.38396666666667,120.26603333333334,123.08196666666667,113.68596666666666,110.87003333333332,108.98796666666665
4367,2017-09-28,117.2346,118.5621,116.5019,117.6139,1393200,124.70296666666653,127.33280600000003,131.2617200000001,117.77124900000004,39.11732750783683,134.58512879690522,124.62425499999998,114.66338120309473,-2.652259002841717,-1.6622572435508798,Bearish,156.1117,43.0751,2753604.761904762,118.61670000000001,119.6195,120.6769,116.55650000000001,115.49910000000001,114.49630000000002
4368,2017-09-29,118.0104,118.0104,115.0796,115.3899,794600,124.18452380952368,127.14695600000005,131.03630200000012,118.02050200000004,36.25018576738103,134.782314529216,124.07988999999998,113.37746547078397,-2.8999439643586413,-1.909794587712432,Bearish,156.1117,43.2044,2680266.6666666665,117.24033333333335,119.09076666666668,120.17113333333336,114.30953333333335,113.22916666666667,111.37873333333334
4369,2017-10-02,115.683,116.6484,114.3468,114.9675,920500,123.64596666666655,126.93248600000004,130.78864400000012,118.26971200000004,35.71475724831265,134.86800767570838,123.51440499999998,112.16080232429158,-3.094647065668383,-2.146765083303622,Bearish,156.1117,43.9457,2653038.095238095,116.29500000000002,117.6225,118.59660000000001,113.99340000000002,113.01930000000002,111.69180000000003
4370,2017-10-03,115.0796,115.0796,109.2264,109.2264,2693600,122.83402380952369,126.53216400000002,130.4458190000001,118.47517400000004,29.36596127821457,134.54345832363373,122.35541999999998,110.16738167636623,-3.6699050844646877,-2.451393083535835,Bearish,156.1117,43.9457,2631804.761904762,113.12853333333332,117.03066666666666,118.98173333333332,107.27533333333332,105.32426666666666,101.42213333333332
4371,2017-10-04,108.623,109.0368,103.7699,103.8388,6172000,121.47367619047607,126.07167200000004,130.05808300000012,118.65563750000005,24.89377972209687,134.2866331286999,120.84515999999999,107.4036868713001,-4.508563588257076,-2.862827184480083,Bearish,156.1117,44.2043,2695004.761904762,107.3271,110.8154,112.594,102.06020000000001,100.28160000000001,96.79330000000002
4372,2017-10-05,104.4595,106.5456,98.6495,100.2873,3997800,119.86621428571416,125.54877200000003,129.65362400000012,118.80670650000006,22.465026964349228,135.23036732004266,119.47412,103.71787267995734,-5.397563115863562,-3.3697743707567787,Bearish,156.1117,46.4025,2787361.904761905,105.00543333333333,109.72356666666666,112.90153333333332,97.10933333333334,93.93136666666668,89.21323333333335
4373,2017-10-06,101.0804,104.1319,100.4252,103.2613,3140100,118.70208095238084,125.06449000000002,129.27985300000012,118.97143850000003,28.73522438502658,135.07894384951115,118.26902,101.45909615048883,-5.795319861243414,-3.854883468854106,Bearish,156.1117,48.2731,2729247.619047619,104.78706666666666,106.31283333333333,108.49376666666666,101.08036666666666,98.89943333333333,97.37366666666667
4374,2017-10-09,102.5803,102.5803,98.9167,99.4425,1088700,117.37251904761895,124.38573600000004,128.89177200000012,119.11996450000004,25.845004886910722,135.49036482767644,117.03590000000001,98.58143517232358,-6.345542726014031,-4.353015320286091,Bearish,156.1117,48.2731,2672766.6666666665,101.70963333333334,103.97676666666666,105.37323333333333,98.04603333333336,96.64956666666669,94.38243333333337
4375,2017-10-10,99.0805,99.1322,94.4773,95.5893,2741900,116.01463333333325,123.49665000000003,128.3976630000001,119.25120700000004,23.298610988256733,135.776039382474,115.54202000000002,95.30800061752602,-7.011692916634729,-4.884750839555819,Bearish,156.1117,48.2731,2562533.3333333335,98.32190000000001,101.0545,102.97680000000001,93.66700000000002,91.74470000000001,89.01210000000002
4376,2017-10-11,95.0376,98.9598,92.0636,96.0462,3849900,114.61364761904753,122.54636000000002,127.90450200000011,119.38839750000002,24.251640800254613,134.6522474479839,113.84944500000002,93.04664255201612,-7.417252263512665,-5.391251124347188,Bearish,156.1117,48.2731,2579642.8571428573,99.31613333333333,102.58606666666667,106.21233333333333,92.41993333333332,88.79366666666665,85.52373333333331
4377,2017-10-12,96.5461,97.4944,93.0981,96.0806,2526500,113.00330952380942,121.65106600000003,127.3622910000001,119.52567400000004,24.327876983221863,133.13569909197616,112.19781500000003,91.25993090802389,-7.64772693968753,-5.8425462874152565,Bearish,156.1117,48.2731,2689361.904761905,98.01729999999999,99.954,102.41359999999999,93.621,91.1614,89.2247
4378,2017-10-13,95.4341,96.8909,93.5377,95.1755,2870300,111.38722857142847,120.74715200000004,126.79818500000009,119.65101150000004,23.653343884018415,132.02621862451844,110.70566000000004,89.38510137548164,-7.81334639321841,-6.236706308575887,Bearish,156.1117,48.2731,2649657.1428571427,96.86503333333334,98.55456666666667,100.21823333333334,93.51183333333334,91.84816666666667,90.15863333333334
4379,2017-10-16,96.9771,99.9339,96.9771,99.5201,3375800,110.1730142857142,119.86927200000004,126.25313000000007,119.79932200000005,33.22430183032649,130.07755484932824,109.39625500000004,88.71495515067184,-7.507486462016473,-6.490862339264004,Bearish,156.1117,48.7386,2592576.1904761903,100.64363333333334,101.76716666666667,103.60043333333334,97.68683333333334,95.85356666666667,94.73003333333334
4380,2017-10-17,100.4252,102.0372,94.6152,95.4945,4714400,108.73426666666657,119.00811600000003,125.67980100000008,119.92172900000006,29.530287560884094,127.75870384175941,107.83686500000003,87.91502615824065,-7.503427695838127,-6.693375410578829,Bearish,156.1117,48.9972,2466028.5714285714,100.1494,104.8043,107.5714,92.7274,89.9603,85.3054
4381,2017-10-18,95.6755,96.5375,93.1929,95.5634,1604100,107.2524142857142,118.15988800000002,125.07431800000009,120.04111850000005,29.67440926213086,125.711809061828,106.44729000000002,87.18277093817204,-7.4092423069993885,-6.836548789862941,Bearish,156.1117,49.1351,2615519.0476190476,97.00296666666667,98.44253333333333,100.34756666666667,93.65836666666667,91.75333333333333,90.31376666666667
4382,2017-10-19,95.8996,100.339,95.2704,100.0804,6712200,106.14410476190467,117.53716600000001,124.5778810000001,120.16524900000005,38.54762614227977,123.4857621441753,105.36804000000002,87.25031785582475,-6.89068404159012,-6.847375840208377,Bearish,156.1117,49.1351,2599633.3333333335,101.85613333333333,103.63186666666667,106.92473333333334,96.78753333333333,93.49466666666666,91.71893333333333
4383,2017-10-20,101.5027,105.0801,100.4252,105.0801,9047300,105.35432857142848,117.03616000000002,124.1673010000001,120.31597300000003,46.58170786908889,121.64243143263005,104.66420000000002,87.68596856737,-6.007043417220018,-6.679309355610705,Bullish,156.1117,49.1351,2771580.9523809524,106.63173333333332,108.18336666666666,111.28663333333331,101.97683333333332,98.87356666666666,97.32193333333332
4384,2017-10-23,107.6576,110.1574,106.5887,108.7782,9824600,104.8601047619047,116.60911600000001,123.7207750000001,120.46648150000003,51.61999462340532,120.33954129234226,104.24008500000002,88.14062870765778,-4.951270923286515,-6.333701669145867,Bullish,156.1117,49.1351,3100371.4285714286,110.4275,112.07679999999999,113.99619999999999,106.8588,104.9394,103.29010000000001
4385,2017-10-24,108.5282,109.4764,104.5198,106.399,4025400,104.3428904761904,116.26448000000002,123.2946790000001,120.60466300000003,48.45366243339698,118.78858155011783,103.71684000000002,88.64509844988221,-4.257467733756997,-5.918454882068093,Bullish,156.1117,49.1351,3509219.0476190476,109.07700000000003,111.75500000000001,114.03360000000002,104.12040000000003,101.84180000000002,99.16380000000004
4386,2017-10-25,106.6404,108.2696,106.1663,107.2783,1765400,103.88643333333327,115.84071200000002,122.87772100000011,120.73797450000004,49.68209653516064,117.26108369975056,103.25566000000003,89.25023630024951,-3.595227995706722,-5.453809504795819,Bullish,156.1117,49.1351,3622223.8095238097,108.30983333333333,109.34136666666666,110.41313333333332,106.20653333333334,105.13476666666668,104.10323333333335
4387,2017-10-26,107.8472,107.8472,101.9251,102.313,2800400,103.21077142857136,115.40987400000002,122.4144710000001,120.82844300000002,43.393271048907486,114.85009023145874,102.49061500000002,90.1311397685413,-3.4315002465709625,-5.049347653150848,Bullish,156.1117,49.1351,3655614.285714286,106.13176666666668,109.95053333333334,112.05386666666668,100.20966666666668,98.10633333333334,94.28756666666668
4388,2017-10-27,101.0717,107.4248,100.4683,107.3128,10115200,102.72024285714281,115.062826,122.04233800000011,120.94666900000001,50.22558225027378,113.19876321659115,102.08676000000003,90.9747567834089,-2.8652736596803123,-4.612532854456741,Bullish,156.1117,51.5918,3621842.8571428573,109.66896666666665,112.02513333333333,116.62546666666665,102.71246666666664,98.11213333333332,95.75596666666664
4389,2017-10-30,107.3128,109.2006,102.1493,103.4423,6206900,102.15130952380947,114.76301600000001,121.7037370000001,121.02481100000001,45.63376106909251,110.96211987618734,101.51050000000002,92.0588801238127,-2.6977539843707774,-4.229577080439548,Bullish,156.1117,52.6176,4037176.1904761903,107.71216666666665,111.98203333333332,114.76346666666664,100.66086666666665,97.87943333333332,93.60956666666665
4390,2017-10-31,102.5803,104.6922,98.2788,98.7529,9035000,101.37918571428567,114.39458800000003,121.32746600000011,121.08920400000001,40.77036662364026,109.81009113286954,100.98682500000002,92.1635588671305,-2.9098459312436944,-3.9656308506003777,Bullish,156.1117,53.7297,4294904.761904762,102.87046666666667,106.98803333333333,109.28386666666667,96.45706666666668,94.16123333333334,90.04366666666668
4391,2017-11-01,98.2702,102.7441,97.9254,101.4769,3657900,101.01016190476187,113.96357800000001,121.0165360000001,121.17829350000002,44.47237051794633,109.59888016802938,100.86873000000003,92.13857983197067,-2.8255550527966165,-3.7376156910396254,Bullish,156.1117,53.7297,4681309.523809524,103.50553333333332,105.53416666666666,108.32423333333332,98.68683333333331,95.89676666666665,93.8681333333333
4392,2017-11-02,101.951,103.8647,100.52,101.701,3882200,100.90836190476186,113.62635600000002,120.6716420000001,121.26061650000001,44.77816391674839,109.67248198594744,100.93941500000003,92.20634801405261,-2.709438210106782,-3.5319801948530567,Bullish,156.1117,53.7297,4727228.571428572,103.53713333333333,105.37326666666667,106.88183333333333,100.19243333333333,98.68386666666666,96.84773333333332
4393,2017-11-03,101.6321,103.6578,100.52,103.1233,3979600,101.0434095238095,113.20431000000002,120.38536500000009,121.3384135,46.78133030174786,109.65844814717934,100.93251500000002,92.2065818528207,-2.4741268580266365,-3.3204095274877727,Bullish,156.1117,53.7297,4618190.476190476,104.34739999999998,105.57149999999999,107.48519999999998,101.20959999999998,99.29589999999999,98.07179999999998
4394,2017-11-06,103.6147,104.7095,102.6751,102.994,2479100,101.03068095238093,112.76674800000002,120.1412410000001,121.4359505,46.615779560052665,109.85204017759433,101.11009000000003,92.36813982240572,-2.2718854641401833,-3.110704714818255,Bullish,156.1117,53.7297,4617323.80952381,104.24396666666668,105.49393333333335,106.27836666666668,102.20956666666667,101.42513333333333,100.17516666666667
4395,2017-11-07,103.5716,104.2181,100.2183,100.9511,3441200,101.10251904761901,112.24626200000003,119.9403910000001,121.51331699999999,43.96830638979271,109.74737560258629,101.37818000000001,93.00898439741374,-2.250510178740356,-2.9386658076026753,Bullish,156.1117,53.7297,4585847.619047619,103.37336666666667,105.79563333333334,107.37316666666668,99.37356666666666,97.79603333333333,95.37376666666665
4396,2017-11-08,100.8562,104.5112,100.2097,104.0629,5499700,101.50602380952375,111.84783600000003,119.71238600000011,121.5878385,48.74355864392391,109.85096039110985,101.77901500000002,93.70706960889018,-1.9598815627861796,-2.7429089586393762,Bullish,156.1117,53.7297,4697871.428571428,105.64616666666666,107.22943333333333,109.94766666666666,101.34466666666665,98.62643333333332,97.04316666666665
4397,2017-11-09,105.2525,106.4163,104.3043,104.675,10488300,101.91691904761899,111.41579200000002,119.42723000000011,121.660507,49.65250000352056,109.92887906634044,102.20873500000002,94.4885909336596,-1.6610177575481657,-2.5265307184211343,Bullish,156.1117,53.7297,4829195.238095238,105.95943333333334,107.24386666666668,108.07143333333335,103.84743333333333,103.01986666666666,101.73543333333332
4398,2017-11-10,105.0801,105.8128,103.8647,104.8129,3835000,102.3327428571428,110.98650600000002,119.14345300000012,121.7439075,49.86818869779534,109.77120425245529,102.690605,95.61000574754472,-1.3969356564922037,-2.3006117060353484,Bullish,156.1117,53.7297,5145309.523809524,105.79556666666667,106.77823333333333,107.74366666666667,103.84746666666668,102.88203333333334,101.89936666666668
4399,2017-11-13,104.3043,105.1663,103.6147,103.9681,1086300,102.75143809523806,110.54032400000004,118.85122800000012,121.8199805,48.49748676128332,109.85944416246835,102.913005,95.96656583753165,-1.241505683796035,-2.0887905015874857,Bullish,156.1117,53.7297,5207619.047619048,104.88470000000001,105.80130000000001,106.43630000000002,103.3331,102.6981,101.7815
4400,2017-11-14,104.175,105.9852,102.5372,102.9682,2964400,102.91563333333328,109.95156600000004,118.54900400000011,121.8698915,46.85587362593001,109.34377024807186,103.28669,97.22960975192812,-1.1853459538056228,-1.908101592031113,Bullish,156.1117,53.7297,5122666.666666667,105.12319999999998,107.2782,108.57119999999999,101.67519999999998,100.38219999999998,98.22719999999997
4401,2017-11-15,103.0113,105.1232,102.9682,104.2698,3353100,103.33350476190472,109.35608200000004,118.25979600000011,121.90307899999998,49.26343994390297,108.6407157740403,103.72201,98.80330422595969,-1.0240066103224734,-1.7312825956893851,Bullish,156.1117,53.7297,5103076.19047619,105.27260000000001,106.2754,107.42760000000001,103.11760000000001,101.9654,100.96260000000001
4402,2017-11-16,104.3991,104.8215,102.1493,103.5026,5607200,103.71156190476185,108.87197200000004,117.98593200000012,121.94967099999998,47.886386515087615,108.52279768147885,103.89312,99.26344231852114,-0.9471326903818635,-1.5744526146278808,Bullish,156.1117,53.7297,5038252.380952381,104.83296666666665,106.16333333333333,107.50516666666665,102.16076666666665,100.81893333333332,99.48856666666664
4403,2017-11-17,104.7477,106.0341,104.0678,104.3985,6608200,103.91718571428567,108.41267600000005,117.7461980000001,122.00350099999997,49.65612195972306,108.46323017130825,103.85904000000001,99.25484982869176,-0.804642494526604,-1.4204905906076255,Bullish,156.1117,53.7297,5228876.19047619,105.59913333333333,106.79976666666666,107.56543333333332,103.63283333333334,102.86716666666668,101.66653333333335
4404,2017-11-20,104.3985,104.7477,101.0723,101.348,1089500,103.7394666666666,107.95753800000004,117.54009300000011,122.01867449999997,44.157455491956966,107.6188646231413,103.48753000000002,99.35619537685874,-0.9271798909986728,-1.3218284506858349,Bullish,156.1117,53.7297,5223923.80952381,103.70636666666668,106.06473333333334,107.38176666666668,100.03096666666669,98.71393333333334,96.35556666666669
4405,2017-11-21,101.3021,104.6466,101.3021,103.691,1907000,103.49721904761897,107.52202000000003,117.31078300000011,122.02806399999997,48.84315341296958,107.26461535133025,103.35213000000002,99.43964464866978,-0.8257128381947467,-1.2226053281876172,Bullish,156.1117,53.7297,4844980.952380952,105.12436666666667,106.55773333333335,108.46886666666668,101.77986666666666,99.86873333333332,98.43536666666665
4406,2017-11-22,103.7462,105.3909,103.3694,104.8028,1363200,103.42120952380944,107.02012200000003,117.11284900000011,122.05598599999998,50.94653395390415,106.77577478596734,103.22835500000001,99.68093521403267,-0.6481154282977144,-1.1077073482096367,Bullish,156.1117,53.7297,4467952.380952381,105.67266666666667,106.54253333333334,107.69416666666667,103.65116666666667,102.49953333333333,101.62966666666667
4407,2017-11-23,105.3909,105.4828,101.9912,103.4797,628000,103.24032380952373,106.50745200000003,116.9604730000001,122.07793899999997,48.39631726111928,106.81027271587021,103.28669,99.76310728412977,-0.6071326663750085,-1.007592411842711,Bullish,156.1117,53.7297,4341180.952380952,105.31126666666664,107.14283333333331,108.80286666666663,101.81966666666665,100.15963333333333,98.32806666666666
4408,2017-11-24,103.6451,104.4537,102.7079,102.8916,594900,103.2678761904761,106.06491200000002,116.76333900000013,122.08686599999997,47.263826891736805,106.06720824091968,103.06563000000001,100.06405175908034,-0.615018734197676,-0.9290776763137041,Bullish,156.1117,53.7297,4287019.047619048,103.99423333333334,105.09686666666667,105.74003333333334,102.24843333333334,101.60526666666667,100.50263333333334
4409,2017-11-27,101.9912,103.1857,101.1642,102.4965,933900,103.03852857142849,105.60067800000003,116.50156800000012,122.11476449999998,46.476961465545685,106.02448908039602,103.01834000000001,100.012190919604,-0.6457064655778453,-0.8724034341665323,Bullish,156.1117,53.7297,4181995.238095238,103.40006666666667,104.30363333333334,105.42156666666668,101.37856666666667,100.26063333333333,99.35706666666667
4410,2017-11-28,102.8549,102.9284,100.1535,100.6221,757900,102.90423333333324,105.079474,116.28536000000013,122.157169,42.83364773586232,105.66358187860158,103.11180000000002,100.56001812139846,-0.8119158680486009,-0.860305920942946,Bullish,156.1117,53.7297,3744790.476190476,102.31583333333334,104.00956666666667,105.09073333333335,99.54093333333334,98.45976666666667,96.76603333333334
4411,2017-11-29,100.8794,101.2561,98.3158,99.3449,1484600,102.93242380952373,104.59927400000001,116.11413500000013,122.18241199999999,40.50375743094376,105.96652808651037,103.00520000000002,100.04387191348967,-1.034769207670422,-0.8951985782884412,Bearish,156.1117,53.7297,3485314.285714286,100.96206666666666,102.57923333333333,103.90236666666667,98.02176666666665,96.69863333333332,95.08146666666664
4412,2017-11-30,99.2806,99.6849,94.3832,94.5486,16010700,102.60250476190467,104.056938,115.88632700000012,122.16014049999998,33.20035469154569,107.3614451828782,102.64758000000002,97.93371481712184,-1.5801879870588067,-1.0321964600425142,Bearish,156.1117,53.7297,3125771.4285714286,98.02793333333331,101.50726666666665,103.3296333333333,92.72623333333331,90.90386666666666,87.42453333333331
4413,2017-12-01,99.2806,99.6849,94.3832,94.5486,16010700,102.2619142857142,103.564772,115.65403600000012,122.11312899999997,33.200354691545684,108.09751012618763,102.21884500000002,96.3401798738124,-1.9895025522541658,-1.2236576784848445,Bearish,156.1117,53.7297,3714000.0,98.02793333333331,101.50726666666665,103.3296333333333,92.72623333333331,90.90386666666666,87.42453333333331
4414,2017-12-04,97.5348,98.7293,96.4781,97.838,3170400,102.01023333333325,103.176322,115.45170800000012,122.10536499999996,41.57908153704455,108.1263550355008,101.96104500000003,95.79573496449926,-2.0251159289484946,-1.3839493285775746,Bearish,156.1117,53.7297,4291547.619047619,98.8855,99.93299999999999,101.13669999999999,96.6343,95.4306,94.3831
4415,2017-12-05,97.5348,98.7293,92.9498,93.0049,7533800,101.53456190476183,102.699142,115.14277700000014,122.05507449999998,34.693431977782936,108.85881113127245,101.56373500000002,94.2686588687276,-2.415486341698198,-1.5902567312016993,Bearish,156.1117,56.3674,4253014.285714285,96.8395333333333,100.67416666666665,102.6190333333333,91.06003333333331,89.11516666666665,85.28053333333331
4416,2017-12-06,91.4245,91.4245,88.3556,88.6129,3665200,100.94702857142849,102.14136199999999,114.79466700000013,121.95709249999999,29.854964589515326,109.9086233903807,100.79123500000003,91.67384660961936,-3.044164171155103,-1.88103821919238,Bearish,156.1117,56.514,4493714.285714285,90.57306666666666,92.53323333333333,93.64196666666666,87.50416666666666,86.39543333333333,84.43526666666666
4417,2017-12-07,87.10600000000002,87.1887,84.1841,84.1841,3961700,100.00041904761896,101.472766,114.40278600000015,121.80994249999998,25.92814913981325,111.21529959678273,99.76669000000003,88.31808040321732,-3.855321283451488,-2.2758948320442016,Bearish,156.1117,56.8933,4504380.952380952,86.18716666666666,88.19023333333332,89.19176666666665,83.18256666666666,82.18103333333333,80.17796666666666
4418,2017-12-08,80.3985,84.4322,79.9758,82.5394,9138500,98.94634285714277,100.81575599999998,113.98135600000015,121.65159499999999,24.632414067057244,112.08330281348535,98.65301500000002,85.2227271865147,-4.578109091849484,-2.736337684005258,Bearish,156.1117,57.988,4431142.857142857,84.65580000000001,86.7722,89.1122,80.19940000000003,77.85940000000002,75.74300000000004
4419,2017-12-11,82.7047,82.7047,78.4138,78.4138,3318900,97.68924285714277,100.08468199999999,113.50858400000014,121.48145499999997,21.702591002804503,113.19040503663999,97.37530000000002,81.56019496336006,-5.4213313452456475,-3.273336416253336,Bearish,156.1117,57.988,4366866.666666667,81.27439999999997,84.13499999999999,85.56529999999998,76.98349999999996,75.55319999999998,72.69259999999996
4420,2017-12-12,76.2729,81.4092,74.4995,79.7001,5945600,96.53362380952372,99.494156,113.01316000000014,121.29684249999997,24.70946104224912,113.55922722918862,96.21189500000003,78.86456277081143,-5.917583180866615,-3.8021857691759915,Bearish,156.1117,59.0311,4342290.476190476,82.57303333333336,85.44596666666668,89.48273333333336,75.66333333333336,71.62656666666668,68.75363333333335
4421,2017-12-13,79.939,83.5225,79.8012,83.2285,2363200,95.59363809523799,99.08194999999999,112.57681100000012,121.11439899999998,32.38058345874085,112.97079052885266,95.15983000000003,77.3488694711474,-5.957479824947242,-4.233244580330242,Bearish,156.1117,61.5482,4573685.714285715,84.56693333333331,85.90536666666665,88.28823333333331,80.84563333333331,78.46276666666665,77.12433333333331
4422,2017-12-14,82.9712,85.2132,80.8671,83.5685,2971000,94.6078619047618,98.747574,112.14817300000011,120.95917099999998,33.088053345898786,112.22435573080715,94.16312500000002,76.1018942691929,-5.8937238643272565,-4.565340437129644,Bearish,156.1117,62.5222,4545057.142857143,85.56543333333335,87.56236666666668,89.91153333333335,81.21933333333334,78.87016666666666,76.87323333333333
4423,2017-12-15,83.155,87.2898,83.155,86.8579,3296800,93.81525714285705,98.419506,111.74199800000014,120.81495949999999,39.66505451690789,110.97371810797742,93.28609500000002,75.59847189202262,-5.514205389604172,-4.75511342762455,Bearish,156.1117,62.5222,4526861.904761905,88.3801333333333,89.90236666666665,92.5149333333333,84.2453333333333,81.63276666666665,80.11053333333331
4424,2017-12-18,87.2898,89.5869,86.132,86.4996,1152700,92.96292857142848,98.160648,111.27319200000012,120.68662799999998,39.21291940528831,110.06108639025516,92.54367500000004,75.02626360974492,-5.182604243999421,-4.840611590899524,Bearish,156.1117,62.5222,4416842.857142857,88.68033333333332,90.86106666666666,92.13523333333332,85.22543333333333,83.95126666666667,81.77053333333333
4425,2017-12-19,86.5639,86.3709,82.181,82.2269,1036600,92.0523999999999,97.8934,110.69502500000011,120.53869999999999,34.20567671069135,108.7530399557777,91.47047000000002,74.18790004422235,-5.204583924861808,-4.913406057691981,Bearish,156.1117,63.4791,4157057.1428571427,85.00486666666667,87.78283333333334,89.19476666666668,80.81496666666666,79.40303333333333,76.62506666666665
4426,2017-12-20,81.9054,84.9927,79.0202,80.4076,1145700,90.94366666666657,97.58062799999999,110.06349400000012,120.36995199999997,32.31358900431093,107.03353396760299,90.25071000000003,73.46788603239706,-5.307622319556131,-4.992249310064811,Bearish,156.1117,64.2721,4154538.095238095,83.9268,87.446,89.8993,77.9543,75.501,71.9818
4427,2017-12-21,80.4444,84.42299999999999,80.2606,84.3035,1996500,89.96750952380943,97.345086,109.49807600000011,120.21288249999998,39.97116251866915,105.10513938780262,89.29190000000003,73.47866061219743,-5.017080636543923,-4.9972155753606335,Bearish,156.1117,64.729,4118285.714285714,85.7308,87.15809999999999,89.8932,81.56840000000001,78.83330000000001,77.40600000000002
4428,2017-12-22,85.5072,88.5118,85.5072,88.4199,2347200,89.25037619047609,97.20997399999999,108.97856300000012,120.08092049999998,46.817424381276915,103.09848869851628,88.56831500000003,74.03814130148378,-4.403899766530998,-4.878552413594706,Bullish,156.1117,65.1255,4148442.8571428573,89.45206666666665,90.48423333333332,92.45666666666665,86.44746666666666,84.47503333333333,83.44286666666666
4429,2017-12-25,85.5072,88.5118,85.5072,88.4199,2347200,88.56124761904753,96.98796999999999,108.42862100000013,119.94413099999998,46.817424381276915,100.91630399035722,87.86448500000003,74.81266600964284,-3.8733005120589894,-4.6775020332875625,Bullish,156.1117,65.1255,4230309.523809524,89.45206666666665,90.48423333333332,92.45666666666665,86.44746666666666,84.47503333333333,83.44286666666666
4430,2017-12-26,89.3571,90.4138,87.2898,87.8502,2369400,87.86380476190467,96.835084,107.92160000000014,119.78052899999999,45.97579509590966,98.8949712567035,87.22589000000004,75.55680874329657,-3.4588948225204206,-4.433780591134134,Bullish,156.1117,67.7461,4313752.380952381,89.74606666666669,91.64193333333334,92.87006666666669,86.6220666666667,85.39393333333335,83.4980666666667
4431,2017-12-27,88.2545,90.4873,87.8043,88.374,2662300,87.28056190476183,96.69129599999998,107.42559200000014,119.62411449999998,46.920602447998974,96.96585322742803,86.67734500000003,76.38883677257203,-3.053015780032709,-4.157627628913849,Bullish,156.1117,67.7461,4382109.523809524,89.97276666666666,91.57153333333333,92.65576666666666,87.28976666666665,86.20553333333332,84.60676666666664
4432,2017-12-28,88.2086,89.0355,86.0034,86.7017,3072500,86.67850476190468,96.42372199999998,106.98044400000013,119.45933849999997,44.259308284979404,95.92068631328078,86.28500000000004,76.6493136867193,-2.8336300256046343,-3.8928281082520058,Bullish,156.1117,68.6081,4472795.238095238,88.49033333333333,90.27896666666666,91.52243333333332,85.45823333333333,84.21476666666666,82.42613333333333
4433,2017-12-29,86.8211,88.0248,85.1305,86.9314,3876900,86.31578095238086,96.06074799999999,106.54845400000013,119.28002249999997,44.72308039076906,94.77501272874316,85.90414000000003,77.03326727125689,-2.6111308729831535,-3.636488661198235,Bullish,156.1117,68.6081,4548409.523809524,88.26063333333333,89.58986666666667,91.15493333333333,85.36633333333333,83.80126666666666,82.47203333333333
4434,2018-01-01,87.3357,88.5761,86.0218,88.0708,750800,86.00731428571419,95.64659999999999,106.12785800000012,119.0965765,47.07536592235092,92.50054402023103,85.41578000000003,78.33101597976902,-2.3161593901830457,-3.372422806995197,Bullish,156.1117,68.6081,3970609.523809524,89.09066666666668,90.11053333333334,91.64496666666668,86.53636666666668,85.00193333333334,83.98206666666668
4435,2018-01-02,87.5654,89.0355,86.3801,86.8671,1954500,85.48489047619039,95.255962,105.76022100000012,118.91818899999998,44.901495093361824,91.33138731278042,85.10889000000003,78.88639268721964,-2.154683050209357,-3.128874855638029,Bullish,156.1117,68.6081,3243947.619047619,88.47503333333333,90.08296666666666,91.13043333333333,85.81963333333333,84.77216666666666,83.16423333333333
4436,2018-01-03,86.8947,91.204,86.8947,89.0999,6727300,85.298938095238,94.89239400000001,105.3665530000001,118.77195549999999,49.55494336475463,91.41393391592679,85.13324000000003,78.85254608407327,-1.825500355925584,-2.86819995569554,Bullish,156.1117,68.6081,3186047.619047619,91.23769999999999,93.37549999999999,95.54699999999998,86.9284,84.7569,82.6191
4437,2018-01-04,88.4567,89.0815,86.6925,87.2162,1924100,85.23242857142847,94.590458,105.00016600000009,118.61552749999997,46.023431495713865,91.61277917205457,85.28484500000003,78.95691082794549,-1.6970569304220646,-2.633971350640845,Bullish,156.1117,68.6253,3147642.8571428573,88.63430000000002,90.05240000000002,91.02330000000003,86.24530000000001,85.2744,83.8563
4438,2018-01-05,87.1979,91.5715,87.0233,91.5715,4318600,85.58420952380943,94.275632,104.6692290000001,118.45803249999996,54.157900464169906,92.49099477740425,85.73645000000003,78.98190522259581,-1.2296535978432672,-2.3531078000813297,Bullish,156.1117,69.858,3064733.3333333335,93.08756666666665,94.60363333333332,97.63576666666664,88.53936666666665,85.50723333333333,83.99116666666666
4439,2018-01-08,96.1474,96.1474,96.1474,96.1474,64500,86.23220952380943,94.12973400000001,104.4463750000001,118.32539999999996,60.83601606013386,93.93287724845918,86.62313000000003,79.31338275154089,-0.4844121994086805,-1.9793686799467998,Bullish,156.1117,69.858,3081728.5714285714,96.1474,96.1474,96.1474,96.1474,96.1474,96.1474
4440,2018-01-09,100.9529,100.9529,100.9529,100.9529,225200,87.30549999999991,94.17373400000001,104.2841610000001,118.22627699999995,66.37574859152527,96.65228451414407,87.68577000000003,78.719255485856,0.48833148539800675,-1.4858286468778386,Bullish,156.1117,71.0131,2649633.3333333335,100.9529,100.9529,100.9529,100.9529,100.9529,100.9529
4441,2018-01-10,101.0723,105.9973,100.1535,105.6849,8301700,88.54287142857133,94.25789400000002,104.11073600000009,118.16736499999996,70.76153378809018,100.47802736876586,88.80859000000004,77.13915263123421,1.6223690562818973,-0.8641891062458913,Bullish,156.1117,71.6855,2502314.285714286,107.73696666666665,109.78903333333332,113.58076666666665,101.89316666666664,98.10143333333332,96.04936666666664
4442,2018-01-11,106.126,109.8748,105.0234,108.2485,4704700,89.7342999999999,94.388844,104.0076000000001,118.12049499999995,72.82923069689289,104.19091343507715,90.04259000000003,75.89426656492292,2.696875198070913,-0.1519762453825304,Bullish,156.1117,74.9353,2614509.523809524,110.40773333333335,112.56696666666667,115.25913333333335,105.55633333333336,102.86416666666668,100.70493333333336
4443,2018-01-12,108.0096,110.4905,106.5946,108.6528,4302000,90.92879047619037,94.49943400000001,103.8518720000001,118.06887949999995,73.15169916831562,107.33925983270811,91.13233500000004,74.92541016729197,3.5402429707196177,0.5864675978378993,Bullish,156.1117,74.9353,2726009.523809524,110.56400000000001,112.4752,114.4599,106.66810000000001,104.6834,102.77220000000001
4444,2018-01-15,108.4231,109.6267,106.8151,108.956,3266200,91.98108095238085,94.61867400000001,103.69271100000009,118.02563299999994,73.40659888170671,110.05587615432032,92.25515500000003,74.45443384567974,4.184843442501702,1.3061427667706598,Bullish,156.1117,78.4138,2789390.476190476,110.11676666666665,111.27753333333332,112.92836666666665,107.30516666666665,105.65433333333333,104.49356666666665
4445,2018-01-16,108.956,111.639,107.4583,107.9636,2502000,93.00317619047608,94.75892400000001,103.50259300000009,117.96962349999994,71.02957259122117,111.96696667677134,93.54199000000003,75.11701332322872,4.563015966632946,1.9575174067431171,Bullish,156.1117,78.4138,2787933.3333333335,110.58230000000002,113.20100000000001,114.76300000000002,106.40160000000002,104.8396,102.22090000000001
4446,2018-01-17,107.1826,110.1689,107.0448,109.397,2955300,94.29699047619037,94.86560600000001,103.35672100000009,117.90297999999996,72.41881225745398,113.61536240259977,94.99146000000003,76.36755759740029,4.921650098455061,2.5503439450855057,Bullish,156.1117,78.4138,2852185.714285714,110.69566666666667,111.99433333333333,113.81976666666667,107.57156666666667,105.74613333333333,104.44746666666667
4447,2018-01-18,111.1796,112.1719,108.5241,110.0218,2427700,95.70719047619038,94.97254200000002,103.19416700000009,117.85545099999995,73.02600401172933,115.3186763595042,96.27737500000003,77.23607364049587,5.196385670697964,3.0795522902079973,Bullish,156.1117,78.4138,2943552.380952381,111.95443333333333,113.88706666666666,115.60223333333332,108.30663333333334,106.59146666666668,104.65883333333335
4448,2018-01-19,110.2607,113.9361,110.2607,113.2562,5339000,97.08589047619037,95.14140800000001,103.06395700000009,117.83150749999993,75.97463415600004,117.5619157748932,97.51919000000002,77.47646422510685,5.610431082903119,3.5857280487470216,Bullish,156.1117,78.4138,3004600.0,114.70796666666665,116.15973333333332,118.38336666666665,111.03256666666665,108.80893333333333,107.35716666666666
4449,2018-01-22,113.201,115.3052,113.0173,113.982,2985700,98.30313333333322,95.34168600000001,102.94100500000008,117.81795999999993,76.59297668673811,119.60167083398926,98.79729500000002,77.99291916601078,5.928787675566383,4.054339974110894,Bullish,156.1117,78.4138,3163766.6666666665,115.18569999999997,116.38939999999998,117.47359999999996,112.89779999999998,111.8136,110.60989999999998
4450,2018-01-23,114.5333,114.5333,111.1888,111.9422,3040800,99.42324285714275,95.52116600000001,102.73636600000007,117.80201449999993,71.05786284077779,120.92097090946305,100.00189500000002,79.08281909053699,5.947928736193546,4.433057726527425,Bullish,156.1117,78.4138,3194171.4285714286,113.92073333333336,115.89926666666668,117.26523333333336,110.57623333333336,109.21026666666668,107.23173333333337
4451,2018-01-24,112.4568,114.5793,108.4323,109.9575,6330500,100.47597142857133,95.63492000000002,102.49550100000008,117.74869049999994,66.05589220137733,121.71430745659839,101.08107000000001,80.44783254340163,5.736818983280983,4.693809977878137,Bullish,156.1117,78.4138,3227200.0,113.54710000000003,117.13670000000002,119.69410000000003,107.40010000000002,104.84270000000001,101.25310000000002
4452,2018-01-25,110.4905,111.639,108.4231,110.8856,1957400,101.54795238095228,95.78258000000001,102.32727600000007,117.67186199999995,67.21800675386297,122.23404556269884,102.290265,82.34648443730117,5.580079216944583,4.871063825691426,Bullish,156.1117,78.4138,3415823.8095238097,112.2087,113.53179999999999,115.42459999999998,108.9928,107.10000000000001,105.77690000000001
4453,2018-01-26,111.0785,112.0525,109.8932,110.5548,1720600,102.68381428571418,95.90570600000001,102.15919100000006,117.56182949999994,66.34612910830353,122.40963168799213,103.47143500000001,84.5332383120079,5.367298155376815,4.970310691628503,Bullish,156.1117,78.4138,3382257.1428571427,111.77380000000001,112.9928,113.93310000000001,109.6145,108.6742,107.4552
4454,2018-01-29,110.5823,111.1704,108.8825,109.4889,1034300,103.75798095238083,96.06852400000001,102.01303100000007,117.41388299999996,63.488532975757785,122.25882974942783,104.54234000000001,86.82585025057219,5.054394495682672,4.987127452439337,Bullish,156.1117,78.4138,3317880.9523809524,110.81203333333332,112.13516666666666,113.09993333333333,108.52413333333331,107.55936666666665,106.2362333333333
4455,2018-01-30,110.2424,110.7202,109.3419,109.6635,481900,104.78620476190466,96.18797400000001,101.85499700000008,117.27034399999995,63.76385421690166,121.53900977066925,105.68216000000002,89.8253102293308,4.765570323606823,4.942816026672834,Bearish,156.1117,78.4138,3182519.0476190476,110.47516666666665,111.28683333333333,111.85346666666666,109.09686666666664,108.53023333333331,107.71856666666663
4456,2018-01-31,110.2148,110.6742,108.469,108.9652,594700,105.83849523809513,96.271222,101.64567200000009,117.12520999999995,61.75805914196341,120.62729885964579,106.67542500000002,92.72355114035425,4.429270242081799,4.840106869754627,Bearish,156.1117,78.4138,3169714.285714286,110.26993333333331,111.57466666666666,112.47513333333332,108.06473333333331,107.16426666666665,105.8595333333333
4457,2018-02-01,108.5149,110.2607,108.4414,109.0663,625300,106.78927619047607,96.38295400000001,101.44520300000009,116.98721899999995,61.94470608352036,118.50531723472186,107.76793000000002,97.03054276527818,4.1233762153361795,4.696760738870937,Bearish,156.1117,78.4138,3104961.904761905,110.07086666666665,111.07543333333332,111.89016666666664,108.25156666666665,107.43683333333333,106.43226666666665
4458,2018-02-02,108.9009,111.7768,108.8917,110.8947,2934000,107.91682380952369,96.54301600000001,101.30396400000011,116.86819699999995,65.24812696455189,116.54741792244,108.73409000000001,100.92076207756001,3.9825808813863546,4.553924767374021,Bearish,156.1117,78.4138,2814390.476190476,112.15043333333334,113.40616666666666,115.03553333333333,109.26533333333334,107.63596666666668,106.38023333333335
4459,2018-02-05,108.9009,111.7768,108.8917,110.8947,2934000,108.83697619047607,96.71098,101.15582900000013,116.74917499999994,65.2481269645519,114.77446911782688,109.47145500000002,104.16844088217316,3.8268856097004686,4.408516935839311,Bearish,156.1117,78.4138,2862480.9523809524,112.15043333333334,113.40616666666666,115.03553333333333,109.26533333333334,107.63596666666668,106.38023333333335
4460,2018-02-06,109.3419,109.5716,105.3541,108.7538,1391500,109.43728095238083,96.87361400000002,100.97654400000012,116.63724899999994,58.36769211546401,113.48134367176019,109.8615,106.24165632823983,3.490506857129475,4.224914920097343,Bearish,156.1117,78.4138,2796547.619047619,110.43223333333334,112.11066666666667,114.64973333333334,106.21473333333334,103.67566666666667,101.99723333333334
4461,2018-02-07,109.8565,111.4093,108.8825,110.0127,3184000,109.8686999999999,97.08697000000002,100.84312200000011,116.54286699999993,60.97375077006254,113.14900452987345,110.07788999999998,107.00677547012651,3.2876094657176793,4.037453829221411,Bearish,156.1117,78.4138,2859738.095238095,111.32049999999998,112.6283,113.84729999999999,108.79369999999997,107.57469999999998,106.26689999999996
4462,2018-02-08,110.0862,112.5487,110.0862,111.7217,3638100,110.15616666666656,97.43043200000002,100.74368500000011,116.42892799999993,64.24577548205,113.2817648408987,110.25154999999998,107.22133515910126,3.227509122409643,3.8754648878590574,Bearish,156.1117,78.4138,3000633.3333333335,112.8182,113.9147,115.2807,110.35570000000001,108.98970000000001,107.89320000000002
4463,2018-02-09,110.3526,114.3771,109.5808,113.6145,6051700,110.41169047619037,97.81175000000002,100.68826100000011,116.34272799999991,67.49620789997827,113.76868739191691,110.49963499999998,107.23058260808305,3.294633820702117,3.7592986744276695,Bearish,156.1117,78.4138,2778557.1428571427,115.46746666666668,117.32043333333334,120.26376666666668,110.67116666666668,107.72783333333334,105.87486666666668
4464,2018-02-12,113.6604,114.1658,110.178,110.6558,1956700,110.50707142857134,98.068106,100.62221400000011,116.23453649999992,58.53779590390658,113.77619609265865,110.58462499999999,107.39305390734133,3.0736570592993218,3.622170351402,Bearish,156.1117,78.4138,2842700.0,113.15506666666667,115.65433333333334,117.14286666666668,109.16726666666666,107.67873333333333,105.17946666666666
4465,2018-02-13,111.1796,111.6298,109.9024,110.3067,931000,110.57139047619037,98.41414200000001,100.5566420000001,116.10136799999992,57.56693202562858,113.66365759949643,110.70177999999999,107.73990240050354,2.8376512541056798,3.465266531942736,Bearish,156.1117,78.4138,2731019.0476190476,111.32353333333336,112.34036666666668,113.05093333333336,109.59613333333336,108.88556666666668,107.86873333333335
4466,2018-02-14,110.2607,110.2607,106.7692,107.2653,1422200,110.538138095238,98.78719000000001,100.4642760000001,115.96040599999994,49.81530069592281,113.8737108614675,110.59519499999999,107.31667913853248,2.3777897115282656,3.2477711678598418,Bearish,156.1117,78.4138,2619819.0476190476,109.42760000000003,111.58990000000001,112.91910000000003,105.93610000000002,104.60690000000001,102.44460000000002
4467,2018-02-15,107.2745,108.4231,102.5425,104.3434,2254200,110.29749047619039,99.190376,100.3315710000001,115.79664549999994,43.72392168508314,114.57477775800157,110.311275,106.04777224199842,1.7573159706311117,2.9496801284140957,Bearish,156.1117,78.4138,2568400.0,107.66350000000001,110.98360000000001,113.54410000000001,101.78290000000001,99.22240000000001,95.90230000000001
4468,2018-02-16,106.5854,107.5042,104.8855,107.1459,952100,110.16054285714277,99.68250600000002,100.24913100000009,115.64271649999993,50.03474383152682,114.25705406576152,110.00576000000001,105.7544659342385,1.4747246810891141,2.6546890389490994,Bearish,156.1117,78.4138,2535014.285714286,108.13823333333333,109.13056666666667,110.75693333333334,105.51953333333333,103.89316666666666,102.90083333333332
4469,2018-02-19,107.5042,108.5149,105.6665,105.9238,426700,109.81138095238087,100.232706,100.15869400000008,115.47366899999993,47.53157508464882,113.79743435866591,109.60285000000002,105.40826564133413,1.1390258111506313,2.351556393389406,Bearish,156.1117,78.4138,2464747.619047619,107.73696666666665,109.55013333333332,110.58536666666664,104.88856666666665,103.85333333333332,102.04016666666665
4470,2018-02-20,105.2071,105.8503,101.3021,104.7018,2266100,109.36946666666658,100.73273999999999,100.1134480000001,115.27963349999993,45.101824458643215,113.79932213626438,109.24083,104.68233786373563,0.7655520434079364,2.034355523393112,Bearish,156.1117,78.4138,2230828.5714285714,106.60069999999999,108.4996,111.1489,102.05249999999998,99.40319999999998,97.50429999999997
4471,2018-02-21,107.4032,107.4032,102.7263,103.6175,1637200,108.9730523809523,101.14052,100.11123500000011,115.08465899999992,43.00131718076022,114.08130413337045,108.92383,103.76635586662954,0.37772328471029937,1.7030290756565496,Bearish,156.1117,78.4138,2196561.904761905,106.43836666666668,109.25923333333334,111.11526666666668,101.76146666666668,99.90543333333333,97.08456666666667
4472,2018-02-22,101.541,106.3097,100.1627,105.8963,2068400,108.77966190476181,101.587076,100.1673250000001,114.91047449999992,48.436497152434896,113.91021140388587,108.674365,103.43851859611412,0.2513489206627355,1.4126930446577868,Bearish,156.1117,78.4138,2129723.8095238097,108.0831,110.2699,114.23010000000001,101.9361,97.9759,95.78909999999999
4473,2018-02-23,107.0448,107.9453,104.7477,106.1903,2293900,108.5560761904761,101.973724,100.19661500000011,114.73823399999992,49.11071655780987,113.72401505447644,108.45614,103.18826494552357,0.17292628306806535,1.1647396923398425,Bearish,156.1117,78.4138,1926766.6666666667,107.8411666666667,109.49203333333335,111.0387666666667,104.64356666666669,103.09683333333334,101.44596666666668
4474,2018-02-26,106.9162,107.5042,103.0295,104.1321,1603200,108.25023333333324,102.326374,100.24351100000013,114.56764149999992,44.7038611789106,113.75513934274909,108.1883,102.6214606572509,-0.054673518843074476,0.9208570501032591,Bearish,156.1117,78.4138,1942790.4761904762,106.7477,109.3633,111.2224,102.273,100.4139,97.7983
4475,2018-02-27,104.1964,105.1152,102.4598,103.0111,1238400,107.9417666666666,102.742058,100.31772900000013,114.35769599999992,42.46862484554785,113.81156725299354,107.85568,101.89979274700647,-0.3217938933450313,0.6723268614136011,Bearish,156.1117,78.4138,1937200.0,104.5976,106.1841,107.253,101.9422,100.8733,99.2868
4476,2018-02-28,103.2684,106.4016,102.4506,105.7492,1414000,107.75537142857135,103.24888999999999,100.41475900000012,114.1596304999999,49.15587495568558,113.69574752748025,107.69488000000001,101.69401247251977,-0.30898513954065265,0.47606446122275037,Bearish,156.1117,78.4138,1946919.0476190476,107.28366666666669,108.81813333333335,111.2346666666667,103.33266666666668,100.91613333333333,99.38166666666667
4477,2018-03-01,105.6574,108.8365,105.2071,108.3496,1743000,107.72605714285707,103.72981199999998,100.53744900000012,113.94986999999992,54.55812397818812,113.63523505603598,107.65904500000002,101.68285494396406,-0.08798927670768819,0.36325371363666265,Bearish,156.1117,78.4138,1991304.761904762,109.7217,111.0938,113.3511,106.0923,103.835,102.46289999999999
4478,2018-03-02,108.4231,109.25,107.2286,107.4307,2577600,107.64817142857135,104.11002799999999,100.66000100000014,113.72909299999992,52.43785238119164,113.27474733618381,107.48584500000001,101.69694266381622,0.012855792767794583,0.293174129462889,Bearish,156.1117,78.4138,2045985.7142857143,108.71093333333334,109.99116666666667,110.73233333333334,106.68953333333334,105.94836666666667,104.66813333333334
4479,2018-03-05,108.2301,109.3419,106.6405,108.5793,1942400,107.53791428571421,104.513216,100.75059300000014,113.50186149999992,54.802320430906846,112.97122218352136,107.37007500000001,101.76892781647867,0.1833451686500922,0.27120833730032967,Bearish,156.1117,78.4138,2138952.380952381,109.73396666666665,110.88863333333332,112.43536666666664,107.03256666666665,105.48583333333333,104.33116666666666
4480,2018-03-06,109.3419,110.5364,107.7799,108.3036,3407200,107.41452857142852,104.922284,100.87868400000012,113.27924249999992,54.10701091456191,112.92987435913248,107.34756500000003,101.76525564086758,0.29283689996927365,0.27553404983411844,Bullish,156.1117,78.4138,2091733.3333333333,109.96670000000003,111.62980000000002,112.72320000000003,107.21020000000003,106.11680000000001,104.45370000000003
4481,2018-03-07,108.4231,108.8825,106.126,106.6497,1164100,107.31433333333328,105.28779800000001,100.98954700000012,113.03193249999993,50.00802790291189,112.63156084260686,107.17941500000003,101.72726915739321,0.24334880456441965,0.2690970007801787,Bearish,156.1117,78.4138,2114266.6666666665,108.31279999999998,109.97589999999998,111.06929999999997,105.5563,104.4629,102.7998
4482,2018-03-08,106.1719,106.9897,103.8748,104.7845,1904500,107.06537142857137,105.649454,101.03658800000011,112.80723449999994,45.79458114872507,111.95752327481361,106.83255500000004,101.70758672518647,0.05301199130347811,0.22587999888483856,Bearish,156.1117,78.4138,2103438.095238095,106.55786666666668,108.33123333333334,109.67276666666669,103.44296666666668,102.10143333333333,100.32806666666667
4483,2018-03-09,104.7477,105.2071,103.0019,103.4889,624100,106.67333333333326,105.980604,101.02067600000011,112.59398849999994,43.079406857699254,110.6014442620808,106.32627500000005,102.0511057379193,-0.20006912440014446,0.14069017422784197,Bearish,156.1117,78.4138,2042509.5238095238,104.79669999999999,106.10449999999999,107.00189999999998,102.5915,101.6941,100.3863
4484,2018-03-12,103.5532,106.3189,103.5532,106.08,791700,106.31454761904754,106.34078799999999,100.9936940000001,112.35723449999996,49.524933919826545,109.88309798775326,106.09748500000005,102.31187201224684,-0.1893746238898899,0.07467721460429559,Bearish,156.1117,78.4138,1898985.7142857143,107.08153333333331,108.08306666666665,109.8472333333333,104.31583333333332,102.55166666666666,101.55013333333332
4485,2018-03-13,106.4843,109.6176,106.4843,107.1367,2252600,106.14697142857135,106.74617999999998,101.0010710000001,112.14787499999994,51.916263542885176,109.24093473811571,105.93898500000005,102.63703526188438,-0.09454246965660218,0.04083327775211603,Bearish,156.1117,78.4138,1648509.5238095238,109.0081,110.8795,112.14139999999999,105.87480000000001,104.61290000000001,102.74150000000002
4486,2018-03-14,107.5042,107.5042,105.2071,105.6941,640700,105.92732380952373,107.07806399999998,100.9852290000001,111.93147499999995,48.53560069875419,109.10670853897858,105.86042500000005,102.61414146102152,-0.13424556853757963,0.005817508494176893,Bearish,156.1117,78.4138,1662600.0,107.06316666666666,108.43223333333333,109.36026666666666,104.76606666666666,103.83803333333333,102.46896666666666
4487,2018-03-15,105.8503,106.4935,105.299,105.4644,616100,105.84156666666658,107.44302799999997,101.01674300000012,111.71560699999996,47.99963607219619,109.09403453452127,105.91647500000006,102.73891546547885,-0.18214576773449664,-0.03177514675155782,Bearish,156.1117,78.4138,1648776.1904761905,106.20559999999998,106.94679999999998,107.40009999999997,105.01109999999998,104.5578,103.8166
4488,2018-03-16,105.6665,107.394,105.6665,106.8151,1365600,105.95926666666657,107.74789999999997,101.01176600000012,111.52705199999997,51.39831129814395,109.0550892784835,105.89993500000006,102.7447807215166,-0.10985053043596338,-0.04739022348843893,Bearish,156.1117,78.4138,1610390.4761904762,107.58390000000001,108.35270000000001,109.31140000000002,105.85640000000001,104.8977,104.1289
4489,2018-03-19,107.0448,108.3771,106.1352,106.8978,551100,105.94745238095229,107.96290799999997,101.04632100000012,111.37502899999996,51.60686520570308,109.13368519819792,105.94863500000005,102.76358480180218,-0.04535995385806757,-0.04698416956236466,Bullish,156.1117,78.4138,1568076.1904761905,108.13820000000001,109.3786,110.38010000000001,105.89630000000001,104.8948,103.65440000000001
4490,2018-03-20,107.0907,108.4231,106.9529,107.054,1362800,106.00127142857134,108.08492999999997,101.12933200000012,111.22839899999995,52.025597780191916,109.23210399399301,106.06624500000005,102.9003860060071,0.018144172564589667,-0.033958501136973795,Bullish,156.1117,78.4138,1548980.9523809524,108.00043333333335,108.94686666666668,109.47063333333335,106.53023333333334,106.00646666666667,105.06003333333334
4491,2018-03-21,107.4032,108.6528,106.5854,106.9254,2355800,106.10715714285706,108.10973999999996,101.18381700000013,111.10017649999996,51.62950622275672,109.2084839988605,106.23164000000004,103.25479600113958,0.05743265711151935,-0.015680269487275165,Bullish,156.1117,78.4138,1593557.142857143,108.1903333333333,109.45526666666665,110.25773333333329,106.12293333333331,105.32046666666666,104.05553333333332
4492,2018-03-22,107.6604,107.9636,106.5946,106.8518,637000,106.26117142857136,108.08180599999997,101.23532500000015,110.95348349999996,51.38836866011454,109.26385791167543,106.27941500000004,103.29497208832466,0.08168850503733438,0.0037934854176467463,Bullish,156.1117,78.4138,1597828.5714285714,107.67873333333334,108.50566666666667,109.04773333333334,106.30973333333334,105.76766666666667,104.94073333333334
4493,2018-03-23,107.6604,107.9636,106.5946,106.8518,637000,106.30667142857135,108.04578599999999,101.27261000000016,110.82898749999997,51.38836866011454,109.30689483093785,106.31249000000005,103.31808516906226,0.09976145136054981,0.02298707860622736,Bullish,156.1117,78.4138,1550200.0,107.67873333333334,108.50566666666667,109.04773333333334,106.30973333333334,105.76766666666667,104.94073333333334
4494,2018-03-26,107.0264,107.0264,103.3694,104.3894,1552500,106.2209142857142,107.95445399999998,101.28656400000014,110.71390249999996,43.50431786539818,109.28417793790247,106.32535500000003,103.36653206209759,-0.08364648472651481,0.001660365939678922,Bearish,156.1117,78.4138,1482038.0952380951,106.4874,108.58539999999999,110.14439999999999,102.8304,101.2714,99.1734
4495,2018-03-27,104.3802,105.1612,102.0923,102.5057,1264000,106.1434666666666,107.84529599999998,101.30211000000014,110.62125049999997,38.62268750334314,109.37793725588465,106.30008500000004,103.22223274411543,-0.37665559152148376,-0.07400282555255364,Bearish,156.1117,78.4138,1446733.3333333333,104.41383333333332,106.32196666666665,107.48273333333331,101.34493333333332,100.18416666666666,98.27603333333332
4496,2018-03-28,102.7263,103.8197,102.4506,103.5532,756100,106.16928095238087,107.72841999999999,101.29701300000013,110.50469949999997,42.48744432107542,109.48775841657965,106.19028500000005,102.89281158342044,-0.5183675060586097,-0.16287576165376486,Bearish,156.1117,78.4138,1430580.9523809524,104.09840000000001,104.6436,105.46750000000002,102.72930000000001,101.9054,101.3602
4497,2018-03-29,103.8197,104.2883,102.4506,102.8825,669100,106.03277142857135,107.58563399999997,101.27908800000014,110.35315899999996,40.71947224087097,109.35643565871563,105.91693000000005,102.47742434128448,-0.676991171225211,-0.26569884356805407,Bearish,156.1117,78.4138,1407614.2857142857,103.96366666666667,105.04483333333334,105.80136666666668,102.12596666666666,101.36943333333332,100.28826666666664
4498,2018-03-30,102.8916,105.6665,102.8916,103.5624,2040900,105.80480952380942,107.39175799999997,101.26658300000014,110.20501799999994,43.29540467554953,109.23507079608872,105.72351500000005,102.21195920391138,-0.7393169354300824,-0.36042246194045974,Bearish,156.1117,78.4138,1372142.857142857,105.18873333333333,106.81506666666667,107.96363333333333,102.41383333333333,101.26526666666666,99.63893333333333
4499,2018-04-02,104.1964,104.6558,102.956,103.4521,471400,105.61535238095229,107.18115999999998,101.26142300000014,110.05632549999993,42.96919653565471,108.85373231904111,105.46715500000005,102.08057768095898,-0.7885212585486556,-0.4460422212620989,Bearish,156.1117,78.4138,1386328.5714285714,104.41993333333333,105.38776666666666,106.11973333333333,102.72013333333334,101.98816666666667,101.02033333333334
4500,2018-04-03,103.9208,105.2071,102.4506,102.8365,1092300,105.34188571428562,106.99904599999998,101.26010600000014,109.90455499999993,41.107610938798324,108.50212271883107,105.19380000000005,101.88547728116903,-0.8671933492136503,-0.5302724468524092,Bearish,156.1117,78.4138,1286033.3333333333,104.54553333333332,106.25456666666666,107.30203333333333,101.78903333333332,100.74156666666666,99.03253333333332
4501,2018-04-04,103.1397,104.7569,102.6068,102.91,2488600,105.08504761904751,106.85809599999997,101.24650800000013,109.75315199999991,41.43385739955791,108.38680984867031,105.00681500000005,101.62682015132978,-0.9130852339316533,-0.606835004268258,Bearish,156.1117,78.4138,1245552.380952381,104.24233333333335,105.57466666666667,106.39243333333334,102.09223333333335,101.27446666666668,99.94213333333336
4502,2018-04-05,103.3694,105.8963,102.91,105.0325,2794100,105.00803809523798,106.74103399999998,101.26180700000013,109.62386949999993,50.04077038769571,108.39767578696002,105.01921500000006,101.6407542130401,-0.7693186452186183,-0.6393317324583301,Bearish,156.1117,78.4138,1201809.5238095238,106.31586666666666,107.59923333333333,109.30216666666666,103.32956666666666,101.62663333333333,100.34326666666666
4503,2018-04-06,107.5042,110.1689,105.7584,108.1107,12941900,105.16642857142845,106.692152,101.29892900000013,109.52256349999995,59.36712915461931,108.80607074563494,105.25030500000005,101.69453925436517,-0.4023594244865478,-0.5919372708639736,Bullish,156.1117,78.4138,1279428.5714285714,110.26693333333336,112.42316666666667,114.67743333333335,105.85643333333336,103.60216666666668,101.44593333333336
4504,2018-04-09,108.1934,109.5716,106.7692,107.5042,3062900,105.35763333333323,106.65245799999998,101.36049100000012,109.45029199999993,57.10514139214761,108.99595595843647,105.32151500000005,101.64707404156363,-0.15865223531484673,-0.5052802637541483,Bullish,156.1117,78.4138,1805019.0476190476,109.12746666666668,110.75073333333334,111.92986666666668,106.32506666666667,105.14593333333333,103.52266666666667
4505,2018-04-10,107.5042,107.9177,106.6038,106.861,1080600,105.3948238095237,106.596408,101.39219100000012,109.35148699999995,54.723806815086405,108.956809301461,105.30773000000003,101.65865069853906,-0.017214953367627572,-0.4076672016768441,Bullish,156.1117,78.4138,1921152.380952381,107.65120000000002,108.4414,108.9651,106.33730000000003,105.81360000000002,105.02340000000004
4506,2018-04-11,107.2286,109.7829,107.2286,108.7079,3063700,105.46964285714273,106.591262,101.43124200000013,109.27204549999995,59.89536909840078,109.39635406424527,105.45842000000005,101.52048593575482,0.2411249678544749,-0.27790876777058027,Bullish,156.1117,78.4138,1934909.5238095238,109.91766666666663,111.12743333333331,112.47196666666663,107.36336666666664,106.01883333333332,104.80906666666664
4507,2018-04-12,109.3419,109.6635,106.8886,107.5042,1448100,105.55583809523796,106.56002000000001,101.47148700000012,109.21597999999994,55.44995127330142,109.59807675984239,105.56041000000005,101.52274324015771,0.34475852473384805,-0.15337530926969462,Bullish,156.1117,78.4138,1973533.3333333333,109.1489333333333,110.79366666666665,111.9238333333333,106.3740333333333,105.24386666666665,103.5991333333333
4508,2018-04-13,106.8243,107.5042,105.7584,106.0525,935600,105.58384285714271,106.463176,101.50309600000011,109.13321749999996,50.57471073419079,109.52609298143823,105.52228000000005,101.51846701856188,0.30621890662243345,-0.061456466091268994,Bullish,156.1117,78.4138,2011980.9523809524,107.11833333333331,108.18416666666666,108.86413333333331,105.37253333333331,104.69256666666665,103.6267333333333
4509,2018-04-16,106.1352,106.1719,105.0234,105.6482,1659600,105.52827619047606,106.358246,101.53461300000012,109.01809049999996,49.27533132506458,109.41450144308546,105.45980000000004,101.50509855691463,0.24028252312633924,-0.0011086682477473436,Bullish,156.1117,78.4138,2027195.238095238,106.20560000000002,106.763,107.35410000000002,105.05710000000002,104.46600000000001,103.90860000000002
4510,2018-04-17,105.7217,107.0907,105.4828,106.8059,848200,105.52389999999986,106.319288,101.5964510000001,108.94090549999996,52.99912405784407,109.38352892580312,105.44739500000003,101.51126107419694,0.2782368377875031,0.054760432959302746,Bullish,156.1117,78.4138,2041195.238095238,107.43679999999998,108.06769999999999,109.04469999999998,105.82889999999998,104.85189999999999,104.22099999999998
4511,2018-04-18,107.0448,107.9636,104.0126,104.7477,1735500,105.41407619047604,106.21398799999999,101.6504790000001,108.88230699999994,46.46788723226391,109.2252491694793,105.33851000000001,101.45177083052073,0.14061543944183086,0.07193143425580836,Bullish,156.1117,78.4138,2055342.857142857,107.13666666666667,109.52563333333333,111.08766666666666,103.18566666666668,101.62363333333334,99.23466666666668
4512,2018-04-19,104.9315,105.0969,103.0938,104.3985,843100,105.29374761904745,106.06752399999999,101.7489780000001,108.81765249999995,45.444639600838244,109.05840521395426,105.21584500000002,101.37328478604577,0.0033335411431920647,0.058211855633285105,Bearish,156.1117,78.4138,2073090.4761904762,105.29899999999999,106.1995,107.3021,103.29589999999999,102.1933,101.29279999999999
4513,2018-04-20,104.9774,105.2071,103.8289,104.0586,814400,105.16073809523793,105.876406,101.8440780000001,108.74905699999995,44.4193151996157,108.87352917469144,105.07618500000001,101.27884082530858,-0.13137602067077125,0.020294280372473834,Bearish,156.1117,78.4138,2001057.142857143,104.90083333333334,105.74306666666666,106.27903333333333,103.52263333333335,102.98666666666668,102.14443333333335
4514,2018-04-23,104.0586,105.299,103.1857,103.4613,530300,104.99928571428555,105.73251600000002,101.90031100000012,108.67600949999995,42.60037635005342,108.88185023175517,105.02978,101.17770976824484,-0.2830684007737858,-0.040378255856778095,Bearish,156.1117,78.4138,2009504.761904762,104.77830000000003,106.09530000000002,106.89160000000004,102.66500000000002,101.8687,100.55170000000001
4515,2018-04-24,103.8289,105.0234,103.2316,104.6191,1145100,105.01022380952364,105.61876400000001,102.01645300000011,108.57961499999993,47.12058609097332,108.81693286943667,105.13545000000002,101.45396713056337,-0.30632974244112177,-0.09356855317364682,Bearish,156.1117,78.4138,2004423.8095238095,105.35113333333332,106.08316666666666,107.14293333333332,103.55933333333333,102.49956666666667,101.76753333333333
4516,2018-04-25,105.2071,105.8963,104.0586,104.3067,568100,105.09598571428553,105.55959200000001,102.1733910000001,108.48402899999994,46.06645054991514,108.80414425022079,105.173125,101.54210574977921,-0.3459843008136403,-0.14405170270164552,Bearish,156.1117,78.4138,1985023.8095238095,105.44913333333334,106.59156666666667,107.28683333333333,103.61143333333334,102.91616666666667,101.77373333333334
4517,2018-04-26,104.7477,105.5747,104.2883,105.152,576800,105.17211904761888,105.57576400000002,102.3830700000001,108.39292799999993,49.36712639984484,108.76273163847078,105.28659999999999,101.8104683615292,-0.30567850693667253,-0.17637706354865093,Bearish,156.1117,78.4138,1951885.7142857143,105.72169999999998,106.2914,107.00809999999998,104.43529999999998,103.7186,103.14889999999998
4518,2018-04-27,105.0234,105.7768,103.0111,103.4613,809800,105.19968095238077,105.50207200000001,102.59228900000011,108.28682249999991,43.617437027020316,108.76797008106344,105.28154500000001,101.79511991893658,-0.4054870330223963,-0.22219905744340002,Bearish,156.1117,78.4138,1943347.619047619,105.15503333333331,106.84876666666665,107.9207333333333,102.38933333333331,101.31736666666666,99.62363333333332
4519,2018-04-30,104.7845,106.4935,104.077,104.5088,3313600,105.24474761904746,105.47377200000001,102.8532390000001,108.18091149999991,47.68300726778046,108.7393832103324,105.33438000000001,101.92937678966761,-0.39550240778444845,-0.2568597275116097,Bearish,156.1117,78.4138,1950047.619047619,105.97586666666666,107.44293333333333,108.39236666666666,103.55936666666666,102.60993333333333,101.14286666666666
4520,2018-05-01,104.7845,106.4935,104.077,104.5088,3313600,105.2950666666665,105.46991200000001,103.1013260000001,108.05724299999991,47.68300726778046,108.65133948487438,105.41799500000002,102.18465051512565,-0.3831725457571906,-0.28212229116072585,Bearish,156.1117,78.4138,2010652.380952381,105.97586666666666,107.44293333333333,108.39236666666666,103.55936666666666,102.60993333333333,101.14286666666666
4521,2018-05-02,104.7385,104.7385,102.91,103.1489,478200,105.30994285714272,105.46054,103.30053000000011,107.93867049999992,43.0131829220006,108.62770429174637,105.42994000000002,102.23217570825366,-0.4776278100291904,-0.32122339493441876,Bearish,156.1117,78.4138,2145995.238095238,104.28826666666669,105.42763333333335,106.11676666666669,102.45976666666668,101.77063333333334,100.63126666666668
4522,2018-05-03,102.91,103.4154,100.1535,102.2485,1144100,105.27844285714272,105.38758399999999,103.48733000000011,107.81775149999993,40.20557547325849,108.77512090477849,105.29074,101.80635909522151,-0.6180149508687407,-0.38058170612128317,Bearish,156.1117,78.4138,2116752.380952381,103.7247666666667,105.20103333333336,106.98666666666671,100.46286666666668,98.67723333333333,97.20096666666667
4523,2018-05-04,102.3587,102.7906,100.8059,101.2653,1000900,105.09905238095226,105.28908399999999,103.63140400000009,107.68670099999991,37.339458645168385,108.59849929253825,104.94847,101.29844070746175,-0.7993938794368489,-0.46434414078439634,Bearish,156.1117,78.4138,2052728.5714285714,102.43530000000003,103.60530000000001,104.42000000000003,100.45060000000002,99.6359,98.46590000000002
4524,2018-05-07,101.0723,101.9452,99.8319,100.2638,1307100,104.72539047619036,105.21171799999998,103.7690460000001,107.52111899999993,34.63132275159372,108.57159182307232,104.58644999999999,100.60130817692765,-1.0122817137345095,-0.5739316553744189,Bearish,156.1117,78.4138,1967338.0952380951,101.5287,102.7936,103.642,99.4154,98.56700000000001,97.30210000000001
4525,2018-05-08,100.1535,100.2454,95.6053,96.7079,2019800,104.21128095238083,105.08565399999999,103.91385600000011,107.30444049999993,27.112426494563252,109.20032752785731,104.07879499999999,98.95726247214266,-1.451199741019181,-0.7493852725033714,Bearish,156.1117,78.4138,1413300.0,99.43376666666668,102.15963333333335,104.07386666666669,94.79366666666668,92.87943333333334,90.15356666666668
4526,2018-05-09,96.2025,96.9376,91.8748,92.0677,3447100,103.50683809523798,104.81202399999998,104.0304570000001,107.04697549999993,20.774050033848678,110.17705850636989,103.246785,96.31651149363012,-2.148701902099546,-1.0292485984226063,Bearish,156.1117,78.4138,1363628.5714285714,95.37859999999998,98.6895,100.44139999999999,90.31579999999997,88.56389999999998,85.25299999999996
4527,2018-05-10,92.8028,96.6711,92.0769,95.6053,4206100,102.88290476190465,104.557138,104.1434750000001,106.82077549999993,33.531952382191825,110.0454990917891,102.65183999999999,95.25818090821089,-2.3884896134633635,-1.3010968014307578,Bearish,156.1117,78.4138,1476319.0476190476,97.49196666666666,99.37863333333333,102.08616666666666,92.89776666666666,90.19023333333332,88.30356666666665
4528,2018-05-11,95.5593,96.1566,90.8273,91.8196,4573500,102.13601904761894,104.24491599999999,104.1774720000001,106.57801749999992,28.28313443909923,110.53059821160204,101.94019499999999,93.34979178839794,-2.851131386030886,-1.6111037183507835,Bearish,156.1117,78.4138,1530719.0476190476,95.0417,98.2638,100.37100000000001,89.7124,87.6052,84.3831
4529,2018-05-14,91.8656,91.884,87.2898,87.9789,3962600,101.27537142857132,103.83290799999999,104.17306200000009,106.30084149999989,24.15252540995051,111.39629851674214,101.05672999999999,90.71716148325784,-3.487489112275739,-1.9863807971357745,Bearish,156.1117,78.4138,1679547.619047619,90.812,93.6451,95.4062,86.2178,84.4567,81.6236
4530,2018-05-15,89.1274,91.4245,85.9207,90.8365,1710200,100.57005238095226,103.483566,104.20292500000006,106.0622624999999,32.09840964632667,111.15029786541312,100.25825999999999,89.36622213458686,-3.718359819592635,-2.3327766016271467,Bearish,156.1117,78.4138,1823690.4761904762,92.86709999999998,94.89769999999999,98.37089999999998,87.36329999999998,83.89009999999999,81.85949999999998
4531,2018-05-16,90.9651,91.4245,89.1274,89.8809,308400,99.76409999999987,103.14819,104.21799400000008,105.8217929999999,30.93143721747233,111.08787023969167,99.51492,87.94196976030834,-3.9330971564409936,-2.6528407125899163,Bearish,156.1117,78.4138,1826100.0,91.16113333333334,92.44136666666667,93.45823333333334,88.86403333333334,87.84716666666667,86.56693333333334
4532,2018-05-17,89.7247,89.7247,86.8395,87.2989,397400,98.93320476190465,102.79847799999999,104.22396600000008,105.60220499999993,27.972269600475304,111.15336115889741,98.65994,86.1665188411026,-4.262488549624862,-2.9747702799969056,Bearish,156.1117,78.4138,1800395.238095238,89.06923333333332,90.83956666666666,91.95443333333331,86.18403333333332,85.06916666666666,83.29883333333332
4533,2018-05-18,88.66799999999998,91.3326,86.0953,87.3357,2693300,98.12069047619036,102.47541399999999,104.22800900000007,105.3882314999999,28.07788037025273,110.98083094149848,97.823795,84.66675905850153,-4.4690477488472595,-3.2736257737669763,Bearish,156.1117,78.4138,1736676.1904761905,90.41376666666666,93.49183333333333,95.65106666666667,85.17646666666666,83.01723333333332,79.93916666666665
4534,2018-05-21,88.2086,89.4766,85.4521,86.3709,723000,97.27841904761893,102.08123199999999,104.21101000000007,105.16943399999992,26.961711034529035,110.75565397692812,96.96927500000001,83.1828960230719,-4.656916662781086,-3.5502839515697984,Bearish,156.1117,78.4138,1824780.9523809524,88.74763333333337,91.12436666666669,92.77213333333337,84.72313333333337,83.07536666666668,80.69863333333336
4535,2018-05-22,87.10600000000002,90.6895,85.9115,90.6435,4859900,96.6680476190475,101.75136799999999,104.24877400000008,105.00449749999993,38.601906616445206,109.85026645263821,96.27049500000001,82.69072354736181,-4.410202943922613,-3.7222677500403614,Bearish,156.1117,78.4138,1820428.5714285714,92.25150000000001,93.8595,97.0295,87.47350000000002,84.30350000000001,82.69550000000002
4536,2018-05-23,90.9651,94.6864,90.9651,92.5639,5549300,96.09399047619036,101.48876399999999,104.28341400000008,104.82498349999993,42.99909979778253,108.8310890376918,95.68335500000002,82.53562096230824,-4.013455694743783,-3.7805053389810457,Bearish,156.1117,78.4138,2026600.0,94.51183333333336,96.45976666666668,98.23313333333336,90.79053333333336,89.01716666666668,87.06923333333336
4537,2018-05-24,92.7017,92.8028,91.0662,91.397,600000,95.47924285714274,101.207416,104.32522200000008,104.66269399999993,41.07416497200123,107.51416842740201,94.99560500000001,82.47704157259801,-3.7499624859028984,-3.774396768365416,Bullish,156.1117,78.4138,2236323.8095238097,92.44446666666668,93.49193333333335,94.1810666666667,90.70786666666667,90.01873333333333,88.97126666666666
4538,2018-05-25,91.7829,90.5057,88.8977,89.5501,544700,94.73629523809511,100.862116,104.30500800000009,104.48711849999994,38.162210292844485,106.39865326731282,94.30004500000001,82.2014367326872,-3.6481183765728105,-3.749141090006895,Bullish,156.1117,78.4138,2237842.8571428573,90.40463333333334,91.25916666666667,92.01263333333334,88.79663333333333,88.04316666666666,87.18863333333333
4539,2018-05-28,89.1274,91.7921,86.0034,87.4919,3337900,93.97584761904749,100.47399800000001,104.2184530000001,104.33241399999996,35.169841255444894,104.93427749595084,93.4492,81.96412250404917,-3.690938879216503,-3.7375006478488166,Bullish,156.1117,78.4138,2236314.285714286,90.85486666666665,94.21783333333333,96.64356666666666,85.06616666666665,82.64043333333332,79.27746666666664
4540,2018-05-29,87.4643,90.0463,87.1979,89.7614,698200,93.27359047619035,100.12814600000002,104.10653800000009,104.19534949999996,40.692154946933314,103.10361379088013,92.71183,82.32004620911988,-3.5013829895018347,-3.6902771161794203,Bullish,156.1117,78.4138,2356700.0,90.80583333333334,91.85026666666667,93.65423333333334,87.95743333333334,86.15346666666667,85.10903333333334
4541,2018-05-30,90.23,90.9651,89.1274,90.3862,1101700,92.60108571428557,99.797362,103.9535510000001,104.03214349999996,42.15305312371153,101.32872229255241,92.07369500000001,82.81866770744762,-3.263127144403427,-3.6048471218242217,Bullish,156.1117,78.4138,2232157.1428571427,91.19173333333333,91.99726666666668,93.02943333333334,89.35403333333332,88.32186666666665,87.51633333333331
4542,2018-05-31,90.864,90.864,88.2086,89.2193,1160100,91.9377714285713,99.444712,103.7632590000001,103.88542949999997,40.16323321312381,99.4771783557967,91.42223500000001,83.36729164420333,-3.13235886525905,-3.5103494705111875,Bullish,153.4308,78.4138,2126828.5714285714,90.65266666666666,92.08603333333333,93.30806666666666,87.99726666666666,86.77523333333333,85.34186666666666
4543,2018-06-01,89.1366,90.4598,88.3005,90.0371,319600,91.35627619047607,99.10841799999999,103.57710200000011,103.71448699999998,42.22171730727181,97.5412382946621,90.860825,84.18041170533792,-2.9289710811401335,-3.3940737926369766,Bullish,153.4308,78.4138,2159300.0,90.89776666666666,91.75843333333333,93.05706666666666,88.73846666666665,87.43983333333333,86.57916666666665
4544,2018-06-04,89.596,94.5302,89.5869,94.5302,6350400,91.03555714285702,98.91123399999998,103.4328440000001,103.56277749999998,51.99330000275464,95.98791031684704,90.57414500000002,85.160379683153,-2.377819158184977,-3.1908228657465765,Bullish,153.4308,78.4138,2120038.095238095,96.17796666666665,97.82573333333332,101.12126666666664,91.23466666666666,87.93913333333333,86.29136666666666
4545,2018-06-05,97.6267,99.253,97.6267,99.253,7681400,90.98742380952368,98.84617999999999,103.34573800000011,103.42416549999999,59.70707894128036,96.76638098166875,90.7014,84.63641901833127,-1.54215974096158,-2.861090240789577,Bullish,149.0086,78.4138,2374776.1904761903,99.79509999999999,100.3372,101.42139999999999,98.16879999999999,97.0846,96.54249999999999
4546,2018-06-06,101.5318,102.91,97.3051,101.0448,4836100,91.19394285714272,98.79601199999998,103.2622160000001,103.30946849999998,62.18937647410462,98.70021795606189,91.15025499999999,83.60029204393808,-0.7269307418154796,-2.4342583409947576,Bullish,148.9741,78.4138,2678314.285714286,103.53483333333331,106.02486666666665,109.13973333333331,97.92993333333331,94.81506666666665,92.32503333333331
4547,2018-06-07,100.1535,102.4506,99.3266,101.0723,1733100,91.62273333333319,98.75980799999998,103.1727210000001,103.18344399999998,62.22783784616131,99.93377362076812,91.423605,82.91343637923187,-0.07774071978573716,-1.9629548167529536,Bullish,148.638,78.4138,2812423.8095238097,102.57306666666666,104.07383333333333,105.69706666666666,99.44906666666667,97.82583333333334,96.32506666666667
4548,2018-06-08,100.1535,102.4506,99.3266,101.0723,1733100,91.88306666666652,98.71000599999998,103.05088200000009,103.05741949999998,62.22783784616131,101.38123584063106,91.88624,82.39124415936894,0.4317698754772863,-1.4840098783069056,Bullish,144.5261,78.4138,2730804.761904762,102.57306666666666,104.07383333333333,105.69706666666666,99.44906666666667,97.82583333333334,96.32506666666667
4549,2018-06-11,100.7967,101.8993,97.6267,98.6007,726100,92.20597619047605,98.61297799999997,102.8970690000001,102.91903699999997,56.2623786128475,102.16361406647394,92.41732999999999,82.67104593352605,0.6288739615041408,-1.0614331103446961,Bullish,143.5607,78.4138,2613042.8571428573,101.12443333333334,103.64816666666667,105.39703333333334,96.85183333333335,95.10296666666667,92.57923333333335
4550,2018-06-12,98.1229,98.1229,94.2729,94.6497,1634800,92.52363333333318,98.44924199999996,102.72414400000011,102.73025499999999,48.29248930460113,102.37228918773502,92.60799,82.84369081226498,0.4609540977188544,-0.756955668731986,Bullish,143.5607,78.4138,2429833.3333333335,97.09076666666665,99.53183333333332,100.94076666666665,93.24076666666666,91.83183333333334,89.39076666666666
4551,2018-06-13,95.0907,97.397,94.9161,96.2301,1050900,92.78047142857127,98.31564399999996,102.5868700000001,102.54118549999997,51.26626735639049,102.72723286935692,92.92544999999998,83.12366713064304,0.4502117075996779,-0.5155221934656533,Bullish,143.5607,78.4138,2318985.714285714,97.4460333333333,98.66196666666666,99.92693333333331,94.9651333333333,93.70016666666665,92.4842333333333
4552,2018-06-14,96.9192,98.2239,95.6512,97.3602,1726400,93.13662857142842,98.16219799999995,102.4516160000001,102.38944599999996,53.333068550160675,103.05475197885683,93.42851499999999,83.80227802114315,0.5268151146846662,-0.3070547318355894,Bullish,143.5607,78.4138,2287590.476190476,98.50566666666667,99.65113333333333,101.07836666666667,95.93296666666667,94.50573333333334,93.36026666666667
4553,2018-06-15,96.9192,98.2239,95.6512,97.3602,1726400,93.61573809523796,97.94718799999995,102.3196700000001,102.23943049999997,53.333068550160675,103.27461468260572,93.92974,84.58486531739428,0.580828438016951,-0.1294780978650813,Bullish,143.5607,78.4138,2355114.285714286,98.50566666666667,99.65113333333333,101.07836666666667,95.93296666666667,94.50573333333334,93.36026666666667
4554,2018-06-18,96.9192,98.2239,95.6512,97.3602,1726400,94.09309523809509,97.74430799999995,102.19838300000009,102.10570699999997,53.33306855016069,103.25675787206498,94.47920500000001,85.70165212793503,0.6165274413340853,0.019723009974752043,Bullish,143.5607,78.4138,2418400.0,98.50566666666667,99.65113333333333,101.07836666666667,95.93296666666667,94.50573333333334,93.36026666666667
4555,2018-06-19,97.8564,98.6834,96.4781,96.9743,536400,94.5980190476189,97.54657399999995,102.07149100000008,101.96324399999997,52.385539782499,103.45295109538003,94.79574500000001,86.13853890461999,0.6066867465958268,0.137115757298967,Bullish,143.5607,78.4138,2372357.1428571427,98.27910000000001,99.58390000000001,100.48440000000002,96.0738,95.1733,93.8685
4556,2018-06-20,96.9376,97.3051,93.1336,94.3556,850000,94.77478571428557,97.25952799999993,101.92539500000008,101.78553349999997,46.36565860988678,103.48519247520187,94.88533000000001,86.28546752479815,0.38316384619866994,0.1863253750789076,Bullish,143.5607,78.4138,2363471.4285714286,96.72926666666669,99.10293333333334,100.90076666666668,92.5577666666667,90.75993333333335,88.3862666666667
4557,2018-06-21,93.7216,94.3556,91.8931,93.0968,1198000,94.80016190476177,96.97137999999994,101.76570000000007,101.60545149999996,43.762309572914376,103.46354200736435,94.97032000000002,86.47709799263568,0.10325543311030572,0.1697113866851872,Bearish,143.5607,78.4138,2172523.8095238097,94.33723333333333,95.57766666666666,96.79973333333332,91.87473333333334,90.65266666666668,89.41223333333335
4558,2018-06-22,92.0677,93.7676,89.8625,91.0019,1059400,94.78134761904748,96.67036799999994,101.56677200000006,101.43536799999997,39.76114768681487,103.372835409244,95.04291000000002,86.71298459075604,-0.2843372601425074,0.07890165731964828,Bearish,143.5607,78.4138,1965319.0476190476,93.2255,95.4491,97.1306,89.32039999999999,87.63889999999999,85.41529999999999
4559,2018-06-25,94.6405,94.8702,86.4536,86.7476,2994700,94.6478952380951,96.29235599999994,101.32530100000005,101.24056499999995,33.135492665087256,103.47570094414674,95.00569500000002,86.5356890558533,-0.9241407974757152,-0.12170683363942446,Bearish,143.5607,78.4138,1987195.238095238,92.26066666666665,97.77373333333333,100.67726666666665,83.84406666666665,80.94053333333332,75.42746666666665
4560,2018-06-26,86.8763,90.0463,86.8303,88.374,1732400,94.68989999999987,95.92371799999994,101.12150300000005,101.04902349999995,37.428211223319344,103.59756634356525,94.93632500000001,86.27508365643477,-1.2851385455575581,-0.3543931760230512,Bearish,143.5607,78.4138,2103861.904761905,90.0034333333333,91.63286666666666,93.21943333333331,86.7874333333333,85.20086666666664,83.57143333333329
4561,2018-06-27,88.66799999999998,92.2423,88.3924,91.3143,5950700,94.76384761904748,95.65504999999993,100.93451900000005,100.88882049999997,44.38028664299979,103.55545263825097,94.98273000000002,86.41000736174907,-1.3187722394045096,-0.5472689886993429,Bearish,143.5607,78.4138,2027409.5238095238,92.90693333333336,94.49956666666668,96.75683333333336,89.05703333333335,86.79976666666667,85.20713333333335
4562,2018-06-28,90.9651,95.0999,89.1274,93.7216,1277500,94.92267619047605,95.44151199999993,100.75451800000006,100.74910149999997,49.34278597184657,103.39096977491808,95.20784500000002,87.02472022508196,-1.1380593529381002,-0.6654270615470944,Bearish,143.5607,78.4138,2277528.5714285714,96.17186666666666,98.62213333333334,102.14436666666667,90.19936666666665,86.67713333333332,84.22686666666664
4563,2018-06-29,93.9973,94.9161,91.4705,92.0861,998500,95.05919047619034,95.20206199999993,100.53923400000006,100.61374749999996,46.319098967963725,103.28044460147369,95.31029500000002,87.34014539852636,-1.1139730817414772,-0.755136265585971,Bearish,143.5607,78.4138,2285900.0,94.17796666666668,96.26983333333334,97.62356666666668,90.73236666666668,89.37863333333334,87.28676666666668
4564,2018-07-02,92.7568,93.2622,89.6052,90.0922,332000,95.06181428571415,94.93467999999993,100.33359800000005,100.47790599999995,42.87001100996239,103.37394384566363,95.08839500000002,86.80284615433641,-1.241464771467875,-0.8524019667623518,Bearish,143.5607,78.4138,2278204.761904762,92.36786666666669,94.64353333333335,96.0248666666667,88.71086666666667,87.32953333333333,85.05386666666666
4565,2018-07-03,90.0003,90.9651,88.2086,88.9712,317000,94.79709999999987,94.62172199999993,100.12024300000006,100.33844249999994,41.02060138755155,103.0364792793372,94.57430500000002,86.11213072066285,-1.4166281777040268,-0.9652472089506868,Bearish,143.5607,78.4138,2278795.238095238,90.55466666666668,92.13813333333334,93.31116666666668,87.79816666666667,86.62513333333334,85.04166666666667
4566,2018-07-04,88.3097,88.3097,84.524,84.524,3103000,94.09571904761891,94.22606799999994,99.89283000000006,100.17855299999995,34.636754762033135,102.73198862759841,93.74826500000003,84.76454137240165,-1.8924829469465436,-1.1506943565498582,Bearish,143.5607,78.4138,1991490.4761904762,87.04780000000002,89.57160000000002,90.83350000000003,83.26210000000002,82.0002,79.47640000000001
4567,2018-07-05,83.6144,84.5424,82.3923,82.6588,2536000,93.2201952380951,93.77620399999995,99.67598400000006,100.00377749999996,32.361977385197726,102.3766040567273,92.82759000000003,83.27857594327276,-2.3925277610602365,-1.3990610374519339,Bearish,143.5607,78.4138,1773471.4285714286,84.00336666666666,85.34793333333333,86.15346666666666,81.85326666666667,81.04773333333334,79.70316666666668
4568,2018-07-06,81.3173,84.0738,81.1335,83.4214,1966000,92.37967619047606,93.37540599999994,99.43873900000006,99.84393499999996,34.26291653583377,101.54548041793149,91.94504500000002,82.34460958206856,-2.6962013019064557,-1.6584890903428382,Bearish,143.5607,78.4138,1663942.857142857,84.61896666666667,85.81653333333334,87.55926666666667,81.67866666666666,79.93593333333332,78.73836666666665
4569,2018-07-09,83.3387,83.9268,79.2591,79.2683,2116500,91.34139047619034,92.87059599999995,99.17218400000006,99.66543899999996,29.41450833662292,101.54778483773224,90.97842500000003,80.40906516226782,-3.2346976509807632,-1.9737308024704232,Bearish,143.5607,78.4138,1675033.3333333333,82.37703333333333,85.48576666666666,87.04473333333333,77.70933333333333,76.15036666666667,73.04163333333334
4570,2018-07-10,79.2499,81.7767,76.815,80.3433,2255000,90.47199047619034,92.38728599999995,98.92859900000005,99.52102349999997,32.09311780196723,101.64687244746109,90.26310500000002,78.87933755253896,-3.533978862922396,-2.2857804145608176,Bearish,143.5607,78.4138,1693290.4761904762,82.475,84.6067,87.4367,77.51329999999999,74.68329999999999,72.55159999999998
4571,2018-07-11,79.9482,82.374,79.2959,81.0692,1269000,89.82529999999986,91.94569199999995,98.70311600000005,99.40717549999998,33.916754546653515,101.21301474767353,89.50506000000003,77.79710525232653,-3.670278628826267,-2.5626800574139077,Bearish,143.5607,78.4138,1766095.238095238,82.53016666666666,83.99113333333332,85.60826666666665,79.45206666666667,77.83493333333334,76.37396666666667
4572,2018-07-12,80.8579,81.9145,78.8364,81.5929,1259500,89.12829047619034,91.53257999999994,98.46008200000004,99.31370349999997,35.26738992822509,100.32574048918099,88.71669500000003,77.10764951081907,-3.693463019448103,-2.788836649820747,Bearish,143.5607,78.4138,1748676.1904761905,82.72613333333334,83.85936666666667,85.80423333333334,79.64803333333333,77.70316666666666,76.56993333333332
4573,2018-07-13,81.7767,82.0064,78.1014,78.5883,1825000,88.23439047619034,91.07903999999995,98.18406200000003,99.19033849999998,31.313155882268585,99.47514818285266,87.77810000000002,76.08105181714738,-3.9092198722777596,-3.0129132943121495,Bearish,143.5607,78.4138,1758609.5238095238,81.02933333333333,83.47036666666666,84.93433333333333,77.12433333333333,75.66036666666666,73.21933333333332
4574,2018-07-16,78.1014,78.7905,75.8043,76.0983,2109000,87.22191904761891,90.59572999999995,97.90372400000003,99.07361749999998,28.464798179559224,98.59862691429379,86.71500500000002,74.83138308570625,-4.232343106007235,-3.2567992566511665,Bearish,143.5607,78.4138,1763304.761904762,77.9911,79.8839,80.9773,75.0049,73.9115,72.01870000000001
4575,2018-07-17,75.8961,78.5424,74.6098,78.1105,1852500,86.30526666666654,90.22378199999994,97.65471800000003,98.98622349999998,33.71235062492299,97.23562391227193,85.77181500000002,74.3080060877281,-4.276753125527392,-3.460790030426412,Bearish,143.5607,76.0983,1781523.8095238095,79.56533333333331,81.02016666666665,83.49793333333331,75.63273333333332,73.15496666666667,71.70013333333333
4576,2018-07-18,78.7445,82.0156,78.2392,81.5654,2650000,85.57150952380938,90.01373599999995,97.41288000000003,98.91381949999997,41.62966976877468,96.0220035753461,85.132305,74.2426064246539,-3.9872048146041266,-3.566072987261955,Bearish,143.5607,76.0983,1787528.5714285714,82.97426666666668,84.38313333333335,86.75066666666669,79.19786666666667,76.83033333333333,75.42146666666666
4577,2018-07-19,83.6144,85.6358,83.5225,85.6358,1037500,85.15628095238081,89.81434599999994,97.18574200000003,98.86159549999996,49.311139944723415,95.0253611349419,84.75925500000001,74.49314886505812,-3.3902082198396926,-3.5309000337775025,Bullish,143.5607,76.0983,1888176.1904761905,86.34023333333336,87.04466666666669,88.45353333333337,84.22693333333335,82.81806666666667,82.11363333333334
4578,2018-07-20,86.3709,87.1979,82.5118,83.4674,3413000,84.69773809523795,89.64730199999994,96.94610900000002,98.80305499999997,45.849560022655126,94.24989554610187,84.38253,74.51516445389814,-3.056818771293891,-3.43608378128078,Bullish,143.5607,76.0983,1897104.761904762,86.27293333333333,89.07846666666667,90.95903333333334,81.58683333333332,79.70626666666665,76.9007333333333
4579,2018-07-23,82.32799999999997,82.9712,80.5822,80.9222,1170000,84.21775238095223,89.50616799999995,96.66953800000003,98.71006549999997,42.112678056566345,94.00597711596414,84.09126,74.17654288403587,-2.9638165677746002,-3.3416303385795443,Bullish,143.5607,76.0983,2002580.9523809524,82.40153333333333,83.88086666666666,84.79053333333333,80.01253333333334,79.10286666666667,77.62353333333334
4580,2018-07-24,82.1443,84.9651,81.9605,84.8089,2752500,84.12543333333319,89.38561599999994,96.43459100000004,98.65663749999996,48.95455128316529,93.63972824896172,83.91300500000001,74.18628175103831,-2.5471257636751687,-3.182729423598669,Bullish,143.5607,76.0983,2007847.619047619,85.86250000000001,86.91610000000001,88.86710000000002,82.8579,80.9069,79.85329999999999
4581,2018-07-25,82.1443,84.9651,81.9605,84.8089,2752500,83.95566666666653,89.28417599999993,96.21618300000004,98.60286499999997,48.954551283165294,92.71958228875228,83.58773500000001,74.45588771124774,-2.191631535236297,-2.984509845926195,Bullish,143.5607,76.0983,1996314.2857142857,85.86250000000001,86.91610000000001,88.86710000000002,82.8579,80.9069,79.85329999999999
4582,2018-07-26,89.0447,89.0447,85.4429,88.6956,3396000,83.83096666666653,89.31210999999993,96.05529400000003,98.54594099999997,55.108140810798,91.57154526939493,83.33643500000001,75.10132473060509,-1.5780844156874707,-2.70322475987845,Bullish,143.5607,76.0983,2044890.4761904762,90.01256666666667,91.32953333333334,93.61436666666668,86.41076666666666,84.12593333333332,82.80896666666665
4583,2018-07-27,88.714,92.7017,86.3709,91.9575,3734000,83.74696190476176,89.40454599999995,95.93998000000003,98.48032799999997,59.518760438646176,91.5379341294392,83.330005,75.1220758705608,-0.8191926905060569,-2.3264183460039716,Bullish,143.5607,76.0983,1923238.0952380951,94.31583333333333,96.67416666666666,100.64663333333333,87.98503333333333,84.01256666666667,81.65423333333334
4584,2018-07-30,92.619,95.5593,92.3434,94.4475,4893500,83.85940952380938,89.56607799999996,95.82365500000003,98.40867449999996,62.54404529007748,92.64473086527767,83.54777,74.45080913472233,-0.016651393677250326,-1.8644649555386272,Bullish,143.5607,76.0983,2040214.2857142857,95.89006666666666,97.33263333333332,99.10596666666665,92.67416666666666,90.90083333333334,89.45826666666667
4585,2018-07-31,95.2837,95.2837,89.7339,89.7522,4303600,83.84321904761889,89.54825199999996,95.64981000000006,98.32544049999996,54.30295592867759,92.78273589274232,83.58682,74.39090410725768,0.23775619094563183,-1.4440207262417755,Bullish,143.5607,76.0983,2225690.476190476,93.44596666666669,97.13973333333334,98.99576666666668,87.8961666666667,86.04013333333336,82.34636666666671
4586,2018-08-01,89.4398,90.8273,88.66799999999998,90.4414,1546000,83.91322857142842,89.50580199999995,95.49728300000004,98.24125599999994,55.23535200146797,93.54892530665352,83.88269,74.21645469334648,0.4893478177476709,-1.0573470174438862,Bullish,143.5607,76.0983,2414814.285714286,91.28980000000001,92.13820000000001,93.44910000000003,89.1305,87.81959999999998,86.97119999999998
4587,2018-08-02,92.518,93.6114,88.66799999999998,89.1091,3381000,84.13156666666652,89.46004399999994,95.33373000000003,98.17523649999995,52.98472038034377,94.11396537927536,84.20520499999999,74.29644462072463,0.5746068094843224,-0.7309562520582444,Bullish,143.4141,76.0983,2473338.095238095,92.2576666666667,95.40623333333336,97.20106666666672,87.31426666666667,85.51943333333331,82.37086666666664
4588,2018-08-03,88.9437,90.23,88.4383,89.5777,1218000,84.46103809523795,89.46059599999994,95.16135600000003,98.08656099999996,53.699314845087166,94.68427372834591,84.51302,74.34176627165408,0.6722381356656513,-0.45031737451346526,Bullish,143.4141,76.0983,2486576.1904761903,90.39236666666665,91.20703333333333,92.18406666666665,88.60066666666664,87.62363333333332,86.80896666666663
4589,2018-08-06,90.0463,91.2867,89.1091,90.717,1423000,84.80844761904748,89.52509799999993,94.99954800000003,98.02293449999998,55.47138263324022,95.30015671282037,85.085455,74.87075328717962,0.8319534124667882,-0.19386321711741455,Bullish,143.4141,76.0983,2423814.285714286,91.63276666666665,92.54853333333332,93.81036666666665,89.45516666666666,88.19333333333333,87.27756666666666
4590,2018-08-07,91.2408,93.2622,90.7354,91.0202,3581500,85.36806190476176,89.55027399999992,94.83921000000004,97.98427099999998,55.9545193570746,95.9026264063724,85.6193,75.33597359362759,0.9717924081090956,0.03926790792788751,Bullish,138.5523,76.0983,2397957.1428571427,92.60979999999998,94.1994,95.13659999999999,90.08299999999997,89.14579999999998,87.55619999999996
4591,2018-08-08,91.7921,93.1244,90.7813,91.1213,3491500,85.88129999999985,89.56497599999992,94.68116900000004,97.93249299999997,56.12546185250811,96.44905725189871,86.121905,75.79475274810129,1.0783432746880095,0.24708298127991193,Bullish,137.9748,76.0983,2467719.0476190476,92.57003333333331,94.01876666666665,94.9131333333333,90.22693333333332,89.33256666666666,87.88383333333333
4592,2018-08-09,91.4153,95.2837,91.2408,94.7232,8611000,86.53149047619033,89.67505399999993,94.55988300000004,97.89760399999996,61.81191819554305,97.53109890948086,86.77842,76.02574109051913,1.4368655402448383,0.4850394930728972,Bullish,134.04399999999998,76.0983,2526600.0,96.25766666666668,97.79213333333334,100.30056666666668,92.21476666666668,89.70633333333333,88.17186666666667
4593,2018-08-10,94.6405,98.6742,94.3648,96.8457,9673000,87.25781428571415,89.81122599999993,94.45982200000005,97.86621599999997,64.71413992886052,98.60647160085297,87.69129,76.77610839914702,1.8707007563905478,0.7621717457364273,Bullish,134.04399999999998,76.0983,2876219.0476190476,98.89166666666668,100.93763333333334,103.20106666666668,94.58226666666668,92.31883333333334,90.27286666666669
4594,2018-08-13,97.397,97.397,92.9406,93.5471,3911500,87.97013809523794,89.79156399999992,94.35139900000004,97.81898149999998,57.41167316971363,98.36552585016919,88.56372999999999,78.7619341498308,1.9261454327851624,0.9949664831461744,Bullish,134.04399999999998,76.0983,3276861.904761905,96.31586666666668,99.08463333333334,100.77226666666668,91.85946666666668,90.17183333333334,87.40306666666667
4595,2018-08-14,97.397,97.397,92.9406,93.5471,3911500,88.8010333333332,89.67744599999993,94.26181300000003,97.78196149999998,57.41167316971363,98.0994123217584,89.33556,80.57170767824161,1.9476346187606026,1.18550011026906,Bullish,134.04399999999998,76.0983,3376219.0476190476,96.31586666666668,99.08463333333334,100.77226666666668,91.85946666666668,90.17183333333334,87.40306666666667
4596,2018-08-15,93.3541,93.9973,89.6328,90.1841,2749000,89.37596666666653,89.46023199999995,94.12812200000003,97.71256749999996,50.65326484026345,97.77469169850185,89.76649499999999,81.75829830149813,1.6740021049947984,1.2832005092142078,Bullish,134.04399999999998,76.0983,3462052.380952381,92.91000000000003,95.6359,97.27450000000002,88.54550000000003,86.90690000000002,84.18100000000004
4597,2018-08-16,89.7706,91.6083,86.8303,88.1167,2188500,89.68793333333319,89.20111999999993,93.98046400000004,97.62977599999996,46.99106656340369,97.71367889596651,89.89054,82.0674011040335,1.2756199121014333,1.281684389791653,Bearish,134.04399999999998,76.0983,3504742.8571428573,90.87323333333333,93.62976666666667,95.65123333333334,86.09523333333333,84.07376666666666,81.31723333333332
4598,2018-08-17,88.8058,92.1045,88.8058,91.3143,2426000,89.95833809523795,89.00595999999994,93.85798300000005,97.56228299999995,52.68857230459939,97.54510482627212,90.282885,83.02066517372786,1.2040393346254064,1.2661553787584037,Bearish,134.04399999999998,76.0983,3482766.6666666665,92.67726666666667,94.04023333333333,95.97596666666666,89.37856666666667,87.44283333333334,86.07986666666667
4599,2018-08-20,92.1137,92.619,89.8625,90.3495,1780500,90.286057142857,88.84093599999994,93.72695700000004,97.49418999999996,50.91053365255453,96.61321746278631,90.75425,84.89528253721369,1.057272337062983,1.2243787704193196,Bearish,134.04399999999998,76.0983,3548885.714285714,92.02483333333335,93.70016666666668,94.78133333333335,89.26833333333335,88.18716666666667,86.51183333333334
4600,2018-08-21,92.1137,92.619,89.8625,90.3495,1780500,90.73497619047605,88.75493199999995,93.60208700000004,97.43109649999997,50.91053365255453,96.22587762006422,91.03128000000001,85.8366823799358,0.9302352610575184,1.1655500685469593,Bearish,134.04399999999998,76.0983,3471147.619047619,92.02483333333335,93.70016666666668,94.78133333333335,89.26833333333335,88.18716666666667,86.51183333333334
4601,2018-08-22,92.1137,92.619,89.8625,90.3495,1780500,90.99881428571415,88.63731999999996,93.47648200000005,97.36149499999998,50.91053365255453,95.67021602507468,91.30831,86.94640397492533,0.8201038167676842,1.0964608181911042,Bearish,134.04399999999998,76.0983,3500219.0476190476,92.02483333333335,93.70016666666668,94.78133333333335,89.26833333333335,88.18716666666667,86.51183333333334
4602,2018-08-23,92.1137,92.619,89.8625,90.3495,1780500,91.26265238095225,88.49710599999997,93.32965200000007,97.29572949999998,50.91053365255453,95.61208103981201,91.391005,87.169928960188,0.7244725847255893,1.0220631714980013,Bearish,134.04399999999998,76.0983,3453933.3333333335,92.02483333333335,93.70016666666668,94.78133333333335,89.26833333333335,88.18716666666667,86.51183333333334
4603,2018-08-24,90.5608,91.1489,88.66799999999998,90.7538,862500,91.36066190476177,88.36497799999998,93.15608300000007,97.22750599999998,51.82682837945212,95.5521961645199,91.33082,87.1094438354801,0.6735435842968798,0.952359254057777,Bearish,134.04399999999998,76.0983,3407647.619047619,91.71246666666667,92.67113333333334,94.19336666666669,89.23156666666665,87.7093333333333,86.75066666666663
4604,2018-08-27,91.3326,92.3342,90.1382,91.6083,1938000,91.3440333333332,88.24993999999997,92.99712400000007,97.17880749999996,53.79007626005262,95.16529890202885,91.18886,87.21242109797116,0.6941314775872485,0.9007136987636712,Bearish,134.04399999999998,76.0983,3287004.761904762,92.58226666666665,93.55623333333332,94.77826666666665,90.38626666666666,89.16423333333333,88.19026666666666
4605,2018-08-28,91.838,95.0999,90.8732,91.3326,7363500,91.19570476190464,88.13710599999996,92.84184000000006,97.11701549999998,53.03901607775406,95.18941331572753,91.26788000000002,87.3463466842725,0.6803581007909543,0.8566425791691279,Bearish,134.04399999999998,76.0983,3201480.9523809524,93.99726666666666,96.66193333333334,98.22396666666667,89.77056666666665,88.20853333333332,85.54386666666664
4606,2018-08-29,91.9299,92.8947,88.2545,88.7783,2646000,91.14932857142844,88.02555999999997,92.64254400000007,97.03689299999998,46.553497424557854,95.24104752261358,91.18472500000001,87.12840247738644,0.4580518015825703,0.7769244236518164,Bearish,134.04399999999998,76.0983,3319100.0,91.69716666666669,94.61603333333335,96.3373666666667,87.05696666666668,85.33563333333333,82.41676666666667
4607,2018-08-30,89.1274,89.1274,87.9329,88.5302,1406500,91.05831904761892,87.93422799999996,92.45280400000007,96.96214549999999,45.965573035176014,95.27865010738431,91.15578000000002,87.03290989261573,0.2588687830964176,0.6733132955407366,Bearish,134.04399999999998,76.0983,3240166.6666666665,89.12743333333334,89.72466666666666,90.32193333333333,87.93293333333335,87.33566666666668,86.73843333333336
4608,2018-08-31,89.5777,89.7706,88.1994,89.0172,2451000,91.05394285714273,87.89453399999996,92.28245100000008,96.89277349999999,47.37059937934389,95.30047041155989,91.12775500000001,86.95503958844013,0.13871264287968188,0.5663931650085257,Bearish,134.04399999999998,76.0983,3233523.8095238097,89.7920666666667,90.56693333333335,91.3632666666667,88.2208666666667,87.42453333333334,86.64966666666669
4609,2018-09-03,89.155,89.155,86.4169,88.5486,1280500,91.00493809523797,87.93055399999997,92.11145500000008,96.82303399999996,46.127706261935835,95.33919593399658,91.01933500000001,86.69947406600345,0.005611249343715485,0.4542367818755636,Bearish,134.04399999999998,76.0983,3189238.095238095,89.66343333333333,90.77826666666667,92.40153333333333,86.92533333333333,85.30206666666666,84.18723333333332
4610,2018-09-04,88.9437,89.449,88.5302,89.0355,508000,90.92486666666653,87.94378399999998,91.93375100000009,96.76510099999997,47.66425206926296,95.32565652102743,90.92010000000002,86.51454347897261,-0.05989338945903455,0.351410747608644,Bearish,134.04399999999998,76.0983,3192214.285714286,89.47960000000002,89.92370000000001,90.39840000000002,88.56080000000001,88.0861,87.64200000000001
4611,2018-09-05,91.4245,92.7017,90.0463,90.3954,2804000,90.89511428571416,87.92540599999998,91.79022800000008,96.72035349999999,51.7993414328781,95.29409123582087,90.88380500000001,86.47351876417915,-0.0020500906354499193,0.2807185799598252,Bearish,134.04399999999998,76.0983,3148642.8571428573,92.04930000000002,93.70320000000001,94.70470000000002,89.39390000000002,88.39240000000001,86.73850000000002
4612,2018-09-06,90.7722,90.9467,86.4169,87.1703,1931000,90.7069714285713,87.79437999999999,91.61794600000009,96.683462,43.1016956748383,94.82935266070491,90.50616000000001,86.1829673392951,-0.21398083838749926,0.1817786962903603,Bearish,129.8977,76.0983,3111619.0476190476,89.93903333333336,92.70776666666669,94.46883333333336,85.40923333333335,83.64816666666667,80.87943333333334
4613,2018-09-07,87.1336,87.5654,85.5164,87.0325,1150500,90.34074761904749,87.69330799999997,91.44768500000008,96.64588150000002,42.77123485044531,93.49433818479372,90.0155,86.53666181520629,-0.3885775115449519,0.06770745472329787,Bearish,129.8977,76.0983,3037309.523809524,87.89313333333331,88.75376666666665,89.9421333333333,85.84413333333332,84.65576666666666,83.79513333333333
4614,2018-09-10,87.3816,88.0248,82.8426,85.0662,1248500,89.77981904761891,87.59278799999998,91.26373400000006,96.58202250000002,38.2631545557306,93.30463865474572,89.59145500000001,85.8782713452543,-0.6777973835452826,-0.08139351293041824,Bearish,129.8977,76.0983,2682047.619047619,87.7798,90.4934,92.96199999999999,82.5976,80.129,77.4154
4615,2018-09-11,84.9375,85.9115,84.5332,85.4613,762500,89.39478095238081,87.52258999999998,91.07215600000006,96.54430450000001,39.63983209486288,92.84997018579341,89.18716500000001,85.5243598142066,-0.8651520139324873,-0.2381452131308321,Bearish,129.8977,76.0983,2280880.9523809524,86.07079999999999,86.6803,87.4491,84.69249999999998,83.92369999999998,83.31419999999997
4616,2018-09-12,85.9207,86.3709,83.7063,84.1933,668500,88.94936190476176,87.51597599999997,90.87102200000008,96.52220650000001,36.80339848157528,93.1121020837914,88.887625,84.6631479162086,-1.103231544703874,-0.4111624794454405,Bearish,129.8977,76.0983,2130928.5714285714,85.80736666666667,87.42143333333334,88.47196666666667,83.14276666666666,82.09223333333333,80.47816666666665
4617,2018-09-13,83.302,88.4016,82.7139,88.0616,2010000,88.84829047619034,87.62403199999997,90.70011800000007,96.54159400000002,48.83221750023597,93.11142588634185,88.88487,84.65831411365816,-0.9686063161663014,-0.5226512467896127,Bearish,129.1132,76.0983,1976500.0,90.07083333333333,92.08006666666667,95.75853333333333,84.38313333333332,80.70466666666665,78.69543333333331
4618,2018-09-14,88.6496,88.9253,84.9008,85.5348,1626000,88.7253428571427,87.66629999999998,90.52085300000006,96.55657100000002,43.065904138907705,92.90796135313934,88.595895,84.28382864686066,-1.0536605523130333,-0.6288531078942968,Bearish,126.6823,76.0983,1941309.5238095238,88.00646666666668,90.47813333333333,92.03096666666667,83.9819666666667,82.42913333333335,79.9574666666667
4619,2018-09-17,87.1519,87.6573,84.0738,86.426,2851500,88.49256666666652,87.80945399999999,90.34002500000005,96.59663200000003,45.509888825564474,92.73176806926085,88.39971999999999,84.06767193073912,-1.0371980814614687,-0.7105221026077312,Bearish,126.6823,76.0983,1914523.8095238095,88.03093333333334,89.63586666666667,91.61443333333334,84.44743333333334,82.46886666666667,80.86393333333334
4620,2018-09-18,87.7492,90.2209,85.1856,89.4674,3087000,88.45056190476176,87.99193599999998,90.18961100000006,96.64546850000005,52.93506204774634,92.62486776565926,88.35561499999999,84.08636223434071,-0.7698614096380254,-0.7223899640137901,Bearish,126.6823,76.0983,1934785.7142857143,91.39699999999999,93.3266,96.4323,86.36169999999998,83.25599999999999,81.32639999999998
4621,2018-09-19,89.9452,89.9452,86.8395,87.1887,924500,88.30004761904746,88.11432599999998,90.03000900000006,96.66526950000004,47.69148084852321,92.3932674643607,88.19757499999999,84.00188253563927,-0.7334128900084096,-0.7245945492127139,Bearish,123.3549,76.0983,1997000.0,89.14276666666665,91.09683333333332,92.24846666666664,86.03706666666665,84.88543333333332,82.93136666666665
4622,2018-09-20,89.9452,89.9452,86.8395,87.1887,924500,88.14953333333317,88.22624199999998,89.87941100000008,96.68337050000002,47.69148084852321,92.13603816747198,88.03953499999997,83.94303183252796,-0.6964983758825412,-0.7189753145466794,Bullish,121.6654,76.0983,1956238.0952380951,89.14276666666665,91.09683333333332,92.24846666666664,86.03706666666665,84.88543333333332,82.93136666666665
4623,2018-09-21,89.9452,89.9452,86.8395,87.1887,924500,87.99901904761889,88.39824999999998,89.73864500000009,96.68502450000001,47.69148084852321,91.77606938927715,87.86127999999998,83.9464906107228,-0.6596394445772802,-0.7071081405527996,Bullish,119.1569,76.0983,1915476.1904761905,89.14276666666665,91.09683333333332,92.24846666666664,86.03706666666665,84.88543333333332,82.93136666666665
4624,2018-09-24,86.8303,88.2086,85.8196,86.4352,1336000,87.79337142857126,88.60498799999998,89.60035900000008,96.68470250000001,45.81708140634951,91.16024715299913,87.60262499999996,84.04500284700079,-0.6833523679754165,-0.702356986037323,Bullish,117.6139,76.0983,1874714.2857142857,87.82266666666665,89.21013333333333,90.21166666666666,85.43366666666664,84.43213333333331,83.04466666666663
4625,2018-09-25,86.279,86.8303,85.6818,85.8656,422000,87.51990952380936,88.76008999999998,89.49193600000008,96.70289600000002,44.396578116301605,90.51968296192352,87.32927499999997,84.13886703807641,-0.7395815544785194,-0.7098018997255623,Bearish,117.6139,76.0983,1897261.9047619049,86.57000000000001,87.2744,87.7185,85.42150000000001,84.9774,84.27300000000001
4626,2018-09-26,86.3709,86.3709,84.6343,85.0018,521500,87.21844285714269,88.82881799999997,89.42127700000009,96.72586700000004,42.256937915785144,90.41147074680023,87.14044999999997,83.86942925319971,-0.8441146031122457,-0.736664440402899,Bearish,117.6139,76.0983,1825071.4285714286,86.03703333333334,87.07226666666668,87.77363333333335,84.30043333333333,83.59906666666666,82.56383333333332
4627,2018-09-27,85.01100000000002,85.1764,82.6956,83.3571,460500,86.96029047619031,88.78324399999998,89.29879500000008,96.72113500000003,38.456615150571814,90.47462585072118,86.88179499999998,83.28896414927878,-1.047595315254199,-0.798850615373159,Bearish,117.6139,76.0983,1499261.9047619049,84.79046666666669,86.22383333333335,87.27126666666669,82.30966666666669,81.26223333333334,79.82886666666668
4628,2018-09-28,83.9819,83.9911,80.4536,81.887,3525500,86.64394761904745,88.75163599999998,89.19946900000008,96.68847050000002,35.39267215109974,90.58455100718689,86.52528499999997,82.46601899281305,-1.3123520519437193,-0.9015509026872711,Bearish,115.3899,76.0983,1395190.4761904762,83.76753333333335,85.64806666666668,87.30503333333336,80.23003333333334,78.57306666666666,76.69253333333333
4629,2018-10-01,81.0508,81.7767,80.3066,80.7292,390500,86.24928095238079,88.74777599999997,89.12697200000008,96.65001700000002,33.15242333792939,90.79975923405733,86.13431499999997,81.46887076594261,-1.5971870786726186,-1.0406781378843406,Bearish,114.9675,76.0983,1496095.238095238,81.5684,82.4076,83.0385,80.0983,79.4674,78.62819999999999
4630,2018-10-02,80.8579,81.9881,80.4444,80.7384,490000,85.87736666666649,88.66636599999998,89.02599100000009,96.61445800000001,33.18861198629089,90.74118839504503,85.71945999999997,80.69773160495491,-1.8014129591163623,-1.192825102130745,Bearish,113.982,76.0983,1397976.1904761905,81.66953333333333,82.60066666666667,83.21323333333333,80.12583333333333,79.51326666666667,78.58213333333333
4631,2018-10-03,80.9498,80.9498,78.8548,79.5256,1021000,85.42451428571411,88.56069999999998,88.9224380000001,96.57021600000002,30.81994200535022,90.4043663044518,85.17596999999996,79.94757369554813,-2.037637646539622,-1.3617876110125204,Bearish,113.982,76.0983,1360333.3333333333,80.69866666666665,81.87173333333332,82.79366666666665,78.60366666666665,77.68173333333333,76.50866666666666
4632,2018-10-04,79.8931,79.9299,77.5041,78.083,450500,84.83820952380935,88.34844799999998,88.8302790000001,96.5271225,28.238303167970997,90.70298543915436,84.72160499999997,78.74022456084558,-2.3145722290331747,-1.5523445346166513,Bearish,113.982,76.0983,1384761.9047619049,79.50723333333335,80.93146666666668,81.93303333333336,77.08143333333334,76.07986666666666,74.65563333333333
4633,2018-10-05,78.1014,78.5608,74.1871,74.3984,1913000,84.23002380952364,87.99726599999997,88.7009060000001,96.4644575,22.950404577637997,91.46732314660024,84.08989999999997,76.7124768533997,-2.799095081653107,-1.8016946440239425,Bearish,113.982,76.0983,1272690.4761904762,77.24376666666667,80.08913333333334,81.61746666666667,72.87006666666667,71.34173333333334,68.49636666666667
4634,2018-10-08,75.6205,76.0799,70.6863,70.7231,3152500,83.45338571428555,87.52277799999996,88.5444280000001,96.37771899999998,19.1069406746625,92.74892563061374,83.37274499999997,73.99656436938619,-3.4399948085587084,-2.1293546769308955,Bearish,113.982,74.3984,1271833.3333333333,74.30656666666668,77.89003333333334,79.70016666666668,68.91296666666669,67.10283333333335,63.5193666666667
4635,2018-10-09,71.6695,74.2514,71.6695,73.4245,2361000,82.89901904761889,87.19622399999997,88.3722380000001,96.31050599999999,28.575048579096098,93.03662567581665,82.77090499999997,72.50518432418329,-3.68742570788865,-2.4409688831224465,Bearish,113.982,70.7231,1367166.6666666667,74.56076666666667,75.69703333333334,77.14266666666667,71.97886666666666,70.53323333333333,69.39696666666666
4636,2018-10-10,73.498,73.5899,69.7583,73.0845,1333500,82.30964761904745,86.84908599999997,88.17744400000011,96.23042899999999,28.128798986426816,93.28396144157173,82.21546499999997,71.1469685584282,-3.866382387330745,-2.7260515839641064,Bearish,113.982,70.7231,1420142.857142857,74.53016666666666,75.97583333333333,78.36176666666665,70.69856666666666,68.31263333333334,66.86696666666667
4637,2018-10-11,72.6435,72.6435,70.8425,71.0447,289000,81.68352380952365,86.48779799999998,87.9739210000001,96.14957149999998,25.550767813008264,93.1007864895476,81.36461999999997,69.62845351045235,-4.12524836253661,-3.005890939678607,Bearish,113.982,70.7231,1447333.3333333333,72.17796666666666,73.31123333333333,73.97896666666666,70.37696666666666,69.70923333333333,68.57596666666666
4638,2018-10-12,70.8885,70.8885,67.498,67.498,1183000,80.70430476190461,86.04620399999997,87.7534000000001,96.029204,21.808136236420875,93.48057136898326,80.46277999999998,67.4449886310167,-4.563979843253023,-3.31750872039349,Bearish,113.982,70.7231,1429261.9047619049,69.75833333333334,72.01866666666666,73.14883333333333,66.36783333333335,65.23766666666668,62.97733333333336
4639,2018-10-15,67.5347,67.6633,64.1258,64.1258,4024000,79.68482857142843,85.51437999999999,87.51973900000009,95.86909599999998,18.96385064796364,93.86525213280729,79.34776999999998,64.83028786719268,-5.124711574945337,-3.6789492913038595,Bearish,113.982,67.498,1389880.9523809524,66.48413333333335,68.84246666666668,70.02163333333336,62.94663333333334,61.767466666666664,59.40913333333333
4640,2018-10-16,63.1243,67.3234,62.1595,63.2162,2792000,78.57959999999986,84.95829999999998,87.25428700000009,95.68041249999999,18.271615866814663,93.37894358500392,78.03520999999998,62.69147641499603,-5.578190720004045,-4.058797577043896,Bearish,113.982,64.1258,1504071.4285714286,66.30656666666667,69.39693333333335,71.47046666666668,61.14266666666667,59.06913333333333,55.978766666666665
4641,2018-10-17,64.3188,66.377,63.6388,66.377,767000,77.48005714285699,84.463414,87.01419500000009,95.48387299999999,28.094126446643457,92.53567991926064,76.99462499999998,61.453570080739325,-5.617767933710965,-4.37059164837731,Bearish,113.982,63.2162,1501238.0952380951,67.28973333333332,68.20246666666665,70.02793333333331,64.55153333333332,62.72606666666667,61.81333333333333
4642,2018-10-18,66.8364,69.694,66.2024,69.5653,2327000,76.64084761904748,83.96025599999999,86.81765500000009,95.29045699999998,36.397771412026984,91.23541541186034,76.11345499999999,60.99149458813963,-5.3304182528977435,-4.562556969281397,Bearish,113.982,63.2162,1390761.9047619049,70.77206666666667,71.97883333333334,74.26366666666668,67.28046666666667,64.99563333333333,63.788866666666664
4643,2018-10-19,69.8318,73.0386,68.086,73.0018,1858000,75.96528095238081,83.48337799999999,86.6473020000001,95.11220199999997,43.915537669373414,89.68925173494854,75.40410999999999,61.118968265051436,-4.770404477298811,-4.60412647088488,Bearish,113.982,63.2162,1457547.619047619,74.66493333333334,76.32806666666667,79.61753333333334,69.71233333333333,66.42286666666666,64.75973333333333
4644,2018-10-22,73.9666,75.3448,72.7721,73.1029,1541000,75.29452857142844,83.074494,86.43302900000009,94.93293649999998,44.12478272316932,88.11695299835964,74.737495,61.358037001640355,-4.26921870465236,-4.5371449176383765,Bullish,113.982,63.2162,1502000.0,74.70776666666666,76.31263333333334,77.28046666666667,72.13506666666665,71.16723333333331,69.56236666666663
4645,2018-10-23,71.6695,72.9099,70.0707,70.5669,629000,74.53889523809511,82.61489,86.14616800000009,94.74595299999999,40.084836927482456,86.43776045829827,73.97256,61.50735954170173,-4.030201718052965,-4.435756277721294,Bullish,113.982,63.2162,1531357.142857143,72.2943,74.0217,75.1335,69.45510000000002,68.34330000000001,66.61590000000002
4646,2018-10-24,74.0952,74.0952,74.0952,74.0952,157000,73.97839999999987,82.29311200000001,85.87667200000008,94.56944399999999,47.31255253893437,84.82310049541915,73.42723,62.031359504580834,-3.5155496434460076,-4.251714950866237,Bullish,113.982,63.2162,1497690.4761904762,74.0952,74.0952,74.0952,74.0952,74.0952,74.0952
4647,2018-10-25,77.7981,77.7981,76.2821,77.7981,2898500,73.63536666666653,82.08674,85.6439300000001,94.40832549999999,53.63410978755174,83.81029668727501,73.14928,62.488263312725,-2.776880928087891,-3.956748146310568,Bullish,113.982,63.2162,1485071.4285714286,78.30343333333336,78.80876666666668,79.81943333333336,76.78743333333335,75.77676666666667,75.27143333333335
4648,2018-10-26,78.2851,81.6848,76.7231,81.6848,3085500,73.55573333333321,81.89415000000001,85.4500550000001,94.25046849999998,59.1714880125425,83.76735602266433,73.13917000000001,62.510983977335684,-1.8564563684416555,-3.5366897907367854,Bullish,113.982,63.2162,1598261.9047619049,83.33869999999997,84.99259999999998,88.30039999999997,78.37699999999998,75.0692,73.41529999999999
4649,2018-10-29,83.155,85.7645,83.0631,85.7645,4073000,73.74037619047606,81.80245000000001,85.32169300000008,94.109381,64.02777928392346,84.92622329778698,73.390935,61.85564670221303,-0.7887236636653512,-2.9870965653224983,Bullish,113.982,63.2162,1723261.9047619049,86.66496666666667,87.56543333333333,89.36636666666666,83.96356666666668,82.16263333333335,81.26216666666669
4650,2018-10-30,87.10600000000002,87.10600000000002,83.6144,85.2407,2552000,73.9552095238094,81.70027400000001,85.22760300000009,93.97587349999998,62.99180921994941,85.86947836866308,73.61605,61.36262163133692,0.015022742226804553,-2.386672703812638,Bullish,113.982,63.2162,1749333.3333333333,87.02633333333337,88.8119666666667,90.51793333333339,83.53473333333335,81.82876666666667,80.04313333333333
4651,2018-10-31,83.6603,85.6818,83.3387,84.4781,1047500,74.13329047619035,81.582846,85.11008300000009,93.84847649999998,61.433337706550105,86.76768616023436,73.86367500000001,60.95966383976567,0.583733199923202,-1.7925915230654699,Bullish,113.982,63.2162,1852261.9047619049,85.66036666666666,86.84263333333332,88.00346666666665,83.31726666666667,82.15643333333334,80.97416666666668
4652,2018-11-01,83.3571,85.9115,83.2928,84.8548,618500,74.3870619047618,81.47295200000002,84.98502900000008,93.71832249999997,61.93433082190168,87.86445209918192,74.20226500000001,60.540077900818105,1.052701983589344,-1.2235328217345072,Bullish,113.982,63.2162,1878809.5238095238,86.07993333333334,87.30506666666668,88.69863333333335,83.46123333333334,82.06766666666667,80.84253333333334
4653,2018-11-02,84.5332,87.7492,84.2576,85.4521,1688000,74.73797142857131,81.36691800000001,84.8659480000001,93.59280899999996,62.76038115004974,89.27175327117361,74.75495000000001,60.2381467288264,1.4557789282441291,-0.6876704717387799,Bullish,113.982,63.2162,1859642.857142857,87.38166666666666,89.31123333333333,90.87326666666667,83.89006666666666,82.32803333333332,80.39846666666665
4654,2018-11-05,85.4429,85.4429,81.1795,81.4367,1465500,75.07312857142844,81.16348600000002,84.70671300000011,93.45254799999995,54.23907282781671,89.96263595325534,75.29063000000001,60.61862404674467,1.4346730708854096,-0.263201763213942,Bullish,113.982,63.2162,1918571.4285714286,84.19323333333334,86.94976666666666,88.45663333333333,79.92983333333335,78.42296666666668,75.66643333333336
4655,2018-11-06,79.7093,81.4827,78.2116,78.9926,501500,75.46691428571417,80.91668600000001,84.52689600000011,93.29919349999996,49.80625921084492,90.30002781980198,75.56903500000001,60.83804218019804,1.2068166519190697,0.03080191981266034,Bullish,113.982,63.2162,1897261.9047619049,80.91300000000001,82.8334,84.1841,77.64190000000002,76.29120000000002,74.37080000000003
4656,2018-11-07,80.9038,82.9253,79.985,82.5118,888500,75.89964285714274,80.79135600000001,84.4084580000001,93.16692649999997,55.45181715320415,91.02436556122451,76.0404,61.0564344387755,1.2952776723651596,0.2836970703231602,Bullish,113.982,63.2162,1771023.8095238095,83.62973333333333,84.74766666666666,86.57003333333333,80.68943333333334,78.86706666666667,77.74913333333335
4657,2018-11-08,83.5133,83.5133,80.8579,81.9881,615000,76.3236238095237,80.660514,84.29737100000011,93.03153549999998,54.469983625015196,91.60107283126347,76.58757000000001,61.57406716873656,1.3080471023743172,0.4885670767333916,Bullish,113.982,63.2162,1700904.761904762,83.38163333333333,84.77516666666666,86.03703333333333,80.72623333333333,79.46436666666666,78.07083333333333
4658,2018-11-09,82.181,84.5332,82.181,83.0631,1107500,76.89592857142846,80.54143200000001,84.21798300000012,92.89237749999997,56.18495133776755,92.02341638069606,77.36582500000002,62.70823361930397,1.3889001076250906,0.6686336829117314,Bullish,113.982,63.2162,1666690.4761904762,84.33719999999998,85.61129999999999,86.68939999999998,81.98499999999999,80.9069,79.63279999999999
4659,2018-11-12,83.155,83.3296,80.8579,81.2254,1041500,77.54961428571417,80.394968,84.1627610000001,92.74403099999996,52.54151200436711,91.6312723042312,78.22080500000001,64.81033769576882,1.2898214068087412,0.7928712276911334,Bullish,113.982,63.2162,1705666.6666666667,82.7507,84.276,85.2224,80.279,79.3326,77.8073
4660,2018-11-13,80.8579,81.1795,79.5807,80.1963,257500,78.31487619047608,80.21818400000001,84.0809840000001,92.60124349999997,50.564081180333694,90.58980467081268,79.06981000000002,67.54981532918735,1.1154033773166248,0.8573776576162316,Bullish,113.982,63.2162,1698928.5714285714,81.05696666666667,81.91763333333334,82.65576666666668,79.45816666666666,78.72003333333332,77.85936666666665
4661,2018-11-14,80.2514,83.743,79.4429,82.5118,1546500,79.23371428571417,80.06051200000002,83.9929590000001,92.46373899999998,54.69561108404574,89.88928855635669,79.87655000000002,69.86381144364336,1.1507521761211876,0.9160525613172228,Bullish,113.982,63.2162,1519571.4285714286,84.35556666666666,86.19933333333333,88.65566666666666,80.05546666666666,77.59913333333333,75.75536666666666
4662,2018-11-15,83.2928,84.2116,81.1335,83.2469,2207500,80.03704285714275,79.98204400000003,83.8882120000001,92.32136499999997,55.95413015782148,89.47076737965617,80.56063000000003,71.6504926203439,1.2239735748869123,0.9776367640311607,Bullish,113.982,63.2162,1460261.9047619049,84.59450000000001,85.94210000000001,87.67260000000002,81.5164,79.7859,78.4383
4663,2018-11-16,83.6052,84.6251,82.7047,83.449,1285000,80.69817142857133,79.91037400000003,83.8018410000001,92.17053749999997,56.313442325793474,89.36190673490866,81.08299000000002,72.80407326509139,1.283514288166188,1.0388122688581662,Bullish,113.982,63.2162,1528857.142857143,84.48116666666667,85.51333333333334,86.40156666666667,82.56076666666667,81.67253333333333,80.64036666666667
4664,2018-11-19,82.6956,83.8441,81.7767,82.4842,926000,81.14971428571418,79.85873400000003,83.7257610000001,92.02967949999997,54.04675296762612,88.98957374067243,81.55205500000002,74.11453625932762,1.2385719491323925,1.0787642049130115,Bullish,113.982,63.2162,1479238.0952380951,83.62663333333333,84.76906666666666,85.69403333333332,81.55923333333334,80.63426666666668,79.49183333333335
4665,2018-11-20,82.66799999999998,82.7047,81.5929,81.84100000000002,678000,81.5658142857142,79.78632800000003,83.65445900000012,91.88735099999997,52.52875747389831,87.5863727150025,82.11576000000004,76.64514728499758,1.1379365330901692,1.090598670548443,Bullish,113.982,63.2162,1434857.142857143,82.4995,83.158,83.6113,81.3877,80.9344,80.2759
4666,2018-11-21,82.66799999999998,82.7047,81.5929,81.84100000000002,678000,82.1026761904761,79.73928200000002,83.62762900000013,91.76022949999997,52.52875747389831,86.56221880283955,82.50305000000004,78.44388119716054,1.0461231839620382,1.081703573231162,Bearish,113.982,63.2162,1393761.9047619049,82.4995,83.158,83.6113,81.3877,80.9344,80.2759
4667,2018-11-22,80.9498,83.3387,80.3893,80.57300000000002,1058000,82.41114285714278,79.58951000000002,83.60677100000014,91.64137749999996,49.3591112566369,86.20796358404765,82.64179500000004,79.07562641595244,0.8611170194432844,1.0375862624735865,Bearish,113.982,63.2162,1396095.238095238,82.47803333333336,84.38306666666668,85.42743333333335,79.52863333333336,78.48426666666668,76.57923333333336
4668,2018-11-23,80.8854,81.2989,79.3326,79.5072,775000,82.4925285714285,79.46895800000001,83.56762900000014,91.50318399999996,46.80272793481618,86.33450785419315,82.53291500000005,78.73132214580694,0.6213347877611284,0.954335967531095,Bearish,113.982,63.2162,1439000.0,80.7598666666667,82.01253333333335,82.7261666666667,78.79356666666669,78.07993333333334,76.82726666666669
4669,2018-11-26,79.83800000000002,80.3985,78.6619,79.0478,340500,82.36695714285706,79.32139400000001,83.56542400000015,91.36880399999997,45.703944048491564,85.98410318851474,82.19708000000006,78.41005681148538,0.38974318416103415,0.8414174108570828,Bearish,113.982,63.2162,1337880.9523809524,80.0769,81.106,81.81349999999999,78.3403,77.6328,76.6037
4670,2018-11-27,78.7262,79.7093,77.5501,78.1841,757500,82.00598571428563,79.09572800000002,83.54383200000015,91.23621549999996,43.63006425776443,85.74446355183923,81.84425000000005,77.94403644816086,0.1349561080166808,0.7001251502890024,Bearish,113.982,63.2162,1207166.6666666667,79.4122333333333,80.64036666666665,81.5714333333333,77.2530333333333,76.32196666666665,75.09383333333331
4671,2018-11-28,78.1014,79.4337,77.3203,77.8257,1726000,81.6528904761904,78.90846800000001,83.51139700000014,91.10725649999996,42.76292848334045,85.58734308464493,81.51163000000005,77.43591691535518,-0.09479167082025697,0.5411417860671505,Bearish,113.982,63.2162,1049285.7142857143,79.06616666666667,80.30663333333334,81.17956666666667,76.95276666666668,76.07983333333334,74.83936666666668
4672,2018-11-29,77.7981,77.8257,76.2637,76.5301,384500,81.2744142857142,78.69529600000001,83.46076900000014,90.96042549999997,39.6918546005672,85.4135198182349,81.09539500000004,76.77727018176518,-0.3770659514381407,0.35750023856609225,Bearish,113.982,63.2162,1009952.380952381,77.48263333333333,78.43516666666666,79.04463333333332,75.92063333333333,75.31116666666667,74.35863333333333
4673,2018-11-30,77.1825,77.1825,72.7078,73.1948,1443000,80.7191761904761,78.415418,83.40683400000015,90.79544799999998,33.101368829654184,85.56499913343846,80.48253000000004,75.40006086656162,-0.8599877843844723,0.11400263397597935,Bearish,113.982,63.2162,978380.9523809524,76.01559999999999,78.8364,80.49029999999999,71.5409,69.887,67.0662
4674,2018-12-03,69.5378,69.5378,69.5378,69.5378,312500,79.96135238095229,78.07747,83.34122900000015,90.62247649999998,27.675322834572526,86.82955800175206,79.88758500000004,72.94561199824803,-1.5202714109448863,-0.21285217500819384,Bearish,113.982,63.2162,1017642.8571428572,69.5378,69.5378,69.5378,69.5378,69.5378,69.5378
4675,2018-12-04,66.7169,72.5424,66.524,71.0447,6137500,79.46649523809515,77.781052,83.27057100000015,90.46264449999997,32.579578860390285,87.4298638854664,79.49019000000004,71.55051611453368,-1.9000540652478293,-0.550292553056121,Bearish,113.982,63.2162,952142.8571428572,73.55006666666668,76.05543333333334,79.56846666666668,67.53166666666668,64.01863333333334,61.51326666666668
4676,2018-12-05,70.7598,74.426,67.498,72.6894,2672500,79.16634285714277,77.53480400000001,83.18181100000014,90.29734549999998,37.55650054950744,87.33560102413419,78.99907000000005,70.6625389758659,-2.0447504004966106,-0.8491841225442189,Bearish,113.982,63.2162,1174619.0476190476,75.5776,78.4658,82.5056,68.6496,64.6098,61.72160000000001
4677,2018-12-06,71.3479,73.4153,69.06,69.2254,4079000,78.53365714285705,77.25217,83.01770700000014,90.10172449999996,32.17011077589869,87.59061264274855,78.36093500000004,69.13125735725153,-2.4111449605861424,-1.1615762901526037,Bearish,113.982,63.2162,1278000.0,72.07379999999998,74.92219999999999,76.42909999999998,67.71849999999998,66.21159999999999,63.36319999999998
4678,2018-12-07,69.6664,72.5883,68.8211,71.1917,1776000,78.01954285714277,77.038264,82.89495000000014,89.92052949999996,37.63764771399376,87.23494985407208,77.76736500000004,68.299780145928,-2.5138729497094374,-1.4320356220639705,Bearish,113.982,63.2162,1429928.5714285714,72.91296666666668,74.63423333333334,76.68016666666668,69.14576666666667,67.09983333333334,65.37856666666667
4679,2018-12-10,72.8088,74.7476,71.8992,74.7476,1821000,77.62356666666658,76.918632,82.83320400000014,89.75137099999995,46.0992038716363,86.8587678238828,77.44347500000003,68.02818217611727,-2.282048178228152,-1.6020381332968068,Bearish,113.982,63.2162,1485214.2857142857,75.69706666666669,76.64653333333335,78.5454666666667,72.84866666666667,70.94973333333333,70.00026666666666
4680,2018-12-11,75.7859,75.7859,72.9559,73.5531,1622500,77.25821904761895,76.774926,82.72064600000013,89.57761849999996,43.942295048460295,86.58326370810957,77.11131500000003,67.6393662918905,-2.1697005860051775,-1.715570623838481,Bearish,113.982,63.2162,1519190.4761904762,75.24069999999999,76.9283,78.07069999999999,72.41069999999999,71.2683,69.5807
4681,2018-12-12,72.0462,73.0477,69.8777,71.2928,2328000,76.83424285714275,76.61027,82.58548500000012,89.40083399999995,40.117269485603984,86.00537046975298,76.55036500000003,67.09535953024708,-2.237261867471446,-1.8199088725650738,Bearish,113.982,63.2162,1546857.142857143,72.93443333333335,74.57606666666668,76.10443333333335,69.76443333333334,68.23606666666667,66.59443333333334
4682,2018-12-13,70.7966,72.1105,67.7368,67.9022,1615000,76.13854761904751,76.406654,82.37755100000011,89.21642249999994,35.17146224024217,85.4284379590215,75.78313000000003,66.13782204097856,-2.5351738473385126,-1.9629618675197615,Bearish,113.982,63.2162,1645452.380952381,70.76286666666668,73.62353333333334,75.13656666666668,66.38916666666668,64.87613333333334,62.01546666666668
4683,2018-12-14,65.3295,69.547,64.7782,69.06,4647000,75.46298095238085,76.299886,82.1485760000001,89.04427799999993,37.98308871590149,84.45774808802052,75.06368000000002,65.66961191197952,-2.6473296851564214,-2.0998354310470937,Bearish,113.982,63.2162,1648714.2857142857,70.81193333333334,72.56386666666667,75.58073333333334,66.04313333333334,63.02626666666667,61.274333333333345
4684,2018-12-17,69.8318,69.8318,68.0493,68.7384,677500,74.76247619047608,76.260192,81.8914850000001,88.85756999999992,37.496624664939475,83.50590559873636,74.37639000000001,65.24687440126367,-2.730686769655847,-2.2260056987688444,Bearish,113.982,63.2162,1764880.9523809524,69.69703333333335,70.65566666666668,71.47953333333335,67.91453333333335,67.09066666666668,66.13203333333335
4685,2018-12-18,68.913,69.6021,68.2238,68.8762,555000,74.11447619047607,76.169226,81.6827250000001,88.66626749999992,37.86384162755721,82.47878038837655,73.72815,64.97751961162345,-2.7538834966037626,-2.331581258335828,Bearish,113.982,63.2162,1735952.380952381,69.57759999999998,70.27899999999998,70.95589999999997,68.19929999999998,67.52239999999999,66.82099999999998
4686,2018-12-19,68.8946,69.1335,67.0753,67.8563,538500,73.44853809523796,76.064662,81.45687400000011,88.47707849999992,36.17004460518252,81.296313098137,73.028915,64.76151690186299,-2.822033826872328,-2.429671772043128,Bearish,113.982,63.2162,1718285.7142857143,68.96809999999999,70.0799,71.02629999999999,66.9099,65.9635,64.8517
4687,2018-12-20,67.5531,70.2453,67.5531,69.0324,1269500,72.83860476190463,76.024416,81.25610700000011,88.29491849999991,39.52937331150823,80.12194364130676,72.45188499999999,64.78182635869322,-2.749448087602701,-2.4936270351550425,Bearish,113.982,63.2162,1711642.857142857,70.33409999999998,71.63579999999999,73.02629999999998,67.64189999999998,66.25139999999999,64.94969999999998
4688,2018-12-21,68.9222,72.3127,67.1672,70.622,2514000,72.36474761904749,76.086896,81.06655000000012,88.11395299999991,43.83210620392968,78.99006967528969,72.00762499999999,65.02518032471029,-2.5344404789145045,-2.501789723906935,Bearish,113.982,63.2162,1739809.5238095238,72.90073333333335,75.17946666666668,78.04623333333336,67.75523333333334,64.88846666666666,62.609733333333324
4689,2018-12-24,70.6496,73.8288,69.3816,72.8548,1491500,72.04796666666654,76.261476,80.88792800000012,87.94373799999993,49.29017132614044,77.91100400713292,71.697975,65.48494599286708,-2.1589896119489396,-2.433229701515336,Bullish,113.982,63.2162,1809142.857142857,74.66186666666665,76.46893333333333,79.10906666666665,70.21466666666666,67.57453333333333,65.76746666666666
4690,2018-12-25,70.6496,73.8288,69.3816,72.8548,1491500,71.75306190476178,76.454248,80.70627400000012,87.77274199999992,49.29017132614044,76.92435993164491,71.43151,65.93866006835509,-1.8402290795747973,-2.3146295771272283,Bullish,113.982,63.2162,1843261.9047619049,74.66186666666665,76.46893333333333,79.10906666666665,70.21466666666666,67.57453333333333,65.76746666666666
4691,2018-12-26,74.8854,75.887,73.9758,74.6925,4164500,71.58679523809512,76.62055800000002,80.54198600000012,87.61157749999992,53.594579479766026,76.176167063197,71.27484999999999,66.37353293680297,-1.4229194991725507,-2.136287561536293,Bullish,113.982,63.2162,1898071.4285714286,75.72773333333332,76.76296666666666,77.63893333333331,73.81653333333333,72.94056666666667,71.90533333333333
4692,2018-12-27,75.3265,76.03399999999998,71.1182,71.5868,1981500,71.28970476190463,76.660988,80.31062200000012,87.43525249999993,46.42286756512336,75.30255094562682,71.02768499999999,66.75281905437316,-1.327500090034917,-1.9745300672360178,Bullish,113.982,63.2162,2060309.5238095238,74.70779999999999,77.82879999999997,79.62359999999997,69.79200000000002,67.99720000000002,64.87620000000004
4693,2018-12-28,70.76899999999998,71.5592,68.913,70.7323,2128500,71.01361904761892,76.615598,80.04948800000012,87.25465499999993,44.65241549602001,75.06292659826686,70.90455999999999,66.74619340173312,-1.3057783297130072,-1.8407797197314157,Bullish,113.982,63.2162,2072476.1904761905,71.89,73.0477,74.53620000000001,69.2438,67.75529999999999,66.59759999999999
4694,2018-12-31,71.2928,71.6695,69.1427,70.815,4935000,70.90029523809511,76.56984000000001,79.82216700000012,87.08678299999993,44.871547664491764,75.07983070514504,70.96842,66.85700929485495,-1.2672820408030958,-1.7260801839457518,Bullish,113.982,63.2162,2155523.8095238097,71.9421,73.0692,74.46889999999999,69.4153,68.0156,66.88850000000001
4695,2019-01-01,71.2101,74.3525,71.2101,73.7461,939000,71.10069047619035,76.63342400000002,79.62415700000012,86.94298499999992,52.10878954489209,75.38982408352472,71.10349,66.81715591647527,-0.9888592270896055,-1.5786359925745226,Bullish,113.982,63.2162,2321809.523809524,74.99569999999999,76.2453,78.1381,71.85329999999998,69.96049999999998,68.71089999999997
4696,2019-01-02,73.7461,74.7935,70.5301,71.2193,2384500,71.10900476190464,76.57590600000002,79.43450900000012,86.78131549999993,46.4478581040338,75.25499484863768,71.029985,66.80497515136231,-0.9610207351250182,-1.4551129410846217,Bullish,113.982,63.2162,2351642.8571428573,73.83183333333332,76.44436666666665,78.09523333333331,69.56843333333333,67.91756666666667,65.30503333333334
4697,2019-01-03,71.256,71.8992,69.4183,69.84100000000001,730000,70.97336666666654,76.41676400000001,79.25175200000012,86.61610799999993,43.66152290471503,75.24147669169675,71.06076499999999,66.88005330830323,-1.03820800512284,-1.3717319538922654,Bullish,113.982,63.2162,2172928.5714285714,71.35403333333333,72.86706666666666,73.83493333333332,68.87313333333334,67.90526666666668,66.39223333333335
4698,2019-01-04,70.7415,71.0998,68.913,69.2621,745500,70.97511428571416,76.16831,79.03123000000012,86.44460649999994,42.508112233924514,75.21689914298219,70.96428499999999,66.7116708570178,-1.133030988681,-1.3239917608500122,Bullish,113.982,63.2162,2080428.5714285714,70.60360000000001,71.94510000000001,72.79040000000002,68.41680000000001,67.5715,66.23
4699,2019-01-07,69.8318,72.717,69.8318,72.6435,3833000,71.04424761904748,75.90589000000001,78.85417000000012,86.29056349999993,50.7004155901238,74.8266627409642,70.85907999999998,66.89149725903576,-0.924669155415387,-1.2441272397630871,Bullish,113.982,63.2162,1921690.4761904762,73.62973333333333,74.61596666666667,76.51493333333333,70.74453333333334,68.84556666666667,67.85933333333334
4700,2019-01-08,73.3234,76.2729,72.1289,76.2729,4696500,71.11688095238081,75.72653400000002,78.71340400000012,86.15774549999993,57.67225753119062,75.47592709796659,70.99506999999997,66.51421290203335,-0.461360378293719,-1.0875738674692135,Bullish,113.982,63.2162,2019642.857142857,77.65423333333335,79.03556666666668,81.79823333333336,73.51023333333335,70.74756666666667,69.36623333333334
4701,2019-01-09,77.6328,78.2851,76.2637,77.7981,4407500,71.31902380952367,75.59293400000003,78.58789000000012,86.03218599999992,60.21829236292137,76.69559367815671,71.32033499999997,65.94507632184323,0.028556873049964793,-0.8643477193653778,Bullish,113.982,63.2162,2156571.4285714286,78.63423333333333,79.47036666666666,80.65563333333333,76.61283333333333,75.42756666666666,74.59143333333333
4702,2019-01-10,77.8257,79.8288,77.5501,78.4965,3273000,71.662057142857,75.46576800000003,78.46936000000011,85.89950599999993,61.364306728533016,77.82782160637557,71.85004999999998,65.8722783936244,0.4677825614468816,-0.5979216632029258,Bullish,113.982,63.2162,2289190.476190476,79.70016666666668,80.90383333333334,81.97886666666668,77.42146666666667,76.34643333333334,75.14276666666667
4703,2019-01-11,78.1014,78.4597,76.76899999999998,77.2468,1775500,72.10703809523795,75.30166200000002,78.33429000000011,85.74518649999993,58.13696313088249,78.53088286435073,72.25938999999997,65.9878971356492,0.7068832282940605,-0.33696068490352854,Bullish,113.982,63.2162,2334190.476190476,78.21466666666669,79.18253333333335,79.90536666666671,76.52396666666667,75.80113333333331,74.83326666666665
4704,2019-01-14,77.7522,79.8288,77.6879,78.2759,1704000,72.54589047619034,75.23844600000002,78.20096600000011,85.59904499999993,60.00247896653169,79.30758055208682,72.73626499999997,66.16494944791313,0.9682506085498943,-0.07591842621284395,Bullish,113.982,63.2162,2341833.3333333335,79.50716666666666,80.73843333333333,81.64806666666667,77.36626666666666,76.45663333333333,75.22536666666666
4705,2019-01-15,78.1197,79.4704,77.1917,78.86399999999998,1932000,73.02806190476177,75.23587400000002,78.07628000000011,85.45905999999994,61.07013029441525,80.0704507893335,73.23565499999998,66.40085921066645,1.2089053867155855,0.1810463363728419,Bullish,113.982,63.2162,2201690.476190476,79.82569999999998,80.78739999999999,82.10439999999998,77.54699999999998,76.22999999999999,75.26829999999998
4706,2019-01-16,79.0202,79.7001,76.9069,77.6879,2073500,73.44766666666654,75.13939600000002,77.9653760000001,85.30395999999993,57.75020975652101,80.35481638094807,73.72723499999998,67.09965361905189,1.2898559350024783,0.4028082560987692,Bullish,113.982,63.2162,2261428.5714285714,79.2897,80.89150000000001,82.08290000000001,76.49649999999998,75.30509999999998,73.70329999999997
4707,2019-01-17,77.2101,77.8716,75.8226,77.6695,1057000,73.91496190476177,75.05302400000001,77.8567690000001,85.15478649999994,57.6973636411826,80.63047590470309,74.15908999999998,67.68770409529687,1.3371117100420378,0.589668946887423,Bullish,113.982,63.2162,2333738.095238095,78.41986666666668,79.17023333333334,80.46886666666668,76.37086666666667,75.07223333333333,74.32186666666666
4708,2019-01-18,77.4122,78.5516,76.76899999999998,77.4674,2037000,74.31662857142844,74.94111000000002,77.74127100000011,85.01186099999994,57.07952787123971,80.91205593675997,74.50135999999998,68.09066406323998,1.3427757878075965,0.7402903150714577,Bullish,113.982,63.2162,2358428.5714285714,78.423,79.3786,80.20560000000002,76.64039999999999,75.81339999999997,74.85779999999997
4709,2019-01-21,77.596,78.1014,75.9421,76.3464,650000,74.5892190476189,74.84353000000002,77.61924900000011,84.86535199999993,53.64794751840133,81.08793752351764,74.67593999999997,68.2639424764823,1.2424866659679878,0.8407295852507637,Bullish,113.982,63.2162,2394976.1904761903,77.65116666666667,78.95593333333333,79.81046666666667,75.49186666666667,74.63733333333333,73.33256666666666
4710,2019-01-22,76.2729,78.8272,75.8043,78.2759,1969000,74.84736666666652,74.80512200000003,77.51165300000011,84.72270199999994,58.29546408821319,81.48522574003144,74.94699499999997,68.4087642599685,1.3036734033760808,0.9333183488758271,Bullish,113.6145,63.2162,2306214.285714286,79.46730000000001,80.65870000000001,82.49020000000002,76.4444,74.6129,73.4215
4711,2019-01-23,78.7354,80.5822,78.0187,79.351,4144000,75.15670952380937,74.74190600000003,77.4012090000001,84.59571849999993,60.66220517597869,81.99149422732783,75.17991999999997,68.3683457726721,1.4225180164066273,1.0311582823819871,Bullish,113.6145,63.2162,2328952.380952381,80.61590000000001,81.88080000000001,83.17940000000002,78.0524,76.7538,75.4889
4712,2019-01-24,81.4092,81.4092,78.3311,78.7997,2192000,75.35229047619032,74.65296200000003,77.3175030000001,84.46772449999993,58.818855028936056,82.31668065523301,75.54056499999997,68.76444934476693,1.4554405136082522,1.1160147286272402,Bullish,113.6145,63.2162,2455261.904761905,80.69556666666666,82.59143333333333,83.77366666666666,77.61746666666667,76.43523333333334,74.53936666666668
4713,2019-01-25,79.2499,79.2499,76.9069,77.2652,879000,75.62269047619031,74.52928600000001,77.21983000000009,84.33375749999993,53.90852505575307,82.30614984003545,75.86720999999997,69.4282701599645,1.3422380198077235,1.1612593868633367,Bullish,113.6145,63.2162,2361333.3333333335,78.70776666666664,80.15033333333332,81.05076666666665,76.36476666666664,75.46433333333331,74.02176666666664
4714,2019-01-28,77.8257,77.9176,76.0799,76.9161,1341500,75.917157142857,74.41792400000003,77.1383290000001,84.20103149999994,52.82802175288441,82.18913968052136,76.17226499999997,70.15539031947857,1.2104020144676326,1.171087912384196,Bullish,113.6145,63.2162,2308833.3333333335,77.8625,78.8089,79.7002,76.0248,75.1335,74.1871
4715,2019-01-29,76.815,77.7338,76.6772,77.1825,718000,76.22037142857127,74.32475400000003,77.05554100000009,84.06384849999993,53.59243202361933,82.26958515619698,76.34408499999998,70.41858484380298,1.1145692237941347,1.1597841746661837,Bearish,113.6145,63.2162,2271357.1428571427,77.71846666666667,78.25443333333334,78.77506666666667,76.66186666666667,76.14123333333333,75.60526666666667
4716,2019-01-30,77.1825,77.3663,75.988,76.7507,1062500,76.36344761904745,74.22294800000003,76.98111500000009,83.92606849999993,52.11820299662067,82.05995377225878,76.62065499999997,71.18135622774116,0.9923393254169497,1.1262952048163368,Bearish,113.6145,63.2162,2070547.619047619,77.41533333333334,78.07996666666666,78.79363333333333,76.03703333333334,75.32336666666667,74.65873333333334
4717,2019-01-31,77.1825,78.3311,77.1825,77.8165,1202000,76.67759999999983,74.16781800000003,76.87866400000009,83.78939099999994,55.3807831982426,81.49638765005614,77.01942999999997,72.54247234994381,0.9702875323816471,1.095093670329399,Bearish,113.6145,63.2162,2076428.5714285714,78.3709,78.92530000000001,79.51950000000001,77.2223,76.6281,76.0737
4718,2019-02-01,77.8257,79.9482,77.8257,78.9375,2378000,77.1107666666665,74.15642400000003,76.81269100000009,83.66677199999995,58.57775611221441,80.29740487938875,77.50319999999996,74.70899512061118,1.0313775802043352,1.0823504523043863,Bearish,113.6145,63.2162,2020119.0476190476,79.98189999999998,81.02629999999999,82.10439999999998,77.85939999999998,76.78129999999999,75.73689999999998
4719,2019-02-04,79.4796,81.6665,79.4337,81.1519,3749000,77.67694761904747,74.19850600000002,76.75995000000007,83.54998749999996,64.05640720081684,80.16980667727348,77.92861999999998,75.68743332272648,1.244133856074484,1.1147071330584057,Bullish,113.6145,63.2162,2098595.238095238,82.06769999999999,82.98349999999999,84.30049999999999,79.83489999999999,78.5179,77.6021
4720,2019-02-05,79.4796,81.6665,79.4337,81.1519,3749000,78.08210952380938,74.25786200000002,76.67679500000008,83.43320299999996,64.05640720081682,80.68543616444157,78.17256999999998,75.65970383555839,1.3966450823992602,1.1710947229265767,Bullish,113.6145,63.2162,2241619.0476190476,82.06769999999999,82.98349999999999,84.30049999999999,79.83489999999999,78.5179,77.6021
4721,2019-02-06,81.7767,82.1443,79.8472,80.0125,2201500,78.26018571428557,74.30159800000003,76.60503300000009,83.31752099999996,59.370434462013854,80.91283057043901,78.28329,75.65374942956097,1.4093254439654004,1.2187408671343414,Bullish,113.6145,63.2162,2237619.0476190476,81.48880000000001,82.9651,83.78590000000001,79.19170000000001,78.3709,76.89460000000001
4722,2019-02-07,80.0309,80.3433,79.1121,79.4061,954500,78.336757142857,74.35911800000002,76.52720700000009,83.20330899999995,56.98131793690483,81.0025797629382,78.32876999999999,75.65496023706179,1.3548257221842732,1.2459578381443277,Bullish,113.6145,63.2162,2118809.523809524,80.12889999999999,80.8517,81.36009999999999,78.89769999999999,78.38929999999999,77.66649999999998
4723,2019-02-08,79.8196,79.8931,77.0906,77.9727,4172000,78.31181428571415,74.45467600000002,76.4350470000001,83.08684599999995,51.68665383613138,80.99854457901527,78.36506499999999,75.7315854209847,1.1823416014476749,1.233234590804997,Bearish,113.6145,63.2162,1954380.9523809524,79.547,81.1213,82.3495,76.74449999999999,75.51629999999999,73.94199999999998
4724,2019-02-11,78.5516,78.5608,75.7124,75.8686,2975500,78.24618571428557,74.58129200000002,76.3293810000001,82.96486999999996,45.06682785478807,81.09463704842496,78.2447,75.39476295157503,0.8658820584039262,1.159764084324783,Bearish,110.6558,63.2162,1997190.4761904762,77.71546666666666,79.56233333333333,80.56386666666666,74.86706666666666,73.86553333333333,72.01866666666666
4725,2019-02-12,75.8134,76.5853,74.5271,76.0523,1351000,78.14029999999987,74.68144400000001,76.2312480000001,82.86159199999994,45.72045758402983,81.09204098052369,78.104115,75.1161890194763,0.6227301992283003,1.0523573073054864,Bearish,110.3067,63.2162,2054333.3333333333,76.91603333333335,77.77976666666667,78.97423333333334,74.85783333333335,73.66336666666668,72.79963333333335
4726,2019-02-13,76.7231,77.7706,76.5393,76.76899999999998,1078000,78.04053809523796,74.763036,76.1489200000001,82.78509849999995,48.30485789057838,81.09809061086978,78.05816999999999,75.0182493891302,0.4823026149826859,0.9383463688409263,Bearish,108.7079,63.2162,2037523.8095238095,77.51329999999999,78.2576,78.74459999999999,76.28199999999998,75.79499999999999,75.05069999999998
4727,2019-02-14,77.0814,77.5409,76.2637,77.2285,485500,78.01866190476177,74.92309800000001,76.0876340000001,82.69321449999995,49.95020929551513,81.09334588278745,78.03612,74.97889411721255,0.4034399479528332,0.8313650846633076,Bearish,108.7079,63.2162,1996857.142857143,77.75836666666666,78.28823333333332,79.03556666666665,76.48116666666667,75.73383333333334,75.20396666666667
4728,2019-02-15,77.6236,78.423,77.1366,77.4582,1063000,78.00859999999986,75.04842800000002,76.0433460000001,82.62140749999998,50.793336331007424,81.09323077916247,78.03566,74.97808922083752,0.3553789985938067,0.7361678674494074,Bearish,108.7079,63.2162,1921238.0952380951,78.2086,78.959,79.495,76.9222,76.3862,75.6358
4729,2019-02-18,77.9635,77.9635,74.5638,75.3173,1689000,77.90621428571414,75.05982200000001,75.9892270000001,82.55809949999997,43.44700279724418,81.18503691528126,77.984205,74.78337308471875,0.14289045993824345,0.6175123859471746,Bearish,108.7079,63.2162,1921523.8095238095,77.3326,79.3479,80.7323,73.9329,72.5485,70.53320000000001
4730,2019-02-19,75.3448,75.7675,72.4964,72.6986,1930000,77.73250952380938,75.04273200000002,75.9088290000001,82.46740999999996,36.49417461850968,81.64294955982011,77.70533999999999,73.76773044017988,-0.23411669097353638,0.4471865705630324,Bearish,108.7079,63.2162,1904952.380952381,74.81193333333331,76.92526666666666,78.08303333333332,71.54083333333331,70.38306666666665,68.2697333333333
4731,2019-02-20,72.5883,73.3969,70.622,72.6067,1979000,77.46254761904748,75.06901,75.8396400000001,82.38103899999996,36.27478254168033,81.80743799003494,77.36812499999999,72.92881200996504,-0.5341557215628541,0.2509181121378551,Bearish,108.7079,63.2162,1965904.761904762,73.79506666666667,74.98343333333334,76.56996666666667,71.02016666666667,69.43363333333333,68.24526666666667
4732,2019-02-21,73.0477,73.4612,72.2667,72.5699,1435500,77.13963809523796,75.16236400000001,75.78450900000011,82.30739399999995,36.18098428608758,81.90576966270874,77.056635,72.20750033729126,-0.7660774039725595,0.04751900891577218,Bearish,108.7079,63.2162,1966380.9523809524,73.26516666666667,73.96043333333334,74.45966666666668,72.07066666666667,71.57143333333333,70.87616666666666
4733,2019-02-22,72.4872,73.2775,71.3479,71.8624,850500,76.80929047619033,75.218412,75.75914900000011,82.23002749999996,34.34239858842176,82.13528178523389,76.78649499999999,71.43770821476609,-0.9954909454163783,-0.16108298195065793,Bearish,108.7079,63.2162,1837404.761904762,72.9773,74.0922,74.90690000000001,71.04769999999999,70.23299999999999,69.11809999999998
4734,2019-02-25,71.2101,72.4964,70.6128,70.8058,995000,76.50169999999986,75.25976,75.75997600000011,82.15220199999996,31.74771271574019,82.42963913113024,76.48098,70.53232086886976,-1.2481734528676185,-0.37850107613405004,Bearish,108.7079,63.2162,1773523.8095238095,71.99719999999999,73.1886,73.8808,70.11359999999999,69.42139999999999,68.22999999999999
4735,2019-02-26,70.2912,70.2912,67.2682,67.4061,1917500,76.04884285714272,75.23035800000001,75.6997920000001,82.03601499999995,25.160663305247255,83.11978434683404,75.99216,68.86453565316596,-1.7031210190716592,-0.6434250647215718,Bearish,108.7079,63.2162,1779047.619047619,69.37546666666664,71.34483333333333,72.39846666666665,66.35246666666663,65.2988333333333,63.32946666666662
4736,2019-02-27,65.2376,67.0661,64.0431,66.377,2892000,75.5342952380951,75.200772,75.63271700000011,81.90508049999995,23.56669793784074,83.72587320243082,75.473475,67.22107679756917,-2.122246080695092,-0.9391892679162759,Bearish,108.7079,63.2162,1806476.1904761905,67.61436666666667,68.85173333333334,70.63736666666668,64.59136666666666,62.80573333333332,61.56836666666665
4737,2019-02-28,67.7185,67.9022,64.2085,67.1672,2316500,75.07793809523795,75.16346800000001,75.59394200000011,81.78393149999995,27.37146613426188,83.86675298484853,74.94101,66.01526701515148,-2.3633993787682215,-1.224031290086665,Bearish,108.7079,63.2162,1910000.0,68.64343333333333,70.11966666666666,72.33713333333333,64.94973333333334,62.732266666666675,61.25603333333335
4738,2019-03-01,67.939,69.6664,67.6266,68.5271,1466500,74.63558571428558,75.12157,75.60423300000011,81.67881649999995,33.50601426370033,83.56479890683266,74.42049,65.27618109316734,-2.4169217703780106,-1.462609386144934,Bearish,108.7079,63.2162,1969714.2857142857,69.58680000000001,70.6465,71.62660000000001,67.54700000000001,66.5669,65.50720000000001
4739,2019-03-04,69.1427,71.0079,68.913,70.5944,1548500,74.2382952380951,75.076362,75.66891900000012,81.59432899999995,41.5837589583211,82.6315619698057,73.892615,65.15366803019431,-2.2663991795266583,-1.6233673448212789,Bearish,108.7079,63.2162,1982309.5238095238,71.43053333333334,72.26666666666668,73.52543333333335,69.33563333333333,68.07686666666666,67.24073333333332
4740,2019-03-05,70.7598,72.818,70.0156,70.4474,2075000,73.728557142857,75.02821399999999,75.74123100000011,81.49775899999995,41.20048562362585,81.54627200400887,73.35739,65.16850799599112,-2.1343669595772923,-1.7255672677724816,Bearish,108.7079,63.2162,1942809.5238095238,72.17173333333332,73.89606666666666,74.97413333333331,69.36933333333333,68.29126666666667,66.56693333333334
4741,2019-03-06,70.7047,70.9528,69.3724,69.6572,381500,73.18119047619034,74.927508,75.7740330000001,81.39411399999993,39.11351616384491,80.57691454346919,72.839625,65.10233545653081,-2.0696355398497133,-1.7943809221879279,Bearish,108.7079,63.2162,1863095.238095238,70.61586666666668,71.57453333333333,72.19626666666667,69.03546666666668,68.41373333333334,67.45506666666668
4742,2019-03-07,70.0615,71.2101,68.0125,68.7476,1075500,72.64476666666653,74.870724,75.7658560000001,81.29175549999994,36.802569060512745,79.61798088586222,72.3067,64.99541911413779,-2.0678951336261093,-1.8490837644755642,Bearish,108.7079,63.2162,1702738.0952380951,70.63429999999998,72.52099999999999,73.83189999999998,67.43669999999999,66.1258,64.2391
4743,2019-03-08,68.7476,68.7476,67.305,67.6174,467500,72.08339999999987,74.808426,75.7120120000001,81.17965699999993,34.106161567819065,78.88539196873242,71.78893500000001,64.6924780312676,-2.1331242155463457,-1.9058918546897206,Bearish,108.7079,63.2162,1649119.0476190476,68.475,69.3326,69.9176,67.0324,66.4474,65.5898
4744,2019-03-11,68.4535,68.867,67.1764,67.3693,488500,71.57847619047605,74.73951199999999,75.65467600000011,81.04385249999994,33.525479346199,78.45023995734519,71.36397000000001,64.27770004265483,-2.1797119667311904,-1.9606558770980145,Bearish,108.7079,63.2162,1625928.5714285714,68.43206666666666,69.49483333333333,70.12266666666666,66.74146666666665,66.11363333333333,65.05086666666665
4745,2019-03-12,67.6909,67.9022,66.1564,67.3601,912000,71.1733095238094,74.611792,75.62260800000011,80.88438799999993,33.50270052496212,77.87700606594017,70.92936,63.98171393405983,-2.1921062223121197,-2.0069459461408354,Bearish,108.7079,63.2162,1450523.8095238095,68.12273333333333,68.88536666666666,69.86853333333332,66.37693333333334,65.39376666666668,64.63113333333335
4746,2019-03-13,68.0401,68.9038,67.5163,67.7644,610500,70.77864761904749,74.542694,75.5593000000001,80.71798599999994,35.574347145111155,77.00921981104952,70.47913000000001,63.949040188950505,-2.144583702071401,-2.0344734973269487,Bearish,108.7079,63.2162,1352261.9047619049,68.60670000000002,69.44900000000001,69.99420000000002,67.21920000000001,66.674,65.83170000000001
4747,2019-03-14,67.2131,67.7552,66.8456,67.0753,958000,70.31704285714272,74.48737999999999,75.45207200000011,80.54800099999994,33.65009845973715,75.87211495562724,69.97147000000001,64.07082504437278,-2.137882198155495,-2.055155237492658,Bearish,108.7079,63.2162,1317000.0,67.60513333333334,68.13496666666667,68.51473333333334,66.69553333333334,66.31576666666668,65.78593333333335
4748,2019-03-15,66.6618,66.6618,63.7215,63.795,2707000,69.67735238095226,74.378038,75.27317400000011,80.36161449999994,26.3448368832988,74.70774831624365,69.28831000000001,63.86887168375637,-2.369944755507362,-2.118113141095599,Bearish,108.7079,63.2162,1311285.7142857143,65.73069999999998,67.66639999999998,68.67099999999998,62.79039999999998,61.78579999999999,59.850099999999976
4749,2019-03-18,62.9864,66.9834,62.6649,66.8731,1965000,69.17329999999987,74.26262999999999,75.08426000000011,80.20297649999993,39.59637471862265,73.61522310979271,68.86610000000002,64.11697689020733,-2.2792057932558833,-2.1503316715276557,Bearish,108.7079,63.2162,1417071.4285714286,68.34936666666665,69.82563333333333,72.66786666666665,64.03086666666665,61.18863333333333,59.712366666666654
4750,2019-03-19,67.5347,68.5454,65.7154,66.2667,2025000,68.74231904761892,74.062506,74.89452000000011,80.06106149999994,38.14054322335899,73.07818361210579,68.54450500000002,64.01082638789424,-2.2305139476941207,-2.1663681267609487,Bearish,108.7079,63.2162,1460023.8095238095,67.96959999999997,69.67249999999999,70.79959999999997,65.13959999999997,64.01249999999999,62.309599999999975
4751,2019-03-20,65.4214,66.0646,62.9589,63.4367,2055500,68.30127619047606,73.775278,74.68410600000011,79.89709449999994,32.191942787858835,72.73691904971822,68.08600500000001,63.435090950281804,-2.392701089231835,-2.211634719255126,Bearish,108.7079,63.2162,1476023.8095238095,65.34790000000001,67.2591,68.45360000000001,62.24220000000001,61.047700000000006,59.13650000000001
4752,2019-03-21,64.135,64.135,60.5791,62.6189,2516500,67.82566666666654,73.457726,74.46174700000012,79.72338799999994,30.701769791259238,72.34214430725041,67.58845500000001,62.834765692749606,-2.5577411449752674,-2.280856004399154,Bearish,108.7079,63.2162,1482000.0,64.30956666666667,66.00023333333334,67.86546666666668,60.75366666666666,58.888433333333325,57.19776666666665
4753,2019-03-22,62.1136,64.2085,62.1136,63.207,1427000,67.37981428571416,73.17693,74.23929600000011,79.55262199999994,33.10007200845887,71.84977819773935,67.15568500000002,62.461591802260685,-2.610984024603596,-2.346881608440042,Bearish,108.7079,62.6189,1507595.238095238,64.23913333333334,65.27126666666666,66.33403333333334,62.14423333333333,61.081466666666664,60.04933333333333
4754,2019-03-25,63.3907,63.3999,61.8471,62.7659,723000,66.9466476190475,72.86672999999999,74.05258800000011,79.37965049999995,32.19993761199607,71.50526716927384,66.75369000000002,62.0021128307262,-2.6581311921231787,-2.4091315251766696,Bearish,108.7079,62.6189,1507190.4761904762,63.49483333333333,64.22376666666668,65.04763333333334,61.94203333333333,61.11816666666666,60.38923333333332
4755,2019-03-26,62.8486,65.0079,62.2054,64.4107,1891000,66.64211904761892,72.57766399999998,73.90676900000012,79.21683249999995,38.87503720311355,71.45165700301106,66.60392000000002,61.75618299698897,-2.5335686459676054,-2.434018949334857,Bearish,108.7079,62.6189,1501119.0476190476,65.54393333333336,66.6771666666667,68.34643333333337,62.74143333333335,61.07216666666667,59.93893333333334
4756,2019-03-27,64.4107,67.6266,64.4107,67.6266,2689500,66.65261904761893,72.376438,73.75791700000012,79.08318749999995,49.37057652266931,71.53300203714647,66.66640000000002,61.79979796285357,-2.1505652990255726,-2.377328219273,Bullish,108.7079,62.6189,1543785.7142857143,68.69856666666668,69.77053333333333,71.91446666666667,65.48266666666669,63.33873333333335,62.2667666666667
4757,2019-03-28,67.5347,67.5347,66.2483,67.0018,1475000,66.68237142857132,72.16308399999998,73.60805400000012,78.95271249999995,47.6583990827555,71.52186111102641,66.65813000000001,61.79439888897361,-1.875825180492356,-2.2770276115168713,Bullish,108.7079,62.6189,1580547.619047619,67.60823333333332,68.21466666666666,68.89463333333332,66.32183333333332,65.64186666666666,65.03543333333332
4758,2019-03-29,67.1672,69.648,67.0753,69.014,2799000,66.77031428571415,71.99401599999999,73.46756300000011,78.84277299999995,53.27813085774387,71.58807634167742,66.68247500000001,61.7768736583226,-1.478678646821109,-2.1173578185777187,Bullish,108.7079,62.6189,1513071.4285714286,70.0829,71.1518,72.65559999999999,67.5102,66.0064,64.9375
4759,2019-04-01,68.0033,70.5669,67.9941,69.1611,4528500,66.80050476190463,71.85031,73.34692000000013,78.75484049999994,53.66974600214388,71.32382028765723,66.61081000000001,61.897799712342795,-1.1389384435536556,-1.921673943572906,Bullish,108.7079,62.6189,1536047.619047619,70.4873,71.8135,73.0601,67.9145,66.6679,65.3417
4760,2019-04-02,69.1611,69.8318,66.9834,67.2591,1181000,66.64168095238082,71.62997399999999,73.21754800000012,78.64926599999994,48.06043534082929,70.83898942312774,66.45139500000002,62.063800576872296,-1.0115073618648722,-1.7396406272312992,Bullish,108.7079,62.6189,1681857.142857143,69.06613333333333,70.87316666666666,71.91453333333332,66.21773333333333,65.17636666666667,63.36933333333333
4761,2019-04-03,67.2591,68.3433,67.0937,67.4244,992000,66.49772857142845,71.39144199999998,73.06667400000012,78.52981649999994,48.56358555814142,70.50329213444054,66.33975500000001,62.17621786555948,-0.8869547210902908,-1.5691034460030975,Bullish,108.7079,62.6189,1664357.142857143,68.14723333333335,68.87006666666667,69.39683333333335,66.89763333333335,66.37086666666667,65.64803333333334
4762,2019-04-04,67.2591,67.8931,64.0615,64.4107,2328000,66.24789523809511,71.10366199999999,72.87831200000012,78.38326199999995,40.802867706096585,70.21334537824065,66.12291000000002,62.03247462175939,-1.0196721139752754,-1.459217179597533,Bullish,108.7079,62.6189,1612785.7142857143,66.84870000000001,69.28670000000001,70.68030000000002,63.0171,61.62349999999999,59.18549999999999
4763,2019-04-05,64.2544,66.1105,63.4918,65.1733,2162500,66.07769047619034,70.86182399999998,72.69555500000013,78.24869799999993,43.273230121986415,70.05108487031693,66.00070500000001,61.950325129683094,-1.051198594281459,-1.3776134625343182,Bullish,108.7079,62.6189,1705476.1904761905,66.35860000000001,67.54390000000001,68.97730000000001,63.739900000000006,62.3065,61.1212
4764,2019-04-08,64.7874,65.1365,61.9206,62.1319,2265000,65.81647619047605,70.56613999999999,72.49203200000014,78.10889649999994,36.696037027241545,70.06898435967182,65.73883500000001,61.408685640328194,-1.3065381603984747,-1.3633984021071495,Bullish,108.7079,62.6189,1757238.0952380951,64.2054,66.2789,67.42129999999999,60.98949999999999,59.8471,57.773599999999995
4765,2019-04-09,62.1319,65.2376,60.8272,64.3371,4407000,65.67208571428557,70.309232,72.31699300000012,77.98572599999994,43.411950999876936,69.89187834476023,65.587685,61.283491655239764,-1.315787812935767,-1.3538762842728729,Bullish,108.7079,62.1319,1842833.3333333333,66.10740000000001,67.8777,70.51780000000001,61.697,59.0569,57.2866
4766,2019-04-10,64.5485,65.697,61.1304,61.4612,3985000,65.39118571428557,70.00344199999999,72.11319500000012,77.87041199999994,37.78239447482405,69.8097857484554,65.272525,60.735264251544606,-1.537456483009862,-1.3905923240202707,Bearish,108.7079,62.1319,2029428.5714285714,64.39533333333333,67.32946666666666,68.96193333333333,59.82873333333333,58.196266666666666,55.26213333333333
4767,2019-04-11,61.8838,64.4566,61.1212,63.50100000000001,2971000,65.18816666666652,69.717132,71.94247500000012,77.77462299999996,43.38975411309265,69.61450015965254,65.09380999999999,60.573119840347445,-1.530888558047863,-1.4186515708257892,Bearish,107.5042,61.4612,2175761.904761905,64.93133333333333,66.36166666666665,68.26673333333332,61.595933333333335,59.69086666666667,58.26053333333334
4768,2019-04-12,63.5378,66.671,63.5378,66.671,2379500,65.16891428571414,69.471802,71.81411300000012,77.69087099999996,50.80940620182853,69.76685385914251,65.23760999999999,60.708366140857464,-1.255419231561433,-1.386005102972918,Bullish,106.8059,61.4612,2288166.6666666665,67.71540000000002,68.75980000000001,70.84860000000003,64.58220000000001,62.4934,61.449000000000005
4769,2019-04-15,69.9972,69.9972,69.0508,69.9972,5246000,65.464257142857,69.248708,71.72360700000011,77.64451549999995,57.15487476917952,70.3346877784755,65.39381499999999,60.452942221524474,-0.7599510215613918,-1.2607942866906128,Bullish,106.8059,61.4612,2355857.1428571427,70.31266666666669,70.62813333333335,71.2590666666667,69.36626666666668,68.73533333333333,68.41986666666666
4770,2019-04-16,69.648,71.1182,68.4719,68.8303,3270500,65.557457142857,69.002276,71.6300690000001,77.58695049999996,54.498810267292754,70.67524674524505,65.521995,60.36874325475496,-0.4561893069281666,-1.0998732907381235,Bullish,106.8059,61.4612,2476761.904761905,70.47503333333333,72.11976666666666,73.12133333333333,67.82873333333333,66.82716666666667,65.18243333333334
4771,2019-04-17,68.8027,69.4643,65.4214,66.5699,3437500,65.5718952380951,68.733424,71.51751100000011,77.51445399999996,49.68239215709245,70.75878925589033,65.678655,60.59852074410968,-0.39331743014227527,-0.9585621186189538,Bullish,105.152,61.4612,2538928.5714285714,68.88233333333332,71.19476666666665,72.92523333333331,64.83943333333333,63.108966666666674,60.79653333333334
4772,2019-04-18,66.524,69.8226,65.5224,68.7935,4744500,65.82698095238081,68.521172,71.44014500000011,77.45045699999996,53.990084197902924,71.03659671561215,65.987385,60.93817328438786,-0.16219539072150724,-0.7992887730394644,Bullish,105.152,61.4612,2606190.476190476,70.56993333333332,72.34636666666665,74.87013333333331,66.26973333333333,63.745966666666675,61.969533333333345
4773,2019-04-19,69.4183,72.23,68.913,71.0171,8449000,66.22689523809511,68.38206000000001,71.41836800000011,77.41260099999995,57.87391617147478,71.70687309019395,66.37789000000001,61.048906909806064,0.19811270729442754,-0.599808476972686,Bullish,105.152,61.4612,2734238.095238095,72.52706666666667,74.03703333333334,75.84406666666668,69.21006666666666,67.40303333333333,65.89306666666666
4774,2019-04-22,74.5638,74.5638,70.9344,71.0722,8633000,66.60142857142844,68.28613200000001,71.4337120000001,77.38747049999996,57.96859709752217,72.22515948267701,66.793205,61.36125051732298,0.4825431236055522,-0.3833381568570383,Bullish,105.152,61.4612,3016738.095238095,73.44586666666667,75.81953333333334,77.07526666666668,69.81646666666667,68.56073333333333,66.18706666666667
4775,2019-04-23,70.9804,70.9804,67.5255,67.7552,8179000,66.83901428571414,68.12019000000002,71.4008170000001,77.33569399999996,50.596212645487114,72.29373043785031,66.96043,61.62712956214969,0.43528441132959017,-0.2196136432197126,Bullish,105.152,61.4612,3359880.9523809524,69.9819,72.2086,73.4368,66.52699999999999,65.29879999999999,63.07209999999998
4776,2019-04-24,67.9941,68.913,66.6342,67.2682,3254500,66.97508571428558,67.93017400000002,71.3466050000001,77.26420799999997,49.598845798891794,72.26914092729113,66.94251,61.615879072708864,0.35444884574209823,-0.10480114542735042,Bullish,105.152,61.4612,3714928.5714285714,68.57606666666668,69.88393333333333,70.85486666666667,66.29726666666669,65.32633333333335,64.0184666666667
4777,2019-04-25,67.9022,69.3632,67.7644,68.913,2475000,67.03634285714273,67.76386400000003,71.3434810000001,77.18059399999997,52.9707395933397,72.43365461043555,67.03807,61.642485389564456,0.4182859513844761,-0.00018372606498510968,Bullish,105.152,61.4612,3779857.1428571427,69.596,70.27900000000001,71.19480000000001,67.99719999999999,67.08139999999999,66.39839999999998
4778,2019-04-26,69.0967,70.7047,68.7292,69.7675,3574000,67.16804285714272,67.61005000000002,71.32923900000009,77.11209449999997,54.667523375054635,72.53612533637444,67.07574500000001,61.615364663625584,0.5316992284389386,0.10619286483579962,Bullish,104.5088,61.4612,3769642.8571428573,70.73839999999997,71.70929999999998,72.71389999999997,68.76289999999997,67.75829999999999,66.78739999999998
4779,2019-04-29,70.282,71.4673,69.3724,69.7032,4200000,67.20086190476177,67.49776800000001,71.27879500000009,77.05599949999996,54.50815453079092,72.60955296583819,67.10285,61.596147034161824,0.6093671893398493,0.20682772973660957,Bullish,104.5088,61.4612,3869595.238095238,70.98953333333333,72.27586666666666,73.08443333333332,68.89463333333333,68.08606666666667,66.79973333333334
4780,2019-04-30,69.3724,71.1182,68.6373,69.501,2276000,67.21704761904748,67.43381600000002,71.23827400000009,76.97945999999996,53.97528142610793,72.82019773916115,67.214945,61.60969226083886,0.6471438858936693,0.29489096096802153,Bullish,104.5088,61.4612,3936309.523809524,70.86703333333334,72.23306666666667,73.34793333333334,68.38613333333333,67.27126666666666,65.90523333333333
4781,2019-05-01,69.3724,71.1182,68.6373,69.501,2276000,67.32380476190463,67.37170200000003,71.2203560000001,76.90292049999996,53.97528142610793,73.01194378438376,67.31877499999999,61.62560621561622,0.669366153724809,0.369785999519379,Bullish,103.1489,61.4612,3829047.619047619,70.86703333333334,72.23306666666667,73.34793333333334,68.38613333333333,67.27126666666666,65.90523333333333
4782,2019-05-02,69.4275,69.8318,68.6465,69.014,958000,67.39949999999985,67.30058400000003,71.2314740000001,76.80451249999996,52.54053873578203,73.12421081114253,67.54893999999999,61.973669188857436,0.6402996552594544,0.4238887306673941,Bullish,102.2485,61.4612,3881190.476190476,69.6817,70.3494,70.867,68.49640000000001,67.9788,67.31110000000001
4783,2019-05-03,69.0048,69.4183,68.1503,68.3892,1698500,67.58895238095224,67.23112000000003,71.22476600000009,76.68667099999996,50.679281920072995,73.18629402744376,67.709735,62.233175972556225,0.5603882999916152,0.4511886445322383,Bullish,101.2653,61.4612,3879571.4285714286,69.15490000000001,69.92060000000001,70.42290000000001,67.88690000000001,67.3846,66.61890000000001
4784,2019-05-06,68.5914,69.0967,66.1564,67.2315,1519500,67.68696190476177,67.15963400000003,71.20969700000009,76.55059099999995,47.33333835903169,72.81816044268052,67.964715,63.11126955731947,0.3990413601095071,0.44075918764769206,Bearish,101.0723,61.4612,3849595.238095238,68.83333333333333,70.43516666666666,71.77363333333332,65.89303333333334,64.55456666666667,62.95273333333334
4785,2019-05-07,67.0753,68.132,65.3754,65.7889,3011500,67.86110476190463,67.12729000000002,71.17882400000009,76.43077449999996,43.481017642503,72.71167891506852,68.037305,63.36293108493148,0.15300325780745538,0.38320800167964475,Bearish,101.0723,61.4612,3818976.1904761903,67.48880000000001,69.18870000000001,70.24540000000002,64.7322,63.6755,61.9756
4786,2019-05-08,65.9727,66.1473,62.4995,63.0232,5729500,67.79853809523796,67.06021400000003,71.13049300000007,76.29368349999996,37.225790870997756,72.38208889429878,68.11540500000001,63.848721105701244,-0.26213090505378034,0.2541402203329597,Bearish,101.0723,61.4612,3854523.8095238097,65.28050000000002,67.5378,68.92830000000002,61.632700000000014,60.242200000000004,57.98490000000001
4787,2019-05-09,63.6388,66.1656,63.1243,65.5868,4410000,67.99499523809511,67.02860600000002,71.09603700000008,76.17607199999995,45.10854496138754,72.11601477459088,68.21969500000002,64.32337522540915,-0.3798875180640948,0.12733467265354878,Bearish,101.0723,61.4612,3917500.0,66.7935,68.0002,69.8348,63.7522,61.9176,60.7109
4788,2019-05-10,65.2376,65.697,63.4459,64.1258,1561000,68.02474761904749,66.94058000000003,71.03107500000007,76.04881249999995,41.88081985827528,72.33375924710394,68.09243500000001,63.85111075289608,-0.5843647787637565,-0.015005217629912276,Bearish,101.0723,61.4612,3937738.095238095,65.3999,66.674,67.651,63.148799999999994,62.1718,60.89769999999999
4789,2019-05-13,65.3295,65.697,60.9282,61.3601,4580500,67.77184761904749,66.75589400000003,70.91612800000007,75.90202799999994,36.54924331477277,72.71845281120954,67.66058000000001,62.602707188790475,-0.9585339741408347,-0.20371096893209678,Bearish,101.0723,61.4612,3870595.238095238,64.39533333333333,67.43056666666666,69.16413333333334,59.62653333333333,57.89296666666666,54.85773333333332
4790,2019-05-14,58.3056,59.1729,54.6916,56.1083,2731500,67.1104714285713,66.46911200000002,70.74866300000006,75.72746849999994,28.99968496197724,74.12243535336552,67.02448000000001,59.926524646634505,-1.6597100220956236,-0.4949107795648021,Bearish,101.0723,61.3601,3975404.761904762,58.6236,61.1389,63.1049,54.142300000000006,52.176300000000005,49.66100000000001
4791,2019-05-15,56.86,58.9127,56.86,58.6429,1730000,66.62535714285703,66.24882600000002,70.58816700000007,75.56507649999995,35.8830663832403,74.61320639114135,66.62813000000003,58.643053608858715,-1.9879600879052646,-0.7935206412328946,Bearish,101.0723,56.1083,3855666.6666666665,59.417066666666656,60.19123333333333,61.46976666666666,57.364366666666655,56.085833333333326,55.31166666666665
4792,2019-05-16,58.2863,58.6429,55.7132,55.7324,1934500,66.1092857142856,65.98852200000002,70.42962300000006,75.37012249999994,32.04158757204455,75.18708578155365,65.97507500000003,56.76306421844642,-2.454657887751516,-1.1257480905366188,Bearish,101.0723,56.1083,3782309.523809524,57.67913333333334,59.62586666666667,60.60883333333334,54.74943333333334,53.76646666666667,51.819733333333346
4793,2019-05-17,53.5833,53.6797,52.9473,52.9473,471500,65.35470476190464,65.69512,70.25177300000007,75.15063049999995,28.857893076944237,75.58139693880548,65.07158500000003,54.56177306119457,-3.0145042222435734,-1.5034993168780098,Bearish,101.0723,55.7324,3710738.095238095,53.43556666666666,53.92383333333333,54.16796666666666,52.70316666666666,52.45903333333333,51.97076666666666
4794,2019-05-20,53.2942,55.5879,50.6921,55.5879,1317000,64.61998095238084,65.45949200000001,70.09950200000007,74.96083449999995,35.41065993912606,75.1989795914485,64.29737000000003,53.39576040855156,-3.208130789469614,-1.8444256113963307,Bearish,101.0723,52.9473,3507261.904761905,57.21983333333332,58.851766666666656,62.115633333333314,52.324033333333325,49.06016666666667,47.42823333333333
4795,2019-05-21,56.3781,58.3634,56.1468,58.3634,3032000,64.01479999999988,65.27955800000001,69.94567500000008,74.78491599999995,41.50898344347342,74.90090579818211,63.82778000000002,52.754654201817935,-3.1018652134846647,-2.0959135318139976,Bearish,101.0723,52.9473,3167642.8571428573,59.10226666666668,59.84113333333334,61.31886666666668,56.88566666666668,55.40793333333334,54.66906666666668
4796,2019-05-22,61.2739,61.2739,61.2739,61.2739,895600,63.70616666666654,65.14974800000002,69.84622100000007,74.64036499999995,47.144700784756566,74.53678705449248,63.52806500000001,52.51934294550754,-2.751083178584949,-2.226947461168188,Bearish,101.0723,52.9473,2900928.5714285714,61.2739,61.2739,61.2739,61.2739,61.2739,61.2739
4797,2019-05-23,64.3289,64.3289,64.3289,64.3289,226500,63.566199999999874,65.09482000000001,69.79110000000009,74.52142599999995,52.336029669934824,74.03713657930118,63.29886000000001,52.56058342069884,-2.2011988700044327,-2.221797742935437,Bullish,101.0723,52.9473,2554100.0,64.3289,64.3289,64.3289,64.3289,64.3289,64.3289
4798,2019-05-24,64.3289,67.3646,62.7484,66.69,4825000,63.460342857142734,65.15272000000002,69.76537900000008,74.39830449999995,55.93801481881469,73.59233773842446,63.14498500000002,52.69763226157557,-1.5569430855609596,-2.0888268114605415,Bullish,101.0723,52.9473,2409909.523809524,68.4536,70.21719999999999,73.0698,63.8374,60.9848,59.2212
4799,2019-05-27,65.6396,70.0245,65.2444,69.5619,7083500,63.45055238095225,65.20649600000003,69.73456300000007,74.29436649999995,59.90683697121867,73.5676995954834,63.13792000000002,52.70814040451664,-0.805343903041873,-1.8321302297768078,Bullish,101.0723,52.9473,2521814.285714286,71.30946666666667,73.05703333333334,76.08956666666667,66.52936666666666,63.49683333333333,61.74926666666666
4800,2019-05-28,68.5789,69.3885,66.0925,66.47800000000001,4074500,63.29697142857131,65.21072200000002,69.63661400000007,74.17500899999995,54.255431631764,73.12690740460954,62.98677000000002,52.8466325953905,-0.453315553170313,-1.556367294455509,Bullish,101.0723,52.9473,2688933.3333333335,68.54683333333332,70.61566666666666,71.84283333333332,65.25083333333333,64.02366666666667,61.95483333333334
4801,2019-05-29,68.0392,69.7932,68.0392,69.7932,791000,63.3108857142856,65.33785200000003,69.55656500000008,74.07222749999994,58.75943591457439,73.17978813420054,63.001380000000026,52.82297186579952,0.09211652212131582,-1.226670531140144,Bullish,101.0723,52.9473,2682957.1428571427,70.37786666666668,70.96253333333334,72.13186666666668,68.62386666666667,67.45453333333333,66.86986666666667
4802,2019-05-30,73.2434,73.2819,70.5931,72.9061,10820000,63.47303333333322,65.54359600000002,69.50066100000008,73.98501049999994,62.49368885749137,73.95883237070343,63.19598500000003,52.433137629296624,0.7667220908298873,-0.8279920067461377,Bullish,101.0723,52.9473,2612242.8571428573,73.9276333333333,74.94916666666664,76.61643333333329,71.23883333333332,69.57156666666667,68.55003333333333
4803,2019-05-31,73.2434,73.2819,70.5931,72.9061,10820000,63.658371428571314,65.73757800000003,69.45725400000008,73.89577199999994,62.49368885749137,74.78397019999582,63.42183000000002,52.05968980000422,1.2865216436263012,-0.40508927667164984,Bullish,101.0723,52.9473,3019100.0,73.9276333333333,74.94916666666664,76.61643333333329,71.23883333333332,69.57156666666667,68.55003333333333
4804,2019-06-03,72.2797,71.5087,69.8703,70.5257,1963500,63.7601095238094,65.89277400000003,69.37975200000008,73.79035899999994,57.84828216989718,75.2561582063323,63.586540000000014,51.91692179366773,1.4892213315023923,-0.026227155036841365,Bullish,101.0723,52.9473,3488719.0476190476,71.3995,72.2733,73.03790000000001,69.7611,68.9965,68.1227
4805,2019-06-04,72.2797,71.5087,69.8703,70.5257,1963500,63.916976190476056,66.01507400000004,69.29636900000008,73.68632449999994,57.84828216989719,75.84901622958739,63.82338000000001,51.79774377041262,1.631060445006426,0.30523036497181216,Bullish,101.0723,52.9473,3501338.095238095,71.3995,72.2733,73.03790000000001,69.7611,68.9965,68.1227
4806,2019-06-05,72.2797,71.5087,69.8703,70.5257,1963500,64.14253809523795,66.07305600000004,69.2247470000001,73.59506149999994,57.84828216989719,76.56415147456275,64.198505,51.832858525437246,1.723600372167624,0.5889043664109745,Bullish,101.0723,52.9473,3522480.9523809524,71.3995,72.2733,73.03790000000001,69.7611,68.9965,68.1227
4807,2019-06-06,72.2797,71.5087,69.8703,70.5257,1963500,64.49979999999985,66.14353400000005,69.15330900000009,73.50503899999995,57.84828216989719,77.1058801709685,64.44545,51.78501982903148,1.7764609946196543,0.8264156920527105,Bullish,101.0723,52.9473,3472576.1904761903,71.3995,72.2733,73.03790000000001,69.7611,68.9965,68.1227
4808,2019-06-07,72.2797,71.5087,69.8703,70.5257,1963500,64.73498571428556,66.17376800000005,69.08389200000009,73.41258149999994,57.84828216989719,77.69797598592338,64.76544499999999,51.83291401407659,1.7976314424710296,1.0206588421363743,Bullish,101.0723,52.9473,3293242.8571428573,71.3995,72.2733,73.03790000000001,69.7611,68.9965,68.1227
4809,2019-06-10,69.3885,69.3885,67.0081,67.0081,2536000,64.87223809523795,66.13070800000006,68.99050900000009,73.30487899999994,49.90734161345743,77.91711009315397,65.04784499999998,52.17857990684599,1.513125879477414,1.1191522496045823,Bullish,98.6007,52.9473,3176742.8571428573,68.59503333333332,70.18196666666665,70.97543333333331,66.21463333333332,65.42116666666666,63.83423333333333
4810,2019-06-11,64.5698,68.762,64.5698,67.6441,3130500,65.17147619047603,66.13840800000004,68.88419100000009,73.19792199999995,51.211394572541494,77.85787873439318,65.62463499999998,53.39139126560679,1.323714103576691,1.160064620399004,Bullish,97.3602,52.9473,3223171.4285714286,69.41413333333331,71.18416666666666,73.60633333333331,65.22193333333331,62.799766666666656,61.02973333333331
4811,2019-06-12,67.9429,70.0534,67.4803,69.3306,2786000,65.80110952380936,66.17653200000004,68.7839870000001,73.09259799999994,54.58746000713931,78.05472903924513,66.15901999999997,54.263310960754815,1.2947651155795228,1.1870047194351077,Bullish,97.3602,52.9473,3154123.8095238097,70.42923333333334,71.52786666666667,73.00233333333334,67.85613333333335,66.38166666666667,65.28303333333335
4812,2019-06-13,69.3885,71.5087,68.6078,71.1521,3573000,66.39678571428556,66.31136000000004,68.70751100000011,73.01250699999994,57.970262500899864,77.9922611314536,66.93000499999997,55.86774886854633,1.4026339698201582,1.2301305695121179,Bullish,97.3602,52.9473,3156719.0476190476,72.23793333333333,73.32376666666667,75.13883333333334,69.33703333333332,67.52196666666666,66.43613333333332
4813,2019-06-14,71.1714,73.9662,69.1475,72.2026,4466000,67.18108095238078,66.45194600000005,68.6568850000001,72.93835749999995,59.82878319085309,77.11896578810143,67.89276999999997,58.66657421189851,1.5549627420050456,1.2950970040107035,Bullish,97.3602,52.9473,3244480.9523809524,74.39670000000002,76.59080000000002,79.21540000000003,69.57800000000002,66.9534,64.75930000000001
4814,2019-06-17,71.5569,73.0506,70.3522,70.7088,2860000,68.0268666666665,66.62348400000005,68.5948120000001,72.86657049999995,56.03435628190863,76.00682508432844,68.64881499999997,61.2908049156715,1.5374247402467063,1.3435625512579041,Bullish,97.3602,52.9473,3365028.5714285714,72.38886666666669,74.06893333333335,75.0872666666667,69.69046666666668,68.67213333333333,66.99206666666667
4815,2019-06-18,70.6413,70.8341,67.1815,67.7598,2081000,68.60648095238079,66.69193800000004,68.5005850000001,72.77806299999995,49.376649834540395,74.79820419678605,69.11863499999997,63.439065803213886,1.2709157674702567,1.3290331945003746,Bearish,96.9743,52.9473,3478766.6666666665,70.00210000000001,72.24440000000001,73.65470000000002,66.3495,64.9392,62.6969
4816,2019-06-19,67.7019,70.7377,67.461,69.2825,3128500,69.12643809523794,66.84836400000003,68.4259030000001,72.70350899999994,52.513980403093704,73.91378073882433,69.51906499999998,65.12434926117564,1.169098016520394,1.2970461589043785,Bearish,96.8457,52.9473,3515147.619047619,70.85979999999999,72.4371,74.1365,67.58309999999999,65.88369999999999,64.30639999999998
4817,2019-06-20,69.3885,71.7496,69.0993,69.9956,3161500,69.541757142857,66.97825600000003,68.3476940000001,72.61317899999993,53.953208230189716,73.49702665393642,69.80239999999998,66.10777334606354,1.1328886900893593,1.2642146651413746,Bearish,96.8457,52.9473,3519742.8571428573,71.46370000000002,72.93180000000001,74.11400000000002,68.81340000000002,67.6312,66.16310000000001
4818,2019-06-21,69.8896,70.72800000000002,69.3885,70.0053,2225500,69.81206190476175,67.04494200000003,68.25837200000011,72.53553149999995,53.973643311023324,73.37568329064493,69.96816499999997,66.56064670935501,1.0923829364457873,1.2298483194022571,Bearish,96.8457,52.9473,3627642.8571428573,70.69270000000003,71.38010000000004,72.03220000000006,69.3532,68.70109999999998,68.01369999999997
4819,2019-06-24,69.8703,70.0534,66.6418,67.8272,1839000,69.86621428571414,67.00154200000003,68.12512500000011,72.44253749999994,48.74272919410453,73.41198591038793,69.88142999999998,66.35087408961203,0.8744472840304951,1.1587681123279048,Bearish,96.8457,52.9473,3722833.3333333335,69.70646666666666,71.58573333333332,73.11806666666665,66.29486666666666,64.76253333333334,62.88326666666667
4820,2019-06-25,68.2224,69.3885,66.6997,68.1163,2561500,69.79737619047603,66.98726200000004,67.9947690000001,72.33578199999994,49.44310511663158,73.24121845666028,69.96334499999998,66.68547154333967,0.716796875055195,1.0703738648733627,Bearish,96.8457,52.9473,3580642.8571428573,69.43663333333333,70.75696666666666,72.12543333333332,66.74783333333335,65.37936666666668,64.05903333333336
4821,2019-06-26,69.321,69.321,66.9791,67.8561,1485000,69.86299999999984,67.01298600000004,67.87320500000011,72.23911899999995,48.79683912315666,73.27078688299716,69.86648999999997,66.46219311700278,0.5643562768545678,0.9691703472696037,Bearish,96.8457,52.9473,3365309.523809524,69.12503333333335,70.39396666666667,71.46693333333334,66.78313333333335,65.71016666666668,64.44123333333336
4822,2019-06-27,67.9429,68.9066,66.9791,67.5092,2001500,69.75423809523792,66.98730000000005,67.7542360000001,72.14072149999994,47.89795394451468,72.84648952087895,69.59664499999997,66.34680047912099,0.4108184147104339,0.8574999607577698,Bearish,96.8457,52.9473,3242000.0,68.61749999999999,69.72579999999999,70.54499999999999,66.69,65.8708,64.7625
4823,2019-06-28,67.4128,67.9429,65.6588,66.9695,4554000,69.4715428571427,66.90634800000004,67.64420400000012,72.03962549999994,46.46391440836334,72.36558356678495,69.29981499999997,66.23404643321498,0.2427905350851205,0.7345580756232399,Bearish,96.8457,52.9473,3299642.8571428573,68.05533333333331,69.14116666666665,70.3394333333333,65.77123333333331,64.57296666666666,63.48713333333332
4824,2019-07-01,68.6657,68.9066,67.1237,67.779,1293000,69.22739523809507,66.84048400000005,67.5633080000001,71.94634449999994,48.93352870311523,72.2423355392072,69.16247999999997,66.08262446079274,0.17295341532073394,0.6222371435627387,Bearish,96.8457,52.9473,3001261.904761905,68.74916666666668,69.71933333333334,70.53206666666668,66.96626666666668,66.15353333333334,65.18336666666669
4825,2019-07-02,67.9429,68.5211,67.3646,67.7501,1294500,69.09522380952365,66.84038200000005,67.4802860000001,71.85576699999994,48.84689534373619,72.09546826729859,69.02369999999998,65.95193173270137,0.11396133100025452,0.5205819810502419,Bearish,96.8457,52.9473,2547595.238095238,68.39260000000002,69.03510000000001,69.54910000000002,67.23610000000001,66.7221,66.0796
4826,2019-07-03,68.1356,71.1328,68.1356,71.0268,3678500,69.11908571428556,66.91555400000004,67.4228640000001,71.78589199999993,57.93929798247041,72.176778401108,69.04875499999999,65.92073159889198,0.3278329306807848,0.4820321709763505,Bearish,96.8457,52.9473,2515738.095238095,72.06120000000003,73.09560000000002,75.05840000000003,69.06400000000002,67.1012,66.06680000000001
4827,2019-07-04,71.605,72.1736,67.5574,68.0971,2424000,69.00343809523795,66.89923600000004,67.33155000000009,71.70959199999994,49.47212586911218,72.00472740454202,68.92732499999998,65.84992259545794,0.2579518998814194,0.43721611675736427,Bearish,96.8457,52.9473,2597404.761904762,70.99466666666666,73.89223333333332,75.61086666666665,66.37846666666667,64.65983333333334,61.762266666666676
4828,2019-07-05,66.69,67.9429,66.69,67.1237,772500,68.84143809523796,66.84636000000005,67.2282050000001,71.63577549999995,47.01377881960728,71.838510708836,68.75722499999999,65.67593929116398,0.12261203928497366,0.3742953012628861,Bearish,96.8457,52.9473,2619333.3333333335,67.8144,68.5051,69.0673,66.56150000000001,65.9993,65.30860000000001
4829,2019-07-08,66.3527,67.6538,63.7699,63.7699,1316000,68.51973333333319,66.72769400000004,67.11273100000011,71.55097899999994,39.69485336124796,72.30371852511331,68.595315,64.88691147488669,-0.2523603533679051,0.24896417033672788,Bearish,96.8457,52.9473,2562619.0476190476,66.35916666666665,68.94843333333333,70.24306666666666,62.475266666666656,61.180633333333326,58.59136666666665
4830,2019-07-09,63.5868,65.5336,62.652,63.4808,944500,68.35176666666653,66.60729000000003,67.0205530000001,71.46469099999995,39.12936896848594,72.7033539778004,68.38714999999999,64.07094602219958,-0.5663283492826281,0.08590566641285666,Bearish,96.8457,52.9473,2531785.714285714,65.1256,66.77040000000001,68.00720000000001,62.244,61.0072,59.362399999999994
4831,2019-07-10,63.5097,66.4973,63.5097,65.3794,1811000,68.24392380952368,66.52485800000004,66.94828000000011,71.39395999999994,44.70089998525549,72.6734264595039,68.18959,63.70575354049609,-0.6544055158906588,-0.06215657004784644,Bearish,96.8457,52.9473,2456000.0,66.74789999999999,68.1164,69.73549999999999,63.7603,62.141200000000005,60.77270000000001
4832,2019-07-11,65.3794,66.6418,65.3794,65.9769,729500,68.08422380952368,66.46411600000003,66.8823500000001,71.33342949999992,46.364720270938285,72.29670548521317,67.93082999999999,63.564954514786805,-0.6682904126246996,-0.18338333856321706,Bearish,96.8457,52.9473,2393166.6666666665,66.61933333333332,67.26176666666666,67.88173333333332,65.35693333333332,64.73696666666666,64.09453333333332
4833,2019-07-12,66.2082,66.8828,65.5336,65.8901,874500,67.83365238095226,66.41413400000003,66.8226270000001,71.29088799999994,46.14749866677776,71.59587129973927,67.61520499999999,63.634538700260705,-0.6784772643379711,-0.28240212371816786,Bearish,96.8457,52.9473,2295238.095238095,66.67073333333332,67.45136666666666,68.01993333333331,65.32153333333332,64.75296666666667,63.972333333333324
4834,2019-07-15,64.6662,64.8108,62.6038,62.6038,682000,67.37656666666655,66.32158000000003,66.7406070000001,71.25029149999995,38.74607517197992,71.48752018943536,67.20995500000001,62.93238981056466,-0.940881467083841,-0.4140979923913025,Bearish,96.8457,52.9473,2166738.095238095,64.07513333333335,65.54646666666667,66.28213333333335,61.86813333333335,61.13246666666667,59.661133333333346
4835,2019-07-16,60.9077,63.3459,59.4813,61.8907,2704000,66.95665714285703,66.24361600000003,66.6854530000001,71.19262249999994,37.34634878337842,71.76949180382306,66.9165,62.06350819617695,-1.1926319795817903,-0.5698047898294001,Bearish,96.8457,52.9473,1986547.619047619,63.663966666666674,65.43723333333334,67.52856666666668,59.79936666666667,57.70803333333333,55.93476666666667
4836,2019-07-17,62.7387,64.5698,61.9678,62.8062,2519500,66.72077142857131,66.23927600000003,66.64974500000008,71.14123099999995,40.326834897707705,71.6316756577691,66.59268499999999,61.55369434223088,-1.303249822939648,-0.7164937964514497,Bearish,96.8457,52.9473,1979119.0476190476,64.2614,65.7166,66.8634,61.65939999999999,60.51259999999999,59.05739999999999
4837,2019-07-18,62.6424,63.5097,59.6741,59.6741,2237000,66.26322857142844,66.12102200000002,66.57481400000009,71.08437799999994,34.31288380910886,71.69652911041263,66.07660999999999,60.45669088958734,-1.6249185056508963,-0.8981787382913391,Bearish,96.8457,52.9473,2000000.0,62.23116666666666,64.78823333333332,66.06676666666667,58.39556666666666,57.11703333333333,54.55996666666666
4838,2019-07-19,58.3056,62.652,57.1009,62.3051,3470500,65.89701428571416,66.08460800000003,66.51259400000008,71.05841349999994,42.121165041856315,71.23673268731925,65.6916,60.14646731268074,-1.648540197169396,-1.0482510300669505,Bearish,96.8457,52.9473,1957547.619047619,64.27109999999999,66.2371,69.8222,58.72,55.1349,53.1689
4839,2019-07-22,63.5965,63.7988,62.3532,63.5097,1493500,65.58769999999988,66.12760000000004,66.44174700000008,71.05533299999995,45.325701137078184,71.00763863883027,65.475725,59.94381136116973,-1.552166990271708,-1.149034222107902,Bearish,96.8457,52.9473,1972261.9047619049,64.08793333333332,64.66616666666667,65.53353333333332,62.642333333333326,61.774966666666664,61.19673333333333
4840,2019-07-23,63.5868,65.2926,63.5868,64.5216,1992000,65.43029047619036,66.29586600000005,66.38248900000008,71.06185999999994,47.93355204004975,70.70527770390092,65.29599,59.886702296099095,-1.3782510362604512,-1.194877584938412,Bearish,96.8457,52.9473,1937404.761904762,65.3472,66.1728,67.053,63.641400000000004,62.7612,61.93560000000001
4841,2019-07-24,64.5698,65.3601,62.228,63.3555,1980500,65.2035857142856,66.39011800000004,66.31947200000008,71.04675249999994,45.25471524770147,70.40950915736232,65.07096,59.73241084263768,-1.3193077556389667,-1.2197636190785228,Bearish,96.8457,52.9473,1944690.4761904762,65.06773333333334,66.77996666666667,68.19983333333333,61.93563333333333,60.515766666666664,58.80353333333333
4842,2019-07-25,63.6061,63.6061,61.5823,62.758,598500,64.96081904761893,66.53063000000004,66.25957600000008,71.01271599999994,43.90087743340369,70.13955887662307,64.83340000000001,59.52724112337695,-1.3057560941191397,-1.2369621140866462,Bearish,96.8457,52.9473,1917023.8095238095,63.715300000000006,64.6726,65.73910000000001,61.691500000000005,60.625,59.6677
4843,2019-07-26,62.2569,62.5364,60.7149,61.1389,402500,64.65747142857131,66.69446200000004,66.19479100000008,70.95340149999994,40.375981176851035,69.98545746309571,64.54187,59.0982825369043,-1.409417258522474,-1.2714531429738118,Bearish,96.8457,52.9473,1874809.5238095238,62.2119,63.2849,64.0334,60.3904,59.6419,58.5689
4844,2019-07-29,61.1968,61.1968,58.2285,59.0766,401500,64.28161904761893,66.76423600000004,66.11186400000008,70.88326999999994,36.37024603563848,69.82980512099698,64.10675,58.38369487900304,-1.6390854954934895,-1.3449796134777474,Bearish,96.8457,52.9473,1798666.6666666667,60.77276666666667,62.46893333333334,63.741066666666676,57.80446666666666,56.53233333333333,54.83616666666666
4845,2019-07-30,58.7875,59.8476,57.8237,59.2693,982000,63.87639523809513,66.78235400000004,66.03095600000007,70.82678199999994,36.999201294519104,69.51876216628224,63.68271000000001,57.84665783371778,-1.7849738806360946,-1.4329784669094168,Bearish,96.8457,52.9473,1600928.5714285714,60.136700000000005,61.0041,62.1606,58.11280000000001,56.956300000000006,56.08890000000001
4846,2019-07-31,58.9802,60.6185,58.5562,60.3101,777000,63.52210952380941,66.76307800000004,65.95641300000007,70.75785649999995,40.42449259073544,68.08638877723273,63.146875,58.20736122276728,-1.7959055341736274,-1.5055638803622589,Bearish,96.8457,52.9473,1586119.0476190476,61.10033333333332,61.89056666666666,63.16263333333332,59.03803333333332,57.76596666666666,56.97573333333332
4847,2019-08-01,60.5222,60.898,58.7875,59.1826,523500,62.95809999999989,66.66015200000004,65.87748600000008,70.66477899999994,38.01335701766102,67.37514860911058,62.701150000000005,58.02715139088942,-1.8739470800030489,-1.579240520290417,Bearish,96.8457,52.9473,1561476.1904761905,60.4579,61.733200000000004,62.568400000000004,58.3474,57.5122,56.2369
4848,2019-08-02,59.2693,59.2693,56.8118,57.5635,840000,62.456499999999885,66.47762200000005,65.81517100000008,70.54417249999995,34.80312041010561,66.9453840175799,62.22314,57.5008959824201,-2.0428941933451483,-1.6719712549013632,Bearish,96.8457,52.9473,1411238.0952380951,58.95126666666666,60.33903333333333,61.408766666666665,56.49376666666666,55.42403333333333,54.036266666666656
4849,2019-08-05,56.86,57.2937,54.8362,56.4552,1091500,61.94847619047608,66.21548800000004,65.71099200000008,70.39762599999996,32.76345533446367,67.14322312682451,61.85740500000001,56.57158687317551,-2.2403907158400074,-1.785655147089092,Bearish,96.8457,52.9473,1335809.5238095238,57.55386666666666,58.65253333333333,60.01136666666666,55.096366666666654,53.737533333333324,52.63886666666665
4850,2019-08-06,55.4144,56.9564,55.4144,56.0215,1096000,61.57950476190465,66.00635800000003,65.60854000000008,70.25152999999996,31.97377492975865,67.2868478513636,61.484440000000006,55.68203214863642,-2.404190091403329,-1.9093621359519395,Bearish,96.8457,52.9473,1351000.0,56.84713333333333,57.67276666666667,58.389133333333334,55.30513333333333,54.588766666666665,53.76313333333333
4851,2019-08-07,55.8481,55.8481,54.017,54.3254,884500,61.14353333333322,65.69700200000004,65.51742700000007,70.10076649999995,29.02722442140197,67.22953769265163,60.931740000000005,54.63394230734838,-2.6404261823272677,-2.055574945227005,Bearish,96.8457,52.9473,1340523.8095238095,55.443333333333335,56.56126666666667,57.274433333333334,53.612233333333336,52.89906666666667,51.78113333333334
4852,2019-08-08,53.1111,54.9325,52.7641,54.1134,1295500,60.60705714285702,65.32114800000004,65.43237200000007,69.94705949999997,28.67156002689142,66.85485640240579,60.338565,53.82227359759422,-2.8123327927967026,-2.2069265147409447,Bearish,96.8457,52.9473,1337666.6666666667,55.109233333333336,56.105066666666666,57.277633333333334,52.94083333333334,51.76826666666667,50.77243333333334
4853,2019-08-09,55.1638,55.6746,52.8123,53.0822,727500,59.9930238095237,64.92467000000003,65.33112400000006,69.78520999999996,26.942296365135647,66.42042327166178,59.698170000000005,52.97591672833823,-2.9972290512237905,-2.3649870220375138,Bearish,96.8457,52.9473,1313119.0476190476,54.90043333333333,56.718666666666664,57.76273333333333,52.038133333333334,50.99406666666667,49.17583333333334
4854,2019-08-12,55.1638,55.6746,52.8123,53.0822,727500,59.383123809523696,64.57580000000003,65.23428700000005,69.64343749999996,26.942296365135636,66.38782478797293,59.22209,52.05635521202707,-3.1079343357324944,-2.51357648477651,Bearish,93.5471,52.9473,1313023.8095238095,54.90043333333333,56.718666666666664,57.76273333333333,52.038133333333334,50.99406666666667,49.17583333333334
4855,2019-08-13,55.1638,55.6746,52.8123,53.0822,727500,58.92971428571417,64.22693000000002,65.12100200000005,69.51388549999997,26.942296365135636,66.3107560676563,58.78166500000001,51.25257393234373,-3.1592511901397984,-2.6427114258491677,Bearish,93.5471,52.9473,1306023.8095238095,54.90043333333333,56.718666666666664,57.76273333333333,52.038133333333334,50.99406666666667,49.17583333333334
4856,2019-08-14,55.1638,55.6746,52.8123,53.0822,727500,58.5102619047618,63.87806000000001,64.97555800000005,69.36673749999997,26.942296365135643,65.9765491948945,58.295465000000014,50.614380805105526,-3.1634538402863797,-2.74685990873661,Bearish,91.6083,52.9473,1308190.4761904762,54.90043333333333,56.718666666666664,57.76273333333333,52.038133333333334,50.99406666666667,49.17583333333334
4857,2019-08-15,55.1638,55.6746,52.8123,53.0822,727500,58.04721428571418,63.52919000000001,64.83636200000005,69.22220799999997,26.942296365135636,65.94208604850049,57.96587000000002,49.989653951499555,-3.1306957588879882,-2.8236270787668856,Bearish,91.6083,52.9473,1214071.4285714286,54.90043333333333,56.718666666666664,57.76273333333333,52.038133333333334,50.99406666666667,49.17583333333334
4858,2019-08-16,53.0051,53.0051,50.4319,50.8752,1284000,57.62821904761894,63.13618,64.65497400000005,69.06126849999998,22.69820889551278,65.6770879084293,57.39437500000001,49.11166209157072,-3.2454101309104644,-2.9079836891956012,Bearish,91.6083,52.9473,1128738.0952380951,52.44290000000001,54.010600000000004,55.01610000000001,49.86970000000001,48.864200000000004,47.29650000000001
4859,2019-08-19,50.1139,53.4098,49.2465,53.3713,2766500,57.2027999999999,62.863444,64.49707600000005,68.92199799999999,35.142117507518,64.84566133672325,56.88745500000001,48.929248663276766,-3.0991822442510326,-2.9462234002066876,Bearish,91.6083,50.8752,1083357.142857143,54.7719,56.1725,58.9352,50.6086,47.8459,46.4453
4860,2019-08-20,54.1616,55.8963,53.7279,54.9807,2576500,56.796657142857036,62.610176,64.37429200000005,68.79591999999998,41.66288755218391,63.586332889744575,56.41041000000001,49.23448711025545,-2.8209127348255407,-2.9211612671304583,Bullish,91.6083,50.8752,1049833.3333333333,56.0087,57.036699999999996,58.177099999999996,53.8403,52.6999,51.6719
4861,2019-08-21,55.2602,57.1009,53.2942,56.0794,1795000,56.39464761904752,62.345152000000006,64.26084200000005,68.66375799999999,45.67812025773436,62.47618597467135,56.04660500000002,49.61702402532869,-2.483102575192177,-2.833549528742802,Bullish,91.6083,50.8752,1101404.761904762,57.68880000000001,59.29820000000001,61.495500000000014,53.8821,51.684799999999996,50.075399999999995
4862,2019-08-22,56.5709,58.8742,56.5709,58.7682,769,56.176204761904664,62.09747400000001,64.20441700000005,68.54136449999999,54.01894151250899,61.64825090334341,55.84711500000002,50.04597909665662,-1.9756478623718223,-2.661969195468606,Bullish,91.6083,50.8752,1092023.8095238095,59.5713,60.3744,61.8746,57.268,55.7678,54.9647
4863,2019-08-23,59.2693,59.7512,56.0986,57.419,1736500,55.92196666666657,61.80180200000001,64.12687400000004,68.41121449999999,49.880231467669375,60.99107009379585,55.661120000000025,50.3311699062042,-1.6631833681408068,-2.4622120300030463,Bullish,91.6083,50.8752,997750.9047619047,59.41393333333334,61.40886666666667,63.06653333333334,55.76133333333334,54.10366666666667,52.10873333333334
4864,2019-08-26,56.8311,56.9564,54.5567,54.5567,715,55.60852857142849,61.47876000000001,64.05112200000003,68.27157699999998,42.449741059515326,60.545401022237414,55.43512500000003,50.32484897776264,-1.6277529710294374,-2.2953202182083245,Bullish,91.6083,50.8752,1051941.380952381,56.156500000000015,57.75630000000001,58.55620000000002,53.75680000000001,52.956900000000005,51.35710000000001
4865,2019-08-27,53.8724,53.8724,51.8293,53.0244,1312,55.320328571428476,61.18405200000001,63.93799500000004,68.12749399999998,39.09240552289155,60.016454632347134,55.12288000000003,50.22930536765293,-1.7036789793207632,-2.1769919704308123,Bullish,91.3326,50.8752,1032808.7619047619,53.9881,54.9518,56.0312,51.94500000000001,50.86560000000001,49.90190000000001
4866,2019-08-28,53.0051,55.6746,52.9858,53.8628,2175000,55.0628761904761,60.875658000000016,63.862011000000045,67.98760299999998,41.8044787761103,59.097898618557636,54.80051500000004,50.503131381442444,-1.6768691114085996,-2.07696739862637,Bullish,90.3954,50.8752,1013752.1904761905,55.362999999999985,56.86319999999999,58.051799999999986,52.674199999999985,51.48559999999999,49.985399999999984
4867,2019-08-29,53.1015,54.9325,51.174,51.4824,1056000,54.64250952380945,60.505394,63.74182500000004,67.84214999999999,36.794902638841215,58.44489934727439,54.41550500000004,50.38611065272569,-1.826644068327461,-2.026902732566588,Bullish,90.3954,50.8752,1070561.7142857143,53.88526666666666,56.28813333333333,57.64376666666666,50.12676666666666,48.77113333333333,46.36826666666666
4868,2019-08-30,51.2704,51.8486,49.1502,49.4393,913500,54.17854285714278,60.094074000000006,63.56950800000004,67.69181049999999,33.12573117458717,58.31586454963521,54.009295000000044,49.70272545036488,-2.0861549996077358,-2.0387531859748176,Bearish,90.3954,50.8752,1083847.4285714286,51.14186666666669,52.84443333333334,53.840266666666686,48.44346666666669,47.44763333333334,45.74506666666669
4869,2019-09-02,50.8849,51.9064,50.4994,51.7522,957000,53.9018142857142,59.772574000000006,63.387058000000046,67.55533249999999,40.374500731317944,58.03416430862342,53.77414500000005,49.51412569137668,-2.0811968403588637,-2.0472419168516267,Bearish,90.3954,49.4393,1102418.857142857,52.272600000000004,52.793,53.6796,50.86560000000001,49.979000000000006,49.45860000000001
4870,2019-09-03,52.4172,54.2097,52.4172,53.0629,1991000,53.740276190476095,59.471506,63.229384000000046,67.42972649999999,44.074057415883686,57.76762591429569,53.62621500000004,49.48480408570438,-1.9490376347894198,-2.0276010604391854,Bullish,90.3954,49.4393,1107990.2857142857,54.042666666666655,55.022433333333325,55.83516666666665,52.25016666666666,51.43743333333333,50.45766666666666
4871,2019-09-04,53.0051,55.7132,52.0317,55.6071,1779500,53.72054285714276,59.22652600000001,63.119756000000045,67.31863349999999,50.49500743309835,57.911895190914,53.690300000000036,49.46870480908607,-1.6203267172089184,-1.946146191793132,Bullish,90.3954,49.4393,1150823.619047619,56.86963333333334,58.13216666666667,60.55113333333334,53.18813333333334,50.76916666666667,49.50663333333334
4872,2019-09-05,56.3781,57.5346,54.1616,54.7109,1557000,53.73889999999991,58.970560000000006,62.97893000000005,67.20953749999998,48.38755384515205,57.961733445129234,53.72017500000004,49.47861655487085,-1.415816149677653,-1.8400801833700362,Bullish,89.4674,49.4393,1183371.238095238,56.77646666666666,58.842033333333326,60.149466666666655,53.40346666666666,52.09603333333333,50.03046666666666
4873,2019-09-06,55.1253,56.1372,53.246,55.4819,815000,53.80406666666657,58.74080800000001,62.82357800000004,67.12097299999999,50.30897111383877,58.13813219832192,53.84016000000004,49.54218780167816,-1.1779481420713651,-1.707653775110302,Bullish,89.4674,49.4393,1215395.0476190476,56.66406666666668,57.84623333333334,59.555266666666675,53.77286666666668,52.06383333333334,50.88166666666668
4874,2019-09-09,55.1253,56.1372,53.246,55.4819,815000,53.918338095238,58.49486600000001,62.667675000000045,67.0506935,50.30897111383879,58.3005529059288,53.96014500000003,49.61973709407127,-0.978160407997251,-1.5617551016876918,Bullish,89.4674,49.4393,1192514.0952380951,56.66406666666668,57.84623333333334,59.555266666666675,53.77286666666668,52.06383333333334,50.88166666666668
4875,2019-09-10,55.1253,56.1372,53.246,55.4819,815000,54.03260952380943,58.249502000000014,62.54494200000005,66.9728795,50.30897111383877,58.44940286402995,54.08013000000003,49.710857135970116,-0.8104844293580129,-1.411500967221756,Bullish,89.4674,49.4393,1196680.761904762,56.66406666666668,57.84623333333334,59.555266666666675,53.77286666666668,52.06383333333334,50.88166666666668
4876,2019-09-11,56.1372,56.8311,54.5663,54.9711,1414500,54.12255714285704,57.92838800000001,62.42197100000004,66.88428800000001,48.80552859531392,58.5351321409456,54.174575000000026,49.81401785905445,-0.7106256491778993,-1.2713259036129847,Bullish,89.4674,49.4393,1200847.4285714286,56.346033333333324,57.72096666666666,58.610833333333325,54.08123333333332,53.19136666666666,51.81643333333332
4877,2019-09-12,54.9325,57.7177,54.4989,57.7177,2132000,54.34329523809513,57.72080000000002,62.31001800000004,66.8267495,56.357794807673955,58.99673890530569,54.40635000000002,49.815961094694345,-0.40518842084102147,-1.098098407058592,Bullish,89.4674,49.4393,1233561.7142857143,58.79063333333334,59.86356666666667,62.00943333333334,55.57183333333334,53.42596666666667,52.353033333333336
4878,2019-09-13,57.8237,58.7875,57.1009,58.3345,2219000,54.59340476190465,57.54501600000001,62.19568800000005,66.76246350000001,57.86117987095015,59.3736078897766,54.77931500000002,50.185022110223436,-0.11206479840225825,-0.9008916853273252,Bullish,89.4674,49.4393,1300442.6666666667,59.0477,59.7609,60.7343,57.3611,56.3877,55.6745
4879,2019-09-16,59.0862,61.0522,58.3056,60.6185,1750500,55.05737142857132,57.48198800000002,62.10484100000004,66.69181800000001,62.95073227786984,60.338310750507354,55.14167500000002,49.94503924949269,0.3010669832623236,-0.6604999516093955,Bullish,89.4674,49.4393,1371466.4761904762,61.67859999999999,62.738699999999994,64.42519999999999,58.93199999999999,57.24549999999999,56.18539999999999
4880,2019-09-17,60.7149,61.3413,59.4139,59.7705,1568000,55.36209523809513,57.407782000000026,62.00753600000004,66.62290500000002,60.050719760217895,60.953922205284435,55.381165000000024,49.80840779471561,0.5536680431617853,-0.4176663526551593,Bullish,89.4674,49.4393,1393680.761904762,60.93656666666665,62.10263333333332,62.86396666666665,59.00916666666665,58.247833333333325,57.08176666666665
4881,2019-09-18,60.1367,60.1367,57.5346,57.8815,1289000,55.50022857142846,57.25782400000003,61.89134100000004,66.55584850000002,54.07467560262196,61.14365713632541,55.47127000000002,49.79888286367463,0.5945757904543925,-0.2152179240332489,Bullish,87.1887,49.4393,1336609.3333333333,59.50059999999999,61.119699999999995,62.10269999999999,56.89849999999999,55.915499999999994,54.29639999999999
4882,2019-09-19,57.8237,60.2138,57.3419,59.809,1809000,55.677828571428456,57.13446600000003,61.79929100000004,66.51538250000002,58.601816189369046,61.33316146140166,55.523310000000016,49.713458538598374,0.7736109110915734,-0.017452157008284425,Bullish,87.1887,49.4393,1275299.8095238095,60.90123333333333,61.99346666666666,63.77313333333333,58.029333333333334,56.24966666666667,55.15743333333334
4883,2019-09-20,59.5681,60.5125,58.7971,59.8186,1463000,55.72784761904751,57.01303600000003,61.71358500000004,66.46917550000002,58.62369305016782,61.698698188021076,55.643290000000015,49.58788181197895,0.9058303257094025,0.16720433953525296,Bullish,87.1887,49.4393,1275966.4761904762,60.62169999999999,61.4248,62.33709999999999,58.90629999999999,57.99399999999999,57.190899999999985
4884,2019-09-23,59.703,59.703,56.86,57.2744,446500,55.720961904761786,56.906448000000026,61.61401400000004,66.41185550000002,50.94065570154767,61.852895259565244,55.77917500000001,49.705454740434774,0.7961420570970503,0.2929918830476125,Bullish,86.4352,49.4393,1345596.5238095238,59.0316,60.7888,61.8746,56.188599999999994,55.102799999999995,53.34559999999999
4885,2019-09-24,57.3322,58.7393,56.0505,57.9972,918500,55.884795238095116,56.82857800000002,61.53609700000005,66.35746050000002,52.83195066373355,62.036888165892826,56.02781500000001,50.018741834107196,0.7587903702116208,0.38615158048041415,Bullish,85.8656,49.4393,1284167.9523809524,59.14083333333333,60.28446666666667,61.829633333333334,56.45203333333333,54.906866666666666,53.76323333333333
4886,2019-09-25,57.4961,58.4983,57.3419,57.7177,374000,56.10828571428559,56.72680800000003,61.48304200000005,66.30676750000002,51.9971828552946,62.18663425746269,56.22056,50.254485742537305,0.6985827480625062,0.44863781399683256,Bullish,85.7645,49.4393,1327872.0,58.36336666666667,59.009033333333335,59.51976666666667,57.20696666666667,56.69623333333334,56.050566666666676
4887,2019-09-26,57.3419,57.9297,55.9541,56.3299,324000,56.22576666666654,56.659924000000025,61.39047300000005,66.24325500000002,47.946263745412786,62.01914040414601,56.462934999999995,50.90672959585398,0.5327427848623429,0.4654588081699346,Bullish,85.7645,49.4393,1345619.0476190476,57.52170000000001,58.7135,59.49730000000001,55.54610000000001,54.7623,53.57050000000001
4888,2019-09-27,56.86,59.144,56.3781,58.72,1028000,56.57041428571415,56.58822200000002,61.33641500000005,66.18374500000002,54.51809330430126,61.527261656880114,56.92697,52.32667834311988,0.5874032947783192,0.48984770549161155,Bullish,85.7645,49.4393,1257476.1904761905,59.7833,60.846599999999995,62.54919999999999,57.0174,55.314800000000005,54.25150000000001
4889,2019-09-30,59.2693,59.7512,58.0647,59.3657,978000,57.04309999999987,56.50534200000002,61.31647100000006,66.11629950000003,56.129504303106216,61.359417624155995,57.307645,53.25587237584401,0.6750432578774053,0.5268868159687703,Bullish,85.7645,49.4393,1256142.857142857,60.05636666666666,60.74703333333333,61.74286666666666,58.36986666666667,57.37403333333334,56.68336666666667
4890,2019-10-01,59.2693,60.1463,58.6911,59.25,900000,57.40013809523797,56.39991000000002,61.347888000000054,66.04827550000003,55.74836210970023,61.24812047444838,57.617000000000004,53.98587952555163,0.7267846163410496,0.5668663760432262,Bullish,85.7645,49.4393,1259214.2857142857,60.03383333333334,60.81766666666667,61.48903333333334,58.57863333333334,57.90726666666667,57.123433333333345
4891,2019-10-02,59.4621,59.8957,58.826,59.5488,792000,57.70899047619035,56.32377600000002,61.356947000000055,65.97255700000004,56.56858469126427,61.41520934623596,57.81408500000001,54.212960653764064,0.7828761693670856,0.610068334707998,Bullish,85.7645,49.4393,1256500.0,60.020999999999994,60.493199999999995,61.09069999999999,58.951299999999996,58.3538,57.8816
4892,2019-10-03,59.7994,62.5171,59.3753,60.8016,4796000,57.9563476190475,56.28464800000002,61.40763900000005,65.91863100000005,59.92276181315034,61.64795818702005,58.11862000000001,54.58928181297996,0.9178393386112162,0.6716225354886417,Bullish,85.7645,49.4393,1199404.761904762,62.420700000000004,64.0398,65.5625,59.27890000000001,57.75620000000001,56.13710000000001
4893,2019-10-04,60.6764,63.8374,60.3294,63.5194,5851500,58.37579999999988,56.33225800000002,61.513360000000056,65.88256650000004,66.0485355915224,62.552050583873125,58.520495000000004,54.48893941612688,1.2299245642171783,0.783282941234349,Bullish,85.7645,49.4393,1343047.619047619,64.79473333333331,66.07006666666666,68.30273333333332,61.286733333333316,59.05406666666666,57.778733333333314
4894,2019-10-07,63.6061,65.5336,63.2206,63.8663,5486000,58.775057142857015,56.42805200000002,61.59614400000005,65.84782300000003,66.74719095296597,63.346456777896485,58.939715,54.532973222103514,1.4880924809828997,0.9242448491840591,Bullish,85.7645,49.4393,1547547.619047619,65.19306666666668,66.51983333333334,67.50606666666668,62.880066666666664,61.893833333333326,60.567066666666655
4895,2019-10-08,63.847,65.2926,63.3652,63.6157,3583000,59.16238095238083,56.51498000000002,61.64866700000005,65.79717100000003,65.6954680147249,63.90046432129335,59.346405000000004,54.79234567870666,1.6534115897767592,1.0700781973025992,Bullish,85.7645,49.4393,1769976.1904761905,64.81713333333333,66.01856666666666,66.74453333333332,62.88973333333334,62.163766666666675,60.96233333333335
4896,2019-10-09,63.6061,64.3289,62.8158,63.3844,1117000,59.53869047619035,56.57646600000002,61.66977200000005,65.75799650000003,64.68241119781241,64.17887712275127,59.767070000000004,55.355262877248734,1.7456415286918698,1.2051908635804534,Bullish,85.7645,49.4393,1901785.7142857143,64.2036,65.0228,65.7167,62.6905,61.9966,61.1774
4897,2019-10-10,63.6254,65.5336,63.3748,64.4927,2772000,59.99209999999987,56.682668000000014,61.671410000000044,65.73125500000003,67.28558927466098,64.86306375435589,60.10582000000001,55.348576245644125,1.8864194976003787,1.3414365903844385,Bullish,85.7645,49.4393,1916166.6666666667,65.55926666666667,66.62583333333333,67.71806666666667,63.40046666666666,62.30823333333333,61.24166666666665
4898,2019-10-11,64.8589,67.1526,64.6662,66.0251,3978500,60.38769047619036,56.85190000000001,61.66476100000004,65.71507000000004,70.5209708118858,65.82138883778343,60.490350000000014,55.159311162216596,2.0974607040375304,1.492641413115057,Bullish,85.7645,49.4393,1980809.5238095238,67.22973333333334,68.43436666666668,69.71613333333335,64.74333333333334,63.46156666666667,62.256933333333336
4899,2019-10-14,65.9672,66.0636,64.1169,64.3771,791000,60.67543333333321,57.01033800000001,61.61291300000004,65.67373800000004,63.27362679377239,66.27263295439575,60.67828000000001,55.08392704560427,2.1074393050462703,1.6156009915012997,Bullish,85.7645,49.4393,2068738.0952380951,65.58816666666665,66.79923333333332,67.53486666666664,63.64146666666666,62.905833333333334,61.694766666666666
4900,2019-10-15,64.6662,65.0517,61.9099,62.1894,1947000,60.75023809523797,57.133696000000015,61.570027000000046,65.60332050000004,55.168382836765886,66.41439712839116,60.799225,55.18405287160885,1.9167235160354892,1.6758254964081376,Bullish,85.7645,49.4393,2000738.0952380951,64.19076666666666,66.19213333333332,67.33256666666665,61.04896666666666,59.90853333333333,57.90716666666666
4901,2019-10-16,62.2569,63.9916,62.2569,62.7002,1290000,60.88974761904749,57.30119200000002,61.49909700000005,65.52783100000003,56.56734992219676,66.5463453119524,61.04016,55.53397468804761,1.7862068891349026,1.6979017749534906,Bullish,85.7645,49.4393,2010095.238095238,63.7089,64.7176,65.4436,61.9742,61.248200000000004,60.23950000000001
4902,2019-10-17,62.7387,63.1146,61.6786,62.1894,496500,61.09488571428559,57.46271200000002,61.391930000000045,65.44629550000003,54.72819259889873,66.65667153472354,61.159180000000006,55.66168846527647,1.622847060205558,1.682890832003904,Bearish,85.7645,49.4393,1996857.142857143,62.97646666666665,63.76353333333333,64.41246666666666,61.54046666666665,60.89153333333333,60.10446666666665
4903,2019-10-18,61.9196,64.4253,61.8714,63.2688,1169000,61.259638095237975,57.66644400000002,61.295557000000045,65.37640550000003,57.84706143928226,66.86649286329668,61.33169,55.79688713670332,1.5624705895605686,1.658806783515237,Bearish,85.7645,49.4393,1959119.0476190476,64.50559999999999,65.74239999999999,67.05949999999999,61.9517,60.634600000000006,59.39780000000001
4904,2019-10-21,63.1242,63.1242,60.1078,60.1656,1295500,61.27616190476178,57.80811200000002,61.19195600000005,65.28585400000003,47.67764349636946,66.7231619594246,61.47625000000001,56.22933804057542,1.2498124363252003,1.5770079140772295,Bearish,85.7645,49.4393,1928642.857142857,62.15726666666667,64.14893333333333,65.17366666666668,59.14086666666667,58.11613333333333,56.12446666666666
4905,2019-10-22,59.9439,61.669,59.9439,61.2835,385000,61.4670714285713,57.97213800000002,61.09953400000004,65.19795150000003,51.01826182495657,66.64144093977835,61.640565,56.63968906022166,1.0797866759689967,1.477563666455583,Bearish,85.7645,49.4393,1920666.6666666667,61.987033333333315,62.690566666666655,63.71213333333331,60.26193333333332,59.24036666666666,58.53683333333332
4906,2019-10-23,61.6594,62.8062,61.6594,62.0738,597000,61.661195238095104,58.15197000000003,61.01501500000004,65.11988100000002,53.28882736858161,66.52514282973507,61.85837,57.19159717026493,0.9973142235421264,1.3815137778728916,Bearish,85.7645,49.4393,1917738.0952380951,62.7002,63.3266,63.847,61.5534,61.033,60.406600000000005
4907,2019-10-24,62.9315,63.3652,61.775,62.6616,425000,61.89661904761891,58.34355800000003,60.93637400000004,65.04484150000002,54.9611104944848,66.09848707886167,62.174955,58.25142292113833,0.968223678494951,1.2988557579973035,Bearish,85.7645,49.4393,1902428.5714285714,63.426200000000016,64.19080000000001,65.01640000000002,61.83600000000001,61.010400000000004,60.24580000000001
4908,2019-10-25,63.4133,63.847,62.5074,62.8351,507500,62.20639047619035,58.582756000000025,60.85946800000004,64.97168000000002,55.46788751727008,65.97578704612226,62.38071,58.785632953877744,0.9482385086888172,1.2287323081356063,Bearish,85.7645,49.4393,1904857.142857143,63.618933333333324,64.40276666666666,64.95853333333332,62.27933333333332,61.723566666666656,60.939733333333315
4909,2019-10-28,62.9797,64.8108,62.9315,64.5409,1021000,62.48357619047606,58.80614800000003,60.83479600000004,64.91265250000002,60.208484504820944,66.07050178713897,62.639469999999996,59.208438212861026,1.0578496889411184,1.1945557842967087,Bearish,85.7645,49.4393,1913595.238095238,65.25729999999999,65.9737,67.13659999999999,63.377999999999986,62.21509999999999,61.498699999999985
4910,2019-10-29,64.5698,65.4372,63.6061,63.7121,1037000,62.69054761904748,58.980776000000034,60.795476000000036,64.83983350000003,57.03173730467843,65.94563863986548,62.86257499999999,59.7795113601345,1.0655570274414572,1.1687560329256583,Bearish,85.4521,49.4393,1913261.9047619049,64.89750000000001,66.08290000000001,66.72860000000001,63.0664,62.4207,61.235299999999995
4911,2019-10-30,64.2807,64.5698,63.1435,63.3652,459000,62.88650952380939,59.126492000000034,60.735822000000034,64.75990450000002,55.706868284682606,65.7392724629276,63.05339499999999,60.367517537072374,1.0317795060107642,1.1413607275426796,Bearish,85.4521,49.4393,1916071.4285714286,64.24216666666668,65.11913333333334,65.66846666666667,62.81586666666668,62.26653333333334,61.38956666666668
4912,2019-10-31,64.08800000000001,65.0324,63.1339,64.6084,1050500,63.12744285714272,59.243296000000036,60.67038500000003,64.68894800000002,59.351258198705814,65.80078651474477,63.243734999999994,60.686683485255216,1.0927301145079653,1.1316346049357366,Bearish,85.4521,49.4393,1895071.4285714286,65.38256666666668,66.15673333333334,67.28106666666667,63.48406666666668,62.35973333333334,61.58556666666668
4913,2019-11-01,64.8108,65.6781,63.74100000000001,64.3289,1670500,63.29540952380938,59.38149400000004,60.59164800000004,64.62426650000002,58.192007720690874,65.88272456096722,63.284209999999995,60.68569543903276,1.1057343791196388,1.126454559772517,Bearish,85.4521,49.4393,1907380.9523809524,65.42433333333332,66.51976666666667,67.36143333333332,63.487233333333336,62.645566666666674,61.55013333333334
4914,2019-11-04,64.5602,67.5381,64.3289,67.4996,4902000,63.48494285714273,59.640352000000036,60.559556000000036,64.57718400000002,66.24629068575581,66.64493241556404,63.465875000000004,60.286817584435966,1.356255277272723,1.1724147032725583,Bullish,83.449,49.4393,1758547.619047619,68.58216666666667,69.66473333333333,71.79136666666666,65.37296666666667,63.24633333333334,62.163766666666675
4915,2019-11-05,68.5597,70.8726,68.3766,70.7859,7662500,63.8144476190475,59.99558200000004,60.58981700000004,64.54520100000002,72.21991469300725,68.3304200714405,63.82438500000001,59.31834992855951,1.7992314193895496,1.2977780464959565,Bullish,83.449,49.4393,1713333.3333333333,71.64680000000001,72.50770000000001,74.14280000000002,69.1508,67.5157,66.6548
4916,2019-11-06,71.8942,73.2434,70.304,70.9497,6250000,64.16368571428559,60.33732000000005,60.60648900000004,64.51619600000001,72.48133249132982,69.66592006782068,64.20265000000002,58.739379932179354,2.1388551043028485,1.4659934580573348,Bullish,83.449,49.4393,1816976.1904761905,72.69406666666669,74.43843333333334,75.63346666666668,69.7546666666667,68.55963333333335,66.8152666666667
4917,2019-11-07,71.2966,71.7978,69.9185,70.7762,2471500,64.51567619047607,60.723196000000044,60.61429500000004,64.48099450000001,71.71156240977749,70.68756095541465,64.51682500000001,58.34608904458537,2.3667271639437217,1.6461401992346123,Bullish,83.449,49.4393,1943976.1904761905,71.74316666666667,72.71013333333333,73.62246666666667,69.86386666666667,68.95153333333333,67.98456666666667
4918,2019-11-08,71.1425,72.2797,69.8703,70.1594,901500,64.78551904761893,61.13759800000005,60.61583600000004,64.437104,68.90971250743084,71.34319329133987,64.72354000000001,58.103886708660156,2.4690847358681367,1.8107291065613171,Bullish,83.449,49.4393,2008476.1904761905,71.66929999999998,73.1792,74.07869999999998,69.25989999999997,68.36039999999998,66.85049999999997
4919,2019-11-11,70.4004,72.7615,70.4004,72.3278,2088000,65.0856476190475,61.54911000000005,60.66084200000004,64.3929835,72.91604895725384,72.51895464807802,65.12107500000002,57.723195351922016,2.6941194747163877,1.9874071801923312,Bullish,83.449,49.4393,1919404.761904762,73.25939999999999,74.19099999999999,75.62049999999998,70.89829999999999,69.4688,68.5372
4920,2019-11-12,72.7615,72.8579,70.9304,71.1617,1089000,65.4087238095237,61.91108600000005,60.69129600000004,64.34303249999999,67.8523415852087,73.28347558371638,65.56969000000001,57.85590441628364,2.746704304586487,2.139266605071162,Bullish,83.449,49.4393,1829380.9523809524,72.36959999999998,73.57749999999999,74.29709999999997,70.44209999999998,69.7225,68.51459999999999
4921,2019-11-13,70.8437,72.4242,70.8341,71.2003,1656000,65.83781428571417,62.22295000000005,60.724738000000045,64.2989715,67.93173001210116,73.96174779597487,65.99469500000001,58.027642204025135,2.7596809740905712,2.263349478875044,Bullish,83.449,49.4393,1843571.4285714286,72.13830000000002,73.0763,73.72840000000001,70.54820000000002,69.89610000000002,68.95810000000003
4922,2019-11-14,71.6532,72.4242,69.4945,69.9763,2440000,66.18429523809513,62.528258000000044,60.74940900000004,64.2518225,62.64852461206005,74.33024373546709,66.38404000000001,58.437836264532926,2.640757498926064,2.338831082885248,Bullish,83.449,49.4393,1829714.2857142857,71.76883333333332,73.56136666666666,74.69853333333332,68.83913333333332,67.70196666666666,65.90943333333333
4923,2019-11-15,70.3329,72.2507,69.4367,71.1232,2098500,66.60971428571418,62.84108400000004,60.79094600000004,64.217575,65.36652612477818,74.84374340531053,66.77676000000001,58.70977659468948,2.6089803317866256,2.3928609326655232,Bullish,83.449,49.4393,1884476.1904761905,72.43703333333332,73.75086666666665,75.25103333333331,69.62303333333332,68.12286666666667,66.80903333333333
4924,2019-11-18,72.2797,72.5109,70.3522,70.7473,7628500,66.96583333333322,63.146392000000034,60.82062900000003,64.1919685,63.72965327616501,74.94574341436781,67.305845,59.66594658563219,2.5243653964860897,2.4191618254296365,Bullish,82.4842,49.4393,1960761.9047619049,72.05473333333332,73.36216666666667,74.21343333333333,69.8960333333333,69.04476666666665,67.7373333333333
4925,2019-11-19,71.3159,74.2842,69.8896,74.2842,15113500,67.63814761904752,63.52243800000003,60.885970000000036,64.18312800000001,71.07035776634038,75.64766949389278,67.95588000000001,60.26409050610724,2.7114498158775575,2.477619423519221,Bullish,81.84100000000002,49.4393,2268357.1428571427,75.74906666666666,77.21393333333333,80.14366666666666,71.35446666666667,68.42473333333334,66.95986666666667
4926,2019-11-20,75.5371,75.7684,72.3375,72.9832,7145000,68.19527619047608,63.88268000000003,60.90553400000003,64.16419900000001,65.7953800102316,75.99191017838132,68.50135000000002,61.01078982161872,2.7233427391514624,2.5267640866456693,Bullish,81.84100000000002,49.4393,2926357.1428571427,75.05523333333332,77.12726666666666,78.48613333333331,71.62433333333333,70.26546666666667,68.19343333333333
4927,2019-11-21,72.7615,73.4843,69.8703,70.3522,2386000,68.58948571428562,64.13537000000002,60.92808500000004,64.1298175,56.63986869492729,75.91308653135734,68.88588000000001,61.8586734686427,2.4917449697603615,2.5197602632686076,Bearish,81.1519,49.4393,3248261.904761905,72.60089999999998,74.8496,76.21489999999999,68.98689999999998,67.62159999999999,65.37289999999997
4928,2019-11-22,69.4367,73.7156,69.4367,73.359,2263000,69.09888571428561,64.43586000000002,60.99043800000004,64.10932150000002,62.97992201418526,76.116810618013,69.41207500000002,62.707339381987026,2.5217564613227665,2.5201595028794395,Bullish,81.1519,49.4393,3333452.380952381,74.90416666666664,76.44933333333331,79.18306666666663,70.62526666666665,67.89153333333333,66.34636666666665
4929,2019-11-25,74.1878,74.3035,72.3086,73.2048,1142500,69.59268095238085,64.68758600000002,61.08478700000004,64.09875900000002,62.47540488429312,76.35173843413176,69.84527000000001,63.338801565868266,2.5042309181158515,2.516973785926722,Bearish,81.1519,49.4393,3420976.1904761903,74.23600000000003,75.26720000000002,76.23090000000003,72.24110000000003,71.27740000000001,70.24620000000003
4930,2019-11-26,73.4843,74.6408,70.8341,72.3664,3468000,69.9653238095237,64.93950400000001,61.17364300000004,64.09709800000002,59.67625017157226,76.22216087601967,70.27798500000002,64.33380912398036,2.3950809236589663,2.492595213473171,Bearish,81.1519,49.4393,3451214.285714286,74.39343333333335,76.42046666666667,78.20013333333334,70.58673333333336,68.80706666666669,66.78003333333336
4931,2019-11-27,73.041,73.7252,71.3641,72.6748,1857000,70.39211904761893,65.23537000000002,61.24659700000004,64.09743850000001,60.37946169473744,75.8481849199418,70.74346500000001,65.63874508005823,2.306871886136804,2.4554505480058975,Bearish,81.1519,49.4393,3567738.095238095,73.81196666666666,74.94913333333334,76.17306666666667,71.45086666666666,70.22693333333332,69.08976666666665
4932,2019-11-28,72.7615,75.4214,72.7615,73.5614,4534000,70.87765238095228,65.51041800000002,61.32244200000004,64.10239600000001,62.40904316094918,75.58622027667442,71.19111500000001,66.7960097233256,2.282199028976848,2.4208002442000875,Bearish,81.1519,49.4393,3606785.714285714,75.06803333333333,76.57466666666667,77.72793333333334,72.40813333333332,71.25486666666666,69.74823333333332
4933,2019-11-29,73.9084,74.3035,71.952,72.4435,2623500,71.25075238095228,65.76291600000002,61.387976000000045,64.10530150000001,58.35032138568169,74.68782829951022,71.59684500000002,68.50586170048982,2.1476832687634726,2.3661768491127644,Bearish,81.1519,49.4393,3800833.3333333335,73.84733333333335,75.25116666666668,76.19883333333335,71.49583333333335,70.54816666666667,69.14433333333335
4934,2019-12-02,72.5206,75.8936,72.0387,74.795,10431500,71.749138095238,66.11332800000002,61.509888000000046,64.12524750000001,63.69836192080375,74.73832256635426,71.96161500000002,69.18490743364579,2.205402450718651,2.334021969433942,Bearish,81.1519,49.4393,3875738.095238095,76.44616666666667,78.09733333333334,80.30106666666667,72.59126666666667,70.38753333333334,68.73636666666667
4935,2019-12-03,75.1708,75.5563,71.2388,71.5472,4568500,71.94188095238084,66.38432800000002,61.606453000000045,64.14595300000002,53.48351316963091,74.7313820222482,71.99968000000001,69.26797797775183,1.9664074798776312,2.2604990715226796,Bearish,81.1519,49.4393,4292928.571428572,74.32273333333333,77.09826666666666,78.64023333333333,70.00523333333334,68.46326666666667,65.68773333333334
4936,2019-12-04,72.0869,73.6771,71.1232,72.8483,4072000,72.04009047619036,66.68694000000002,61.70687400000004,64.17830950000001,56.49349553026147,74.80564092928736,72.09461000000002,69.38357907071267,1.860542958792749,2.1805078489766934,Bearish,81.1519,49.4393,4277047.619047619,73.97586666666666,75.10343333333333,76.52976666666666,71.42196666666666,69.99563333333333,68.86806666666666
4937,2019-12-05,73.706,76.4815,73.706,76.3562,8816000,72.29754285714273,67.08746600000002,61.87369500000004,64.22425450000001,63.37463307115117,75.58653912768949,72.37361000000001,69.16068087231054,2.0362303800647936,2.1516523551943134,Bearish,81.1519,49.4393,4106071.4285714286,77.32313333333333,78.29006666666666,80.09863333333332,74.54763333333334,72.73906666666667,71.77213333333334
4938,2019-12-06,77.0501,80.1726,76.6164,79.1221,8870500,72.69496666666655,67.49550800000003,62.041865000000044,64.27722950000002,67.71107545707564,77.02263680268426,72.821745,68.62085319731575,2.371313910918218,2.1955846663390943,Bullish,81.1519,49.4393,4228261.904761905,80.65766666666667,82.19323333333334,84.21386666666668,77.10146666666667,75.08083333333333,73.54526666666666
4939,2019-12-09,79.5944,80.6063,75.1708,75.7009,5693000,72.9588476190475,67.82221200000002,62.163777000000046,64.30276200000002,58.486729078799925,77.36565133814685,72.99040000000001,68.61514866185317,2.333903983114851,2.2232485296942457,Bullish,81.1519,49.4393,4532976.19047619,79.14786666666667,82.59483333333334,84.58336666666668,73.71236666666667,71.72383333333333,68.27686666666666
4940,2019-12-10,76.0767,76.6164,74.9781,75.9418,2269000,73.13094285714274,68.15604800000003,62.277979000000045,64.33023400000003,58.91119460668218,77.70016045806902,73.22940500000001,68.758649541931,2.2972141082476583,2.238041645404928,Bullish,81.1519,49.4393,4761142.857142857,76.71276666666667,77.48373333333333,78.35106666666667,75.07446666666667,74.20713333333333,73.43616666666667
4941,2019-12-11,76.3273,77.9464,74.4962,75.2287,3269500,73.32460952380941,68.46964600000003,62.39671100000004,64.35809150000003,57.05158613990334,77.88069656887095,73.43082500000003,68.98095343112911,2.185403931548322,2.2275141026336067,Bearish,81.1519,49.4393,4769761.904761905,77.28466666666664,79.34063333333332,80.73486666666663,73.83446666666664,72.44023333333332,70.38426666666665
4942,2019-12-12,74.4577,75.1708,72.5399,73.0024,3029000,73.4104238095237,68.71366200000003,62.499155000000044,64.37936550000002,51.57761076927254,77.74863275031015,73.58213000000003,69.41562724968992,1.8953018964528496,2.161071661397455,Bearish,81.1519,49.4393,4873595.238095238,74.60216666666666,76.20193333333333,77.23306666666666,71.97126666666666,70.94013333333334,69.34036666666667
4943,2019-12-13,73.2434,76.6453,73.2241,76.1057,5394500,73.7022999999999,68.96538800000003,62.64882300000005,64.42180700000003,57.673931468867345,77.97563744686019,73.83125500000003,69.68687255313986,1.8939717903643327,2.1076516871908306,Bearish,81.1519,49.4393,4938976.19047619,77.42596666666667,78.74623333333334,80.84716666666667,74.00476666666667,71.90383333333334,70.58356666666667
4944,2019-12-16,77.5802,79.9027,77.1947,78.6499,5235500,74.06071428571418,69.26106000000003,62.84455600000005,64.47821000000003,61.908084702185164,78.61877697215465,74.22638500000002,69.8339930278454,2.074302085703934,2.1009817668934514,Bearish,81.1519,49.4393,5079666.666666667,79.97016666666666,81.29043333333333,82.67816666666666,77.26216666666666,75.87443333333333,74.55416666666666
4945,2019-12-17,79.5076,80.7605,75.6527,79.2378,7265000,74.4650238095237,69.57350200000002,63.04424100000005,64.53759850000003,62.83331399508254,79.38017478811588,74.47406500000002,69.56795521188417,2.238845740620107,2.1285545616387824,Bullish,81.1519,49.4393,5229047.619047619,81.44796666666663,83.65813333333331,86.55576666666663,76.34016666666663,73.44253333333332,71.23236666666664
4946,2019-12-18,78.5343,78.7366,76.4237,76.6261,4075500,74.57654285714274,69.83833600000003,63.207401000000054,64.58190700000003,56.29196277211831,79.59776049428315,74.65621000000002,69.71465950571688,2.1339070572567636,2.1296250607623786,Bullish,81.1519,49.4393,5211738.095238095,78.10056666666665,79.57503333333332,80.41346666666665,75.78766666666665,74.94923333333332,73.47476666666665
4947,2019-12-19,76.7128,77.0019,73.1952,74.689,2666000,74.65777142857132,70.04226200000002,63.36246500000006,64.61997550000002,51.97034330483813,79.4036302681279,74.87305000000002,70.34246973187214,1.8728456152227295,2.0782691716544486,Bearish,81.1519,49.4393,4686119.047619048,76.72886666666668,78.76873333333334,80.53556666666668,72.92216666666667,71.15533333333333,69.11546666666666
4948,2019-12-20,75.3539,76.3273,71.8942,72.482,3628000,74.75919047619037,70.17140000000003,63.51165000000005,64.66341050000003,47.49634987578296,79.43391723517767,74.82920000000003,70.22448276482238,1.4709103473587675,1.9567974067953124,Bearish,81.1519,49.4393,4472833.333333333,75.24146666666668,78.00093333333334,79.67456666666668,70.80836666666669,69.13473333333334,66.37526666666669
4949,2019-12-23,72.2893,72.482,69.1957,69.9282,1767000,74.59581904761895,70.28242200000003,63.64638000000005,64.67868600000003,42.894709068935484,79.70246091325046,74.66537000000002,69.62827908674959,0.9355193500595504,1.7525417954481601,Bearish,81.1519,49.4393,4531976.19047619,71.87490000000001,73.8216,75.16120000000001,68.58860000000001,67.24900000000001,65.30230000000002
4950,2019-12-24,70.8341,73.0506,69.2246,72.6459,3045500,74.56920476190466,70.49155200000001,63.812624000000056,64.71058200000002,48.60162156233241,79.69233840412858,74.67934500000004,69.6663515958715,0.722188861006785,1.546471208559885,Bearish,81.1519,49.4393,4508357.142857143,74.05613333333336,75.46636666666669,77.88213333333337,70.23013333333336,67.81436666666667,66.40413333333335
4951,2019-12-25,70.8341,73.0506,69.2246,72.6459,3045500,74.58251428571418,70.69046600000001,63.995829000000064,64.75662800000002,48.601621562332404,79.69321993993795,74.67790000000004,69.66258006006213,0.5468195164667833,1.3465408701412647,Bearish,81.1519,49.4393,4598976.19047619,74.05613333333336,75.46636666666669,77.88213333333337,70.23013333333336,67.81436666666667,66.40413333333335
4952,2019-12-26,72.7615,75.99,72.7615,75.5852,2066000,74.72110476190467,70.95838200000001,64.21054700000008,64.82145950000002,54.326905963996616,79.78186929190841,74.77909000000002,69.77631070809164,0.6376643944885387,1.2047655750107196,Bearish,81.1519,49.4393,4578857.142857143,76.79630000000002,78.0074,80.02480000000001,73.56780000000002,71.55040000000001,70.33930000000002
4953,2019-12-27,75.8454,75.8936,73.918,74.3517,1366000,74.75873809523799,71.18004000000002,64.42324200000007,64.87718300000002,51.72308002919377,79.76703765278769,74.87450000000003,69.98196234721236,0.6031734653661118,1.084447153081798,Bearish,81.1519,49.4393,4588809.523809524,75.52419999999998,76.69669999999999,77.49979999999998,73.54859999999998,72.74549999999999,71.57299999999998
4954,2019-12-30,76.1249,76.8863,73.9855,74.2938,1148000,74.84684761904751,71.46260400000001,64.63535800000008,64.93482250000001,51.59806722302419,79.74847981587725,74.84944000000002,69.95040018412278,0.5646580825452219,0.9804893389744829,Bearish,81.1519,49.4393,4437952.380952381,76.1249,77.956,79.0257,73.22409999999999,72.1544,70.32329999999999
4955,2019-12-31,74.342,74.7372,73.0024,73.4072,807500,74.78076190476179,71.70507800000001,64.83860800000008,64.979805,49.62035175334515,79.65423886641487,74.94244000000002,70.23064113358517,0.45732143694429794,0.8758557585684459,Bearish,81.1519,49.4393,4367690.476190476,74.42880000000002,75.45040000000002,76.16360000000003,72.69400000000002,71.9808,70.95920000000001
4956,2020-01-01,73.3879,74.689,73.3879,74.3131,499500,74.91247142857132,71.94986400000002,65.05091700000008,65.0132375,51.659184341843364,79.63971735563884,75.01568000000003,70.39164264436123,0.44027966119492135,0.788740539093741,Bearish,81.1519,49.4393,3909404.761904762,74.87209999999999,75.43109999999999,76.17319999999998,73.571,72.8289,72.2699
4957,2020-01-02,75.1805,77.5802,75.1708,77.2525,3540000,75.12219523809513,72.24168200000003,65.29262000000008,65.064491,57.64827217506722,79.7525054324099,75.06049500000003,70.36848456759016,0.6563924618335051,0.7622709236416938,Bearish,81.1519,49.4393,3715642.8571428573,78.16486666666664,79.07723333333333,80.57426666666665,75.75546666666663,74.25843333333331,73.34606666666663
4958,2020-01-03,77.1947,77.6283,75.4214,76.096,1788000,75.10980476190466,72.50690000000003,65.54482800000007,65.099901,54.772962849570575,79.24952595146021,74.90919000000004,70.56885404853986,0.7259749414012333,0.7550117271936017,Bearish,81.1519,49.4393,3690309.523809524,77.3424,78.58879999999999,79.54929999999999,75.13550000000001,74.17500000000001,72.92860000000002
4959,2020-01-06,73.4843,74.3035,72.3086,72.4049,4774500,74.78993809523799,72.66418000000003,65.73516400000008,65.11612000000001,46.75725086850799,79.20071278314062,74.74439000000004,70.28806721685946,0.4777711867445902,0.6995636191037994,Bearish,81.1519,49.4393,3355642.8571428573,73.70273333333334,75.00056666666667,75.69763333333334,71.70783333333334,71.01076666666667,69.71293333333334
4960,2020-01-07,73.3398,75.6527,72.6651,74.8143,3499500,74.74771904761894,72.88622400000003,65.93350000000008,65.15389600000002,51.723716939866314,79.11072000090621,74.68801500000004,70.26530999909386,0.47006771871737385,0.6536644390265143,Bearish,81.1519,49.4393,3160595.238095238,76.08963333333332,77.36496666666666,79.07723333333333,73.10203333333332,71.38976666666666,70.11443333333332
4961,2020-01-08,74.2071,74.8817,72.8097,73.4072,1714000,74.6270238095237,73.08706400000001,66.10677800000008,65.18381000000001,48.85743813399567,79.04629616258528,74.59694000000005,70.14758383741481,0.34642804754258805,0.5922171607297291,Bearish,81.1519,49.4393,3056142.8571428573,74.58936666666669,75.77153333333334,76.66136666666668,72.5173666666667,71.62753333333336,70.44536666666671
4962,2020-01-09,74.9588,77.0694,74.4962,76.8959,5586500,74.70641428571417,73.33281400000001,66.28805500000007,65.24623600000001,55.44927997952801,79.28535605763132,74.79161500000004,70.29787394236875,0.5239123160233845,0.5785561917884602,Bearish,81.1519,49.4393,3029714.285714286,77.81146666666667,78.72703333333334,80.38466666666667,75.23826666666668,73.58063333333334,72.66506666666668
4963,2020-01-10,77.3392,80.7026,77.3392,79.8738,8844500,75.03362380952369,73.64371200000001,66.51260300000008,65.3197385,60.16861565045852,79.96721158588694,74.98002000000004,69.99282841411313,0.8945497079553775,0.6417548950218437,Bullish,81.1519,49.4393,3140047.619047619,81.2712,82.6686,84.63459999999999,77.9078,75.9418,74.5444
4964,2020-01-13,80.375,82.2928,79.6522,80.1919,4550500,75.22820476190465,73.897558,66.76895500000008,65.4100385,60.648160708424555,80.30949442099676,75.05712000000004,69.80474557900332,1.2001163288940546,0.7534271817962859,Bullish,81.1519,49.4393,3416976.1904761903,81.7724,83.3529,84.41300000000001,79.1318,78.07169999999999,76.49119999999999
4965,2020-01-14,79.9895,80.375,77.291,77.7633,2387500,75.1859857142856,74.03710600000001,67.01634400000007,65.4771695,55.18547964090574,80.03658810355736,74.98339500000004,69.93020189644272,1.2321093643429322,0.8491636183056152,Bullish,81.1519,49.4393,3376785.714285714,79.66186666666667,81.56043333333334,82.74586666666667,76.57786666666667,75.39243333333333,73.49386666666666
4966,2020-01-15,77.7633,78.7366,77.1947,77.7729,1193000,75.11622857142845,74.17357000000001,67.25544500000007,65.558728,55.20265636734227,80.19225717553627,75.04073500000004,69.88921282446381,1.2438998124656422,0.9281108571376205,Bullish,81.1519,49.4393,3241166.6666666665,78.60810000000002,79.44330000000001,80.15000000000002,77.06620000000002,76.35950000000001,75.52430000000003
4967,2020-01-16,77.291,79.5076,77.0983,78.6884,1737000,75.21443333333322,74.33181400000001,67.52750500000008,65.634665,56.89925165371032,80.62722309705008,75.24070500000003,69.85418690294999,1.3119931856390963,1.0048873228379156,Bullish,81.1519,49.4393,2952023.8095238097,79.76456666666667,80.84073333333333,82.17386666666667,77.35526666666667,76.02213333333333,74.94596666666666
4968,2020-01-17,78.7463,79.6907,78.3511,78.9005,1268500,75.41498095238083,74.50663600000001,67.82211700000008,65.6958125,57.30270503428589,81.01684173011154,75.56163000000004,70.10641826988854,1.3673108633603022,1.0773720309423929,Bullish,81.1519,49.4393,2840666.6666666665,79.61043333333333,80.32036666666667,80.95003333333334,78.27083333333333,77.64116666666666,76.93123333333332
4969,2020-01-20,79.0065,79.9413,77.3392,77.6573,1791000,75.6614238095237,74.61322600000001,68.08116800000008,65.73411300000001,54.10574681684229,80.81565163940473,75.94808500000003,71.08051836059533,1.2958963844995992,1.1210769016538342,Bullish,81.1519,49.4393,2774119.0476190476,79.286,80.9147,81.8881,76.68390000000001,75.71050000000001,74.08180000000002
4970,2020-01-21,77.7729,78.303,76.6164,77.2043,1285000,76.00790476190465,74.73407800000001,68.32258200000007,65.77598300000001,52.9465912492888,80.82575176233476,76.17600500000005,71.52625823766533,1.1890400676201267,1.1346695348470928,Bullish,81.1519,49.4393,2686642.8571428573,78.13273333333333,79.06116666666667,79.81933333333333,76.44613333333334,75.68796666666667,74.75953333333334
4971,2020-01-22,77.5705,77.6765,75.2672,76.1924,1487500,76.1767857142856,74.83392,68.52843500000007,65.8240955,50.351601223673114,80.71246911550685,76.35333000000004,71.99419088449324,1.0110490493513709,1.1099454377479483,Bearish,81.1519,49.4393,2663690.476190476,77.49019999999999,78.788,79.89949999999999,75.08089999999999,73.9694,72.67159999999998
4972,2020-01-23,76.6164,77.8211,75.9418,76.5972,1609500,76.36494285714274,74.96633800000001,68.74729800000007,65.86311400000001,51.37823604312891,80.74970290759099,76.40393000000003,72.05815709240908,0.8923672082650143,1.0664297918513614,Bearish,81.1519,49.4393,2589500.0,77.63159999999999,78.666,79.51089999999999,75.75229999999999,74.9074,73.87299999999999
4973,2020-01-24,77.0694,77.3007,75.219,76.1924,974500,76.39385714285702,75.06772200000002,68.95440300000007,65.8889905,50.25903130431051,80.74078299292331,76.49596500000004,72.25114700707677,0.7569216950689679,1.0045281724948827,Bearish,81.1519,49.4393,2521119.0476190476,77.25573333333335,78.31906666666669,79.33743333333337,75.17403333333334,74.15566666666666,73.09233333333333
4974,2020-01-27,76.6646,77.0405,76.1346,76.6164,553000,76.50169999999989,75.18510400000001,69.16574800000008,65.9167115,51.45195357196345,80.73490106697025,76.61209500000004,72.48928893302983,0.6760008890598783,0.9388227158078818,Bearish,81.1519,49.4393,2469142.8571428573,77.05973333333333,77.50306666666665,77.96563333333332,76.15383333333334,75.69126666666668,75.24793333333335
4975,2020-01-28,76.5682,76.6164,75.7009,76.2502,521500,76.5948619047618,75.22442400000001,69.37343100000008,65.95918650000002,50.32927420561133,80.61282331096429,76.75424500000004,72.89566668903579,0.5756851477244425,0.866195202191194,Bearish,81.1519,49.4393,2430428.5714285714,76.67743333333333,77.10466666666666,77.59293333333332,75.76193333333333,75.27366666666667,74.84643333333334
4976,2020-01-29,76.6164,77.0983,75.1805,75.4118,633000,76.69031904761894,75.272996,69.57783800000009,65.99990450000001,47.759857703834,80.55686583239624,76.80918000000004,73.06149416760384,0.4236487675018168,0.7776859152533185,Bearish,81.1519,49.4393,2400595.238095238,76.61323333333334,77.81466666666667,78.53103333333334,74.69543333333334,73.97906666666667,72.77763333333334
4977,2020-01-30,75.6527,76.2309,74.6986,76.0189,642000,76.77154761904751,75.38633,69.76085000000008,66.03543400000001,49.75998328011517,80.50456446310777,76.74750000000003,72.99043553689229,0.34813366883734886,0.6917754659701246,Bearish,81.1519,49.4393,2392285.714285714,76.60033333333334,77.18176666666668,78.13263333333335,75.06803333333333,74.11716666666666,73.53573333333333
4978,2020-01-31,76.3177,76.3177,74.6408,75.1034,388000,76.6692095238094,75.42121800000001,69.92853900000009,66.06211350000001,46.84712942398722,80.51381068931182,76.69787000000004,72.88192931068825,0.21197074345819544,0.5958145214677388,Bearish,81.1519,49.4393,2399071.4285714286,76.06713333333333,77.03086666666667,77.74403333333333,74.39023333333333,73.67706666666666,72.71333333333332
4979,2020-02-03,74.2071,74.2071,70.7377,71.5472,2977500,76.45259999999988,75.38806600000001,70.03782600000008,66.07133350000001,37.63188335788127,80.67667728771228,76.65498500000004,72.6332927122878,-0.18081070227712814,0.4404894767187654,Bearish,81.1519,49.4393,2248976.1904761903,73.5903,75.6334,77.05969999999999,70.1209,68.69460000000001,66.65150000000001
4980,2020-02-04,71.8942,73.14699999999998,71.8942,72.9928,967500,76.48059523809512,75.40059400000001,70.17004900000009,66.08879250000001,42.57678965001326,80.82366653946849,76.56391000000004,72.30415346053158,-0.371166413867158,0.2781582986015807,Bearish,81.1519,49.4393,2305619.0476190476,73.4618,73.93079999999998,74.71459999999998,72.20900000000002,71.42520000000002,70.95620000000004
4981,2020-02-05,71.8942,73.14699999999998,71.8942,72.9928,967500,76.39385714285702,75.406954,70.32116200000009,66.10625150000001,42.57678965001327,80.86770271515668,76.54319000000002,72.21867728484337,-0.5160756874620063,0.11931150138886329,Bearish,80.1919,49.4393,2124333.3333333335,73.4618,73.93079999999998,74.71459999999998,72.20900000000002,71.42520000000002,70.95620000000004
4982,2020-02-06,73.2434,74.3517,72.2797,72.6748,1156000,76.35898095238083,75.389222,70.44982000000009,66.12455550000001,41.73263962333123,80.96799961634206,76.33213500000002,71.69627038365799,-0.6490949110766309,-0.03436978110423555,Bearish,80.1919,49.4393,2003761.9047619049,73.92443333333331,75.17406666666665,75.9964333333333,71.85243333333332,71.03006666666667,69.78043333333333
4983,2020-02-07,72.2797,73.2434,70.3522,71.5858,1678500,76.10611904761893,75.37206800000001,70.56749200000009,66.14053850000002,38.88909525345454,80.69279440204443,75.91773500000002,71.14267559795562,-0.8327869533835184,-0.1940532155600921,Bearish,80.1919,49.4393,1977190.4761904762,73.10206666666666,74.61833333333333,75.99326666666666,70.21086666666666,68.83593333333333,67.31966666666666
4984,2020-02-10,71.0846,71.0846,68.9066,69.4559,994500,75.61002857142844,75.265286,70.68930700000008,66.15166050000002,34.008354006630405,80.5137646637481,75.38093500000002,70.24810533625194,-1.1371213232435196,-0.3826668370967776,Bearish,80.1919,49.4393,1791095.238095238,70.72480000000002,71.9937,72.90280000000001,68.54680000000002,67.63770000000001,66.36880000000002
4985,2020-02-11,70.2558,71.3063,68.9066,70.6991,700000,75.15799047619035,75.248324,70.81632600000007,66.17621150000002,38.83378410903341,80.42176748550698,75.02772500000002,69.63368251449306,-1.2634286349772168,-0.5588191966728655,Bearish,80.1919,49.4393,1417285.7142857143,71.7014,72.7037,74.1011,69.30170000000001,67.9043,66.90200000000002
4986,2020-02-12,70.8341,73.2337,70.8341,72.8001,924000,74.92164761904749,75.24736,70.96715000000009,66.22509600000004,46.01780143317581,80.10202332474617,74.77908500000002,69.45614667525388,-1.1803881682730974,-0.6831329909929119,Bearish,80.1919,49.4393,1233928.5714285714,73.74449999999999,74.68889999999999,76.14409999999998,71.3449,69.8897,68.9453
4987,2020-02-13,73.2434,73.3398,72.2604,72.7519,642500,74.68255238095225,75.175274,71.13137000000009,66.26092150000004,45.88465519539457,79.55637067454687,74.48226000000003,69.40814932545318,-1.1057212707895445,-0.7676506469522384,Bearish,80.1919,49.4393,1164238.0952380951,73.30766666666668,73.86343333333333,74.38706666666667,72.22826666666668,71.70463333333335,71.14886666666669
4988,2020-02-14,72.7615,72.7615,71.9423,72.1158,260500,74.36957142857129,75.03514799999999,71.26532800000008,66.30087150000003,44.07234620350387,78.88666655933525,74.14302500000002,69.39938344066479,-1.0853637725242038,-0.8311932720666315,Bearish,80.1919,49.4393,1138023.8095238095,72.60409999999997,73.09239999999998,73.42329999999997,71.78489999999998,71.454,70.96569999999998
4989,2020-02-17,72.2989,72.617,71.7978,72.3182,684500,74.05612857142845,74.967494,71.39485300000007,66.35566200000002,44.819177888880226,78.39414999667558,73.87607000000001,69.35799000332445,-1.0408994787547954,-0.8731345134042643,Bearish,80.1919,49.4393,1067714.2857142857,72.69086666666666,73.06353333333334,73.51006666666667,71.87166666666666,71.42513333333332,71.05246666666665
4990,2020-02-18,72.9928,72.9928,71.7978,72.2315,211000,73.79775714285701,74.893288,71.52466800000008,66.43627800000003,44.54477657148853,77.92757634266701,73.62743000000002,69.32728365733303,-1.0011169183513573,-0.8987309943936829,Bearish,80.1919,49.4393,1039904.7619047619,72.8836,73.5357,74.07860000000001,71.6886,71.14569999999999,70.49359999999999
4991,2020-02-19,72.6651,73.0024,72.2797,72.3278,266500,73.56554285714272,74.83527,71.65245800000008,66.50470250000002,44.94794610429103,77.60120139716221,73.43420000000002,69.26719860283782,-0.9508574545782835,-0.909156286430603,Bearish,80.1919,49.4393,964666.6666666666,72.79356666666665,73.25933333333332,73.51626666666664,72.07086666666666,71.81393333333334,71.34816666666667
4992,2020-02-20,72.2797,72.2797,70.8437,71.1135,488000,73.32369047619034,74.797492,71.75557700000009,66.58160800000002,40.90916553567492,77.17740306752015,73.16001500000002,69.14262693247989,-0.9975116359004659,-0.9268273563245756,Bearish,80.1919,49.4393,916166.6666666666,71.9809,72.84830000000001,73.41690000000001,70.5449,69.9763,69.10889999999999
4993,2020-02-21,71.6532,71.6532,69.8703,70.4486,509500,73.03089999999986,74.68435000000001,71.82486900000008,66.66911450000002,38.850651943416906,76.80230041071991,72.87282500000002,68.94334958928013,-1.0757368590343788,-0.9566092568665362,Bearish,80.1919,49.4393,868571.4285714285,71.44443333333335,72.44026666666667,73.22733333333335,69.66153333333335,68.87446666666668,67.87863333333335
4994,2020-02-24,69.4848,69.6294,68.3284,68.7042,708500,72.67431904761891,74.485436,71.87324800000009,66.73469600000001,34.01477589631258,76.41261384091271,72.47721500000002,68.54181615908732,-1.2639197334665369,-1.0180713521865363,Bearish,80.1919,49.4393,816190.4761904762,69.44626666666666,70.18833333333333,70.74726666666666,68.14526666666666,67.58633333333333,66.84426666666666
4995,2020-02-25,68.7042,69.5716,68.232,68.4729,624000,72.28653333333321,74.27013800000002,71.92182000000008,66.78524350000002,33.42074744505856,75.99249198588562,72.08835000000002,68.18420801411442,-1.4154040968140436,-1.0975379011120379,Bearish,80.1919,49.4393,803523.8095238095,69.28566666666666,70.09843333333333,70.62526666666666,67.94606666666665,67.41923333333332,66.60646666666665
4996,2020-02-26,68.4344,68.4344,67.3164,67.8754,699500,71.8877333333332,74.09512400000001,71.96673000000008,66.81825100000002,31.87228800659569,75.71341417577962,71.71153000000001,67.7096458242204,-1.5656222835186355,-1.1911547775933573,Bearish,80.1919,49.4393,806904.7619047619,68.4344,68.9934,69.55239999999999,67.3164,66.7574,66.1984
4997,2020-02-27,66.8828,67.461,63.4712,64.7337,4796500,71.37925238095224,73.89601800000003,71.96914000000008,66.82027500000002,25.248206176477183,75.70455588135098,71.14727,66.58998411864903,-1.9160926886744392,-1.3361423598095736,Bearish,80.1919,49.4393,815380.9523809524,66.97273333333334,69.21176666666668,70.96253333333334,62.98293333333335,61.23216666666668,58.993133333333354
4998,2020-02-28,64.5698,65.9961,63.5097,63.9241,1001500,70.80330952380939,73.72486000000002,71.94813000000008,66.80644550000002,23.871376012173837,75.76746817312551,70.588305,65.4091418268745,-2.233425425606484,-1.5155989729689556,Bearish,80.1919,49.4393,1013642.8571428572,65.44356666666667,66.96303333333333,67.92996666666667,62.95716666666668,61.99023333333334,60.470766666666684
4999,2020-03-02,64.4638,66.3527,64.08800000000001,65.3312,2198500,70.33796666666653,73.63292000000003,71.95767100000008,66.78529200000001,30.922017558341697,75.91495826241054,70.277505,64.64005173758947,-2.344348505247183,-1.681348879424601,Bearish,80.1919,49.4393,1030761.9047619047,66.4266,67.52199999999999,68.69129999999998,64.1619,62.99260000000001,61.89720000000001
5000,2020-03-03,66.9695,69.5812,66.69,67.1237,2936000,70.12732380952369,73.52247600000004,72.00701400000008,66.78852050000002,38.70943038157833,75.63658463023063,69.98405000000001,64.33151536976939,-2.2615463767007498,-1.7973883788798308,Bearish,80.1919,49.4393,1116976.1904761905,68.9066,70.6895,71.7978,66.0154,64.9071,63.1242
5001,2020-03-04,67.1237,67.7983,65.1673,65.601,919000,69.77533333333321,73.38157800000003,72.03602200000007,66.76755950000002,35.09047924201402,75.39688776189676,69.61446000000001,63.832032238103245,-2.292369251751836,-1.8963845534542318,Bearish,80.1919,49.4393,1115000.0,67.21043333333334,68.81986666666667,69.84143333333334,64.57943333333334,63.55786666666667,61.94843333333334
5002,2020-03-05,66.3913,68.1838,66.3913,67.5188,1379500,69.51466666666654,73.22025000000004,72.08931600000007,66.74062300000003,42.39512004448168,75.02903599649044,69.35666,63.68428400350958,-2.1374074672277317,-1.9445891362089318,Bearish,80.1919,49.4393,1112690.4761904762,68.33796666666669,69.15713333333335,70.13046666666669,66.54546666666668,65.57213333333334,64.75296666666668
5003,2020-03-06,66.9791,67.355,64.08800000000001,64.3867,518000,69.11999523809511,73.02095000000003,72.10049500000008,66.69802600000001,35.39037119444347,74.96360255985964,68.996705,63.02980744014038,-2.2414948728885946,-2.0039702835448643,Bearish,80.1919,49.4393,1132309.5238095238,66.46513333333333,68.54356666666666,69.73213333333332,63.19813333333333,62.00956666666667,59.931133333333335
5004,2020-03-09,59.8957,64.4253,59.8861,61.0233,2259500,68.61701904761892,72.75554000000002,72.10907200000007,66.65051400000002,29.712961629788058,75.47186008520127,68.57507500000001,61.67828991479875,-2.5658061465785806,-2.1163374561516077,Bearish,80.1919,49.4393,1101928.5714285714,63.670366666666666,66.31743333333333,68.20956666666666,59.13116666666667,57.23903333333334,54.59196666666668
5005,2020-03-10,62.2569,64.9939,61.1968,64.4156,954000,68.37700476190464,72.57570800000002,72.14039300000007,66.61996350000003,40.14288881194034,75.3127629314495,68.26090000000002,61.20903706855054,-2.5200453935256633,-2.197079043626419,Bearish,80.1919,49.4393,1129595.238095238,65.87406666666664,67.33253333333332,69.67116666666664,62.07696666666665,59.73833333333333,58.279866666666656
5006,2020-03-11,65.5336,65.9094,62.9315,63.4712,368500,68.03281904761893,72.35887000000002,72.15436700000008,66.58469100000002,38.433042003223704,74.81769249718414,67.79445500000001,60.771217502815894,-2.530811237788768,-2.2638254824588886,Bearish,80.1919,49.4393,1127666.6666666667,65.27656666666667,67.08193333333334,68.25446666666667,62.29866666666666,61.12613333333333,59.32076666666666
5007,2020-03-12,61.9678,61.9678,59.4139,59.915,525000,67.41924285714273,72.01212000000002,72.12690100000007,66.53163750000003,32.77233309597866,74.58092844764033,67.15261000000001,59.72429155235969,-2.794090332436056,-2.369878452454322,Bearish,80.1919,49.4393,1111880.9523809524,61.45056666666666,62.98613333333333,64.00446666666666,58.89666666666666,57.87833333333333,56.34276666666666
5008,2020-03-13,58.7875,61.1004,56.089,59.8572,966500,66.80520952380941,71.68734400000002,72.09712200000007,66.47829500000003,32.68806143154737,74.24650377107159,66.53968,58.83285622892842,-2.9731324683285365,-2.490529255629165,Bearish,80.1919,49.4393,1092880.9523809524,61.942066666666676,64.02693333333335,66.95346666666669,56.930666666666674,54.004133333333336,51.91926666666667
5009,2020-03-16,57.8719,57.8719,55.3759,55.3759,1763000,66.00807142857131,71.34676400000002,72.00547200000007,66.42013400000003,26.910365617110582,74.33967176729779,65.69256500000002,57.045458232702245,-3.437008415613768,-2.6798250876260856,Bearish,80.1919,49.4393,1108309.5238095238,57.03989999999999,58.70389999999999,59.535899999999984,54.543899999999994,53.7119,52.0479
5010,2020-03-17,55.1253,55.4144,51.2318,51.5113,4164500,65.01726666666654,70.88070400000002,71.88346400000007,66.33947000000003,23.115818139665322,74.7634491707062,64.656555,54.549660829293806,-4.069562979263289,-2.9577726659535264,Bearish,80.1919,49.4393,1179857.142857143,54.20653333333333,56.90176666666667,58.389133333333334,50.02393333333333,48.536566666666666,45.84133333333333
5011,2020-03-18,49.632,49.632,47.6564,47.6564,4159000,63.847023809523684,70.36568800000002,71.72637600000007,66.23109900000004,20.075007602673374,75.34330311794702,63.422985000000004,51.502666882053,-4.826290765834706,-3.3314762859297624,Bearish,80.1919,49.4393,1345571.4285714286,48.97346666666666,50.29053333333333,50.94906666666666,46.99786666666666,46.33933333333333,45.02226666666666
5012,2020-03-19,44.0906,44.3315,44.0906,44.0906,1427000,62.50239523809511,69.70958200000001,71.52119800000008,66.09579150000005,17.74913542788691,76.13281544815278,62.07184000000001,48.01086455184723,-5.648619478780006,-3.794904924499811,Bearish,80.1919,47.6564,1533571.4285714286,44.25119999999999,44.41179999999999,44.492099999999986,44.010299999999994,43.93,43.7694
5013,2020-03-20,42.8859,44.0906,40.785,40.785,2411500,61.05818095238084,68.92780600000002,71.28575900000007,65.93870350000003,15.90899535809063,76.88294208671829,60.58866000000002,44.29437791328175,-6.492216966372133,-4.334367332874276,Bearish,80.1919,44.0906,1588833.3333333333,42.98873333333333,45.19246666666667,46.294333333333334,39.68313333333332,38.58126666666666,36.37753333333332
5014,2020-03-23,42.8859,44.0906,40.785,40.785,2411500,59.64562857142846,68.13966800000001,71.01861300000007,65.78908450000003,15.90899535809063,77.16416080361714,59.19270000000002,41.2212391963829,-7.079169790367423,-4.8833278243729055,Bearish,80.1919,40.785,1680428.5714285714,42.98873333333333,45.19246666666667,46.294333333333334,39.68313333333332,38.58126666666666,36.37753333333332
5015,2020-03-24,37.73,37.73,37.73,37.73,134500,58.17066666666656,67.33900200000002,70.68805400000007,65.63893550000003,14.317942609965748,77.36411203144814,57.65555500000003,37.94699796855191,-7.702062518108839,-5.447074763120092,Bearish,80.1919,40.785,1771000.0,37.73,37.73,37.73,37.73,37.73,37.73
5016,2020-03-25,35.764,36.2458,34.9063,35.1086,1921000,56.581890476190374,66.48571600000002,70.32964300000006,65.46806600000004,13.1066724129571,77.42923447573006,56.017215000000036,34.60519552427002,-8.31142562368278,-6.01994493523263,Bearish,80.1919,37.73,1743666.6666666667,35.93416666666667,36.75973333333334,37.27366666666667,34.59466666666667,34.080733333333335,33.25516666666667
5017,2020-03-26,34.6942,37.0554,33.0077,34.0871,713000,54.97292380952371,65.59369000000002,69.96275200000005,65.28852350000004,12.657315148426113,77.50819935187047,54.484885000000034,31.4615706481296,-8.775616938606149,-6.571079335907333,Bearish,80.1919,35.1086,1805428.5714285714,36.42576666666666,38.76443333333333,40.47346666666666,32.37806666666666,30.66903333333333,28.330366666666663
5018,2020-03-27,34.2991,35.2725,33.7305,34.5015,984000,53.53329523809514,64.70571000000001,69.60617300000006,65.11100450000004,13.946262325497496,77.168743906763,53.01375500000004,28.858766093237083,-9.006235012251452,-7.058110471176157,Bearish,80.1919,34.0871,1806071.4285714286,35.2725,36.0435,36.8145,33.7305,32.9595,32.1885
5019,2020-03-30,34.1642,34.1642,32.0922,33.2679,743500,52.0734761904761,63.81792200000002,69.21557400000005,64.93820800000005,13.316276630773153,76.32682576480893,51.410590000000035,26.494354235191135,-9.182690368956443,-7.483026450732214,Bearish,80.1919,34.0871,1624523.8095238095,34.25733333333333,35.246766666666666,36.32933333333333,32.185333333333325,31.10276666666666,30.113333333333323
5020,2020-03-31,34.1064,35.8796,33.7305,35.5616,1684500,50.65587619047609,62.98506800000002,68.85957300000005,64.77543450000005,20.506637130037504,74.56535532984736,49.832485000000034,25.099614670152697,-9.033319604335496,-7.793085081452871,Bearish,80.1919,33.2679,1612238.0952380951,36.38396666666667,37.20633333333334,38.53306666666668,34.23486666666667,32.90813333333333,32.085766666666665
5021,2020-04-01,35.8507,38.0576,34.7906,37.5758,2972500,49.24883333333324,62.21273600000002,68.52332800000005,64.62403300000004,26.28888553911822,72.60097487002236,48.43122500000003,24.261475129977704,-8.652670491263976,-7.965002163415091,Bearish,80.1919,33.2679,1587761.9047619049,38.8254,40.075,42.092400000000005,35.5584,33.541,32.291399999999996
5022,2020-04-02,37.5854,40.3899,37.5854,40.3899,2521000,48.04830476190467,61.48859000000002,68.22746400000004,64.48843650000005,33.56024350973472,69.80983034747763,47.07478000000004,24.339729652522458,-8.031348587959918,-7.978271448324056,Bearish,80.1919,33.2679,1589500.0,41.32473333333332,42.25956666666666,44.12923333333332,38.52023333333332,36.65056666666666,35.715733333333326
5023,2020-04-03,43.1654,43.416,42.3559,43.4063,3791000,46.90009047619038,60.832868000000026,67.95029500000004,64.37062050000004,40.35242706956013,67.3619212467085,46.025760000000034,24.689598753291566,-7.212408081519875,-7.82509877496322,Bullish,80.1919,33.2679,1665785.7142857143,43.76290000000001,44.1195,44.82300000000001,42.70280000000001,41.999300000000005,41.64270000000001
5024,2020-04-06,43.8497,44.3219,40.1586,40.2357,2141000,45.75004285714275,60.10525400000003,67.64517900000004,64.23290400000005,36.16707518094166,65.29968232528289,44.98638000000004,24.673077674717195,-6.741520698052376,-7.608383159581051,Bullish,80.1919,33.2679,1780619.0476190476,42.98553333333334,45.73536666666667,47.14883333333334,38.822233333333344,37.40876666666667,34.658933333333344
5025,2020-04-07,40.4284,41.3921,39.8213,41.1512,1080000,44.80375238095228,59.40327400000003,67.31384900000005,64.09990950000005,38.161522999106865,62.11689475946187,43.82316000000004,25.5294252405382,-6.2227340506285245,-7.331253337790546,Bullish,80.1919,33.2679,1857904.761904762,41.75509999999999,42.358999999999995,43.32589999999999,40.18429999999999,39.2174,38.613499999999995
5026,2020-04-08,41.4403,41.6138,40.1875,41.1898,867500,43.697761904761805,58.71883400000004,66.99591500000005,63.95072450000005,38.24912916220438,58.64251227519071,42.70909000000004,26.77566772480937,-5.742283725146841,-7.013459415261805,Bullish,80.1919,33.2679,1801738.0952380951,41.806566666666654,42.423333333333325,43.23286666666665,40.38026666666666,39.57073333333333,38.95396666666666
5027,2020-04-09,41.4403,43.6858,41.4403,43.2425,1271500,42.73449047619037,58.06330600000003,66.72481800000006,63.82645150000005,42.88319936388862,55.72979501978247,41.875465000000034,28.021134980217596,-5.13667525104983,-6.6381025824194095,Bullish,80.1919,33.2679,1797619.0476190476,44.138766666666676,45.03503333333334,46.384266666666676,41.893266666666676,40.54403333333334,39.647766666666676
5028,2020-04-10,42.8763,46.4035,41.4403,46.1144,1836000,42.07731904761895,57.483526000000026,66.45237200000005,63.72140500000005,48.685354897209926,52.54521586165072,41.188325000000034,29.831434138349348,-4.374560631731093,-6.185394192281747,Bullish,80.1919,33.2679,1840619.0476190476,47.865166666666674,49.61593333333334,52.828366666666675,42.901966666666674,39.68953333333334,37.93876666666667
5029,2020-04-13,45.9699,46.7312,43.3678,44.4857,1725500,41.345342857142754,56.942296000000034,66.16518100000005,63.62498400000005,45.8412943896229,50.11535579255569,40.64381500000003,31.172274207444378,-3.8575345267750265,-5.719822259180402,Bullish,80.1919,33.2679,1903047.619047619,46.355333333333334,48.22496666666667,49.71873333333333,42.991933333333336,41.49816666666667,39.62853333333334
5030,2020-04-14,43.8497,45.0543,41.7873,43.5702,2602500,40.78316666666657,56.35384400000004,65.87721900000005,63.525431000000054,44.27560039306117,48.44259882720643,40.24676000000004,32.05092117279364,-3.4815279257208473,-5.272163392488491,Bullish,80.1919,33.2679,1939190.4761904762,45.15389999999999,46.73759999999999,48.42089999999999,41.8869,40.2036,38.6199
5031,2020-04-15,44.4761,45.3916,43.5605,44.0135,1570500,40.42612857142847,55.77425800000004,65.59060600000005,63.41860150000005,45.25070809554663,47.73899966178528,40.06461500000004,32.3902303382148,-3.111897364487845,-4.840110186888362,Bullish,80.1919,33.2679,1979166.6666666667,45.08323333333333,46.152966666666664,46.91433333333333,43.25213333333333,42.490766666666666,41.421033333333334
5032,2020-04-16,42.9823,44.9001,42.9341,44.3412,754500,40.2682619047618,55.20758600000003,65.29840400000006,63.31042300000006,46.002921119514326,47.778552452008086,40.07714500000004,32.37573754799199,-2.7606962425589927,-4.424227398022488,Bullish,80.1919,33.2679,1855642.857142857,45.182833333333335,46.02446666666667,47.148833333333336,43.216833333333334,42.09246666666667,41.25083333333333
5033,2020-04-17,47.5118,47.666,46.7408,47.666,1117000,40.438519047618946,54.72919000000004,65.05062900000006,63.21930250000005,53.050882887074,48.80308783120737,40.42119500000003,32.039302168792695,-2.188851531730876,-3.9771522247641657,Bullish,80.1919,33.2679,1693523.8095238095,47.974399999999996,48.282799999999995,48.89959999999999,47.0492,46.4324,46.124
5034,2020-04-20,51.2318,51.2318,49.7477,51.2318,2479500,40.935985714285614,54.364708000000036,64.81499700000005,63.16244250000004,59.201437424230186,50.56185795200383,40.94353500000004,31.325212047996253,-1.4314295898372649,-3.4680076977787855,Bullish,80.1919,33.2679,1678761.9047619049,51.726499999999994,52.221199999999996,53.21059999999999,50.242399999999996,49.253,48.7583
5035,2020-04-21,49.1502,50.5861,47.3962,47.8395,2858000,41.27191428571419,53.907516000000044,64.57792000000005,63.09218650000005,52.19584692161129,51.39564871483952,41.44901000000004,31.502371285160557,-1.092306078782876,-2.9928673739796037,Bullish,80.1919,33.2679,1682000.0,49.818333333333335,51.79716666666667,53.00823333333334,46.628433333333334,45.417366666666666,43.43853333333333
5036,2020-04-22,45.7675,48.0804,44.3604,47.5504,1492000,41.73955238095228,53.40252200000005,64.32494100000005,63.01590750000004,51.635062774069695,51.90943675190802,42.07110000000004,32.232763248092056,-0.8372251960048445,-2.561738938384652,Bullish,80.1919,33.2679,1703261.9047619049,48.96706666666667,50.38373333333333,52.68706666666667,45.24706666666667,42.943733333333334,41.52706666666667
5037,2020-04-23,49.632,50.5958,48.1961,50.191,1741500,42.4577619047618,52.951304000000036,64.06328900000005,62.96849200000004,56.25780389868552,52.6044612246203,42.87629500000004,33.14812877537978,-0.4171883197997772,-2.132828814667677,Bullish,80.1919,33.2679,1767904.761904762,51.12583333333333,52.06066666666666,53.52553333333333,48.72613333333334,47.26126666666667,46.32643333333334
5038,2020-04-24,50.8271,51.3667,49.7766,50.1235,738000,43.2213999999999,52.51145800000004,63.77330300000005,62.90758400000004,56.11016651518581,53.07406676118192,43.657395000000044,34.24072323881817,-0.08872993166419008,-1.7240090380669795,Bullish,80.1919,33.2679,1759357.142857143,51.06793333333333,52.012366666666665,52.65803333333333,49.47783333333333,48.832166666666666,47.88773333333333
5039,2020-04-27,50.0175,50.1139,47.242,47.5889,1553000,43.844609523809424,52.01687200000004,63.49218300000005,62.827980000000046,50.72694093275339,52.62728178599486,44.37344500000004,36.11960821400522,-0.03256988475836664,-1.385721207405257,Bullish,80.1919,33.2679,1760547.619047619,49.38786666666666,51.18683333333333,52.259766666666664,46.51596666666666,45.443033333333325,43.64406666666665
5040,2020-04-28,47.3576,48.5237,47.3576,48.1286,682000,44.552261904761814,51.53481400000004,63.214051000000055,62.74601500000004,51.78762780352436,52.33916797360877,45.00179500000004,37.66442202639131,0.05485431022207621,-1.0976061038797904,Bullish,80.1919,33.2679,1787642.857142857,48.648999999999994,49.169399999999996,49.815099999999994,47.482899999999994,46.837199999999996,46.31679999999999
5041,2020-04-29,48.6683,49.1502,48.1961,48.6394,538500,45.17501428571419,51.06104600000004,62.948158000000056,62.672434500000044,52.82275424880021,52.205566205557766,45.55497500000004,38.90438379444232,0.16347150788227793,-0.8453905815273768,Bullish,80.1919,33.2679,1784714.2857142857,49.127700000000004,49.616,50.0818,48.17360000000001,47.707800000000006,47.21950000000001
5042,2020-04-30,49.4007,51.0776,49.4007,51.0102,2095000,45.81474761904753,50.65898000000005,62.72823600000005,62.61369550000005,57.39494886215519,52.698005704120995,46.08599000000004,39.47397429587908,0.4358311754749522,-0.589146230126911,Bullish,80.1919,33.2679,1730142.857142857,51.59163333333332,52.17306666666666,53.268533333333316,49.914733333333324,48.819266666666664,48.23783333333333
5043,2020-05-01,49.4007,51.0776,49.4007,51.0102,2095000,46.32047619047611,50.27021200000004,62.47728100000005,62.563052000000056,57.3949488621552,53.28923269476539,46.46618500000004,39.64313730523469,0.6442516423868767,-0.34246665562415346,Bullish,80.1919,33.2679,1688357.142857143,51.59163333333332,52.17306666666666,53.268533333333316,49.914733333333324,48.819266666666664,48.23783333333333
5044,2020-05-04,49.6802,52.5232,49.1502,51.174,2449000,46.69036666666658,49.919608000000046,62.202522000000044,62.523539000000056,57.723257258442196,53.495879614019024,47.013100000000044,40.530320385981064,0.8132687986012144,-0.11131956477907987,Bullish,80.1919,33.2679,1668071.4285714286,52.74806666666666,54.32213333333333,56.121066666666664,49.375066666666655,47.576133333333324,46.00206666666665
5045,2020-05-05,51.9932,52.5232,51.1065,52.1763,832500,47.25896666666658,49.593676000000045,61.931907000000045,62.488074000000054,59.766308667282516,53.830953419385125,47.56435500000004,41.29775658061496,1.0163771825457601,0.11421978468588814,Bullish,80.1919,33.2679,1604166.6666666667,52.764166666666654,53.35203333333333,54.18086666666666,51.34746666666665,50.51863333333332,49.93076666666664
5046,2020-05-06,52.9087,53.1015,52.051,52.822,1440500,47.814719047618965,49.292608000000044,61.69386600000004,62.45063350000005,61.07146802483135,54.08892309181262,48.14596500000004,42.20300690818746,1.2154338687411084,0.3344626014969322,Bullish,80.1919,33.2679,1541857.142857143,53.26533333333333,53.708666666666666,54.31583333333333,52.21483333333333,51.60766666666667,51.16433333333333
5047,2020-05-07,52.1377,52.5232,51.0776,51.6173,563500,48.31126666666658,49.03028000000004,61.46314900000004,62.41280700000005,57.33447482298884,54.24084961283715,48.564705000000046,42.88856038716294,1.2614374391934149,0.5198575690362287,Bullish,80.1919,33.2679,1559023.8095238095,52.40113333333333,53.18496666666667,53.84673333333333,50.95553333333332,50.293766666666656,49.509933333333315
5048,2020-05-08,51.6173,55.4819,51.1836,54.4892,3507500,48.84682380952373,48.84158200000004,61.28322100000004,62.39743550000005,63.12699513715005,55.09379476067995,48.98344500000004,42.87309523932013,1.5122022030612428,0.7183264958412315,Bullish,80.1919,33.2679,1544547.619047619,56.25286666666666,58.016533333333335,60.55116666666667,51.95456666666666,49.419933333333326,47.65626666666665
5049,2020-05-11,55.8963,58.5369,55.8963,58.1707,2910500,49.420933333333245,48.698372000000035,61.16564600000003,62.40601300000005,68.94712256590198,56.61742670833519,49.667695000000045,42.7179632916649,1.9851181610424646,0.9716848288814781,Bullish,80.1919,33.2679,1651023.8095238095,59.17296666666668,60.175233333333345,61.81356666666669,56.532366666666675,54.89403333333333,53.89176666666667
5050,2020-05-12,58.3056,58.7778,54.6916,55.1735,2232000,49.929876190476115,48.45936800000003,60.990922000000026,62.40177300000005,60.565554725402414,56.99910387009824,50.247860000000045,43.49661612990185,2.0939210550614575,1.196132074117474,Bullish,80.1919,33.2679,1702190.4761904762,57.737,60.3005,61.8232,53.650800000000004,52.1281,49.564600000000006
5051,2020-05-13,53.1978,53.8628,51.0873,51.3667,3942000,50.30113809523802,48.17468200000003,60.77813000000002,62.38697950000005,51.93057589170329,56.74051060883684,50.615520000000046,44.49052939116325,1.8516267862152418,1.3272310165370276,Bullish,80.1919,33.2679,1726309.5238095238,53.123900000000006,54.8811,55.89940000000001,50.348400000000005,49.3301,47.572900000000004
5052,2020-05-14,51.4149,52.8894,51.4149,52.0895,1376500,50.68570952380944,47.866096000000034,60.54317300000002,62.37686000000005,53.29223206219699,56.432138767131605,51.00293500000005,45.5737312328685,1.698353193401644,1.401455451909951,Bullish,80.1919,33.2679,1790095.238095238,52.847633333333334,53.60576666666667,54.32213333333333,51.373133333333335,50.65676666666667,49.898633333333336
5053,2020-05-15,52.1377,52.6678,51.174,51.6077,1716500,51.03173333333325,47.61051600000003,60.31573300000001,62.36948750000005,52.2301618075683,56.41221768028185,51.20002000000005,45.987822319718255,1.5204784048052247,1.4252600424890056,Bullish,80.1919,33.2679,1780857.142857143,52.458999999999996,53.3103,53.952799999999996,50.965199999999996,50.3227,49.471399999999996
5054,2020-05-18,52.3112,52.5136,51.28,51.8101,1070500,51.229071428571345,47.42625200000004,60.090896,62.36312700000005,52.657009968245326,56.447928952577264,51.22893500000005,46.009941047422835,1.3799362951663738,1.4161952930244792,Bearish,80.1919,33.2679,1826666.6666666667,52.455799999999996,53.101499999999994,53.68939999999999,51.2222,50.6343,49.988600000000005
5055,2020-05-19,52.1377,55.6939,52.0221,55.6939,3728000,51.441552380952295,47.25181800000005,59.91376300000001,62.37618550000005,60.03632562968555,56.942417205721654,51.62165500000005,46.30089279427844,1.563917989379057,1.4457398322953947,Bullish,80.1919,33.2679,1824452.380952381,56.91783333333333,58.14176666666666,60.589633333333325,53.24603333333333,50.79816666666667,49.57423333333333
5056,2020-05-20,56.8118,57.4382,54.1134,54.7205,5672000,51.769219047618954,47.076804000000045,59.71783700000001,62.38437700000004,57.61252720257936,57.118442954600226,51.98016000000005,46.84187704539987,1.6125906217179988,1.4791099901799156,Bullish,80.1919,33.2679,1883904.761904762,56.73466666666668,58.748833333333344,60.05946666666669,53.40986666666668,52.09923333333334,50.08506666666668
5057,2020-05-21,54.9325,54.9325,52.0606,52.4076,3189000,52.00051428571419,46.92665600000005,59.469388000000016,62.38100400000004,52.21800631725253,57.165351127820585,52.09099000000005,47.01662887217951,1.447842506066543,1.472856493357241,Bearish,80.1919,33.2679,2017904.761904762,54.20653333333333,56.00546666666666,57.07843333333333,51.334633333333336,50.26166666666667,48.46273333333334
5058,2020-05-22,54.9325,54.9325,52.0606,52.4076,3189000,52.10606666666657,46.77766400000005,59.23250400000003,62.388666000000036,52.21800631725254,57.19947319868251,52.205195000000046,47.21091680131758,1.302266717381599,1.4387385381621125,Bearish,80.1919,33.2679,2098714.285714286,54.20653333333333,56.00546666666666,57.07843333333333,51.334633333333336,50.26166666666667,48.46273333333334
5059,2020-05-25,54.9325,54.9325,52.0606,52.4076,3189000,52.21483333333324,46.71829800000005,59.032531000000034,62.38384750000004,52.21800631725254,56.96904650158759,52.44613000000005,47.923213498412515,1.1733709659346303,1.3856650237166162,Bearish,80.1919,33.2679,2167642.8571428573,54.20653333333333,56.00546666666666,57.07843333333333,51.334633333333336,50.26166666666667,48.46273333333334
5060,2020-05-26,54.9325,54.9325,52.0606,52.4076,3189000,52.444295238095144,46.73622400000005,58.80846400000004,62.37098200000004,52.21800631725254,56.727727861152104,52.66008000000005,48.592432138848,1.0590125171834686,1.3203345224099867,Bearish,80.1919,33.2679,2284357.1428571427,54.20653333333333,56.00546666666666,57.07843333333333,51.334633333333336,50.26166666666667,48.46273333333334
5061,2020-05-27,54.9325,54.9325,52.0606,52.4076,3189000,52.64805714285705,46.83124800000005,58.59846800000005,62.35262300000004,52.21800631725254,56.47937715158358,52.84849000000005,49.21760284841652,0.9573469232367415,1.2477370025753376,Bearish,80.1919,33.2679,2362261.904761905,54.20653333333333,56.00546666666666,57.07843333333333,51.334633333333336,50.26166666666667,48.46273333333334
5062,2020-05-28,51.8968,53.7182,51.3667,53.2075,2575500,52.86558571428562,47.01358600000005,58.36158400000005,62.32481950000004,54.358896291159006,56.49176353084266,52.958355000000054,49.42494646915745,0.9305941425293369,1.1843084305661375,Bearish,80.1919,33.2679,2481642.8571428573,54.16156666666668,55.11563333333334,56.51306666666668,51.81006666666668,50.41263333333334,49.45856666666668
5063,2020-05-29,53.8724,54.2579,53.0051,54.0266,3800000,53.00922380952371,47.27841800000006,58.103112000000046,62.30785750000004,56.50784910948757,56.55346840379591,53.10917500000005,49.66488159620419,0.9643702357924369,1.1403207916113973,Bearish,80.1919,33.2679,2578642.8571428573,54.52130000000001,55.016000000000005,55.77410000000001,53.26850000000001,52.510400000000004,52.01570000000001
5064,2020-06-01,54.3061,55.3662,53.7761,54.5278,2591000,53.176728571428484,47.55327400000006,57.846471000000044,62.30771300000004,57.81664136726974,56.65387495394308,53.27686500000006,49.899855046057034,1.0198247791092,1.116221589110958,Bearish,80.1919,33.2679,2659833.3333333335,55.3373,56.1468,56.9274,53.7472,52.9666,52.1571
5065,2020-06-02,54.4989,55.0289,53.7761,54.5278,1140000,53.33643333333325,47.889230000000055,57.61411600000005,62.315230000000035,57.81664136726974,56.77373278363591,53.39444000000005,50.0151472163642,1.0516501360769297,1.1033072985041523,Bearish,80.1919,33.2679,2683452.380952381,55.11243333333334,55.69706666666667,56.36523333333334,53.85963333333334,53.19146666666667,52.60683333333334
5066,2020-06-03,54.9325,54.9325,53.8821,54.0074,2461000,53.42362857142848,48.26720600000005,57.376461000000056,62.315953000000036,55.79479069756496,56.83234500063729,53.45371000000006,50.075074999362826,1.023086525312877,1.0872631438658973,Bearish,80.1919,33.2679,2621119.0476190476,54.6659,55.3244,55.7163,53.615500000000004,53.223600000000005,52.56510000000001
5067,2020-06-04,54.017,55.7035,53.6315,55.3951,4493500,53.546157142857055,48.693366000000054,57.14352800000005,62.33551650000003,59.828944431605535,57.01183959194525,53.64260000000006,50.27336040805487,1.0997482373887522,1.0897601625704683,Bullish,80.1919,33.2679,2698666.6666666665,56.18856666666666,56.98203333333333,58.260566666666655,54.116566666666664,52.838033333333335,52.04456666666667
5068,2020-06-05,55.4144,55.4144,54.3061,54.894,881500,53.70219047619038,49.10121600000005,56.90346300000006,62.36279000000003,57.77845098607899,57.05695120582851,53.66284000000006,50.26872879417161,1.107304299700182,1.093268989996411,Bullish,80.1919,33.2679,2844047.619047619,55.43690000000001,55.979800000000004,56.54520000000001,54.32860000000001,53.763200000000005,53.22030000000001
5069,2020-06-08,55.0289,55.4048,54.6434,55.0193,880500,53.72743333333324,49.53624400000005,56.67708300000006,62.37912550000003,58.16455365463631,56.284570999951,53.50527000000007,50.72596900004913,1.1106008807168237,1.0967353681404934,Bullish,80.1919,33.2679,2859190.476190476,55.4016,55.7839,56.163000000000004,54.6402,54.2611,53.8788
5070,2020-06-09,55.8963,57.4864,54.9807,55.212,3365500,53.58654285714277,49.92925200000005,56.45716000000006,62.38987100000002,58.788719608324115,56.291164543265246,53.50719500000007,50.72322545673489,1.11589933159064,1.1005681608305227,Bullish,80.1919,33.2679,2734095.238095238,56.80536666666667,58.39873333333334,59.311066666666676,54.29966666666667,53.38733333333333,51.79396666666666
5071,2020-06-10,55.31800000000001,55.5108,54.6434,54.8265,1104000,53.57001904761895,50.274266000000054,56.24350100000006,62.38596800000002,56.95793498836037,56.33773154240119,53.680185000000066,51.022638457598944,1.076581601288467,1.0957708489221116,Bearish,80.1919,33.2679,2755761.904761905,55.34373333333335,55.86096666666668,56.21113333333335,54.47633333333334,54.12616666666667,53.60893333333334
5072,2020-06-11,55.1735,55.4144,54.229,55.1253,889500,53.748999999999896,50.568974000000054,56.02878200000006,62.38804000000002,58.04845125094293,56.455333253734125,53.83197500000006,51.20861674626599,1.0573442729743618,1.0880855337325617,Bearish,80.1919,33.2679,2702047.619047619,55.61680000000001,56.10830000000001,56.80220000000001,54.43140000000001,53.737500000000004,53.24600000000001
5073,2020-06-12,54.5278,54.7302,53.4869,54.0363,903500,53.84170476190465,50.781574000000056,55.807221000000055,62.38081200000001,52.798089524293914,56.37040674468971,53.95340500000005,51.5364032553104,0.9433509898453707,1.0591386249551236,Bearish,80.1919,33.2679,2556690.476190476,54.68203333333333,55.32776666666667,55.925333333333334,53.438733333333325,52.84116666666666,52.19543333333332
5074,2020-06-15,54.4507,54.4507,52.822,53.2942,1265000,53.92201428571418,51.04274400000005,55.57399900000006,62.36987350000001,49.51165299361011,56.260999998977546,54.02761000000006,51.79422000102257,0.7840907140053304,1.004129042765165,Bearish,80.1919,33.2679,2534166.6666666665,54.2226,55.150999999999996,55.851299999999995,52.593900000000005,51.893600000000006,50.96520000000001
5075,2020-06-16,53.4869,53.9592,53.3424,53.6026,362000,54.00737142857132,51.29177200000006,55.34752300000005,62.36047700000001,50.88001770007347,56.02664138662742,53.92304500000006,51.8194486133727,0.674980347304384,0.9382993036730088,Bearish,80.1919,33.2679,2512666.6666666665,53.927066666666676,54.25153333333334,54.54386666666668,53.31026666666667,53.01793333333333,52.693466666666666
5076,2020-06-17,53.5833,55.212,51.945,52.7352,2269500,53.86648095238085,51.52268000000006,55.120757000000054,62.349297500000006,47.02005115066678,55.95467461267651,53.823780000000056,51.6928853873236,0.5126086315437632,0.8531611692471597,Bearish,80.1919,33.2679,2478928.5714285714,54.649800000000006,56.564400000000006,57.91680000000001,51.3828,50.0304,48.1158
5077,2020-06-18,53.0051,53.8435,51.70399999999999,51.9932,816000,53.73660952380942,51.697694000000055,54.880500000000055,62.32067500000001,43.94855445042447,55.99579483247197,53.80306000000005,51.61032516752813,0.32036174732625256,0.7466012848629783,Bearish,80.1919,33.2679,2409476.1904761903,53.323133333333345,54.653066666666675,55.46263333333335,51.18363333333334,50.374066666666664,49.044133333333335
5078,2020-06-19,52.0221,52.9569,50.9812,51.4342,1092500,53.690257142857035,51.80409000000006,54.64380800000006,62.286173500000004,41.73659792297033,56.10629322665255,53.75439000000004,51.40248677334754,0.1214975303771908,0.6215805339658208,Bearish,80.1919,33.2679,2178238.095238095,52.600333333333325,53.76646666666666,54.57603333333332,50.62463333333333,49.81506666666667,48.64893333333333
5079,2020-06-22,51.2222,51.4053,49.8248,51.2125,823000,53.63334761904751,51.938626000000056,54.44046100000005,62.2391435,40.85828218517832,56.233658127314385,53.69463500000005,51.15561187268571,-0.05337782512851419,0.4865888621469538,Bearish,80.1919,33.2679,2078404.761904762,51.803599999999996,52.39469999999999,53.38409999999999,50.2231,49.233700000000006,48.64260000000001
5080,2020-06-23,50.7885,52.3787,50.7885,52.1474,643500,53.620957142857044,52.11017000000005,54.232007000000046,62.201027999999994,46.01735794442018,56.24939773360311,53.681625000000054,51.113852266397,-0.1152012196115706,0.3662308457952489,Bearish,80.1919,33.2679,1965738.0952380951,52.75456666666666,53.36173333333333,54.344766666666665,51.16436666666666,50.18133333333333,49.574166666666656
5081,2020-06-24,52.0413,52.6099,51.4727,51.6462,341000,53.5846999999999,52.26282400000005,54.01854100000005,62.16985149999999,43.810923810665635,56.30656505590233,53.64355500000005,50.980544944097765,-0.20230728401155318,0.2525232198338885,Bearish,80.1919,33.2679,1844523.8095238095,52.346500000000006,53.046800000000005,53.483700000000006,51.209300000000006,50.772400000000005,50.072100000000006
5082,2020-06-25,51.0776,51.5498,50.7403,51.2222,258000,53.528252380952274,52.400444000000064,53.80401500000006,62.1269175,41.97724730428194,56.40554350354281,53.544290000000046,50.683036496457284,-0.3020706417720973,0.1416044475126913,Bearish,80.1919,33.2679,1708904.761904762,51.60123333333332,51.98026666666666,52.41073333333332,50.79173333333332,50.36126666666666,49.98223333333332
5083,2020-06-26,51.8968,52.0413,51.0776,51.2415,438500,53.43463333333323,52.47195400000006,53.60057200000006,62.084032,42.09604954713149,56.42550641371008,53.40503500000004,50.38456358629,-0.37525081504007574,0.03823339500213789,Bearish,80.1919,33.2679,1569333.3333333333,51.82933333333333,52.41716666666667,52.793033333333334,50.86563333333333,50.48976666666666,49.901933333333325
5084,2020-06-29,52.0413,52.9569,51.386,52.8027,1245000,53.37635238095228,52.50337200000006,53.43404000000006,62.0616735,50.860812919054965,56.30440038818318,53.31878000000005,50.33315961181691,-0.30376917512136714,-0.030167119022563124,Bearish,80.1919,33.2679,1467571.4285714286,53.37773333333333,53.95276666666666,54.948633333333326,51.80683333333334,50.81096666666667,50.23593333333334
5085,2020-06-30,53.0051,54.3736,52.2341,52.6196,3911500,53.285485714285606,52.59897400000006,53.253245000000064,62.0347855,49.90668800561974,56.17005313402218,53.22337000000006,50.276686865977936,-0.2589095521067506,-0.07591560563940061,Bearish,80.1919,33.2679,1345904.761904762,53.91743333333335,55.21526666666668,56.056933333333355,51.777933333333344,50.93626666666667,49.63843333333334
5086,2020-07-01,53.0051,53.6701,52.716,53.4869,907000,53.23591904761894,52.717704000000055,53.06011300000006,62.0136315,54.2816857423209,56.1250029878511,53.19734500000006,50.26968701214903,-0.15162626282627656,-0.09105773707677581,Bearish,80.1919,33.2679,1408785.7142857143,53.86599999999999,54.245099999999994,54.82009999999999,52.911899999999996,52.3369,51.9578
5087,2020-07-02,53.8628,54.0941,53.1111,53.4773,929500,53.21067619047609,52.78343000000006,52.86736700000005,61.9993685,54.22523286505431,55.85537062649025,53.101455000000065,50.34753937350988,-0.06661028105010303,-0.08616824587144126,Bullish,80.1919,33.2679,1397690.4761904762,54.01056666666667,54.54383333333333,54.993566666666666,53.02756666666667,52.57783333333334,52.044566666666675
5088,2020-07-03,53.4869,53.7761,52.9954,53.2075,577000,53.10650476190466,52.84511000000006,52.678284000000055,61.97180600000001,52.57049126009012,55.6468094573343,53.017130000000066,50.38745054266583,-0.020765733720622848,-0.07308774344127758,Bullish,80.1919,33.2679,1324761.9047619049,53.657266666666665,54.107033333333334,54.43796666666667,52.87656666666666,52.54563333333333,52.09586666666666
5089,2020-07-06,53.56399999999999,54.2097,53.0051,53.8724,1141000,53.05785714285704,52.97078000000006,52.49382600000006,61.944339500000005,56.12398086192646,55.45910904162097,52.95978500000007,50.460460958379166,0.06842946129501826,-0.04478430249401841,Bullish,80.1919,33.2679,1138261.9047619049,54.38636666666666,54.90033333333333,55.59096666666666,53.18176666666666,52.49113333333333,51.97716666666666
5090,2020-07-07,54.1616,55.1253,53.9688,54.3639,2038500,53.02664761904752,53.09548600000006,52.31515000000007,61.919909000000004,58.59357738802091,55.287873879832404,52.91738000000007,50.54688612016774,0.17673989087941067,-0.0004794638193325873,Bullish,80.1919,33.2679,1150619.0476190476,55.00320000000002,55.64250000000001,56.15970000000002,53.84670000000002,53.32950000000001,52.69020000000002
5091,2020-07-08,54.5567,55.1156,54.2579,54.5567,1093500,52.99544285714277,53.21383200000005,52.137439000000064,61.8949485,59.55525408066894,55.23349071504238,52.90389000000007,50.57428928495776,0.2749644167261067,0.05460931228975528,Bullish,80.1919,33.2679,1205761.9047619049,55.028900000000014,55.50110000000001,55.886600000000016,54.17120000000001,53.785700000000006,53.31350000000001
5092,2020-07-09,54.9325,56.2818,54.5181,56.0697,4026500,53.054642857142774,53.315022000000056,51.98700100000006,61.871289,66.19126233478076,55.48797000629239,52.951110000000064,50.414249993707735,0.4694826131390286,0.13758397245960996,Bullish,80.1919,33.2679,1097571.4285714286,56.7283,57.3869,58.492,54.9646,53.8595,53.2009
5093,2020-07-10,56.1757,56.8504,55.5108,55.7806,2016000,53.08584761904754,53.41043000000005,51.84032100000007,61.832595,64.02944791041,55.825959863361454,53.038325000000064,50.250690136638674,0.5934705720022748,0.22876129236814294,Bullish,80.1919,33.2679,1236738.0952380951,56.58373333333333,57.38686666666666,57.923333333333325,55.24413333333333,54.70766666666667,53.90453333333333
5094,2020-07-13,56.0794,57.3419,55.7035,57.1491,3430500,53.23407619047612,53.52993200000005,51.72477000000006,61.799009000000005,69.16354001440679,56.54602179577706,53.23107000000007,49.916118204223075,0.7930170289805716,0.3416124396906287,Bullish,80.1919,33.2679,1290380.9523809524,57.75950000000001,58.36990000000001,59.397900000000014,56.121100000000006,55.0931,54.4827
5095,2020-07-14,56.9564,58.5369,56.6672,57.5153,5032000,53.43508095238088,53.63671200000005,51.615194000000066,61.768507,70.38178236611239,57.2318504145443,53.42670500000006,49.62155958545583,0.9695321502145049,0.46719638179540396,Bullish,80.1919,33.2679,1410714.2857142857,58.479066666666675,59.44283333333334,60.34876666666668,56.60936666666667,55.70343333333334,54.73966666666667
5096,2020-07-15,55.9445,56.1372,54.2579,54.576,8479000,53.481433333333264,53.67179200000005,51.48220000000006,61.72446499999999,52.46533535794594,57.341543208881646,53.51874500000006,49.69594679111847,0.8623045996118606,0.5462180253586952,Bullish,80.1919,33.2679,1590095.238095238,55.722833333333334,56.86966666666667,57.602133333333335,53.84353333333333,53.111066666666666,51.96423333333333
5097,2020-07-16,54.9422,55.53,54.4507,54.7012,3501000,53.57505238095231,53.733470000000054,51.38187500000007,61.67550749999999,53.01399778584725,57.44289624042545,53.654145000000064,49.86539375957468,0.77845504173672,0.5926654286343002,Bullish,80.1919,33.2679,1976619.0476190476,55.33723333333333,55.97326666666667,56.416533333333334,54.25793333333333,53.81466666666666,53.17863333333332
5098,2020-07-17,54.5567,55.7035,54.5567,55.106,2790000,53.72328095238088,53.74580600000006,51.293694000000066,61.62091199999998,54.82939454885648,57.53310510826052,53.837735000000066,50.14236489173961,0.7361813990512189,0.6213686227176839,Bullish,80.1919,33.2679,2035261.9047619049,55.687433333333324,56.26886666666666,56.83423333333332,54.540633333333325,53.97526666666666,53.393833333333326
5099,2020-07-20,55.8866,56.5709,55.6071,55.9637,3820500,53.938971428571364,53.70166600000005,51.200019000000076,61.57884499999998,58.489089685420836,57.674683128255836,54.07529500000006,50.475906871744286,0.763092004935217,0.6497132991611905,Bullish,80.1919,33.2679,2129261.904761905,56.487366666666674,57.01103333333334,57.45116666666667,55.523566666666675,55.08343333333334,54.559766666666675
5100,2020-07-21,56.089,57.39,55.9637,56.3203,6444500,54.18219999999993,53.72460200000005,51.09198500000008,61.54949949999998,59.94222621034475,57.89588097647335,54.283940000000065,50.67199902352678,0.8039263314262683,0.6805559056142061,Bullish,80.1919,33.2679,2259166.6666666665,57.1523,57.9843,58.578599999999994,55.726,55.1317,54.2997
5101,2020-07-22,55.6071,57.2937,54.9036,55.2602,15110500,54.3304285714285,53.80247200000005,50.98857700000008,61.51229949999999,53.901424458917276,57.887298310951486,54.46464000000007,51.04198168904865,0.7421911019656804,0.692882944884501,Bullish,80.1919,33.2679,2526857.1428571427,56.734733333333324,58.209266666666664,59.12483333333333,54.34463333333332,53.42906666666666,51.954533333333316
5102,2020-07-23,55.8866,55.8963,53.7761,53.9206,4510000,54.43873333333326,53.83909400000005,50.852595000000086,61.47095549999999,47.400730281330574,57.69767051473747,54.59956000000007,51.50144948526267,0.5785023483772918,0.6700068255830591,Bearish,80.1919,33.2679,3215761.904761905,55.28590000000001,56.6512,57.40610000000001,53.165700000000015,52.41080000000001,51.04550000000002
5103,2020-07-24,53.9592,53.9592,52.1474,52.5618,4247000,54.50252380952374,53.85817600000005,50.73434600000009,61.41742049999999,41.882978783257755,57.521452555398426,54.66557500000006,51.809697444601696,0.33526925256442297,0.6030593109793319,Bearish,80.1919,33.2679,3414285.714285714,53.63153333333333,54.70126666666667,55.443333333333335,51.819733333333325,51.07766666666666,50.00793333333332
5104,2020-07-27,52.0413,53.0051,52.0413,52.3401,4064500,54.55483809523802,53.86877600000005,50.64751400000009,61.378292999999985,41.043487485009095,57.56501283767867,54.64244500000005,51.71987716232143,0.12319580994676471,0.5070866107728185,Bearish,80.1919,33.2679,3604238.095238095,52.88303333333334,53.42596666666667,53.846833333333336,51.91923333333334,51.49836666666667,50.95543333333334
5105,2020-07-28,52.7641,53.9399,52.5714,53.6026,4408000,54.59292857142849,53.82695000000004,50.53938400000009,61.33988849999999,47.49722466281641,57.50755221235862,54.69159500000005,51.87563778764148,0.05634971319565096,0.41693923125738497,Bearish,80.1919,33.2679,3776904.761904762,54.1712,54.7398,55.5397,52.802699999999994,52.00279999999999,51.43419999999999
5106,2020-07-29,54.2097,54.8362,53.6315,53.7761,3808000,54.647999999999925,53.80806200000004,50.442433000000094,61.29839999999999,48.33424317038332,57.50000325754458,54.70605500000005,51.91210674245552,0.017175709037985598,0.3369865268135051,Bearish,80.1919,33.2679,3927523.8095238097,54.53103333333334,55.28596666666667,55.735733333333336,53.326333333333345,52.876566666666676,52.12163333333335
5107,2020-07-30,53.9688,53.9688,52.9665,53.4098,3543500,54.64432857142848,53.82810600000004,50.3773810000001,61.25214099999998,46.643543534020004,57.502713738785474,54.70268000000004,51.90264626121461,-0.04293242195776514,0.26100273705925103,Bearish,80.1919,33.2679,3922595.238095238,53.93023333333333,54.45066666666666,54.932533333333325,52.92793333333333,52.44606666666667,51.92563333333333
5108,2020-07-31,53.9688,53.9688,52.9665,53.4098,3543500,54.641114285714195,53.84815000000004,50.312907000000095,61.205014499999976,46.64354353402,57.49253865325969,54.71279500000004,51.93305134674039,-0.08953642861303734,0.19089490392479336,Bearish,80.1919,33.2679,4048142.8571428573,53.93023333333333,54.45066666666666,54.932533333333325,52.92793333333333,52.44606666666667,51.92563333333333
5109,2020-08-03,53.8339,54.6338,53.7761,53.9977,3389000,54.67874285714276,53.87995200000004,50.299125000000096,61.15229849999998,49.9052132197984,57.49175493409245,54.719060000000034,51.94636506590762,-0.07813117538155012,0.13708968806352467,Bearish,80.1919,33.2679,4172619.0476190476,54.49563333333333,54.993566666666666,55.35333333333333,53.63793333333333,53.278166666666664,52.78023333333333
5110,2020-08-04,54.3061,54.3543,52.6196,52.928,4147000,54.63377142857133,53.89036000000004,50.31329200000009,61.098377999999975,44.56684960046985,57.52538427637472,54.64726500000004,51.76914572362536,-0.15363724563743375,0.078944301323333,Bearish,80.1919,33.2679,4306523.80952381,53.98166666666666,55.035333333333334,55.716366666666666,52.24696666666666,51.56593333333333,50.512266666666655
5111,2020-08-05,53.0147,53.593,52.7931,53.14,3269500,54.575490476190375,53.90500800000004,50.3681280000001,61.04725199999997,45.80418248967337,57.52875608841573,54.57643000000004,51.62410391158434,-0.19413189047452306,0.024329062963761784,Bearish,80.1919,33.2679,4449666.666666667,53.557633333333335,53.97526666666667,54.357533333333336,52.757733333333334,52.37546666666667,51.95783333333333
5112,2020-08-06,53.75,54.5,53.35,53.92,4082000,54.54517142857133,53.919258000000035,50.466422000000094,60.993809999999975,50.20791315326729,57.351691302025195,54.46894500000004,51.586198697974886,-0.16142391260643052,-0.012821532150276677,Bearish,80.1919,33.2679,4508285.714285715,54.49666666666668,55.07333333333334,55.646666666666675,53.34666666666668,52.77333333333334,52.19666666666668
5113,2020-08-07,54.3,54.34,53.1,53.37,4138000,54.41661428571418,53.90612600000003,50.592272000000094,60.939015499999975,47.28997025706339,57.20315922200012,54.34841500000003,51.493670777999945,-0.17783305914731784,-0.04582383754968491,Bearish,80.1919,33.2679,4650595.238095238,54.10666666666666,54.843333333333334,55.346666666666664,52.86666666666666,52.36333333333333,51.62666666666666
5114,2020-08-10,53.5,55.39,53.4,54.43,8015000,54.35229999999989,53.90417000000003,50.7287220000001,60.87366749999998,52.96366483345592,56.76357611918023,54.212460000000036,51.66134388081984,-0.10410423596256635,-0.057479917232261195,Bearish,80.1919,33.2679,4655904.761904762,55.413333333333334,56.39666666666667,57.403333333333336,53.42333333333333,52.416666666666664,51.43333333333333
5115,2020-08-11,55.05,58.25,54.85,57.32,17443500,54.36043809523798,53.96001400000004,50.9246220000001,60.806337999999975,64.25933459059827,56.70417907747169,54.20269500000003,51.70121092252836,0.1853881951475671,-0.008906294756295528,Bullish,80.1919,33.2679,4941571.428571428,58.76333333333333,60.20666666666666,62.16333333333333,55.36333333333333,53.406666666666666,51.96333333333333
5116,2020-08-12,57.74,57.79,56.17,56.5,6704000,54.31209047619036,54.00986600000004,51.1385360000001,60.73408949999998,59.8663282885602,56.99111630551042,54.29889500000003,51.60667369448964,0.34467271302419533,0.06180950679980265,Bullish,80.1919,33.2679,5608857.142857143,57.469999999999985,58.43999999999999,59.08999999999998,55.84999999999999,55.199999999999996,54.22999999999999
5117,2020-08-13,56.89,59.4,56.0,58.78,12125000,54.512280952380834,54.07756400000004,51.3854650000001,60.67410849999998,66.68592951840462,57.82930159460847,54.502835000000026,51.176368405391585,0.647420723177973,0.1789317500754367,Bullish,80.1919,33.2679,5688476.19047619,60.120000000000005,61.46,63.52,56.720000000000006,54.660000000000004,53.32000000000001
5118,2020-08-14,56.89,59.4,56.0,58.78,12125000,54.70650952380941,54.155284000000044,51.6282500000001,60.61721149999998,66.6859295184046,58.49658273317154,54.68653500000003,50.87648726682851,0.8772384436895848,0.3185930887982663,Bullish,80.1919,33.2679,5862095.238095238,60.120000000000005,61.46,63.52,56.720000000000006,54.660000000000004,53.32000000000001
5119,2020-08-17,59.74,63.18,59.49,63.18,23108500,55.0909857142856,54.31849800000005,51.9273710000001,60.57147249999999,75.86478381526028,60.348036118413596,55.04735000000003,49.746663881586464,1.3982951940198873,0.5345335098425905,Bullish,80.1919,33.2679,6272761.904761905,64.41,65.63999999999999,68.1,60.71999999999999,58.26,57.029999999999994
5120,2020-08-18,64.25,66.2,63.18,63.49,12231000,55.44938095238084,54.48405800000004,52.2066550000001,60.53311399999998,76.35900374062368,61.84903411294421,55.405835000000025,48.96263588705584,1.815324896483574,0.7906917871707873,Bullish,80.1919,33.2679,7240309.523809524,65.4,67.31,68.42000000000002,62.38000000000001,61.27,59.36000000000001
5121,2020-08-19,64.0,65.15,63.5,64.55,13428500,55.84127142857131,54.67852800000004,52.476397000000105,60.49986249999998,78.0166497473386,63.444671161052256,55.87032500000002,48.29597883894779,2.205928510704595,1.0737391318775489,Bullish,80.1919,33.2679,7640809.523809524,65.29999999999998,66.05,66.94999999999999,63.64999999999998,62.749999999999986,61.99999999999997
5122,2020-08-20,65.14,65.4,62.0,62.73,7693500,56.19697619047607,54.83062200000004,52.6997980000001,60.46363099999998,69.06260648200696,64.38825791788734,56.31079500000003,48.23333208211271,2.3416330117529185,1.3273179078526227,Bullish,80.1919,33.2679,7973380.952380952,64.75333333333333,66.77666666666667,68.15333333333334,61.353333333333325,59.97666666666666,57.95333333333332
5123,2020-08-21,62.5,63.8,61.02,63.34,5227000,56.64551904761893,55.01669600000004,52.89913500000011,60.42471499999998,70.29324427305198,65.28502734842539,56.84970500000003,48.41438265157467,2.4699298942067074,1.5558403051234397,Bullish,80.1919,33.2679,7620190.476190476,64.41999999999999,65.5,67.19999999999999,61.64,59.940000000000005,58.86000000000001
5124,2020-08-24,63.8,64.9,63.3,64.58,4062500,57.21781428571417,55.24241200000004,53.1425780000001,60.393878499999985,72.6729124743166,66.26741952244362,57.46170000000003,48.65598047755645,2.641217424400338,1.7729157289788193,Bullish,80.1919,33.2679,7654333.333333333,65.22000000000001,65.86000000000001,66.82000000000002,63.620000000000005,62.66,62.019999999999996
5125,2020-08-25,65.51,66.25,65.0,65.54,6602500,57.84638095238084,55.48116000000004,53.3864660000001,60.35015749999999,74.38375812013317,67.34236969281685,58.05857000000003,48.77477030718322,2.821898909031816,1.9827123649894187,Bullish,80.1919,33.2679,7645547.619047619,66.19333333333336,66.84666666666668,67.44333333333336,64.94333333333336,64.34666666666668,63.69333333333336
5126,2020-08-26,65.5,66.4,64.5,65.06,6512500,58.39197142857132,55.72765600000003,53.6251680000001,60.31054149999998,71.95797968884372,68.16486997181026,58.62276500000003,49.0806600281898,2.8930094863467133,2.1647717892608775,Bullish,80.1919,33.2679,7766404.761904762,66.14000000000001,67.22000000000001,68.04000000000002,64.24000000000001,63.42,62.34
5127,2020-08-27,65.45,65.5,63.62,64.17,4745000,58.88691904761894,55.97119200000004,53.8344430000001,60.27963049999998,67.55864125638635,68.67987740849637,59.16077500000004,49.641672591503706,2.844756981549587,2.3007688277186196,Bullish,80.1919,33.2679,7866619.047619048,65.24000000000001,66.31,67.12000000000002,63.360000000000014,62.550000000000004,61.48000000000001
5128,2020-08-28,63.8,64.89,63.8,64.01,1267500,59.39169047619037,56.22270800000004,54.0133990000001,60.23288549999998,66.76833824268591,69.04909265646437,59.69078500000004,50.332477343535714,2.7617698968048288,2.3929690415358613,Bullish,80.1919,33.2679,7911238.095238095,64.66666666666667,65.32333333333334,65.75666666666667,63.57666666666667,63.14333333333333,62.486666666666665
5129,2020-08-31,64.1,64.7,63.3,63.41,1967000,59.867890476190375,56.46665800000003,54.2026420000001,60.18391149999999,63.756357572447264,69.27053151512986,60.16140000000005,51.05226848487024,2.6174151164856667,2.437858256525822,Bullish,80.1919,33.2679,7802857.142857143,64.30666666666669,65.20333333333335,65.70666666666669,62.90666666666668,62.403333333333336,61.506666666666675
5130,2020-09-01,63.49,64.85,63.11,64.41,2751000,60.363714285714195,56.71191000000003,54.41104000000009,60.144129499999984,66.47113308346546,69.38440854385293,60.73550000000006,52.08659145614719,2.5542606291531555,2.461138731051289,Bullish,80.1919,33.2679,7727785.714285715,65.13666666666667,65.86333333333333,66.87666666666667,63.396666666666675,62.38333333333334,61.65666666666668
5131,2020-09-02,65.0,65.9,64.63,64.96,8569000,60.93666666666658,56.97818600000003,54.620505000000094,60.10555549999997,67.89547956051393,69.41584181500171,61.32650000000005,53.23715818499839,2.5195468783467305,2.472820360510377,Bullish,80.1919,33.2679,7697404.761904762,65.69666666666669,66.43333333333335,66.9666666666667,64.42666666666668,63.89333333333333,63.156666666666666
5132,2020-09-03,65.44,67.6,65.25,66.86,11002500,61.589999999999904,57.29094200000003,54.84569300000009,60.07204849999997,72.27689324969016,69.64915573745597,61.973500000000044,54.29784426254412,2.615203661864811,2.501297020781264,Bullish,80.1919,33.2679,7907976.19047619,67.88999999999999,68.91999999999999,70.23999999999998,65.53999999999999,64.22,63.19
5133,2020-09-04,66.86,68.1,65.5,67.64,9281500,62.24333333333324,57.61891200000003,55.045433000000095,60.04803099999997,73.85440392314227,69.65099052267703,62.687000000000054,55.72300947732307,2.722567766765131,2.5455511699780375,Bullish,80.1919,33.2679,8276214.285714285,68.66,69.67999999999999,71.25999999999999,66.06,64.48,63.46000000000001
5134,2020-09-07,68.51,69.35,67.65,67.94,7383500,62.937142857142774,57.92165800000002,55.212515000000096,60.01375599999997,74.45644088322453,69.57177974888661,63.362500000000054,57.153220251113495,2.7995901536042425,2.5963589667032787,Bullish,80.1919,33.2679,8523809.523809524,68.97666666666666,70.01333333333332,70.67666666666665,67.27666666666667,66.61333333333334,65.57666666666668
5135,2020-09-08,68.4,68.75,66.0,66.45,6794500,63.50952380952373,58.19826600000002,55.39862000000009,59.98826999999997,66.29184974825236,69.50457437731052,63.81900000000006,58.1334256226896,2.7091707683231547,2.618921327027254,Bullish,80.1919,33.2679,8678357.142857144,68.13333333333333,69.81666666666666,70.88333333333333,65.38333333333333,64.31666666666666,62.633333333333326
5136,2020-09-09,65.99,66.4,65.0,65.45,2517000,63.89666666666659,58.43752800000002,55.57761600000009,59.95127849999998,61.423672703554125,68.88637131854635,64.26650000000006,59.64662868145377,2.527683548877036,2.6006737713972106,Bearish,80.1919,33.2679,8620238.095238095,66.23333333333335,67.01666666666668,67.63333333333335,64.83333333333334,64.21666666666667,63.43333333333334
5137,2020-09-10,66.01,67.7,66.0,66.18,5411500,64.35761904761897,58.69158200000002,55.737506000000096,59.90039749999998,63.52919167658611,68.57446533757296,64.63650000000007,60.698534662427186,2.414920815135737,2.563523180144916,Bearish,80.1919,33.2679,7909452.380952381,67.25333333333333,68.32666666666667,68.95333333333333,65.55333333333333,64.92666666666666,63.853333333333325
5138,2020-09-11,66.54,66.8,65.0,65.34,2928500,64.66999999999992,58.93423200000002,55.8896710000001,59.83148699999998,59.50452963803461,67.84833407981883,64.96450000000007,62.08066592018132,2.232044931832611,2.497227530482455,Bearish,80.1919,33.2679,7847904.761904762,66.42666666666665,67.51333333333332,68.22666666666665,64.62666666666665,63.91333333333333,62.826666666666654
5139,2020-09-14,65.95,66.0,63.67,64.1,2877000,64.92333333333325,59.138784000000015,56.0547820000001,59.77348249999998,54.06001315053971,67.80703696559326,65.01050000000006,62.21396303440688,1.964412317485909,2.3906644878831456,Bearish,80.1919,33.2679,7409976.19047619,65.50999999999998,66.91999999999999,67.83999999999997,63.17999999999998,62.25999999999999,60.84999999999998
5140,2020-09-15,64.59,65.0,64.01,64.44,2793000,64.98333333333325,59.34030600000002,56.2178960000001,59.71597349999998,55.26856161130603,67.78092195994107,65.05800000000006,62.33507804005906,1.7594646872429323,2.2644245277551027,Bearish,80.1919,33.2679,6969595.238095238,64.95666666666666,65.47333333333333,65.94666666666666,63.96666666666667,63.49333333333334,62.976666666666674
5141,2020-09-16,64.43,64.78,63.5,64.15,3387000,65.01476190476183,59.53217200000002,56.3730020000001,59.66057999999998,53.964538071592806,67.7813526933166,65.03800000000007,62.29464730668353,1.5557083993062122,2.122681302065325,Bearish,80.1919,33.2679,6002190.476190476,64.78666666666666,65.42333333333333,66.06666666666666,63.50666666666666,62.86333333333333,62.22666666666666
5142,2020-09-17,64.3,64.74,64.25,64.49,2139500,65.01190476190469,59.700578000000014,56.507800000000096,59.618017999999985,55.29626946684145,67.67348817464021,65.12600000000006,62.578511825359904,1.405463918452007,1.9792378253426612,Bearish,80.1919,33.2679,5581047.619047619,64.73666666666665,64.98333333333332,65.22666666666665,64.24666666666666,64.00333333333333,63.75666666666666
5143,2020-09-18,64.5,64.5,63.85,63.95,662500,65.06999999999992,59.86396600000001,56.6371980000001,59.55723949999999,52.68924198242296,67.63129514302159,65.15650000000008,62.68170485697856,1.228657400193562,1.8291217403128415,Bearish,80.1919,33.2679,5043476.19047619,64.35,64.75,64.99999999999999,63.69999999999999,63.449999999999996,63.04999999999999
5144,2020-09-21,63.76,65.7,63.65,64.48,2702000,65.12428571428565,60.01058400000001,56.7702580000001,59.486389999999986,54.934965455067164,67.63133285725439,65.15150000000008,62.671667142745775,1.118411183322202,1.6869796289147136,Bearish,80.1919,33.2679,4708666.666666667,65.57,66.66,67.62,63.519999999999996,62.559999999999995,61.46999999999999
5145,2020-09-22,64.45,64.9,63.5,63.71,1606000,65.08285714285708,60.13447800000001,56.885595000000095,59.408750999999974,51.13716161276635,67.60979999213973,65.06000000000009,62.51020000786045,0.9578660141686157,1.5411569059654942,Bearish,80.1919,33.2679,4588428.571428572,64.57333333333335,65.43666666666668,65.97333333333336,63.173333333333346,62.63666666666667,61.77333333333334
5146,2020-09-23,64.29,65.84,64.02,64.75,4498500,65.04523809523803,60.33795800000001,57.00487500000009,59.34937049999998,55.60170701673422,67.59787795868849,65.04450000000008,62.49112204131169,0.9041298729324012,1.4137514993588756,Bearish,80.1919,33.2679,4471452.380952381,65.72000000000001,66.69000000000001,67.54000000000002,63.900000000000006,63.05,62.08
5147,2020-09-24,64.15,65.0,63.61,64.05,3041000,64.99714285714279,60.52493400000001,57.1292020000001,59.296175499999976,52.147999246540664,67.60061845938378,65.03850000000008,62.47638154061639,0.7958849774005188,1.2901781949672042,Bearish,80.1919,33.2679,4371261.904761905,64.83000000000003,65.61000000000001,66.22000000000003,63.440000000000026,62.83000000000001,62.050000000000026
5148,2020-09-25,64.0,64.99,63.5,63.72,2500500,64.97571428571422,60.697214,57.2215100000001,59.25236549999997,50.55376707458418,67.61238482454125,65.02400000000009,62.43561517545892,0.6756830224692649,1.1672791604676163,Bearish,80.1919,33.2679,4205952.380952381,64.63999999999999,65.55999999999999,66.12999999999998,63.14999999999999,62.58,61.66
5149,2020-09-28,63.72,64.0,61.92,62.49,2454000,64.90333333333326,60.827740000000006,57.2647030000001,59.21517449999997,45.028228278393215,67.70829375707413,64.97800000000008,62.247706242926036,0.47568795211037695,1.0289609187961684,Bearish,80.1919,33.2679,4099071.4285714286,63.68666666666668,64.88333333333334,65.76666666666668,61.60666666666668,60.72333333333334,59.526666666666685
5150,2020-09-29,60.75,63.39,60.2,62.89,3221500,64.87857142857136,60.959134000000006,57.341868000000105,59.166394999999966,47.05491365373772,67.77233517205292,64.90200000000007,62.03166482794723,0.3454845442552852,0.8922656438879917,Bearish,80.1919,33.2679,4155571.4285714286,64.12,65.35,67.31,60.93000000000001,58.970000000000006,57.74000000000001
5151,2020-09-30,63.1,63.5,61.21,61.81,1920500,64.75476190476184,61.09013,57.44630100000011,59.11221549999996,42.49901635764603,67.91483420949947,64.74450000000007,61.574165790500665,0.15338233531747392,0.7444889821738881,Bearish,80.1919,33.2679,4215309.523809524,63.13666666666668,64.46333333333334,65.42666666666668,60.84666666666668,59.88333333333334,58.55666666666668
5152,2020-10-01,61.95,61.95,60.4,61.68,1054000,64.59857142857136,61.245318,57.542206000000114,59.042689499999966,41.972229102463174,67.76663684565519,64.48550000000009,61.20436315434499,-0.009243410549103714,0.5937425036292898,Bearish,80.1919,33.2679,4175761.904761905,62.28666666666667,62.89333333333334,63.83666666666667,60.736666666666665,59.79333333333333,59.18666666666666
5153,2020-10-02,61.41,61.85,57.1,58.48,1013500,64.19952380952375,61.363682,57.61092900000011,58.96333099999997,31.591678472888486,67.91977889544425,64.02750000000007,60.135221104555896,-0.39182206146395515,0.39662959061064085,Bearish,80.1919,33.2679,3817904.761904762,61.186666666666675,63.89333333333334,65.93666666666667,56.436666666666675,54.39333333333334,51.686666666666675
5154,2020-10-05,57.8,57.8,54.65,55.33,2536500,63.613333333333266,61.42348,57.64612800000012,58.868511999999974,25.029407205877437,68.45935952890792,63.39700000000007,58.334640471092214,-0.9383800123349673,0.12962767002151926,Bearish,80.1919,33.2679,3342238.095238095,57.20333333333334,59.07666666666667,60.35333333333334,54.05333333333334,52.77666666666667,50.90333333333334
5155,2020-10-06,54.6,56.9,53.05,56.24,1940382,63.0561904761904,61.47622799999999,57.651589000000115,58.782675999999974,29.5802465139055,68.62805127120964,62.88650000000007,57.144948728790496,-1.2833085492016068,-0.152959573823106,Bearish,80.1919,33.2679,3021047.619047619,57.74333333333334,59.24666666666667,61.59333333333334,53.89333333333334,51.54666666666667,50.04333333333334
5156,2020-10-07,56.6,59.0,56.1,58.74,1542489,62.68904761904754,61.57550599999999,57.691784000000105,58.70481049999998,40.301535793854036,68.43653786836258,62.551000000000066,56.665462131637554,-1.3394969065848557,-0.3902670403754559,Bearish,80.1919,33.2679,2761851.523809524,59.79333333333333,60.846666666666664,62.69333333333333,56.89333333333333,55.04666666666667,53.99333333333333
5157,2020-10-08,59.35,60.9,58.5,60.21,2355366,62.439523809523735,61.71150999999999,57.76980800000011,58.61959799999997,45.55088372000692,67.97484873106553,62.25250000000007,56.5301512689346,-1.2509892446305884,-0.5624114812264824,Bearish,80.1919,33.2679,2511755.761904762,61.24000000000001,62.27,63.64000000000001,58.84000000000001,57.470000000000006,56.44000000000001
